[0.082s] DEBUG:colcon:Command line arguments: ['/usr/bin/colcon', 'build', '--symlink-install', '--cmake-args', '-DCMAKE_BUILD_TYPE=Release']
[0.082s] DEBUG:colcon:Parsed command line arguments: Namespace(log_base=None, log_level=None, verb_name='build', build_base='build', install_base='install', merge_install=False, symlink_install=True, test_result_base=None, continue_on_error=False, executor='parallel', parallel_workers=24, event_handlers=None, ignore_user_meta=False, metas=['./colcon.meta'], base_paths=['.'], packages_ignore=None, packages_ignore_regex=None, paths=None, packages_up_to=None, packages_up_to_regex=None, packages_above=None, packages_above_and_dependencies=None, packages_above_depth=None, packages_select_by_dep=None, packages_skip_by_dep=None, packages_skip_up_to=None, packages_select_build_failed=False, packages_skip_build_finished=False, packages_select_test_failures=False, packages_skip_test_passed=False, packages_select=None, packages_skip=None, packages_select_regex=None, packages_skip_regex=None, packages_start=None, packages_end=None, allow_overriding=[], cmake_args=['-DCMAKE_BUILD_TYPE=Release'], cmake_target=None, cmake_target_skip_unavailable=False, cmake_clean_cache=False, cmake_clean_first=False, cmake_force_configure=False, ament_cmake_args=None, catkin_cmake_args=None, catkin_skip_building_tests=False, mixin_files=None, mixin=None, verb_parser=<colcon_mixin.mixin.mixin_argument.MixinArgumentDecorator object at 0x7e3aca3c1d50>, verb_extension=<colcon_core.verb.build.BuildVerb object at 0x7e3aca3c18a0>, main=<bound method BuildVerb.main of <colcon_core.verb.build.BuildVerb object at 0x7e3aca3c18a0>>, mixin_verb=('build',))
[0.220s] Level 1:colcon.colcon_core.package_discovery:discover_packages(colcon_meta) check parameters
[0.220s] Level 1:colcon.colcon_core.package_discovery:discover_packages(recursive) check parameters
[0.220s] Level 1:colcon.colcon_core.package_discovery:discover_packages(ignore) check parameters
[0.220s] Level 1:colcon.colcon_core.package_discovery:discover_packages(path) check parameters
[0.220s] Level 1:colcon.colcon_core.package_discovery:discover_packages(colcon_meta) discover
[0.220s] Level 1:colcon.colcon_core.package_discovery:discover_packages(recursive) discover
[0.220s] INFO:colcon.colcon_core.package_discovery:Crawling recursively for packages in '/home/jiataoding/franco_ros2_franka_ws/src'
[0.220s] Level 1:colcon.colcon_core.package_identification:_identify(.) by extensions ['ignore', 'ignore_ament_install']
[0.221s] Level 1:colcon.colcon_core.package_identification:_identify(.) by extension 'ignore'
[0.221s] Level 1:colcon.colcon_core.package_identification:_identify(.) by extension 'ignore_ament_install'
[0.221s] Level 1:colcon.colcon_core.package_identification:_identify(.) by extensions ['colcon_pkg']
[0.221s] Level 1:colcon.colcon_core.package_identification:_identify(.) by extension 'colcon_pkg'
[0.221s] Level 1:colcon.colcon_core.package_identification:_identify(.) by extensions ['colcon_meta']
[0.221s] Level 1:colcon.colcon_core.package_identification:_identify(.) by extension 'colcon_meta'
[0.221s] Level 1:colcon.colcon_core.package_identification:_identify(.) by extensions ['ros']
[0.221s] Level 1:colcon.colcon_core.package_identification:_identify(.) by extension 'ros'
[0.232s] Level 1:colcon.colcon_core.package_identification:_identify(.) by extensions ['cmake', 'python']
[0.232s] Level 1:colcon.colcon_core.package_identification:_identify(.) by extension 'cmake'
[0.232s] Level 1:colcon.colcon_core.package_identification:_identify(.) by extension 'python'
[0.232s] Level 1:colcon.colcon_core.package_identification:_identify(.) by extensions ['python_setup_py']
[0.232s] Level 1:colcon.colcon_core.package_identification:_identify(.) by extension 'python_setup_py'
[0.232s] Level 1:colcon.colcon_core.package_identification:_identify(build) by extensions ['ignore', 'ignore_ament_install']
[0.232s] Level 1:colcon.colcon_core.package_identification:_identify(build) by extension 'ignore'
[0.232s] Level 1:colcon.colcon_core.package_identification:_identify(build) ignored
[0.233s] Level 1:colcon.colcon_core.package_identification:_identify(franka_description) by extensions ['ignore', 'ignore_ament_install']
[0.233s] Level 1:colcon.colcon_core.package_identification:_identify(franka_description) by extension 'ignore'
[0.233s] Level 1:colcon.colcon_core.package_identification:_identify(franka_description) by extension 'ignore_ament_install'
[0.233s] Level 1:colcon.colcon_core.package_identification:_identify(franka_description) by extensions ['colcon_pkg']
[0.233s] Level 1:colcon.colcon_core.package_identification:_identify(franka_description) by extension 'colcon_pkg'
[0.233s] Level 1:colcon.colcon_core.package_identification:_identify(franka_description) by extensions ['colcon_meta']
[0.233s] Level 1:colcon.colcon_core.package_identification:_identify(franka_description) by extension 'colcon_meta'
[0.233s] Level 1:colcon.colcon_core.package_identification:_identify(franka_description) by extensions ['ros']
[0.233s] Level 1:colcon.colcon_core.package_identification:_identify(franka_description) by extension 'ros'
[0.234s] DEBUG:colcon.colcon_core.package_identification:Package 'franka_description' with type 'ros.ament_cmake' and name 'franka_description'
[0.234s] Level 1:colcon.colcon_core.package_identification:_identify(franka_ros2) by extensions ['ignore', 'ignore_ament_install']
[0.234s] Level 1:colcon.colcon_core.package_identification:_identify(franka_ros2) by extension 'ignore'
[0.234s] Level 1:colcon.colcon_core.package_identification:_identify(franka_ros2) by extension 'ignore_ament_install'
[0.234s] Level 1:colcon.colcon_core.package_identification:_identify(franka_ros2) by extensions ['colcon_pkg']
[0.234s] Level 1:colcon.colcon_core.package_identification:_identify(franka_ros2) by extension 'colcon_pkg'
[0.235s] Level 1:colcon.colcon_core.package_identification:_identify(franka_ros2) by extensions ['colcon_meta']
[0.235s] Level 1:colcon.colcon_core.package_identification:_identify(franka_ros2) by extension 'colcon_meta'
[0.235s] Level 1:colcon.colcon_core.package_identification:_identify(franka_ros2) by extensions ['ros']
[0.235s] Level 1:colcon.colcon_core.package_identification:_identify(franka_ros2) by extension 'ros'
[0.235s] Level 1:colcon.colcon_core.package_identification:_identify(franka_ros2) by extensions ['cmake', 'python']
[0.235s] Level 1:colcon.colcon_core.package_identification:_identify(franka_ros2) by extension 'cmake'
[0.235s] Level 1:colcon.colcon_core.package_identification:_identify(franka_ros2) by extension 'python'
[0.235s] Level 1:colcon.colcon_core.package_identification:_identify(franka_ros2) by extensions ['python_setup_py']
[0.235s] Level 1:colcon.colcon_core.package_identification:_identify(franka_ros2) by extension 'python_setup_py'
[0.235s] Level 1:colcon.colcon_core.package_identification:_identify(franka_ros2/docs) by extensions ['ignore', 'ignore_ament_install']
[0.235s] Level 1:colcon.colcon_core.package_identification:_identify(franka_ros2/docs) by extension 'ignore'
[0.235s] Level 1:colcon.colcon_core.package_identification:_identify(franka_ros2/docs) by extension 'ignore_ament_install'
[0.235s] Level 1:colcon.colcon_core.package_identification:_identify(franka_ros2/docs) by extensions ['colcon_pkg']
[0.235s] Level 1:colcon.colcon_core.package_identification:_identify(franka_ros2/docs) by extension 'colcon_pkg'
[0.235s] Level 1:colcon.colcon_core.package_identification:_identify(franka_ros2/docs) by extensions ['colcon_meta']
[0.235s] Level 1:colcon.colcon_core.package_identification:_identify(franka_ros2/docs) by extension 'colcon_meta'
[0.235s] Level 1:colcon.colcon_core.package_identification:_identify(franka_ros2/docs) by extensions ['ros']
[0.235s] Level 1:colcon.colcon_core.package_identification:_identify(franka_ros2/docs) by extension 'ros'
[0.235s] Level 1:colcon.colcon_core.package_identification:_identify(franka_ros2/docs) by extensions ['cmake', 'python']
[0.235s] Level 1:colcon.colcon_core.package_identification:_identify(franka_ros2/docs) by extension 'cmake'
[0.235s] Level 1:colcon.colcon_core.package_identification:_identify(franka_ros2/docs) by extension 'python'
[0.235s] Level 1:colcon.colcon_core.package_identification:_identify(franka_ros2/docs) by extensions ['python_setup_py']
[0.235s] Level 1:colcon.colcon_core.package_identification:_identify(franka_ros2/docs) by extension 'python_setup_py'
[0.235s] Level 1:colcon.colcon_core.package_identification:_identify(franka_ros2/docs/assets) by extensions ['ignore', 'ignore_ament_install']
[0.235s] Level 1:colcon.colcon_core.package_identification:_identify(franka_ros2/docs/assets) by extension 'ignore'
[0.235s] Level 1:colcon.colcon_core.package_identification:_identify(franka_ros2/docs/assets) by extension 'ignore_ament_install'
[0.235s] Level 1:colcon.colcon_core.package_identification:_identify(franka_ros2/docs/assets) by extensions ['colcon_pkg']
[0.235s] Level 1:colcon.colcon_core.package_identification:_identify(franka_ros2/docs/assets) by extension 'colcon_pkg'
[0.236s] Level 1:colcon.colcon_core.package_identification:_identify(franka_ros2/docs/assets) by extensions ['colcon_meta']
[0.236s] Level 1:colcon.colcon_core.package_identification:_identify(franka_ros2/docs/assets) by extension 'colcon_meta'
[0.236s] Level 1:colcon.colcon_core.package_identification:_identify(franka_ros2/docs/assets) by extensions ['ros']
[0.236s] Level 1:colcon.colcon_core.package_identification:_identify(franka_ros2/docs/assets) by extension 'ros'
[0.236s] Level 1:colcon.colcon_core.package_identification:_identify(franka_ros2/docs/assets) by extensions ['cmake', 'python']
[0.236s] Level 1:colcon.colcon_core.package_identification:_identify(franka_ros2/docs/assets) by extension 'cmake'
[0.236s] Level 1:colcon.colcon_core.package_identification:_identify(franka_ros2/docs/assets) by extension 'python'
[0.236s] Level 1:colcon.colcon_core.package_identification:_identify(franka_ros2/docs/assets) by extensions ['python_setup_py']
[0.236s] Level 1:colcon.colcon_core.package_identification:_identify(franka_ros2/docs/assets) by extension 'python_setup_py'
[0.236s] Level 1:colcon.colcon_core.package_identification:_identify(franka_ros2/franka_bringup) by extensions ['ignore', 'ignore_ament_install']
[0.236s] Level 1:colcon.colcon_core.package_identification:_identify(franka_ros2/franka_bringup) by extension 'ignore'
[0.236s] Level 1:colcon.colcon_core.package_identification:_identify(franka_ros2/franka_bringup) by extension 'ignore_ament_install'
[0.236s] Level 1:colcon.colcon_core.package_identification:_identify(franka_ros2/franka_bringup) by extensions ['colcon_pkg']
[0.236s] Level 1:colcon.colcon_core.package_identification:_identify(franka_ros2/franka_bringup) by extension 'colcon_pkg'
[0.236s] Level 1:colcon.colcon_core.package_identification:_identify(franka_ros2/franka_bringup) by extensions ['colcon_meta']
[0.236s] Level 1:colcon.colcon_core.package_identification:_identify(franka_ros2/franka_bringup) by extension 'colcon_meta'
[0.236s] Level 1:colcon.colcon_core.package_identification:_identify(franka_ros2/franka_bringup) by extensions ['ros']
[0.236s] Level 1:colcon.colcon_core.package_identification:_identify(franka_ros2/franka_bringup) by extension 'ros'
[0.236s] DEBUG:colcon.colcon_core.package_identification:Package 'franka_ros2/franka_bringup' with type 'ros.ament_cmake' and name 'franka_bringup'
[0.237s] Level 1:colcon.colcon_core.package_identification:_identify(franka_ros2/franka_example_controllers) by extensions ['ignore', 'ignore_ament_install']
[0.237s] Level 1:colcon.colcon_core.package_identification:_identify(franka_ros2/franka_example_controllers) by extension 'ignore'
[0.237s] Level 1:colcon.colcon_core.package_identification:_identify(franka_ros2/franka_example_controllers) by extension 'ignore_ament_install'
[0.237s] Level 1:colcon.colcon_core.package_identification:_identify(franka_ros2/franka_example_controllers) by extensions ['colcon_pkg']
[0.237s] Level 1:colcon.colcon_core.package_identification:_identify(franka_ros2/franka_example_controllers) by extension 'colcon_pkg'
[0.237s] Level 1:colcon.colcon_core.package_identification:_identify(franka_ros2/franka_example_controllers) by extensions ['colcon_meta']
[0.237s] Level 1:colcon.colcon_core.package_identification:_identify(franka_ros2/franka_example_controllers) by extension 'colcon_meta'
[0.237s] Level 1:colcon.colcon_core.package_identification:_identify(franka_ros2/franka_example_controllers) by extensions ['ros']
[0.237s] Level 1:colcon.colcon_core.package_identification:_identify(franka_ros2/franka_example_controllers) by extension 'ros'
[0.238s] DEBUG:colcon.colcon_core.package_identification:Package 'franka_ros2/franka_example_controllers' with type 'ros.ament_cmake' and name 'franka_example_controllers'
[0.238s] Level 1:colcon.colcon_core.package_identification:_identify(franka_ros2/franka_fr3_moveit_config) by extensions ['ignore', 'ignore_ament_install']
[0.238s] Level 1:colcon.colcon_core.package_identification:_identify(franka_ros2/franka_fr3_moveit_config) by extension 'ignore'
[0.238s] Level 1:colcon.colcon_core.package_identification:_identify(franka_ros2/franka_fr3_moveit_config) by extension 'ignore_ament_install'
[0.238s] Level 1:colcon.colcon_core.package_identification:_identify(franka_ros2/franka_fr3_moveit_config) by extensions ['colcon_pkg']
[0.238s] Level 1:colcon.colcon_core.package_identification:_identify(franka_ros2/franka_fr3_moveit_config) by extension 'colcon_pkg'
[0.238s] Level 1:colcon.colcon_core.package_identification:_identify(franka_ros2/franka_fr3_moveit_config) by extensions ['colcon_meta']
[0.238s] Level 1:colcon.colcon_core.package_identification:_identify(franka_ros2/franka_fr3_moveit_config) by extension 'colcon_meta'
[0.238s] Level 1:colcon.colcon_core.package_identification:_identify(franka_ros2/franka_fr3_moveit_config) by extensions ['ros']
[0.238s] Level 1:colcon.colcon_core.package_identification:_identify(franka_ros2/franka_fr3_moveit_config) by extension 'ros'
[0.238s] DEBUG:colcon.colcon_core.package_identification:Package 'franka_ros2/franka_fr3_moveit_config' with type 'ros.ament_cmake' and name 'franka_fr3_moveit_config'
[0.238s] Level 1:colcon.colcon_core.package_identification:_identify(franka_ros2/franka_gazebo) by extensions ['ignore', 'ignore_ament_install']
[0.238s] Level 1:colcon.colcon_core.package_identification:_identify(franka_ros2/franka_gazebo) by extension 'ignore'
[0.238s] Level 1:colcon.colcon_core.package_identification:_identify(franka_ros2/franka_gazebo) by extension 'ignore_ament_install'
[0.239s] Level 1:colcon.colcon_core.package_identification:_identify(franka_ros2/franka_gazebo) by extensions ['colcon_pkg']
[0.239s] Level 1:colcon.colcon_core.package_identification:_identify(franka_ros2/franka_gazebo) by extension 'colcon_pkg'
[0.239s] Level 1:colcon.colcon_core.package_identification:_identify(franka_ros2/franka_gazebo) by extensions ['colcon_meta']
[0.239s] Level 1:colcon.colcon_core.package_identification:_identify(franka_ros2/franka_gazebo) by extension 'colcon_meta'
[0.239s] Level 1:colcon.colcon_core.package_identification:_identify(franka_ros2/franka_gazebo) by extensions ['ros']
[0.239s] Level 1:colcon.colcon_core.package_identification:_identify(franka_ros2/franka_gazebo) by extension 'ros'
[0.239s] Level 1:colcon.colcon_core.package_identification:_identify(franka_ros2/franka_gazebo) by extensions ['cmake', 'python']
[0.239s] Level 1:colcon.colcon_core.package_identification:_identify(franka_ros2/franka_gazebo) by extension 'cmake'
[0.239s] Level 1:colcon.colcon_core.package_identification:_identify(franka_ros2/franka_gazebo) by extension 'python'
[0.239s] Level 1:colcon.colcon_core.package_identification:_identify(franka_ros2/franka_gazebo) by extensions ['python_setup_py']
[0.239s] Level 1:colcon.colcon_core.package_identification:_identify(franka_ros2/franka_gazebo) by extension 'python_setup_py'
[0.239s] Level 1:colcon.colcon_core.package_identification:_identify(franka_ros2/franka_gazebo/doc) by extensions ['ignore', 'ignore_ament_install']
[0.239s] Level 1:colcon.colcon_core.package_identification:_identify(franka_ros2/franka_gazebo/doc) by extension 'ignore'
[0.239s] Level 1:colcon.colcon_core.package_identification:_identify(franka_ros2/franka_gazebo/doc) by extension 'ignore_ament_install'
[0.239s] Level 1:colcon.colcon_core.package_identification:_identify(franka_ros2/franka_gazebo/doc) by extensions ['colcon_pkg']
[0.239s] Level 1:colcon.colcon_core.package_identification:_identify(franka_ros2/franka_gazebo/doc) by extension 'colcon_pkg'
[0.239s] Level 1:colcon.colcon_core.package_identification:_identify(franka_ros2/franka_gazebo/doc) by extensions ['colcon_meta']
[0.239s] Level 1:colcon.colcon_core.package_identification:_identify(franka_ros2/franka_gazebo/doc) by extension 'colcon_meta'
[0.239s] Level 1:colcon.colcon_core.package_identification:_identify(franka_ros2/franka_gazebo/doc) by extensions ['ros']
[0.239s] Level 1:colcon.colcon_core.package_identification:_identify(franka_ros2/franka_gazebo/doc) by extension 'ros'
[0.239s] Level 1:colcon.colcon_core.package_identification:_identify(franka_ros2/franka_gazebo/doc) by extensions ['cmake', 'python']
[0.239s] Level 1:colcon.colcon_core.package_identification:_identify(franka_ros2/franka_gazebo/doc) by extension 'cmake'
[0.239s] Level 1:colcon.colcon_core.package_identification:_identify(franka_ros2/franka_gazebo/doc) by extension 'python'
[0.239s] Level 1:colcon.colcon_core.package_identification:_identify(franka_ros2/franka_gazebo/doc) by extensions ['python_setup_py']
[0.239s] Level 1:colcon.colcon_core.package_identification:_identify(franka_ros2/franka_gazebo/doc) by extension 'python_setup_py'
[0.239s] Level 1:colcon.colcon_core.package_identification:_identify(franka_ros2/franka_gazebo/franka_gazebo_bringup) by extensions ['ignore', 'ignore_ament_install']
[0.239s] Level 1:colcon.colcon_core.package_identification:_identify(franka_ros2/franka_gazebo/franka_gazebo_bringup) by extension 'ignore'
[0.240s] Level 1:colcon.colcon_core.package_identification:_identify(franka_ros2/franka_gazebo/franka_gazebo_bringup) by extension 'ignore_ament_install'
[0.240s] Level 1:colcon.colcon_core.package_identification:_identify(franka_ros2/franka_gazebo/franka_gazebo_bringup) by extensions ['colcon_pkg']
[0.240s] Level 1:colcon.colcon_core.package_identification:_identify(franka_ros2/franka_gazebo/franka_gazebo_bringup) by extension 'colcon_pkg'
[0.240s] Level 1:colcon.colcon_core.package_identification:_identify(franka_ros2/franka_gazebo/franka_gazebo_bringup) by extensions ['colcon_meta']
[0.240s] Level 1:colcon.colcon_core.package_identification:_identify(franka_ros2/franka_gazebo/franka_gazebo_bringup) by extension 'colcon_meta'
[0.240s] Level 1:colcon.colcon_core.package_identification:_identify(franka_ros2/franka_gazebo/franka_gazebo_bringup) by extensions ['ros']
[0.240s] Level 1:colcon.colcon_core.package_identification:_identify(franka_ros2/franka_gazebo/franka_gazebo_bringup) by extension 'ros'
[0.240s] DEBUG:colcon.colcon_core.package_identification:Package 'franka_ros2/franka_gazebo/franka_gazebo_bringup' with type 'ros.ament_cmake' and name 'franka_gazebo_bringup'
[0.240s] Level 1:colcon.colcon_core.package_identification:_identify(franka_ros2/franka_gazebo/franka_ign_ros2_control) by extensions ['ignore', 'ignore_ament_install']
[0.240s] Level 1:colcon.colcon_core.package_identification:_identify(franka_ros2/franka_gazebo/franka_ign_ros2_control) by extension 'ignore'
[0.240s] Level 1:colcon.colcon_core.package_identification:_identify(franka_ros2/franka_gazebo/franka_ign_ros2_control) by extension 'ignore_ament_install'
[0.240s] Level 1:colcon.colcon_core.package_identification:_identify(franka_ros2/franka_gazebo/franka_ign_ros2_control) by extensions ['colcon_pkg']
[0.241s] Level 1:colcon.colcon_core.package_identification:_identify(franka_ros2/franka_gazebo/franka_ign_ros2_control) by extension 'colcon_pkg'
[0.241s] Level 1:colcon.colcon_core.package_identification:_identify(franka_ros2/franka_gazebo/franka_ign_ros2_control) by extensions ['colcon_meta']
[0.241s] Level 1:colcon.colcon_core.package_identification:_identify(franka_ros2/franka_gazebo/franka_ign_ros2_control) by extension 'colcon_meta'
[0.241s] Level 1:colcon.colcon_core.package_identification:_identify(franka_ros2/franka_gazebo/franka_ign_ros2_control) by extensions ['ros']
[0.241s] Level 1:colcon.colcon_core.package_identification:_identify(franka_ros2/franka_gazebo/franka_ign_ros2_control) by extension 'ros'
[0.244s] DEBUG:colcon.colcon_core.package_identification:Package 'franka_ros2/franka_gazebo/franka_ign_ros2_control' with type 'ros.ament_cmake' and name 'franka_ign_ros2_control'
[0.244s] Level 1:colcon.colcon_core.package_identification:_identify(franka_ros2/franka_gripper) by extensions ['ignore', 'ignore_ament_install']
[0.244s] Level 1:colcon.colcon_core.package_identification:_identify(franka_ros2/franka_gripper) by extension 'ignore'
[0.244s] Level 1:colcon.colcon_core.package_identification:_identify(franka_ros2/franka_gripper) by extension 'ignore_ament_install'
[0.244s] Level 1:colcon.colcon_core.package_identification:_identify(franka_ros2/franka_gripper) by extensions ['colcon_pkg']
[0.244s] Level 1:colcon.colcon_core.package_identification:_identify(franka_ros2/franka_gripper) by extension 'colcon_pkg'
[0.244s] Level 1:colcon.colcon_core.package_identification:_identify(franka_ros2/franka_gripper) by extensions ['colcon_meta']
[0.244s] Level 1:colcon.colcon_core.package_identification:_identify(franka_ros2/franka_gripper) by extension 'colcon_meta'
[0.244s] Level 1:colcon.colcon_core.package_identification:_identify(franka_ros2/franka_gripper) by extensions ['ros']
[0.244s] Level 1:colcon.colcon_core.package_identification:_identify(franka_ros2/franka_gripper) by extension 'ros'
[0.245s] DEBUG:colcon.colcon_core.package_identification:Package 'franka_ros2/franka_gripper' with type 'ros.ament_cmake' and name 'franka_gripper'
[0.245s] Level 1:colcon.colcon_core.package_identification:_identify(franka_ros2/franka_hardware) by extensions ['ignore', 'ignore_ament_install']
[0.245s] Level 1:colcon.colcon_core.package_identification:_identify(franka_ros2/franka_hardware) by extension 'ignore'
[0.245s] Level 1:colcon.colcon_core.package_identification:_identify(franka_ros2/franka_hardware) by extension 'ignore_ament_install'
[0.245s] Level 1:colcon.colcon_core.package_identification:_identify(franka_ros2/franka_hardware) by extensions ['colcon_pkg']
[0.245s] Level 1:colcon.colcon_core.package_identification:_identify(franka_ros2/franka_hardware) by extension 'colcon_pkg'
[0.245s] Level 1:colcon.colcon_core.package_identification:_identify(franka_ros2/franka_hardware) by extensions ['colcon_meta']
[0.245s] Level 1:colcon.colcon_core.package_identification:_identify(franka_ros2/franka_hardware) by extension 'colcon_meta'
[0.245s] Level 1:colcon.colcon_core.package_identification:_identify(franka_ros2/franka_hardware) by extensions ['ros']
[0.246s] Level 1:colcon.colcon_core.package_identification:_identify(franka_ros2/franka_hardware) by extension 'ros'
[0.246s] DEBUG:colcon.colcon_core.package_identification:Package 'franka_ros2/franka_hardware' with type 'ros.ament_cmake' and name 'franka_hardware'
[0.246s] Level 1:colcon.colcon_core.package_identification:_identify(franka_ros2/franka_msgs) by extensions ['ignore', 'ignore_ament_install']
[0.246s] Level 1:colcon.colcon_core.package_identification:_identify(franka_ros2/franka_msgs) by extension 'ignore'
[0.246s] Level 1:colcon.colcon_core.package_identification:_identify(franka_ros2/franka_msgs) by extension 'ignore_ament_install'
[0.246s] Level 1:colcon.colcon_core.package_identification:_identify(franka_ros2/franka_msgs) by extensions ['colcon_pkg']
[0.246s] Level 1:colcon.colcon_core.package_identification:_identify(franka_ros2/franka_msgs) by extension 'colcon_pkg'
[0.246s] Level 1:colcon.colcon_core.package_identification:_identify(franka_ros2/franka_msgs) by extensions ['colcon_meta']
[0.246s] Level 1:colcon.colcon_core.package_identification:_identify(franka_ros2/franka_msgs) by extension 'colcon_meta'
[0.246s] Level 1:colcon.colcon_core.package_identification:_identify(franka_ros2/franka_msgs) by extensions ['ros']
[0.246s] Level 1:colcon.colcon_core.package_identification:_identify(franka_ros2/franka_msgs) by extension 'ros'
[0.247s] DEBUG:colcon.colcon_core.package_identification:Package 'franka_ros2/franka_msgs' with type 'ros.ament_cmake' and name 'franka_msgs'
[0.247s] Level 1:colcon.colcon_core.package_identification:_identify(franka_ros2/franka_robot_state_broadcaster) by extensions ['ignore', 'ignore_ament_install']
[0.247s] Level 1:colcon.colcon_core.package_identification:_identify(franka_ros2/franka_robot_state_broadcaster) by extension 'ignore'
[0.247s] Level 1:colcon.colcon_core.package_identification:_identify(franka_ros2/franka_robot_state_broadcaster) by extension 'ignore_ament_install'
[0.247s] Level 1:colcon.colcon_core.package_identification:_identify(franka_ros2/franka_robot_state_broadcaster) by extensions ['colcon_pkg']
[0.247s] Level 1:colcon.colcon_core.package_identification:_identify(franka_ros2/franka_robot_state_broadcaster) by extension 'colcon_pkg'
[0.247s] Level 1:colcon.colcon_core.package_identification:_identify(franka_ros2/franka_robot_state_broadcaster) by extensions ['colcon_meta']
[0.247s] Level 1:colcon.colcon_core.package_identification:_identify(franka_ros2/franka_robot_state_broadcaster) by extension 'colcon_meta'
[0.247s] Level 1:colcon.colcon_core.package_identification:_identify(franka_ros2/franka_robot_state_broadcaster) by extensions ['ros']
[0.247s] Level 1:colcon.colcon_core.package_identification:_identify(franka_ros2/franka_robot_state_broadcaster) by extension 'ros'
[0.248s] DEBUG:colcon.colcon_core.package_identification:Package 'franka_ros2/franka_robot_state_broadcaster' with type 'ros.ament_cmake' and name 'franka_robot_state_broadcaster'
[0.248s] Level 1:colcon.colcon_core.package_identification:_identify(franka_ros2/franka_ros2) by extensions ['ignore', 'ignore_ament_install']
[0.248s] Level 1:colcon.colcon_core.package_identification:_identify(franka_ros2/franka_ros2) by extension 'ignore'
[0.248s] Level 1:colcon.colcon_core.package_identification:_identify(franka_ros2/franka_ros2) by extension 'ignore_ament_install'
[0.248s] Level 1:colcon.colcon_core.package_identification:_identify(franka_ros2/franka_ros2) by extensions ['colcon_pkg']
[0.248s] Level 1:colcon.colcon_core.package_identification:_identify(franka_ros2/franka_ros2) by extension 'colcon_pkg'
[0.248s] Level 1:colcon.colcon_core.package_identification:_identify(franka_ros2/franka_ros2) by extensions ['colcon_meta']
[0.248s] Level 1:colcon.colcon_core.package_identification:_identify(franka_ros2/franka_ros2) by extension 'colcon_meta'
[0.248s] Level 1:colcon.colcon_core.package_identification:_identify(franka_ros2/franka_ros2) by extensions ['ros']
[0.248s] Level 1:colcon.colcon_core.package_identification:_identify(franka_ros2/franka_ros2) by extension 'ros'
[0.249s] DEBUG:colcon.colcon_core.package_identification:Package 'franka_ros2/franka_ros2' with type 'ros.ament_cmake' and name 'franka_ros2'
[0.249s] Level 1:colcon.colcon_core.package_identification:_identify(franka_ros2/franka_semantic_components) by extensions ['ignore', 'ignore_ament_install']
[0.249s] Level 1:colcon.colcon_core.package_identification:_identify(franka_ros2/franka_semantic_components) by extension 'ignore'
[0.249s] Level 1:colcon.colcon_core.package_identification:_identify(franka_ros2/franka_semantic_components) by extension 'ignore_ament_install'
[0.249s] Level 1:colcon.colcon_core.package_identification:_identify(franka_ros2/franka_semantic_components) by extensions ['colcon_pkg']
[0.249s] Level 1:colcon.colcon_core.package_identification:_identify(franka_ros2/franka_semantic_components) by extension 'colcon_pkg'
[0.249s] Level 1:colcon.colcon_core.package_identification:_identify(franka_ros2/franka_semantic_components) by extensions ['colcon_meta']
[0.250s] Level 1:colcon.colcon_core.package_identification:_identify(franka_ros2/franka_semantic_components) by extension 'colcon_meta'
[0.250s] Level 1:colcon.colcon_core.package_identification:_identify(franka_ros2/franka_semantic_components) by extensions ['ros']
[0.250s] Level 1:colcon.colcon_core.package_identification:_identify(franka_ros2/franka_semantic_components) by extension 'ros'
[0.250s] DEBUG:colcon.colcon_core.package_identification:Package 'franka_ros2/franka_semantic_components' with type 'ros.ament_cmake' and name 'franka_semantic_components'
[0.250s] Level 1:colcon.colcon_core.package_identification:_identify(franka_ros2/franka_task_pipeline) by extensions ['ignore', 'ignore_ament_install']
[0.250s] Level 1:colcon.colcon_core.package_identification:_identify(franka_ros2/franka_task_pipeline) by extension 'ignore'
[0.250s] Level 1:colcon.colcon_core.package_identification:_identify(franka_ros2/franka_task_pipeline) by extension 'ignore_ament_install'
[0.250s] Level 1:colcon.colcon_core.package_identification:_identify(franka_ros2/franka_task_pipeline) by extensions ['colcon_pkg']
[0.250s] Level 1:colcon.colcon_core.package_identification:_identify(franka_ros2/franka_task_pipeline) by extension 'colcon_pkg'
[0.250s] Level 1:colcon.colcon_core.package_identification:_identify(franka_ros2/franka_task_pipeline) by extensions ['colcon_meta']
[0.250s] Level 1:colcon.colcon_core.package_identification:_identify(franka_ros2/franka_task_pipeline) by extension 'colcon_meta'
[0.250s] Level 1:colcon.colcon_core.package_identification:_identify(franka_ros2/franka_task_pipeline) by extensions ['ros']
[0.251s] Level 1:colcon.colcon_core.package_identification:_identify(franka_ros2/franka_task_pipeline) by extension 'ros'
[0.251s] DEBUG:colcon.colcon_core.package_identification:Package 'franka_ros2/franka_task_pipeline' with type 'ros.ament_cmake' and name 'franka_task_pipeline'
[0.251s] Level 1:colcon.colcon_core.package_identification:_identify(franka_ros2/integration_launch_testing) by extensions ['ignore', 'ignore_ament_install']
[0.251s] Level 1:colcon.colcon_core.package_identification:_identify(franka_ros2/integration_launch_testing) by extension 'ignore'
[0.251s] Level 1:colcon.colcon_core.package_identification:_identify(franka_ros2/integration_launch_testing) by extension 'ignore_ament_install'
[0.251s] Level 1:colcon.colcon_core.package_identification:_identify(franka_ros2/integration_launch_testing) by extensions ['colcon_pkg']
[0.251s] Level 1:colcon.colcon_core.package_identification:_identify(franka_ros2/integration_launch_testing) by extension 'colcon_pkg'
[0.251s] Level 1:colcon.colcon_core.package_identification:_identify(franka_ros2/integration_launch_testing) by extensions ['colcon_meta']
[0.251s] Level 1:colcon.colcon_core.package_identification:_identify(franka_ros2/integration_launch_testing) by extension 'colcon_meta'
[0.251s] Level 1:colcon.colcon_core.package_identification:_identify(franka_ros2/integration_launch_testing) by extensions ['ros']
[0.251s] Level 1:colcon.colcon_core.package_identification:_identify(franka_ros2/integration_launch_testing) by extension 'ros'
[0.252s] DEBUG:colcon.colcon_core.package_identification:Package 'franka_ros2/integration_launch_testing' with type 'ros.ament_cmake' and name 'integration_launch_testing'
[0.252s] Level 1:colcon.colcon_core.package_identification:_identify(idra_franka_launch) by extensions ['ignore', 'ignore_ament_install']
[0.252s] Level 1:colcon.colcon_core.package_identification:_identify(idra_franka_launch) by extension 'ignore'
[0.252s] Level 1:colcon.colcon_core.package_identification:_identify(idra_franka_launch) by extension 'ignore_ament_install'
[0.252s] Level 1:colcon.colcon_core.package_identification:_identify(idra_franka_launch) by extensions ['colcon_pkg']
[0.252s] Level 1:colcon.colcon_core.package_identification:_identify(idra_franka_launch) by extension 'colcon_pkg'
[0.252s] Level 1:colcon.colcon_core.package_identification:_identify(idra_franka_launch) by extensions ['colcon_meta']
[0.252s] Level 1:colcon.colcon_core.package_identification:_identify(idra_franka_launch) by extension 'colcon_meta'
[0.252s] Level 1:colcon.colcon_core.package_identification:_identify(idra_franka_launch) by extensions ['ros']
[0.252s] Level 1:colcon.colcon_core.package_identification:_identify(idra_franka_launch) by extension 'ros'
[0.252s] DEBUG:colcon.colcon_core.package_identification:Package 'idra_franka_launch' with type 'ros.ament_cmake' and name 'idra_franka_launch'
[0.252s] Level 1:colcon.colcon_core.package_identification:_identify(install) by extensions ['ignore', 'ignore_ament_install']
[0.252s] Level 1:colcon.colcon_core.package_identification:_identify(install) by extension 'ignore'
[0.252s] Level 1:colcon.colcon_core.package_identification:_identify(install) ignored
[0.252s] Level 1:colcon.colcon_core.package_identification:_identify(log) by extensions ['ignore', 'ignore_ament_install']
[0.253s] Level 1:colcon.colcon_core.package_identification:_identify(log) by extension 'ignore'
[0.253s] Level 1:colcon.colcon_core.package_identification:_identify(log) ignored
[0.253s] Level 1:colcon.colcon_core.package_identification:_identify(ros2_effort_controller) by extensions ['ignore', 'ignore_ament_install']
[0.253s] Level 1:colcon.colcon_core.package_identification:_identify(ros2_effort_controller) by extension 'ignore'
[0.253s] Level 1:colcon.colcon_core.package_identification:_identify(ros2_effort_controller) by extension 'ignore_ament_install'
[0.253s] Level 1:colcon.colcon_core.package_identification:_identify(ros2_effort_controller) by extensions ['colcon_pkg']
[0.253s] Level 1:colcon.colcon_core.package_identification:_identify(ros2_effort_controller) by extension 'colcon_pkg'
[0.253s] Level 1:colcon.colcon_core.package_identification:_identify(ros2_effort_controller) by extensions ['colcon_meta']
[0.253s] Level 1:colcon.colcon_core.package_identification:_identify(ros2_effort_controller) by extension 'colcon_meta'
[0.253s] Level 1:colcon.colcon_core.package_identification:_identify(ros2_effort_controller) by extensions ['ros']
[0.253s] Level 1:colcon.colcon_core.package_identification:_identify(ros2_effort_controller) by extension 'ros'
[0.253s] Level 1:colcon.colcon_core.package_identification:_identify(ros2_effort_controller) by extensions ['cmake', 'python']
[0.253s] Level 1:colcon.colcon_core.package_identification:_identify(ros2_effort_controller) by extension 'cmake'
[0.253s] Level 1:colcon.colcon_core.package_identification:_identify(ros2_effort_controller) by extension 'python'
[0.253s] Level 1:colcon.colcon_core.package_identification:_identify(ros2_effort_controller) by extensions ['python_setup_py']
[0.253s] Level 1:colcon.colcon_core.package_identification:_identify(ros2_effort_controller) by extension 'python_setup_py'
[0.253s] Level 1:colcon.colcon_core.package_identification:_identify(ros2_effort_controller/cartesian_impedance_controller) by extensions ['ignore', 'ignore_ament_install']
[0.253s] Level 1:colcon.colcon_core.package_identification:_identify(ros2_effort_controller/cartesian_impedance_controller) by extension 'ignore'
[0.253s] Level 1:colcon.colcon_core.package_identification:_identify(ros2_effort_controller/cartesian_impedance_controller) by extension 'ignore_ament_install'
[0.253s] Level 1:colcon.colcon_core.package_identification:_identify(ros2_effort_controller/cartesian_impedance_controller) by extensions ['colcon_pkg']
[0.253s] Level 1:colcon.colcon_core.package_identification:_identify(ros2_effort_controller/cartesian_impedance_controller) by extension 'colcon_pkg'
[0.253s] Level 1:colcon.colcon_core.package_identification:_identify(ros2_effort_controller/cartesian_impedance_controller) by extensions ['colcon_meta']
[0.253s] Level 1:colcon.colcon_core.package_identification:_identify(ros2_effort_controller/cartesian_impedance_controller) by extension 'colcon_meta'
[0.253s] Level 1:colcon.colcon_core.package_identification:_identify(ros2_effort_controller/cartesian_impedance_controller) by extensions ['ros']
[0.253s] Level 1:colcon.colcon_core.package_identification:_identify(ros2_effort_controller/cartesian_impedance_controller) by extension 'ros'
[0.254s] DEBUG:colcon.colcon_core.package_identification:Package 'ros2_effort_controller/cartesian_impedance_controller' with type 'ros.ament_cmake' and name 'cartesian_impedance_controller'
[0.254s] Level 1:colcon.colcon_core.package_identification:_identify(ros2_effort_controller/debug_msg) by extensions ['ignore', 'ignore_ament_install']
[0.254s] Level 1:colcon.colcon_core.package_identification:_identify(ros2_effort_controller/debug_msg) by extension 'ignore'
[0.254s] Level 1:colcon.colcon_core.package_identification:_identify(ros2_effort_controller/debug_msg) by extension 'ignore_ament_install'
[0.254s] Level 1:colcon.colcon_core.package_identification:_identify(ros2_effort_controller/debug_msg) by extensions ['colcon_pkg']
[0.254s] Level 1:colcon.colcon_core.package_identification:_identify(ros2_effort_controller/debug_msg) by extension 'colcon_pkg'
[0.254s] Level 1:colcon.colcon_core.package_identification:_identify(ros2_effort_controller/debug_msg) by extensions ['colcon_meta']
[0.254s] Level 1:colcon.colcon_core.package_identification:_identify(ros2_effort_controller/debug_msg) by extension 'colcon_meta'
[0.254s] Level 1:colcon.colcon_core.package_identification:_identify(ros2_effort_controller/debug_msg) by extensions ['ros']
[0.254s] Level 1:colcon.colcon_core.package_identification:_identify(ros2_effort_controller/debug_msg) by extension 'ros'
[0.255s] DEBUG:colcon.colcon_core.package_identification:Package 'ros2_effort_controller/debug_msg' with type 'ros.ament_cmake' and name 'debug_msg'
[0.255s] Level 1:colcon.colcon_core.package_identification:_identify(ros2_effort_controller/effort_controller_base) by extensions ['ignore', 'ignore_ament_install']
[0.255s] Level 1:colcon.colcon_core.package_identification:_identify(ros2_effort_controller/effort_controller_base) by extension 'ignore'
[0.255s] Level 1:colcon.colcon_core.package_identification:_identify(ros2_effort_controller/effort_controller_base) by extension 'ignore_ament_install'
[0.255s] Level 1:colcon.colcon_core.package_identification:_identify(ros2_effort_controller/effort_controller_base) by extensions ['colcon_pkg']
[0.255s] Level 1:colcon.colcon_core.package_identification:_identify(ros2_effort_controller/effort_controller_base) by extension 'colcon_pkg'
[0.255s] Level 1:colcon.colcon_core.package_identification:_identify(ros2_effort_controller/effort_controller_base) by extensions ['colcon_meta']
[0.255s] Level 1:colcon.colcon_core.package_identification:_identify(ros2_effort_controller/effort_controller_base) by extension 'colcon_meta'
[0.255s] Level 1:colcon.colcon_core.package_identification:_identify(ros2_effort_controller/effort_controller_base) by extensions ['ros']
[0.255s] Level 1:colcon.colcon_core.package_identification:_identify(ros2_effort_controller/effort_controller_base) by extension 'ros'
[0.256s] DEBUG:colcon.colcon_core.package_identification:Package 'ros2_effort_controller/effort_controller_base' with type 'ros.catkin' and name 'effort_controller_base'
[0.256s] Level 1:colcon.colcon_core.package_identification:_identify(ros2_effort_controller/gravity_compensation) by extensions ['ignore', 'ignore_ament_install']
[0.256s] Level 1:colcon.colcon_core.package_identification:_identify(ros2_effort_controller/gravity_compensation) by extension 'ignore'
[0.256s] Level 1:colcon.colcon_core.package_identification:_identify(ros2_effort_controller/gravity_compensation) by extension 'ignore_ament_install'
[0.256s] Level 1:colcon.colcon_core.package_identification:_identify(ros2_effort_controller/gravity_compensation) by extensions ['colcon_pkg']
[0.256s] Level 1:colcon.colcon_core.package_identification:_identify(ros2_effort_controller/gravity_compensation) by extension 'colcon_pkg'
[0.256s] Level 1:colcon.colcon_core.package_identification:_identify(ros2_effort_controller/gravity_compensation) by extensions ['colcon_meta']
[0.256s] Level 1:colcon.colcon_core.package_identification:_identify(ros2_effort_controller/gravity_compensation) by extension 'colcon_meta'
[0.256s] Level 1:colcon.colcon_core.package_identification:_identify(ros2_effort_controller/gravity_compensation) by extensions ['ros']
[0.256s] Level 1:colcon.colcon_core.package_identification:_identify(ros2_effort_controller/gravity_compensation) by extension 'ros'
[0.256s] DEBUG:colcon.colcon_core.package_identification:Package 'ros2_effort_controller/gravity_compensation' with type 'ros.ament_cmake' and name 'gravity_compensation'
[0.256s] Level 1:colcon.colcon_core.package_identification:_identify(ros2_effort_controller/joint_impedance_controller) by extensions ['ignore', 'ignore_ament_install']
[0.256s] Level 1:colcon.colcon_core.package_identification:_identify(ros2_effort_controller/joint_impedance_controller) by extension 'ignore'
[0.256s] Level 1:colcon.colcon_core.package_identification:_identify(ros2_effort_controller/joint_impedance_controller) by extension 'ignore_ament_install'
[0.257s] Level 1:colcon.colcon_core.package_identification:_identify(ros2_effort_controller/joint_impedance_controller) by extensions ['colcon_pkg']
[0.257s] Level 1:colcon.colcon_core.package_identification:_identify(ros2_effort_controller/joint_impedance_controller) by extension 'colcon_pkg'
[0.257s] Level 1:colcon.colcon_core.package_identification:_identify(ros2_effort_controller/joint_impedance_controller) by extensions ['colcon_meta']
[0.257s] Level 1:colcon.colcon_core.package_identification:_identify(ros2_effort_controller/joint_impedance_controller) by extension 'colcon_meta'
[0.257s] Level 1:colcon.colcon_core.package_identification:_identify(ros2_effort_controller/joint_impedance_controller) by extensions ['ros']
[0.257s] Level 1:colcon.colcon_core.package_identification:_identify(ros2_effort_controller/joint_impedance_controller) by extension 'ros'
[0.257s] DEBUG:colcon.colcon_core.package_identification:Package 'ros2_effort_controller/joint_impedance_controller' with type 'ros.ament_cmake' and name 'joint_impedance_controller'
[0.257s] Level 1:colcon.colcon_core.package_discovery:discover_packages(recursive) using defaults
[0.257s] Level 1:colcon.colcon_core.package_discovery:discover_packages(ignore) discover
[0.257s] Level 1:colcon.colcon_core.package_discovery:discover_packages(ignore) using defaults
[0.257s] Level 1:colcon.colcon_core.package_discovery:discover_packages(path) discover
[0.257s] Level 1:colcon.colcon_core.package_discovery:discover_packages(path) using defaults
[0.277s] Level 1:colcon.colcon_core.package_discovery:discover_packages(prefix_path) check parameters
[0.277s] Level 1:colcon.colcon_core.package_discovery:discover_packages(prefix_path) discover
[0.278s] WARNING:colcon.colcon_core.prefix_path.colcon:The path '/home/jiataoding/ros2_franka_ws/install' in the environment variable COLCON_PREFIX_PATH doesn't exist
[0.279s] WARNING:colcon.colcon_ros.prefix_path.ament:The path '/home/jiataoding/ros2_franka_ws/install/joint_impedance_controller' in the environment variable AMENT_PREFIX_PATH doesn't exist
[0.279s] WARNING:colcon.colcon_ros.prefix_path.ament:The path '/home/jiataoding/ros2_franka_ws/install/integration_launch_testing' in the environment variable AMENT_PREFIX_PATH doesn't exist
[0.279s] WARNING:colcon.colcon_ros.prefix_path.ament:The path '/home/jiataoding/ros2_franka_ws/install/idra_franka_launch' in the environment variable AMENT_PREFIX_PATH doesn't exist
[0.279s] WARNING:colcon.colcon_ros.prefix_path.ament:The path '/home/jiataoding/ros2_franka_ws/install/gravity_compensation' in the environment variable AMENT_PREFIX_PATH doesn't exist
[0.279s] WARNING:colcon.colcon_ros.prefix_path.ament:The path '/home/jiataoding/ros2_franka_ws/install/franka_task_pipeline' in the environment variable AMENT_PREFIX_PATH doesn't exist
[0.279s] WARNING:colcon.colcon_ros.prefix_path.ament:The path '/home/jiataoding/ros2_franka_ws/install/franka_ros2' in the environment variable AMENT_PREFIX_PATH doesn't exist
[0.279s] WARNING:colcon.colcon_ros.prefix_path.ament:The path '/home/jiataoding/ros2_franka_ws/install/franka_bringup' in the environment variable AMENT_PREFIX_PATH doesn't exist
[0.279s] WARNING:colcon.colcon_ros.prefix_path.ament:The path '/home/jiataoding/ros2_franka_ws/install/franka_robot_state_broadcaster' in the environment variable AMENT_PREFIX_PATH doesn't exist
[0.279s] WARNING:colcon.colcon_ros.prefix_path.ament:The path '/home/jiataoding/ros2_franka_ws/install/franka_example_controllers' in the environment variable AMENT_PREFIX_PATH doesn't exist
[0.279s] WARNING:colcon.colcon_ros.prefix_path.ament:The path '/home/jiataoding/ros2_franka_ws/install/franka_semantic_components' in the environment variable AMENT_PREFIX_PATH doesn't exist
[0.279s] WARNING:colcon.colcon_ros.prefix_path.ament:The path '/home/jiataoding/ros2_franka_ws/install/franka_gazebo_bringup' in the environment variable AMENT_PREFIX_PATH doesn't exist
[0.279s] WARNING:colcon.colcon_ros.prefix_path.ament:The path '/home/jiataoding/ros2_franka_ws/install/franka_ign_ros2_control' in the environment variable AMENT_PREFIX_PATH doesn't exist
[0.279s] WARNING:colcon.colcon_ros.prefix_path.ament:The path '/home/jiataoding/ros2_franka_ws/install/franka_fr3_moveit_config' in the environment variable AMENT_PREFIX_PATH doesn't exist
[0.279s] WARNING:colcon.colcon_ros.prefix_path.ament:The path '/home/jiataoding/ros2_franka_ws/install/franka_hardware' in the environment variable AMENT_PREFIX_PATH doesn't exist
[0.279s] WARNING:colcon.colcon_ros.prefix_path.ament:The path '/home/jiataoding/ros2_franka_ws/install/franka_gripper' in the environment variable AMENT_PREFIX_PATH doesn't exist
[0.279s] WARNING:colcon.colcon_ros.prefix_path.ament:The path '/home/jiataoding/ros2_franka_ws/install/franka_msgs' in the environment variable AMENT_PREFIX_PATH doesn't exist
[0.279s] WARNING:colcon.colcon_ros.prefix_path.ament:The path '/home/jiataoding/ros2_franka_ws/install/franka_description' in the environment variable AMENT_PREFIX_PATH doesn't exist
[0.279s] WARNING:colcon.colcon_ros.prefix_path.ament:The path '/home/jiataoding/ros2_franka_ws/install/cartesian_impedance_controller' in the environment variable AMENT_PREFIX_PATH doesn't exist
[0.279s] WARNING:colcon.colcon_ros.prefix_path.ament:The path '/home/jiataoding/ros2_franka_ws/install/debug_msg' in the environment variable AMENT_PREFIX_PATH doesn't exist
[0.280s] WARNING:colcon.colcon_ros.prefix_path.catkin:The path '/home/jiataoding/ros2_franka_ws/install/joint_impedance_controller' in the environment variable CMAKE_PREFIX_PATH doesn't exist
[0.280s] WARNING:colcon.colcon_ros.prefix_path.catkin:The path '/home/jiataoding/ros2_franka_ws/install/integration_launch_testing' in the environment variable CMAKE_PREFIX_PATH doesn't exist
[0.280s] WARNING:colcon.colcon_ros.prefix_path.catkin:The path '/home/jiataoding/ros2_franka_ws/install/idra_franka_launch' in the environment variable CMAKE_PREFIX_PATH doesn't exist
[0.280s] WARNING:colcon.colcon_ros.prefix_path.catkin:The path '/home/jiataoding/ros2_franka_ws/install/gravity_compensation' in the environment variable CMAKE_PREFIX_PATH doesn't exist
[0.280s] WARNING:colcon.colcon_ros.prefix_path.catkin:The path '/home/jiataoding/ros2_franka_ws/install/franka_task_pipeline' in the environment variable CMAKE_PREFIX_PATH doesn't exist
[0.280s] WARNING:colcon.colcon_ros.prefix_path.catkin:The path '/home/jiataoding/ros2_franka_ws/install/franka_ros2' in the environment variable CMAKE_PREFIX_PATH doesn't exist
[0.280s] WARNING:colcon.colcon_ros.prefix_path.catkin:The path '/home/jiataoding/ros2_franka_ws/install/franka_bringup' in the environment variable CMAKE_PREFIX_PATH doesn't exist
[0.280s] WARNING:colcon.colcon_ros.prefix_path.catkin:The path '/home/jiataoding/ros2_franka_ws/install/franka_robot_state_broadcaster' in the environment variable CMAKE_PREFIX_PATH doesn't exist
[0.280s] WARNING:colcon.colcon_ros.prefix_path.catkin:The path '/home/jiataoding/ros2_franka_ws/install/franka_example_controllers' in the environment variable CMAKE_PREFIX_PATH doesn't exist
[0.280s] WARNING:colcon.colcon_ros.prefix_path.catkin:The path '/home/jiataoding/ros2_franka_ws/install/franka_semantic_components' in the environment variable CMAKE_PREFIX_PATH doesn't exist
[0.280s] WARNING:colcon.colcon_ros.prefix_path.catkin:The path '/home/jiataoding/ros2_franka_ws/install/franka_gazebo_bringup' in the environment variable CMAKE_PREFIX_PATH doesn't exist
[0.280s] WARNING:colcon.colcon_ros.prefix_path.catkin:The path '/home/jiataoding/ros2_franka_ws/install/franka_ign_ros2_control' in the environment variable CMAKE_PREFIX_PATH doesn't exist
[0.280s] WARNING:colcon.colcon_ros.prefix_path.catkin:The path '/home/jiataoding/ros2_franka_ws/install/franka_fr3_moveit_config' in the environment variable CMAKE_PREFIX_PATH doesn't exist
[0.280s] WARNING:colcon.colcon_ros.prefix_path.catkin:The path '/home/jiataoding/ros2_franka_ws/install/franka_hardware' in the environment variable CMAKE_PREFIX_PATH doesn't exist
[0.280s] WARNING:colcon.colcon_ros.prefix_path.catkin:The path '/home/jiataoding/ros2_franka_ws/install/franka_gripper' in the environment variable CMAKE_PREFIX_PATH doesn't exist
[0.280s] WARNING:colcon.colcon_ros.prefix_path.catkin:The path '/home/jiataoding/ros2_franka_ws/install/franka_msgs' in the environment variable CMAKE_PREFIX_PATH doesn't exist
[0.280s] WARNING:colcon.colcon_ros.prefix_path.catkin:The path '/home/jiataoding/ros2_franka_ws/install/franka_description' in the environment variable CMAKE_PREFIX_PATH doesn't exist
[0.280s] WARNING:colcon.colcon_ros.prefix_path.catkin:The path '/home/jiataoding/ros2_franka_ws/install/cartesian_impedance_controller' in the environment variable CMAKE_PREFIX_PATH doesn't exist
[0.280s] WARNING:colcon.colcon_ros.prefix_path.catkin:The path '/home/jiataoding/ros2_franka_ws/install/effort_controller_base' in the environment variable CMAKE_PREFIX_PATH doesn't exist
[0.281s] WARNING:colcon.colcon_ros.prefix_path.catkin:The path '/home/jiataoding/ros2_franka_ws/install/debug_msg' in the environment variable CMAKE_PREFIX_PATH doesn't exist
[0.281s] DEBUG:colcon.colcon_installed_package_information.package_discovery:Found 20 installed packages in /home/jiataoding/franco_ros2_franka_ws/src/install
[0.282s] DEBUG:colcon.colcon_installed_package_information.package_discovery:Found 20 installed packages in /home/jiataoding/franco_ros2_franka_ws/install
[0.285s] DEBUG:colcon.colcon_installed_package_information.package_discovery:Found 471 installed packages in /opt/ros/humble
[0.286s] Level 1:colcon.colcon_core.package_discovery:discover_packages(prefix_path) using defaults
[0.329s] Level 5:colcon.colcon_core.verb:set package 'debug_msg' build argument 'cmake_args' from command line to '['-DCMAKE_BUILD_TYPE=Release']'
[0.329s] Level 5:colcon.colcon_core.verb:set package 'debug_msg' build argument 'cmake_target' from command line to 'None'
[0.329s] Level 5:colcon.colcon_core.verb:set package 'debug_msg' build argument 'cmake_target_skip_unavailable' from command line to 'False'
[0.329s] Level 5:colcon.colcon_core.verb:set package 'debug_msg' build argument 'cmake_clean_cache' from command line to 'False'
[0.329s] Level 5:colcon.colcon_core.verb:set package 'debug_msg' build argument 'cmake_clean_first' from command line to 'False'
[0.329s] Level 5:colcon.colcon_core.verb:set package 'debug_msg' build argument 'cmake_force_configure' from command line to 'False'
[0.329s] Level 5:colcon.colcon_core.verb:set package 'debug_msg' build argument 'ament_cmake_args' from command line to 'None'
[0.329s] Level 5:colcon.colcon_core.verb:set package 'debug_msg' build argument 'catkin_cmake_args' from command line to 'None'
[0.329s] Level 5:colcon.colcon_core.verb:set package 'debug_msg' build argument 'catkin_skip_building_tests' from command line to 'False'
[0.329s] DEBUG:colcon.colcon_core.verb:Building package 'debug_msg' with the following arguments: {'ament_cmake_args': None, 'build_base': '/home/jiataoding/franco_ros2_franka_ws/src/build/debug_msg', 'catkin_cmake_args': None, 'catkin_skip_building_tests': False, 'cmake_args': ['-DCMAKE_BUILD_TYPE=Release'], 'cmake_clean_cache': False, 'cmake_clean_first': False, 'cmake_force_configure': False, 'cmake_target': None, 'cmake_target_skip_unavailable': False, 'install_base': '/home/jiataoding/franco_ros2_franka_ws/src/install/debug_msg', 'merge_install': False, 'path': '/home/jiataoding/franco_ros2_franka_ws/src/ros2_effort_controller/debug_msg', 'symlink_install': True, 'test_result_base': None}
[0.329s] Level 5:colcon.colcon_core.verb:set package 'effort_controller_base' build argument 'cmake_args' from command line to '['-DCMAKE_BUILD_TYPE=Release']'
[0.329s] Level 5:colcon.colcon_core.verb:set package 'effort_controller_base' build argument 'cmake_target' from command line to 'None'
[0.329s] Level 5:colcon.colcon_core.verb:set package 'effort_controller_base' build argument 'cmake_target_skip_unavailable' from command line to 'False'
[0.329s] Level 5:colcon.colcon_core.verb:set package 'effort_controller_base' build argument 'cmake_clean_cache' from command line to 'False'
[0.329s] Level 5:colcon.colcon_core.verb:set package 'effort_controller_base' build argument 'cmake_clean_first' from command line to 'False'
[0.329s] Level 5:colcon.colcon_core.verb:set package 'effort_controller_base' build argument 'cmake_force_configure' from command line to 'False'
[0.329s] Level 5:colcon.colcon_core.verb:set package 'effort_controller_base' build argument 'ament_cmake_args' from command line to 'None'
[0.329s] Level 5:colcon.colcon_core.verb:set package 'effort_controller_base' build argument 'catkin_cmake_args' from command line to 'None'
[0.329s] Level 5:colcon.colcon_core.verb:set package 'effort_controller_base' build argument 'catkin_skip_building_tests' from command line to 'False'
[0.329s] DEBUG:colcon.colcon_core.verb:Building package 'effort_controller_base' with the following arguments: {'ament_cmake_args': None, 'build_base': '/home/jiataoding/franco_ros2_franka_ws/src/build/effort_controller_base', 'catkin_cmake_args': None, 'catkin_skip_building_tests': False, 'cmake_args': ['-DCMAKE_BUILD_TYPE=Release'], 'cmake_clean_cache': False, 'cmake_clean_first': False, 'cmake_force_configure': False, 'cmake_target': None, 'cmake_target_skip_unavailable': False, 'install_base': '/home/jiataoding/franco_ros2_franka_ws/src/install/effort_controller_base', 'merge_install': False, 'path': '/home/jiataoding/franco_ros2_franka_ws/src/ros2_effort_controller/effort_controller_base', 'symlink_install': True, 'test_result_base': None}
[0.330s] Level 5:colcon.colcon_core.verb:set package 'franka_description' build argument 'cmake_args' from command line to '['-DCMAKE_BUILD_TYPE=Release']'
[0.330s] Level 5:colcon.colcon_core.verb:set package 'franka_description' build argument 'cmake_target' from command line to 'None'
[0.330s] Level 5:colcon.colcon_core.verb:set package 'franka_description' build argument 'cmake_target_skip_unavailable' from command line to 'False'
[0.330s] Level 5:colcon.colcon_core.verb:set package 'franka_description' build argument 'cmake_clean_cache' from command line to 'False'
[0.330s] Level 5:colcon.colcon_core.verb:set package 'franka_description' build argument 'cmake_clean_first' from command line to 'False'
[0.330s] Level 5:colcon.colcon_core.verb:set package 'franka_description' build argument 'cmake_force_configure' from command line to 'False'
[0.330s] Level 5:colcon.colcon_core.verb:set package 'franka_description' build argument 'ament_cmake_args' from command line to 'None'
[0.330s] Level 5:colcon.colcon_core.verb:set package 'franka_description' build argument 'catkin_cmake_args' from command line to 'None'
[0.330s] Level 5:colcon.colcon_core.verb:set package 'franka_description' build argument 'catkin_skip_building_tests' from command line to 'False'
[0.330s] DEBUG:colcon.colcon_core.verb:Building package 'franka_description' with the following arguments: {'ament_cmake_args': None, 'build_base': '/home/jiataoding/franco_ros2_franka_ws/src/build/franka_description', 'catkin_cmake_args': None, 'catkin_skip_building_tests': False, 'cmake_args': ['-DCMAKE_BUILD_TYPE=Release'], 'cmake_clean_cache': False, 'cmake_clean_first': False, 'cmake_force_configure': False, 'cmake_target': None, 'cmake_target_skip_unavailable': False, 'install_base': '/home/jiataoding/franco_ros2_franka_ws/src/install/franka_description', 'merge_install': False, 'path': '/home/jiataoding/franco_ros2_franka_ws/src/franka_description', 'symlink_install': True, 'test_result_base': None}
[0.331s] Level 5:colcon.colcon_core.verb:set package 'franka_msgs' build argument 'cmake_args' from command line to '['-DCMAKE_BUILD_TYPE=Release']'
[0.331s] Level 5:colcon.colcon_core.verb:set package 'franka_msgs' build argument 'cmake_target' from command line to 'None'
[0.331s] Level 5:colcon.colcon_core.verb:set package 'franka_msgs' build argument 'cmake_target_skip_unavailable' from command line to 'False'
[0.331s] Level 5:colcon.colcon_core.verb:set package 'franka_msgs' build argument 'cmake_clean_cache' from command line to 'False'
[0.331s] Level 5:colcon.colcon_core.verb:set package 'franka_msgs' build argument 'cmake_clean_first' from command line to 'False'
[0.331s] Level 5:colcon.colcon_core.verb:set package 'franka_msgs' build argument 'cmake_force_configure' from command line to 'False'
[0.331s] Level 5:colcon.colcon_core.verb:set package 'franka_msgs' build argument 'ament_cmake_args' from command line to 'None'
[0.331s] Level 5:colcon.colcon_core.verb:set package 'franka_msgs' build argument 'catkin_cmake_args' from command line to 'None'
[0.331s] Level 5:colcon.colcon_core.verb:set package 'franka_msgs' build argument 'catkin_skip_building_tests' from command line to 'False'
[0.331s] DEBUG:colcon.colcon_core.verb:Building package 'franka_msgs' with the following arguments: {'ament_cmake_args': None, 'build_base': '/home/jiataoding/franco_ros2_franka_ws/src/build/franka_msgs', 'catkin_cmake_args': None, 'catkin_skip_building_tests': False, 'cmake_args': ['-DCMAKE_BUILD_TYPE=Release'], 'cmake_clean_cache': False, 'cmake_clean_first': False, 'cmake_force_configure': False, 'cmake_target': None, 'cmake_target_skip_unavailable': False, 'install_base': '/home/jiataoding/franco_ros2_franka_ws/src/install/franka_msgs', 'merge_install': False, 'path': '/home/jiataoding/franco_ros2_franka_ws/src/franka_ros2/franka_msgs', 'symlink_install': True, 'test_result_base': None}
[0.331s] Level 5:colcon.colcon_core.verb:set package 'franka_task_pipeline' build argument 'cmake_args' from command line to '['-DCMAKE_BUILD_TYPE=Release']'
[0.331s] Level 5:colcon.colcon_core.verb:set package 'franka_task_pipeline' build argument 'cmake_target' from command line to 'None'
[0.331s] Level 5:colcon.colcon_core.verb:set package 'franka_task_pipeline' build argument 'cmake_target_skip_unavailable' from command line to 'False'
[0.331s] Level 5:colcon.colcon_core.verb:set package 'franka_task_pipeline' build argument 'cmake_clean_cache' from command line to 'False'
[0.331s] Level 5:colcon.colcon_core.verb:set package 'franka_task_pipeline' build argument 'cmake_clean_first' from command line to 'False'
[0.331s] Level 5:colcon.colcon_core.verb:set package 'franka_task_pipeline' build argument 'cmake_force_configure' from command line to 'False'
[0.331s] Level 5:colcon.colcon_core.verb:set package 'franka_task_pipeline' build argument 'ament_cmake_args' from command line to 'None'
[0.332s] Level 5:colcon.colcon_core.verb:set package 'franka_task_pipeline' build argument 'catkin_cmake_args' from command line to 'None'
[0.332s] Level 5:colcon.colcon_core.verb:set package 'franka_task_pipeline' build argument 'catkin_skip_building_tests' from command line to 'False'
[0.332s] DEBUG:colcon.colcon_core.verb:Building package 'franka_task_pipeline' with the following arguments: {'ament_cmake_args': None, 'build_base': '/home/jiataoding/franco_ros2_franka_ws/src/build/franka_task_pipeline', 'catkin_cmake_args': None, 'catkin_skip_building_tests': False, 'cmake_args': ['-DCMAKE_BUILD_TYPE=Release'], 'cmake_clean_cache': False, 'cmake_clean_first': False, 'cmake_force_configure': False, 'cmake_target': None, 'cmake_target_skip_unavailable': False, 'install_base': '/home/jiataoding/franco_ros2_franka_ws/src/install/franka_task_pipeline', 'merge_install': False, 'path': '/home/jiataoding/franco_ros2_franka_ws/src/franka_ros2/franka_task_pipeline', 'symlink_install': True, 'test_result_base': None}
[0.332s] Level 5:colcon.colcon_core.verb:set package 'integration_launch_testing' build argument 'cmake_args' from command line to '['-DCMAKE_BUILD_TYPE=Release']'
[0.332s] Level 5:colcon.colcon_core.verb:set package 'integration_launch_testing' build argument 'cmake_target' from command line to 'None'
[0.332s] Level 5:colcon.colcon_core.verb:set package 'integration_launch_testing' build argument 'cmake_target_skip_unavailable' from command line to 'False'
[0.332s] Level 5:colcon.colcon_core.verb:set package 'integration_launch_testing' build argument 'cmake_clean_cache' from command line to 'False'
[0.332s] Level 5:colcon.colcon_core.verb:set package 'integration_launch_testing' build argument 'cmake_clean_first' from command line to 'False'
[0.332s] Level 5:colcon.colcon_core.verb:set package 'integration_launch_testing' build argument 'cmake_force_configure' from command line to 'False'
[0.332s] Level 5:colcon.colcon_core.verb:set package 'integration_launch_testing' build argument 'ament_cmake_args' from command line to 'None'
[0.332s] Level 5:colcon.colcon_core.verb:set package 'integration_launch_testing' build argument 'catkin_cmake_args' from command line to 'None'
[0.332s] Level 5:colcon.colcon_core.verb:set package 'integration_launch_testing' build argument 'catkin_skip_building_tests' from command line to 'False'
[0.332s] DEBUG:colcon.colcon_core.verb:Building package 'integration_launch_testing' with the following arguments: {'ament_cmake_args': None, 'build_base': '/home/jiataoding/franco_ros2_franka_ws/src/build/integration_launch_testing', 'catkin_cmake_args': None, 'catkin_skip_building_tests': False, 'cmake_args': ['-DCMAKE_BUILD_TYPE=Release'], 'cmake_clean_cache': False, 'cmake_clean_first': False, 'cmake_force_configure': False, 'cmake_target': None, 'cmake_target_skip_unavailable': False, 'install_base': '/home/jiataoding/franco_ros2_franka_ws/src/install/integration_launch_testing', 'merge_install': False, 'path': '/home/jiataoding/franco_ros2_franka_ws/src/franka_ros2/integration_launch_testing', 'symlink_install': True, 'test_result_base': None}
[0.333s] Level 5:colcon.colcon_core.verb:set package 'cartesian_impedance_controller' build argument 'cmake_args' from command line to '['-DCMAKE_BUILD_TYPE=Release']'
[0.333s] Level 5:colcon.colcon_core.verb:set package 'cartesian_impedance_controller' build argument 'cmake_target' from command line to 'None'
[0.333s] Level 5:colcon.colcon_core.verb:set package 'cartesian_impedance_controller' build argument 'cmake_target_skip_unavailable' from command line to 'False'
[0.333s] Level 5:colcon.colcon_core.verb:set package 'cartesian_impedance_controller' build argument 'cmake_clean_cache' from command line to 'False'
[0.333s] Level 5:colcon.colcon_core.verb:set package 'cartesian_impedance_controller' build argument 'cmake_clean_first' from command line to 'False'
[0.333s] Level 5:colcon.colcon_core.verb:set package 'cartesian_impedance_controller' build argument 'cmake_force_configure' from command line to 'False'
[0.333s] Level 5:colcon.colcon_core.verb:set package 'cartesian_impedance_controller' build argument 'ament_cmake_args' from command line to 'None'
[0.333s] Level 5:colcon.colcon_core.verb:set package 'cartesian_impedance_controller' build argument 'catkin_cmake_args' from command line to 'None'
[0.333s] Level 5:colcon.colcon_core.verb:set package 'cartesian_impedance_controller' build argument 'catkin_skip_building_tests' from command line to 'False'
[0.333s] DEBUG:colcon.colcon_core.verb:Building package 'cartesian_impedance_controller' with the following arguments: {'ament_cmake_args': None, 'build_base': '/home/jiataoding/franco_ros2_franka_ws/src/build/cartesian_impedance_controller', 'catkin_cmake_args': None, 'catkin_skip_building_tests': False, 'cmake_args': ['-DCMAKE_BUILD_TYPE=Release'], 'cmake_clean_cache': False, 'cmake_clean_first': False, 'cmake_force_configure': False, 'cmake_target': None, 'cmake_target_skip_unavailable': False, 'install_base': '/home/jiataoding/franco_ros2_franka_ws/src/install/cartesian_impedance_controller', 'merge_install': False, 'path': '/home/jiataoding/franco_ros2_franka_ws/src/ros2_effort_controller/cartesian_impedance_controller', 'symlink_install': True, 'test_result_base': None}
[0.333s] Level 5:colcon.colcon_core.verb:set package 'franka_gripper' build argument 'cmake_args' from command line to '['-DCMAKE_BUILD_TYPE=Release']'
[0.333s] Level 5:colcon.colcon_core.verb:set package 'franka_gripper' build argument 'cmake_target' from command line to 'None'
[0.333s] Level 5:colcon.colcon_core.verb:set package 'franka_gripper' build argument 'cmake_target_skip_unavailable' from command line to 'False'
[0.334s] Level 5:colcon.colcon_core.verb:set package 'franka_gripper' build argument 'cmake_clean_cache' from command line to 'False'
[0.334s] Level 5:colcon.colcon_core.verb:set package 'franka_gripper' build argument 'cmake_clean_first' from command line to 'False'
[0.334s] Level 5:colcon.colcon_core.verb:set package 'franka_gripper' build argument 'cmake_force_configure' from command line to 'False'
[0.334s] Level 5:colcon.colcon_core.verb:set package 'franka_gripper' build argument 'ament_cmake_args' from command line to 'None'
[0.334s] Level 5:colcon.colcon_core.verb:set package 'franka_gripper' build argument 'catkin_cmake_args' from command line to 'None'
[0.334s] Level 5:colcon.colcon_core.verb:set package 'franka_gripper' build argument 'catkin_skip_building_tests' from command line to 'False'
[0.334s] DEBUG:colcon.colcon_core.verb:Building package 'franka_gripper' with the following arguments: {'ament_cmake_args': None, 'build_base': '/home/jiataoding/franco_ros2_franka_ws/src/build/franka_gripper', 'catkin_cmake_args': None, 'catkin_skip_building_tests': False, 'cmake_args': ['-DCMAKE_BUILD_TYPE=Release'], 'cmake_clean_cache': False, 'cmake_clean_first': False, 'cmake_force_configure': False, 'cmake_target': None, 'cmake_target_skip_unavailable': False, 'install_base': '/home/jiataoding/franco_ros2_franka_ws/src/install/franka_gripper', 'merge_install': False, 'path': '/home/jiataoding/franco_ros2_franka_ws/src/franka_ros2/franka_gripper', 'symlink_install': True, 'test_result_base': None}
[0.334s] Level 5:colcon.colcon_core.verb:set package 'franka_hardware' build argument 'cmake_args' from command line to '['-DCMAKE_BUILD_TYPE=Release']'
[0.334s] Level 5:colcon.colcon_core.verb:set package 'franka_hardware' build argument 'cmake_target' from command line to 'None'
[0.334s] Level 5:colcon.colcon_core.verb:set package 'franka_hardware' build argument 'cmake_target_skip_unavailable' from command line to 'False'
[0.334s] Level 5:colcon.colcon_core.verb:set package 'franka_hardware' build argument 'cmake_clean_cache' from command line to 'False'
[0.334s] Level 5:colcon.colcon_core.verb:set package 'franka_hardware' build argument 'cmake_clean_first' from command line to 'False'
[0.334s] Level 5:colcon.colcon_core.verb:set package 'franka_hardware' build argument 'cmake_force_configure' from command line to 'False'
[0.334s] Level 5:colcon.colcon_core.verb:set package 'franka_hardware' build argument 'ament_cmake_args' from command line to 'None'
[0.334s] Level 5:colcon.colcon_core.verb:set package 'franka_hardware' build argument 'catkin_cmake_args' from command line to 'None'
[0.334s] Level 5:colcon.colcon_core.verb:set package 'franka_hardware' build argument 'catkin_skip_building_tests' from command line to 'False'
[0.334s] DEBUG:colcon.colcon_core.verb:Building package 'franka_hardware' with the following arguments: {'ament_cmake_args': None, 'build_base': '/home/jiataoding/franco_ros2_franka_ws/src/build/franka_hardware', 'catkin_cmake_args': None, 'catkin_skip_building_tests': False, 'cmake_args': ['-DCMAKE_BUILD_TYPE=Release'], 'cmake_clean_cache': False, 'cmake_clean_first': False, 'cmake_force_configure': False, 'cmake_target': None, 'cmake_target_skip_unavailable': False, 'install_base': '/home/jiataoding/franco_ros2_franka_ws/src/install/franka_hardware', 'merge_install': False, 'path': '/home/jiataoding/franco_ros2_franka_ws/src/franka_ros2/franka_hardware', 'symlink_install': True, 'test_result_base': None}
[0.335s] Level 5:colcon.colcon_core.verb:set package 'gravity_compensation' build argument 'cmake_args' from command line to '['-DCMAKE_BUILD_TYPE=Release']'
[0.335s] Level 5:colcon.colcon_core.verb:set package 'gravity_compensation' build argument 'cmake_target' from command line to 'None'
[0.335s] Level 5:colcon.colcon_core.verb:set package 'gravity_compensation' build argument 'cmake_target_skip_unavailable' from command line to 'False'
[0.335s] Level 5:colcon.colcon_core.verb:set package 'gravity_compensation' build argument 'cmake_clean_cache' from command line to 'False'
[0.335s] Level 5:colcon.colcon_core.verb:set package 'gravity_compensation' build argument 'cmake_clean_first' from command line to 'False'
[0.335s] Level 5:colcon.colcon_core.verb:set package 'gravity_compensation' build argument 'cmake_force_configure' from command line to 'False'
[0.335s] Level 5:colcon.colcon_core.verb:set package 'gravity_compensation' build argument 'ament_cmake_args' from command line to 'None'
[0.335s] Level 5:colcon.colcon_core.verb:set package 'gravity_compensation' build argument 'catkin_cmake_args' from command line to 'None'
[0.335s] Level 5:colcon.colcon_core.verb:set package 'gravity_compensation' build argument 'catkin_skip_building_tests' from command line to 'False'
[0.335s] DEBUG:colcon.colcon_core.verb:Building package 'gravity_compensation' with the following arguments: {'ament_cmake_args': None, 'build_base': '/home/jiataoding/franco_ros2_franka_ws/src/build/gravity_compensation', 'catkin_cmake_args': None, 'catkin_skip_building_tests': False, 'cmake_args': ['-DCMAKE_BUILD_TYPE=Release'], 'cmake_clean_cache': False, 'cmake_clean_first': False, 'cmake_force_configure': False, 'cmake_target': None, 'cmake_target_skip_unavailable': False, 'install_base': '/home/jiataoding/franco_ros2_franka_ws/src/install/gravity_compensation', 'merge_install': False, 'path': '/home/jiataoding/franco_ros2_franka_ws/src/ros2_effort_controller/gravity_compensation', 'symlink_install': True, 'test_result_base': None}
[0.335s] Level 5:colcon.colcon_core.verb:set package 'joint_impedance_controller' build argument 'cmake_args' from command line to '['-DCMAKE_BUILD_TYPE=Release']'
[0.336s] Level 5:colcon.colcon_core.verb:set package 'joint_impedance_controller' build argument 'cmake_target' from command line to 'None'
[0.336s] Level 5:colcon.colcon_core.verb:set package 'joint_impedance_controller' build argument 'cmake_target_skip_unavailable' from command line to 'False'
[0.336s] Level 5:colcon.colcon_core.verb:set package 'joint_impedance_controller' build argument 'cmake_clean_cache' from command line to 'False'
[0.336s] Level 5:colcon.colcon_core.verb:set package 'joint_impedance_controller' build argument 'cmake_clean_first' from command line to 'False'
[0.336s] Level 5:colcon.colcon_core.verb:set package 'joint_impedance_controller' build argument 'cmake_force_configure' from command line to 'False'
[0.336s] Level 5:colcon.colcon_core.verb:set package 'joint_impedance_controller' build argument 'ament_cmake_args' from command line to 'None'
[0.336s] Level 5:colcon.colcon_core.verb:set package 'joint_impedance_controller' build argument 'catkin_cmake_args' from command line to 'None'
[0.336s] Level 5:colcon.colcon_core.verb:set package 'joint_impedance_controller' build argument 'catkin_skip_building_tests' from command line to 'False'
[0.336s] DEBUG:colcon.colcon_core.verb:Building package 'joint_impedance_controller' with the following arguments: {'ament_cmake_args': None, 'build_base': '/home/jiataoding/franco_ros2_franka_ws/src/build/joint_impedance_controller', 'catkin_cmake_args': None, 'catkin_skip_building_tests': False, 'cmake_args': ['-DCMAKE_BUILD_TYPE=Release'], 'cmake_clean_cache': False, 'cmake_clean_first': False, 'cmake_force_configure': False, 'cmake_target': None, 'cmake_target_skip_unavailable': False, 'install_base': '/home/jiataoding/franco_ros2_franka_ws/src/install/joint_impedance_controller', 'merge_install': False, 'path': '/home/jiataoding/franco_ros2_franka_ws/src/ros2_effort_controller/joint_impedance_controller', 'symlink_install': True, 'test_result_base': None}
[0.336s] Level 5:colcon.colcon_core.verb:set package 'franka_fr3_moveit_config' build argument 'cmake_args' from command line to '['-DCMAKE_BUILD_TYPE=Release']'
[0.336s] Level 5:colcon.colcon_core.verb:set package 'franka_fr3_moveit_config' build argument 'cmake_target' from command line to 'None'
[0.336s] Level 5:colcon.colcon_core.verb:set package 'franka_fr3_moveit_config' build argument 'cmake_target_skip_unavailable' from command line to 'False'
[0.336s] Level 5:colcon.colcon_core.verb:set package 'franka_fr3_moveit_config' build argument 'cmake_clean_cache' from command line to 'False'
[0.336s] Level 5:colcon.colcon_core.verb:set package 'franka_fr3_moveit_config' build argument 'cmake_clean_first' from command line to 'False'
[0.336s] Level 5:colcon.colcon_core.verb:set package 'franka_fr3_moveit_config' build argument 'cmake_force_configure' from command line to 'False'
[0.336s] Level 5:colcon.colcon_core.verb:set package 'franka_fr3_moveit_config' build argument 'ament_cmake_args' from command line to 'None'
[0.336s] Level 5:colcon.colcon_core.verb:set package 'franka_fr3_moveit_config' build argument 'catkin_cmake_args' from command line to 'None'
[0.336s] Level 5:colcon.colcon_core.verb:set package 'franka_fr3_moveit_config' build argument 'catkin_skip_building_tests' from command line to 'False'
[0.336s] DEBUG:colcon.colcon_core.verb:Building package 'franka_fr3_moveit_config' with the following arguments: {'ament_cmake_args': None, 'build_base': '/home/jiataoding/franco_ros2_franka_ws/src/build/franka_fr3_moveit_config', 'catkin_cmake_args': None, 'catkin_skip_building_tests': False, 'cmake_args': ['-DCMAKE_BUILD_TYPE=Release'], 'cmake_clean_cache': False, 'cmake_clean_first': False, 'cmake_force_configure': False, 'cmake_target': None, 'cmake_target_skip_unavailable': False, 'install_base': '/home/jiataoding/franco_ros2_franka_ws/src/install/franka_fr3_moveit_config', 'merge_install': False, 'path': '/home/jiataoding/franco_ros2_franka_ws/src/franka_ros2/franka_fr3_moveit_config', 'symlink_install': True, 'test_result_base': None}
[0.337s] Level 5:colcon.colcon_core.verb:set package 'franka_ign_ros2_control' build argument 'cmake_args' from command line to '['-DCMAKE_BUILD_TYPE=Release']'
[0.337s] Level 5:colcon.colcon_core.verb:set package 'franka_ign_ros2_control' build argument 'cmake_target' from command line to 'None'
[0.337s] Level 5:colcon.colcon_core.verb:set package 'franka_ign_ros2_control' build argument 'cmake_target_skip_unavailable' from command line to 'False'
[0.337s] Level 5:colcon.colcon_core.verb:set package 'franka_ign_ros2_control' build argument 'cmake_clean_cache' from command line to 'False'
[0.337s] Level 5:colcon.colcon_core.verb:set package 'franka_ign_ros2_control' build argument 'cmake_clean_first' from command line to 'False'
[0.337s] Level 5:colcon.colcon_core.verb:set package 'franka_ign_ros2_control' build argument 'cmake_force_configure' from command line to 'False'
[0.337s] Level 5:colcon.colcon_core.verb:set package 'franka_ign_ros2_control' build argument 'ament_cmake_args' from command line to 'None'
[0.337s] Level 5:colcon.colcon_core.verb:set package 'franka_ign_ros2_control' build argument 'catkin_cmake_args' from command line to 'None'
[0.337s] Level 5:colcon.colcon_core.verb:set package 'franka_ign_ros2_control' build argument 'catkin_skip_building_tests' from command line to 'False'
[0.337s] DEBUG:colcon.colcon_core.verb:Building package 'franka_ign_ros2_control' with the following arguments: {'ament_cmake_args': None, 'build_base': '/home/jiataoding/franco_ros2_franka_ws/src/build/franka_ign_ros2_control', 'catkin_cmake_args': None, 'catkin_skip_building_tests': False, 'cmake_args': ['-DCMAKE_BUILD_TYPE=Release'], 'cmake_clean_cache': False, 'cmake_clean_first': False, 'cmake_force_configure': False, 'cmake_target': None, 'cmake_target_skip_unavailable': False, 'install_base': '/home/jiataoding/franco_ros2_franka_ws/src/install/franka_ign_ros2_control', 'merge_install': False, 'path': '/home/jiataoding/franco_ros2_franka_ws/src/franka_ros2/franka_gazebo/franka_ign_ros2_control', 'symlink_install': True, 'test_result_base': None}
[0.337s] Level 5:colcon.colcon_core.verb:set package 'franka_semantic_components' build argument 'cmake_args' from command line to '['-DCMAKE_BUILD_TYPE=Release']'
[0.338s] Level 5:colcon.colcon_core.verb:set package 'franka_semantic_components' build argument 'cmake_target' from command line to 'None'
[0.338s] Level 5:colcon.colcon_core.verb:set package 'franka_semantic_components' build argument 'cmake_target_skip_unavailable' from command line to 'False'
[0.338s] Level 5:colcon.colcon_core.verb:set package 'franka_semantic_components' build argument 'cmake_clean_cache' from command line to 'False'
[0.338s] Level 5:colcon.colcon_core.verb:set package 'franka_semantic_components' build argument 'cmake_clean_first' from command line to 'False'
[0.338s] Level 5:colcon.colcon_core.verb:set package 'franka_semantic_components' build argument 'cmake_force_configure' from command line to 'False'
[0.338s] Level 5:colcon.colcon_core.verb:set package 'franka_semantic_components' build argument 'ament_cmake_args' from command line to 'None'
[0.338s] Level 5:colcon.colcon_core.verb:set package 'franka_semantic_components' build argument 'catkin_cmake_args' from command line to 'None'
[0.338s] Level 5:colcon.colcon_core.verb:set package 'franka_semantic_components' build argument 'catkin_skip_building_tests' from command line to 'False'
[0.338s] DEBUG:colcon.colcon_core.verb:Building package 'franka_semantic_components' with the following arguments: {'ament_cmake_args': None, 'build_base': '/home/jiataoding/franco_ros2_franka_ws/src/build/franka_semantic_components', 'catkin_cmake_args': None, 'catkin_skip_building_tests': False, 'cmake_args': ['-DCMAKE_BUILD_TYPE=Release'], 'cmake_clean_cache': False, 'cmake_clean_first': False, 'cmake_force_configure': False, 'cmake_target': None, 'cmake_target_skip_unavailable': False, 'install_base': '/home/jiataoding/franco_ros2_franka_ws/src/install/franka_semantic_components', 'merge_install': False, 'path': '/home/jiataoding/franco_ros2_franka_ws/src/franka_ros2/franka_semantic_components', 'symlink_install': True, 'test_result_base': None}
[0.338s] Level 5:colcon.colcon_core.verb:set package 'franka_example_controllers' build argument 'cmake_args' from command line to '['-DCMAKE_BUILD_TYPE=Release']'
[0.338s] Level 5:colcon.colcon_core.verb:set package 'franka_example_controllers' build argument 'cmake_target' from command line to 'None'
[0.338s] Level 5:colcon.colcon_core.verb:set package 'franka_example_controllers' build argument 'cmake_target_skip_unavailable' from command line to 'False'
[0.338s] Level 5:colcon.colcon_core.verb:set package 'franka_example_controllers' build argument 'cmake_clean_cache' from command line to 'False'
[0.338s] Level 5:colcon.colcon_core.verb:set package 'franka_example_controllers' build argument 'cmake_clean_first' from command line to 'False'
[0.338s] Level 5:colcon.colcon_core.verb:set package 'franka_example_controllers' build argument 'cmake_force_configure' from command line to 'False'
[0.338s] Level 5:colcon.colcon_core.verb:set package 'franka_example_controllers' build argument 'ament_cmake_args' from command line to 'None'
[0.338s] Level 5:colcon.colcon_core.verb:set package 'franka_example_controllers' build argument 'catkin_cmake_args' from command line to 'None'
[0.338s] Level 5:colcon.colcon_core.verb:set package 'franka_example_controllers' build argument 'catkin_skip_building_tests' from command line to 'False'
[0.339s] DEBUG:colcon.colcon_core.verb:Building package 'franka_example_controllers' with the following arguments: {'ament_cmake_args': None, 'build_base': '/home/jiataoding/franco_ros2_franka_ws/src/build/franka_example_controllers', 'catkin_cmake_args': None, 'catkin_skip_building_tests': False, 'cmake_args': ['-DCMAKE_BUILD_TYPE=Release'], 'cmake_clean_cache': False, 'cmake_clean_first': False, 'cmake_force_configure': False, 'cmake_target': None, 'cmake_target_skip_unavailable': False, 'install_base': '/home/jiataoding/franco_ros2_franka_ws/src/install/franka_example_controllers', 'merge_install': False, 'path': '/home/jiataoding/franco_ros2_franka_ws/src/franka_ros2/franka_example_controllers', 'symlink_install': True, 'test_result_base': None}
[0.339s] Level 5:colcon.colcon_core.verb:set package 'franka_gazebo_bringup' build argument 'cmake_args' from command line to '['-DCMAKE_BUILD_TYPE=Release']'
[0.339s] Level 5:colcon.colcon_core.verb:set package 'franka_gazebo_bringup' build argument 'cmake_target' from command line to 'None'
[0.339s] Level 5:colcon.colcon_core.verb:set package 'franka_gazebo_bringup' build argument 'cmake_target_skip_unavailable' from command line to 'False'
[0.339s] Level 5:colcon.colcon_core.verb:set package 'franka_gazebo_bringup' build argument 'cmake_clean_cache' from command line to 'False'
[0.339s] Level 5:colcon.colcon_core.verb:set package 'franka_gazebo_bringup' build argument 'cmake_clean_first' from command line to 'False'
[0.339s] Level 5:colcon.colcon_core.verb:set package 'franka_gazebo_bringup' build argument 'cmake_force_configure' from command line to 'False'
[0.339s] Level 5:colcon.colcon_core.verb:set package 'franka_gazebo_bringup' build argument 'ament_cmake_args' from command line to 'None'
[0.339s] Level 5:colcon.colcon_core.verb:set package 'franka_gazebo_bringup' build argument 'catkin_cmake_args' from command line to 'None'
[0.339s] Level 5:colcon.colcon_core.verb:set package 'franka_gazebo_bringup' build argument 'catkin_skip_building_tests' from command line to 'False'
[0.339s] DEBUG:colcon.colcon_core.verb:Building package 'franka_gazebo_bringup' with the following arguments: {'ament_cmake_args': None, 'build_base': '/home/jiataoding/franco_ros2_franka_ws/src/build/franka_gazebo_bringup', 'catkin_cmake_args': None, 'catkin_skip_building_tests': False, 'cmake_args': ['-DCMAKE_BUILD_TYPE=Release'], 'cmake_clean_cache': False, 'cmake_clean_first': False, 'cmake_force_configure': False, 'cmake_target': None, 'cmake_target_skip_unavailable': False, 'install_base': '/home/jiataoding/franco_ros2_franka_ws/src/install/franka_gazebo_bringup', 'merge_install': False, 'path': '/home/jiataoding/franco_ros2_franka_ws/src/franka_ros2/franka_gazebo/franka_gazebo_bringup', 'symlink_install': True, 'test_result_base': None}
[0.340s] Level 5:colcon.colcon_core.verb:set package 'franka_robot_state_broadcaster' build argument 'cmake_args' from command line to '['-DCMAKE_BUILD_TYPE=Release']'
[0.340s] Level 5:colcon.colcon_core.verb:set package 'franka_robot_state_broadcaster' build argument 'cmake_target' from command line to 'None'
[0.340s] Level 5:colcon.colcon_core.verb:set package 'franka_robot_state_broadcaster' build argument 'cmake_target_skip_unavailable' from command line to 'False'
[0.340s] Level 5:colcon.colcon_core.verb:set package 'franka_robot_state_broadcaster' build argument 'cmake_clean_cache' from command line to 'False'
[0.340s] Level 5:colcon.colcon_core.verb:set package 'franka_robot_state_broadcaster' build argument 'cmake_clean_first' from command line to 'False'
[0.340s] Level 5:colcon.colcon_core.verb:set package 'franka_robot_state_broadcaster' build argument 'cmake_force_configure' from command line to 'False'
[0.340s] Level 5:colcon.colcon_core.verb:set package 'franka_robot_state_broadcaster' build argument 'ament_cmake_args' from command line to 'None'
[0.340s] Level 5:colcon.colcon_core.verb:set package 'franka_robot_state_broadcaster' build argument 'catkin_cmake_args' from command line to 'None'
[0.340s] Level 5:colcon.colcon_core.verb:set package 'franka_robot_state_broadcaster' build argument 'catkin_skip_building_tests' from command line to 'False'
[0.340s] DEBUG:colcon.colcon_core.verb:Building package 'franka_robot_state_broadcaster' with the following arguments: {'ament_cmake_args': None, 'build_base': '/home/jiataoding/franco_ros2_franka_ws/src/build/franka_robot_state_broadcaster', 'catkin_cmake_args': None, 'catkin_skip_building_tests': False, 'cmake_args': ['-DCMAKE_BUILD_TYPE=Release'], 'cmake_clean_cache': False, 'cmake_clean_first': False, 'cmake_force_configure': False, 'cmake_target': None, 'cmake_target_skip_unavailable': False, 'install_base': '/home/jiataoding/franco_ros2_franka_ws/src/install/franka_robot_state_broadcaster', 'merge_install': False, 'path': '/home/jiataoding/franco_ros2_franka_ws/src/franka_ros2/franka_robot_state_broadcaster', 'symlink_install': True, 'test_result_base': None}
[0.340s] Level 5:colcon.colcon_core.verb:set package 'franka_bringup' build argument 'cmake_args' from command line to '['-DCMAKE_BUILD_TYPE=Release']'
[0.340s] Level 5:colcon.colcon_core.verb:set package 'franka_bringup' build argument 'cmake_target' from command line to 'None'
[0.340s] Level 5:colcon.colcon_core.verb:set package 'franka_bringup' build argument 'cmake_target_skip_unavailable' from command line to 'False'
[0.340s] Level 5:colcon.colcon_core.verb:set package 'franka_bringup' build argument 'cmake_clean_cache' from command line to 'False'
[0.340s] Level 5:colcon.colcon_core.verb:set package 'franka_bringup' build argument 'cmake_clean_first' from command line to 'False'
[0.340s] Level 5:colcon.colcon_core.verb:set package 'franka_bringup' build argument 'cmake_force_configure' from command line to 'False'
[0.340s] Level 5:colcon.colcon_core.verb:set package 'franka_bringup' build argument 'ament_cmake_args' from command line to 'None'
[0.340s] Level 5:colcon.colcon_core.verb:set package 'franka_bringup' build argument 'catkin_cmake_args' from command line to 'None'
[0.340s] Level 5:colcon.colcon_core.verb:set package 'franka_bringup' build argument 'catkin_skip_building_tests' from command line to 'False'
[0.341s] DEBUG:colcon.colcon_core.verb:Building package 'franka_bringup' with the following arguments: {'ament_cmake_args': None, 'build_base': '/home/jiataoding/franco_ros2_franka_ws/src/build/franka_bringup', 'catkin_cmake_args': None, 'catkin_skip_building_tests': False, 'cmake_args': ['-DCMAKE_BUILD_TYPE=Release'], 'cmake_clean_cache': False, 'cmake_clean_first': False, 'cmake_force_configure': False, 'cmake_target': None, 'cmake_target_skip_unavailable': False, 'install_base': '/home/jiataoding/franco_ros2_franka_ws/src/install/franka_bringup', 'merge_install': False, 'path': '/home/jiataoding/franco_ros2_franka_ws/src/franka_ros2/franka_bringup', 'symlink_install': True, 'test_result_base': None}
[0.341s] Level 5:colcon.colcon_core.verb:set package 'franka_ros2' build argument 'cmake_args' from command line to '['-DCMAKE_BUILD_TYPE=Release']'
[0.341s] Level 5:colcon.colcon_core.verb:set package 'franka_ros2' build argument 'cmake_target' from command line to 'None'
[0.341s] Level 5:colcon.colcon_core.verb:set package 'franka_ros2' build argument 'cmake_target_skip_unavailable' from command line to 'False'
[0.341s] Level 5:colcon.colcon_core.verb:set package 'franka_ros2' build argument 'cmake_clean_cache' from command line to 'False'
[0.341s] Level 5:colcon.colcon_core.verb:set package 'franka_ros2' build argument 'cmake_clean_first' from command line to 'False'
[0.341s] Level 5:colcon.colcon_core.verb:set package 'franka_ros2' build argument 'cmake_force_configure' from command line to 'False'
[0.341s] Level 5:colcon.colcon_core.verb:set package 'franka_ros2' build argument 'ament_cmake_args' from command line to 'None'
[0.341s] Level 5:colcon.colcon_core.verb:set package 'franka_ros2' build argument 'catkin_cmake_args' from command line to 'None'
[0.341s] Level 5:colcon.colcon_core.verb:set package 'franka_ros2' build argument 'catkin_skip_building_tests' from command line to 'False'
[0.341s] DEBUG:colcon.colcon_core.verb:Building package 'franka_ros2' with the following arguments: {'ament_cmake_args': None, 'build_base': '/home/jiataoding/franco_ros2_franka_ws/src/build/franka_ros2', 'catkin_cmake_args': None, 'catkin_skip_building_tests': False, 'cmake_args': ['-DCMAKE_BUILD_TYPE=Release'], 'cmake_clean_cache': False, 'cmake_clean_first': False, 'cmake_force_configure': False, 'cmake_target': None, 'cmake_target_skip_unavailable': False, 'install_base': '/home/jiataoding/franco_ros2_franka_ws/src/install/franka_ros2', 'merge_install': False, 'path': '/home/jiataoding/franco_ros2_franka_ws/src/franka_ros2/franka_ros2', 'symlink_install': True, 'test_result_base': None}
[0.342s] Level 5:colcon.colcon_core.verb:set package 'idra_franka_launch' build argument 'cmake_args' from command line to '['-DCMAKE_BUILD_TYPE=Release']'
[0.342s] Level 5:colcon.colcon_core.verb:set package 'idra_franka_launch' build argument 'cmake_target' from command line to 'None'
[0.342s] Level 5:colcon.colcon_core.verb:set package 'idra_franka_launch' build argument 'cmake_target_skip_unavailable' from command line to 'False'
[0.342s] Level 5:colcon.colcon_core.verb:set package 'idra_franka_launch' build argument 'cmake_clean_cache' from command line to 'False'
[0.342s] Level 5:colcon.colcon_core.verb:set package 'idra_franka_launch' build argument 'cmake_clean_first' from command line to 'False'
[0.342s] Level 5:colcon.colcon_core.verb:set package 'idra_franka_launch' build argument 'cmake_force_configure' from command line to 'False'
[0.342s] Level 5:colcon.colcon_core.verb:set package 'idra_franka_launch' build argument 'ament_cmake_args' from command line to 'None'
[0.342s] Level 5:colcon.colcon_core.verb:set package 'idra_franka_launch' build argument 'catkin_cmake_args' from command line to 'None'
[0.342s] Level 5:colcon.colcon_core.verb:set package 'idra_franka_launch' build argument 'catkin_skip_building_tests' from command line to 'False'
[0.342s] DEBUG:colcon.colcon_core.verb:Building package 'idra_franka_launch' with the following arguments: {'ament_cmake_args': None, 'build_base': '/home/jiataoding/franco_ros2_franka_ws/src/build/idra_franka_launch', 'catkin_cmake_args': None, 'catkin_skip_building_tests': False, 'cmake_args': ['-DCMAKE_BUILD_TYPE=Release'], 'cmake_clean_cache': False, 'cmake_clean_first': False, 'cmake_force_configure': False, 'cmake_target': None, 'cmake_target_skip_unavailable': False, 'install_base': '/home/jiataoding/franco_ros2_franka_ws/src/install/idra_franka_launch', 'merge_install': False, 'path': '/home/jiataoding/franco_ros2_franka_ws/src/idra_franka_launch', 'symlink_install': True, 'test_result_base': None}
[0.342s] INFO:colcon.colcon_core.executor:Executing jobs using 'parallel' executor
[0.343s] DEBUG:colcon.colcon_parallel_executor.executor.parallel:run_until_complete
[0.344s] INFO:colcon.colcon_ros.task.ament_cmake.build:Building ROS package in '/home/jiataoding/franco_ros2_franka_ws/src/franka_ros2/franka_msgs' with build type 'ament_cmake'
[0.344s] INFO:colcon.colcon_cmake.task.cmake.build:Building CMake package in '/home/jiataoding/franco_ros2_franka_ws/src/franka_ros2/franka_msgs'
[0.347s] INFO:colcon.colcon_core.plugin_system:Skipping extension 'colcon_core.shell.bat': Not used on non-Windows systems
[0.347s] INFO:colcon.colcon_core.shell:Skip shell extension 'powershell' for command environment: Not usable outside of PowerShell
[0.347s] DEBUG:colcon.colcon_core.shell:Skip shell extension 'dsv' for command environment
[0.355s] INFO:colcon.colcon_ros.task.ament_cmake.build:Building ROS package in '/home/jiataoding/franco_ros2_franka_ws/src/franka_description' with build type 'ament_cmake'
[0.355s] INFO:colcon.colcon_cmake.task.cmake.build:Building CMake package in '/home/jiataoding/franco_ros2_franka_ws/src/franka_description'
[0.355s] INFO:colcon.colcon_core.shell:Skip shell extension 'powershell' for command environment: Not usable outside of PowerShell
[0.355s] DEBUG:colcon.colcon_core.shell:Skip shell extension 'dsv' for command environment
[0.361s] INFO:colcon.colcon_ros.task.ament_cmake.build:Building ROS package in '/home/jiataoding/franco_ros2_franka_ws/src/ros2_effort_controller/debug_msg' with build type 'ament_cmake'
[0.361s] INFO:colcon.colcon_cmake.task.cmake.build:Building CMake package in '/home/jiataoding/franco_ros2_franka_ws/src/ros2_effort_controller/debug_msg'
[0.361s] INFO:colcon.colcon_core.shell:Skip shell extension 'powershell' for command environment: Not usable outside of PowerShell
[0.361s] DEBUG:colcon.colcon_core.shell:Skip shell extension 'dsv' for command environment
[0.367s] INFO:colcon.colcon_ros.task.catkin.build:Building ROS package in '/home/jiataoding/franco_ros2_franka_ws/src/ros2_effort_controller/effort_controller_base' with build type 'catkin'
[0.367s] INFO:colcon.colcon_cmake.task.cmake.build:Building CMake package in '/home/jiataoding/franco_ros2_franka_ws/src/ros2_effort_controller/effort_controller_base'
[0.368s] INFO:colcon.colcon_core.shell:Skip shell extension 'powershell' for command environment: Not usable outside of PowerShell
[0.368s] DEBUG:colcon.colcon_core.shell:Skip shell extension 'dsv' for command environment
[0.374s] INFO:colcon.colcon_ros.task.ament_cmake.build:Building ROS package in '/home/jiataoding/franco_ros2_franka_ws/src/franka_ros2/franka_task_pipeline' with build type 'ament_cmake'
[0.374s] INFO:colcon.colcon_cmake.task.cmake.build:Building CMake package in '/home/jiataoding/franco_ros2_franka_ws/src/franka_ros2/franka_task_pipeline'
[0.374s] INFO:colcon.colcon_core.shell:Skip shell extension 'powershell' for command environment: Not usable outside of PowerShell
[0.375s] DEBUG:colcon.colcon_core.shell:Skip shell extension 'dsv' for command environment
[0.382s] INFO:colcon.colcon_ros.task.ament_cmake.build:Building ROS package in '/home/jiataoding/franco_ros2_franka_ws/src/franka_ros2/integration_launch_testing' with build type 'ament_cmake'
[0.382s] INFO:colcon.colcon_cmake.task.cmake.build:Building CMake package in '/home/jiataoding/franco_ros2_franka_ws/src/franka_ros2/integration_launch_testing'
[0.383s] INFO:colcon.colcon_core.shell:Skip shell extension 'powershell' for command environment: Not usable outside of PowerShell
[0.383s] DEBUG:colcon.colcon_core.shell:Skip shell extension 'dsv' for command environment
[0.396s] DEBUG:colcon.colcon_core.event_handler.log_command:Invoking command in '/home/jiataoding/franco_ros2_franka_ws/src/build/franka_msgs': CMAKE_PREFIX_PATH=/home/jiataoding/franco_ros2_franka_ws/src/install/joint_impedance_controller:/home/jiataoding/franco_ros2_franka_ws/src/install/integration_launch_testing:/home/jiataoding/franco_ros2_franka_ws/src/install/idra_franka_launch:/home/jiataoding/franco_ros2_franka_ws/src/install/gravity_compensation:/home/jiataoding/franco_ros2_franka_ws/src/install/franka_task_pipeline:/home/jiataoding/franco_ros2_franka_ws/src/install/franka_ros2:/home/jiataoding/franco_ros2_franka_ws/src/install/franka_bringup:/home/jiataoding/franco_ros2_franka_ws/src/install/franka_robot_state_broadcaster:/home/jiataoding/franco_ros2_franka_ws/src/install/franka_example_controllers:/home/jiataoding/franco_ros2_franka_ws/src/install/franka_semantic_components:/home/jiataoding/franco_ros2_franka_ws/src/install/franka_gazebo_bringup:/home/jiataoding/franco_ros2_franka_ws/src/install/franka_ign_ros2_control:/home/jiataoding/franco_ros2_franka_ws/src/install/franka_fr3_moveit_config:/home/jiataoding/franco_ros2_franka_ws/src/install/franka_hardware:/home/jiataoding/franco_ros2_franka_ws/src/install/franka_gripper:/home/jiataoding/franco_ros2_franka_ws/src/install/franka_msgs:/home/jiataoding/franco_ros2_franka_ws/src/install/franka_description:/home/jiataoding/franco_ros2_franka_ws/src/install/cartesian_impedance_controller:/opt/ros/humble:/home/jiataoding/franco_ros2_franka_ws/src/install/effort_controller_base:/home/jiataoding/franco_ros2_franka_ws/src/install/debug_msg:/home/jiataoding/ros2_franka_ws/install/joint_impedance_controller:/home/jiataoding/ros2_franka_ws/install/integration_launch_testing:/home/jiataoding/ros2_franka_ws/install/idra_franka_launch:/home/jiataoding/ros2_franka_ws/install/gravity_compensation:/home/jiataoding/ros2_franka_ws/install/franka_task_pipeline:/home/jiataoding/ros2_franka_ws/install/franka_ros2:/home/jiataoding/ros2_franka_ws/install/franka_bringup:/home/jiataoding/ros2_franka_ws/install/franka_robot_state_broadcaster:/home/jiataoding/ros2_franka_ws/install/franka_example_controllers:/home/jiataoding/ros2_franka_ws/install/franka_semantic_components:/home/jiataoding/ros2_franka_ws/install/franka_gazebo_bringup:/home/jiataoding/ros2_franka_ws/install/franka_ign_ros2_control:/home/jiataoding/ros2_franka_ws/install/franka_fr3_moveit_config:/home/jiataoding/ros2_franka_ws/install/franka_hardware:/home/jiataoding/ros2_franka_ws/install/franka_gripper:/home/jiataoding/ros2_franka_ws/install/franka_msgs:/home/jiataoding/ros2_franka_ws/install/franka_description:/home/jiataoding/ros2_franka_ws/install/cartesian_impedance_controller:/home/jiataoding/ros2_franka_ws/install/effort_controller_base:/home/jiataoding/ros2_franka_ws/install/debug_msg:/home/jiataoding/franco_ros2_franka_ws/install/joint_impedance_controller:/home/jiataoding/franco_ros2_franka_ws/install/integration_launch_testing:/home/jiataoding/franco_ros2_franka_ws/install/idra_franka_launch:/home/jiataoding/franco_ros2_franka_ws/install/gravity_compensation:/home/jiataoding/franco_ros2_franka_ws/install/franka_task_pipeline:/home/jiataoding/franco_ros2_franka_ws/install/franka_ros2:/home/jiataoding/franco_ros2_franka_ws/install/franka_bringup:/home/jiataoding/franco_ros2_franka_ws/install/franka_robot_state_broadcaster:/home/jiataoding/franco_ros2_franka_ws/install/franka_example_controllers:/home/jiataoding/franco_ros2_franka_ws/install/franka_semantic_components:/home/jiataoding/franco_ros2_franka_ws/install/franka_gazebo_bringup:/home/jiataoding/franco_ros2_franka_ws/install/franka_ign_ros2_control:/home/jiataoding/franco_ros2_franka_ws/install/franka_fr3_moveit_config:/home/jiataoding/franco_ros2_franka_ws/install/franka_hardware:/home/jiataoding/franco_ros2_franka_ws/install/franka_gripper:/home/jiataoding/franco_ros2_franka_ws/install/franka_msgs:/home/jiataoding/franco_ros2_franka_ws/install/franka_description:/home/jiataoding/franco_ros2_franka_ws/install/cartesian_impedance_controller:/home/jiataoding/franco_ros2_franka_ws/install/effort_controller_base:/home/jiataoding/franco_ros2_franka_ws/install/debug_msg:/opt/openrobots: /usr/bin/cmake --build /home/jiataoding/franco_ros2_franka_ws/src/build/franka_msgs -- -j24 -l24
[0.400s] DEBUG:colcon.colcon_core.event_handler.log_command:Invoking command in '/home/jiataoding/franco_ros2_franka_ws/src/build/franka_description': CMAKE_PREFIX_PATH=/home/jiataoding/franco_ros2_franka_ws/src/install/joint_impedance_controller:/home/jiataoding/franco_ros2_franka_ws/src/install/integration_launch_testing:/home/jiataoding/franco_ros2_franka_ws/src/install/idra_franka_launch:/home/jiataoding/franco_ros2_franka_ws/src/install/gravity_compensation:/home/jiataoding/franco_ros2_franka_ws/src/install/franka_task_pipeline:/home/jiataoding/franco_ros2_franka_ws/src/install/franka_ros2:/home/jiataoding/franco_ros2_franka_ws/src/install/franka_bringup:/home/jiataoding/franco_ros2_franka_ws/src/install/franka_robot_state_broadcaster:/home/jiataoding/franco_ros2_franka_ws/src/install/franka_example_controllers:/home/jiataoding/franco_ros2_franka_ws/src/install/franka_semantic_components:/home/jiataoding/franco_ros2_franka_ws/src/install/franka_gazebo_bringup:/home/jiataoding/franco_ros2_franka_ws/src/install/franka_ign_ros2_control:/home/jiataoding/franco_ros2_franka_ws/src/install/franka_fr3_moveit_config:/home/jiataoding/franco_ros2_franka_ws/src/install/franka_hardware:/home/jiataoding/franco_ros2_franka_ws/src/install/franka_gripper:/home/jiataoding/franco_ros2_franka_ws/src/install/franka_msgs:/home/jiataoding/franco_ros2_franka_ws/src/install/franka_description:/home/jiataoding/franco_ros2_franka_ws/src/install/cartesian_impedance_controller:/opt/ros/humble:/home/jiataoding/franco_ros2_franka_ws/src/install/effort_controller_base:/home/jiataoding/franco_ros2_franka_ws/src/install/debug_msg:/home/jiataoding/ros2_franka_ws/install/joint_impedance_controller:/home/jiataoding/ros2_franka_ws/install/integration_launch_testing:/home/jiataoding/ros2_franka_ws/install/idra_franka_launch:/home/jiataoding/ros2_franka_ws/install/gravity_compensation:/home/jiataoding/ros2_franka_ws/install/franka_task_pipeline:/home/jiataoding/ros2_franka_ws/install/franka_ros2:/home/jiataoding/ros2_franka_ws/install/franka_bringup:/home/jiataoding/ros2_franka_ws/install/franka_robot_state_broadcaster:/home/jiataoding/ros2_franka_ws/install/franka_example_controllers:/home/jiataoding/ros2_franka_ws/install/franka_semantic_components:/home/jiataoding/ros2_franka_ws/install/franka_gazebo_bringup:/home/jiataoding/ros2_franka_ws/install/franka_ign_ros2_control:/home/jiataoding/ros2_franka_ws/install/franka_fr3_moveit_config:/home/jiataoding/ros2_franka_ws/install/franka_hardware:/home/jiataoding/ros2_franka_ws/install/franka_gripper:/home/jiataoding/ros2_franka_ws/install/franka_msgs:/home/jiataoding/ros2_franka_ws/install/franka_description:/home/jiataoding/ros2_franka_ws/install/cartesian_impedance_controller:/home/jiataoding/ros2_franka_ws/install/effort_controller_base:/home/jiataoding/ros2_franka_ws/install/debug_msg:/home/jiataoding/franco_ros2_franka_ws/install/joint_impedance_controller:/home/jiataoding/franco_ros2_franka_ws/install/integration_launch_testing:/home/jiataoding/franco_ros2_franka_ws/install/idra_franka_launch:/home/jiataoding/franco_ros2_franka_ws/install/gravity_compensation:/home/jiataoding/franco_ros2_franka_ws/install/franka_task_pipeline:/home/jiataoding/franco_ros2_franka_ws/install/franka_ros2:/home/jiataoding/franco_ros2_franka_ws/install/franka_bringup:/home/jiataoding/franco_ros2_franka_ws/install/franka_robot_state_broadcaster:/home/jiataoding/franco_ros2_franka_ws/install/franka_example_controllers:/home/jiataoding/franco_ros2_franka_ws/install/franka_semantic_components:/home/jiataoding/franco_ros2_franka_ws/install/franka_gazebo_bringup:/home/jiataoding/franco_ros2_franka_ws/install/franka_ign_ros2_control:/home/jiataoding/franco_ros2_franka_ws/install/franka_fr3_moveit_config:/home/jiataoding/franco_ros2_franka_ws/install/franka_hardware:/home/jiataoding/franco_ros2_franka_ws/install/franka_gripper:/home/jiataoding/franco_ros2_franka_ws/install/franka_msgs:/home/jiataoding/franco_ros2_franka_ws/install/franka_description:/home/jiataoding/franco_ros2_franka_ws/install/cartesian_impedance_controller:/home/jiataoding/franco_ros2_franka_ws/install/effort_controller_base:/home/jiataoding/franco_ros2_franka_ws/install/debug_msg:/opt/openrobots: /usr/bin/cmake --build /home/jiataoding/franco_ros2_franka_ws/src/build/franka_description -- -j24 -l24
[0.402s] DEBUG:colcon.colcon_core.event_handler.log_command:Invoking command in '/home/jiataoding/franco_ros2_franka_ws/src/build/debug_msg': CMAKE_PREFIX_PATH=/home/jiataoding/franco_ros2_franka_ws/src/install/joint_impedance_controller:/home/jiataoding/franco_ros2_franka_ws/src/install/integration_launch_testing:/home/jiataoding/franco_ros2_franka_ws/src/install/idra_franka_launch:/home/jiataoding/franco_ros2_franka_ws/src/install/gravity_compensation:/home/jiataoding/franco_ros2_franka_ws/src/install/franka_task_pipeline:/home/jiataoding/franco_ros2_franka_ws/src/install/franka_ros2:/home/jiataoding/franco_ros2_franka_ws/src/install/franka_bringup:/home/jiataoding/franco_ros2_franka_ws/src/install/franka_robot_state_broadcaster:/home/jiataoding/franco_ros2_franka_ws/src/install/franka_example_controllers:/home/jiataoding/franco_ros2_franka_ws/src/install/franka_semantic_components:/home/jiataoding/franco_ros2_franka_ws/src/install/franka_gazebo_bringup:/home/jiataoding/franco_ros2_franka_ws/src/install/franka_ign_ros2_control:/home/jiataoding/franco_ros2_franka_ws/src/install/franka_fr3_moveit_config:/home/jiataoding/franco_ros2_franka_ws/src/install/franka_hardware:/home/jiataoding/franco_ros2_franka_ws/src/install/franka_gripper:/home/jiataoding/franco_ros2_franka_ws/src/install/franka_msgs:/home/jiataoding/franco_ros2_franka_ws/src/install/franka_description:/home/jiataoding/franco_ros2_franka_ws/src/install/cartesian_impedance_controller:/opt/ros/humble:/home/jiataoding/franco_ros2_franka_ws/src/install/effort_controller_base:/home/jiataoding/franco_ros2_franka_ws/src/install/debug_msg:/home/jiataoding/ros2_franka_ws/install/joint_impedance_controller:/home/jiataoding/ros2_franka_ws/install/integration_launch_testing:/home/jiataoding/ros2_franka_ws/install/idra_franka_launch:/home/jiataoding/ros2_franka_ws/install/gravity_compensation:/home/jiataoding/ros2_franka_ws/install/franka_task_pipeline:/home/jiataoding/ros2_franka_ws/install/franka_ros2:/home/jiataoding/ros2_franka_ws/install/franka_bringup:/home/jiataoding/ros2_franka_ws/install/franka_robot_state_broadcaster:/home/jiataoding/ros2_franka_ws/install/franka_example_controllers:/home/jiataoding/ros2_franka_ws/install/franka_semantic_components:/home/jiataoding/ros2_franka_ws/install/franka_gazebo_bringup:/home/jiataoding/ros2_franka_ws/install/franka_ign_ros2_control:/home/jiataoding/ros2_franka_ws/install/franka_fr3_moveit_config:/home/jiataoding/ros2_franka_ws/install/franka_hardware:/home/jiataoding/ros2_franka_ws/install/franka_gripper:/home/jiataoding/ros2_franka_ws/install/franka_msgs:/home/jiataoding/ros2_franka_ws/install/franka_description:/home/jiataoding/ros2_franka_ws/install/cartesian_impedance_controller:/home/jiataoding/ros2_franka_ws/install/effort_controller_base:/home/jiataoding/ros2_franka_ws/install/debug_msg:/home/jiataoding/franco_ros2_franka_ws/install/joint_impedance_controller:/home/jiataoding/franco_ros2_franka_ws/install/integration_launch_testing:/home/jiataoding/franco_ros2_franka_ws/install/idra_franka_launch:/home/jiataoding/franco_ros2_franka_ws/install/gravity_compensation:/home/jiataoding/franco_ros2_franka_ws/install/franka_task_pipeline:/home/jiataoding/franco_ros2_franka_ws/install/franka_ros2:/home/jiataoding/franco_ros2_franka_ws/install/franka_bringup:/home/jiataoding/franco_ros2_franka_ws/install/franka_robot_state_broadcaster:/home/jiataoding/franco_ros2_franka_ws/install/franka_example_controllers:/home/jiataoding/franco_ros2_franka_ws/install/franka_semantic_components:/home/jiataoding/franco_ros2_franka_ws/install/franka_gazebo_bringup:/home/jiataoding/franco_ros2_franka_ws/install/franka_ign_ros2_control:/home/jiataoding/franco_ros2_franka_ws/install/franka_fr3_moveit_config:/home/jiataoding/franco_ros2_franka_ws/install/franka_hardware:/home/jiataoding/franco_ros2_franka_ws/install/franka_gripper:/home/jiataoding/franco_ros2_franka_ws/install/franka_msgs:/home/jiataoding/franco_ros2_franka_ws/install/franka_description:/home/jiataoding/franco_ros2_franka_ws/install/cartesian_impedance_controller:/home/jiataoding/franco_ros2_franka_ws/install/effort_controller_base:/home/jiataoding/franco_ros2_franka_ws/install/debug_msg:/opt/openrobots: /usr/bin/cmake --build /home/jiataoding/franco_ros2_franka_ws/src/build/debug_msg -- -j24 -l24
[0.404s] DEBUG:colcon.colcon_core.event_handler.log_command:Invoking command in '/home/jiataoding/franco_ros2_franka_ws/src/build/effort_controller_base': /usr/bin/cmake --build /home/jiataoding/franco_ros2_franka_ws/src/build/effort_controller_base -- -j24 -l24
[0.407s] DEBUG:colcon.colcon_core.event_handler.log_command:Invoking command in '/home/jiataoding/franco_ros2_franka_ws/src/build/franka_task_pipeline': CMAKE_PREFIX_PATH=/home/jiataoding/franco_ros2_franka_ws/src/install/joint_impedance_controller:/home/jiataoding/franco_ros2_franka_ws/src/install/integration_launch_testing:/home/jiataoding/franco_ros2_franka_ws/src/install/idra_franka_launch:/home/jiataoding/franco_ros2_franka_ws/src/install/gravity_compensation:/home/jiataoding/franco_ros2_franka_ws/src/install/franka_task_pipeline:/home/jiataoding/franco_ros2_franka_ws/src/install/franka_ros2:/home/jiataoding/franco_ros2_franka_ws/src/install/franka_bringup:/home/jiataoding/franco_ros2_franka_ws/src/install/franka_robot_state_broadcaster:/home/jiataoding/franco_ros2_franka_ws/src/install/franka_example_controllers:/home/jiataoding/franco_ros2_franka_ws/src/install/franka_semantic_components:/home/jiataoding/franco_ros2_franka_ws/src/install/franka_gazebo_bringup:/home/jiataoding/franco_ros2_franka_ws/src/install/franka_ign_ros2_control:/home/jiataoding/franco_ros2_franka_ws/src/install/franka_fr3_moveit_config:/home/jiataoding/franco_ros2_franka_ws/src/install/franka_hardware:/home/jiataoding/franco_ros2_franka_ws/src/install/franka_gripper:/home/jiataoding/franco_ros2_franka_ws/src/install/franka_msgs:/home/jiataoding/franco_ros2_franka_ws/src/install/franka_description:/home/jiataoding/franco_ros2_franka_ws/src/install/cartesian_impedance_controller:/opt/ros/humble:/home/jiataoding/franco_ros2_franka_ws/src/install/effort_controller_base:/home/jiataoding/franco_ros2_franka_ws/src/install/debug_msg:/home/jiataoding/ros2_franka_ws/install/joint_impedance_controller:/home/jiataoding/ros2_franka_ws/install/integration_launch_testing:/home/jiataoding/ros2_franka_ws/install/idra_franka_launch:/home/jiataoding/ros2_franka_ws/install/gravity_compensation:/home/jiataoding/ros2_franka_ws/install/franka_task_pipeline:/home/jiataoding/ros2_franka_ws/install/franka_ros2:/home/jiataoding/ros2_franka_ws/install/franka_bringup:/home/jiataoding/ros2_franka_ws/install/franka_robot_state_broadcaster:/home/jiataoding/ros2_franka_ws/install/franka_example_controllers:/home/jiataoding/ros2_franka_ws/install/franka_semantic_components:/home/jiataoding/ros2_franka_ws/install/franka_gazebo_bringup:/home/jiataoding/ros2_franka_ws/install/franka_ign_ros2_control:/home/jiataoding/ros2_franka_ws/install/franka_fr3_moveit_config:/home/jiataoding/ros2_franka_ws/install/franka_hardware:/home/jiataoding/ros2_franka_ws/install/franka_gripper:/home/jiataoding/ros2_franka_ws/install/franka_msgs:/home/jiataoding/ros2_franka_ws/install/franka_description:/home/jiataoding/ros2_franka_ws/install/cartesian_impedance_controller:/home/jiataoding/ros2_franka_ws/install/effort_controller_base:/home/jiataoding/ros2_franka_ws/install/debug_msg:/home/jiataoding/franco_ros2_franka_ws/install/joint_impedance_controller:/home/jiataoding/franco_ros2_franka_ws/install/integration_launch_testing:/home/jiataoding/franco_ros2_franka_ws/install/idra_franka_launch:/home/jiataoding/franco_ros2_franka_ws/install/gravity_compensation:/home/jiataoding/franco_ros2_franka_ws/install/franka_task_pipeline:/home/jiataoding/franco_ros2_franka_ws/install/franka_ros2:/home/jiataoding/franco_ros2_franka_ws/install/franka_bringup:/home/jiataoding/franco_ros2_franka_ws/install/franka_robot_state_broadcaster:/home/jiataoding/franco_ros2_franka_ws/install/franka_example_controllers:/home/jiataoding/franco_ros2_franka_ws/install/franka_semantic_components:/home/jiataoding/franco_ros2_franka_ws/install/franka_gazebo_bringup:/home/jiataoding/franco_ros2_franka_ws/install/franka_ign_ros2_control:/home/jiataoding/franco_ros2_franka_ws/install/franka_fr3_moveit_config:/home/jiataoding/franco_ros2_franka_ws/install/franka_hardware:/home/jiataoding/franco_ros2_franka_ws/install/franka_gripper:/home/jiataoding/franco_ros2_franka_ws/install/franka_msgs:/home/jiataoding/franco_ros2_franka_ws/install/franka_description:/home/jiataoding/franco_ros2_franka_ws/install/cartesian_impedance_controller:/home/jiataoding/franco_ros2_franka_ws/install/effort_controller_base:/home/jiataoding/franco_ros2_franka_ws/install/debug_msg:/opt/openrobots: /usr/bin/cmake --build /home/jiataoding/franco_ros2_franka_ws/src/build/franka_task_pipeline -- -j24 -l24
[0.412s] DEBUG:colcon.colcon_core.event_handler.log_command:Invoking command in '/home/jiataoding/franco_ros2_franka_ws/src/build/integration_launch_testing': CMAKE_PREFIX_PATH=/home/jiataoding/franco_ros2_franka_ws/src/install/joint_impedance_controller:/home/jiataoding/franco_ros2_franka_ws/src/install/integration_launch_testing:/home/jiataoding/franco_ros2_franka_ws/src/install/idra_franka_launch:/home/jiataoding/franco_ros2_franka_ws/src/install/gravity_compensation:/home/jiataoding/franco_ros2_franka_ws/src/install/franka_task_pipeline:/home/jiataoding/franco_ros2_franka_ws/src/install/franka_ros2:/home/jiataoding/franco_ros2_franka_ws/src/install/franka_bringup:/home/jiataoding/franco_ros2_franka_ws/src/install/franka_robot_state_broadcaster:/home/jiataoding/franco_ros2_franka_ws/src/install/franka_example_controllers:/home/jiataoding/franco_ros2_franka_ws/src/install/franka_semantic_components:/home/jiataoding/franco_ros2_franka_ws/src/install/franka_gazebo_bringup:/home/jiataoding/franco_ros2_franka_ws/src/install/franka_ign_ros2_control:/home/jiataoding/franco_ros2_franka_ws/src/install/franka_fr3_moveit_config:/home/jiataoding/franco_ros2_franka_ws/src/install/franka_hardware:/home/jiataoding/franco_ros2_franka_ws/src/install/franka_gripper:/home/jiataoding/franco_ros2_franka_ws/src/install/franka_msgs:/home/jiataoding/franco_ros2_franka_ws/src/install/franka_description:/home/jiataoding/franco_ros2_franka_ws/src/install/cartesian_impedance_controller:/opt/ros/humble:/home/jiataoding/franco_ros2_franka_ws/src/install/effort_controller_base:/home/jiataoding/franco_ros2_franka_ws/src/install/debug_msg:/home/jiataoding/ros2_franka_ws/install/joint_impedance_controller:/home/jiataoding/ros2_franka_ws/install/integration_launch_testing:/home/jiataoding/ros2_franka_ws/install/idra_franka_launch:/home/jiataoding/ros2_franka_ws/install/gravity_compensation:/home/jiataoding/ros2_franka_ws/install/franka_task_pipeline:/home/jiataoding/ros2_franka_ws/install/franka_ros2:/home/jiataoding/ros2_franka_ws/install/franka_bringup:/home/jiataoding/ros2_franka_ws/install/franka_robot_state_broadcaster:/home/jiataoding/ros2_franka_ws/install/franka_example_controllers:/home/jiataoding/ros2_franka_ws/install/franka_semantic_components:/home/jiataoding/ros2_franka_ws/install/franka_gazebo_bringup:/home/jiataoding/ros2_franka_ws/install/franka_ign_ros2_control:/home/jiataoding/ros2_franka_ws/install/franka_fr3_moveit_config:/home/jiataoding/ros2_franka_ws/install/franka_hardware:/home/jiataoding/ros2_franka_ws/install/franka_gripper:/home/jiataoding/ros2_franka_ws/install/franka_msgs:/home/jiataoding/ros2_franka_ws/install/franka_description:/home/jiataoding/ros2_franka_ws/install/cartesian_impedance_controller:/home/jiataoding/ros2_franka_ws/install/effort_controller_base:/home/jiataoding/ros2_franka_ws/install/debug_msg:/home/jiataoding/franco_ros2_franka_ws/install/joint_impedance_controller:/home/jiataoding/franco_ros2_franka_ws/install/integration_launch_testing:/home/jiataoding/franco_ros2_franka_ws/install/idra_franka_launch:/home/jiataoding/franco_ros2_franka_ws/install/gravity_compensation:/home/jiataoding/franco_ros2_franka_ws/install/franka_task_pipeline:/home/jiataoding/franco_ros2_franka_ws/install/franka_ros2:/home/jiataoding/franco_ros2_franka_ws/install/franka_bringup:/home/jiataoding/franco_ros2_franka_ws/install/franka_robot_state_broadcaster:/home/jiataoding/franco_ros2_franka_ws/install/franka_example_controllers:/home/jiataoding/franco_ros2_franka_ws/install/franka_semantic_components:/home/jiataoding/franco_ros2_franka_ws/install/franka_gazebo_bringup:/home/jiataoding/franco_ros2_franka_ws/install/franka_ign_ros2_control:/home/jiataoding/franco_ros2_franka_ws/install/franka_fr3_moveit_config:/home/jiataoding/franco_ros2_franka_ws/install/franka_hardware:/home/jiataoding/franco_ros2_franka_ws/install/franka_gripper:/home/jiataoding/franco_ros2_franka_ws/install/franka_msgs:/home/jiataoding/franco_ros2_franka_ws/install/franka_description:/home/jiataoding/franco_ros2_franka_ws/install/cartesian_impedance_controller:/home/jiataoding/franco_ros2_franka_ws/install/effort_controller_base:/home/jiataoding/franco_ros2_franka_ws/install/debug_msg:/opt/openrobots: /usr/bin/cmake --build /home/jiataoding/franco_ros2_franka_ws/src/build/integration_launch_testing -- -j24 -l24
[0.461s] DEBUG:colcon.colcon_core.event_handler.log_command:Invoked command in '/home/jiataoding/franco_ros2_franka_ws/src/build/franka_description' returned '0': CMAKE_PREFIX_PATH=/home/jiataoding/franco_ros2_franka_ws/src/install/joint_impedance_controller:/home/jiataoding/franco_ros2_franka_ws/src/install/integration_launch_testing:/home/jiataoding/franco_ros2_franka_ws/src/install/idra_franka_launch:/home/jiataoding/franco_ros2_franka_ws/src/install/gravity_compensation:/home/jiataoding/franco_ros2_franka_ws/src/install/franka_task_pipeline:/home/jiataoding/franco_ros2_franka_ws/src/install/franka_ros2:/home/jiataoding/franco_ros2_franka_ws/src/install/franka_bringup:/home/jiataoding/franco_ros2_franka_ws/src/install/franka_robot_state_broadcaster:/home/jiataoding/franco_ros2_franka_ws/src/install/franka_example_controllers:/home/jiataoding/franco_ros2_franka_ws/src/install/franka_semantic_components:/home/jiataoding/franco_ros2_franka_ws/src/install/franka_gazebo_bringup:/home/jiataoding/franco_ros2_franka_ws/src/install/franka_ign_ros2_control:/home/jiataoding/franco_ros2_franka_ws/src/install/franka_fr3_moveit_config:/home/jiataoding/franco_ros2_franka_ws/src/install/franka_hardware:/home/jiataoding/franco_ros2_franka_ws/src/install/franka_gripper:/home/jiataoding/franco_ros2_franka_ws/src/install/franka_msgs:/home/jiataoding/franco_ros2_franka_ws/src/install/franka_description:/home/jiataoding/franco_ros2_franka_ws/src/install/cartesian_impedance_controller:/opt/ros/humble:/home/jiataoding/franco_ros2_franka_ws/src/install/effort_controller_base:/home/jiataoding/franco_ros2_franka_ws/src/install/debug_msg:/home/jiataoding/ros2_franka_ws/install/joint_impedance_controller:/home/jiataoding/ros2_franka_ws/install/integration_launch_testing:/home/jiataoding/ros2_franka_ws/install/idra_franka_launch:/home/jiataoding/ros2_franka_ws/install/gravity_compensation:/home/jiataoding/ros2_franka_ws/install/franka_task_pipeline:/home/jiataoding/ros2_franka_ws/install/franka_ros2:/home/jiataoding/ros2_franka_ws/install/franka_bringup:/home/jiataoding/ros2_franka_ws/install/franka_robot_state_broadcaster:/home/jiataoding/ros2_franka_ws/install/franka_example_controllers:/home/jiataoding/ros2_franka_ws/install/franka_semantic_components:/home/jiataoding/ros2_franka_ws/install/franka_gazebo_bringup:/home/jiataoding/ros2_franka_ws/install/franka_ign_ros2_control:/home/jiataoding/ros2_franka_ws/install/franka_fr3_moveit_config:/home/jiataoding/ros2_franka_ws/install/franka_hardware:/home/jiataoding/ros2_franka_ws/install/franka_gripper:/home/jiataoding/ros2_franka_ws/install/franka_msgs:/home/jiataoding/ros2_franka_ws/install/franka_description:/home/jiataoding/ros2_franka_ws/install/cartesian_impedance_controller:/home/jiataoding/ros2_franka_ws/install/effort_controller_base:/home/jiataoding/ros2_franka_ws/install/debug_msg:/home/jiataoding/franco_ros2_franka_ws/install/joint_impedance_controller:/home/jiataoding/franco_ros2_franka_ws/install/integration_launch_testing:/home/jiataoding/franco_ros2_franka_ws/install/idra_franka_launch:/home/jiataoding/franco_ros2_franka_ws/install/gravity_compensation:/home/jiataoding/franco_ros2_franka_ws/install/franka_task_pipeline:/home/jiataoding/franco_ros2_franka_ws/install/franka_ros2:/home/jiataoding/franco_ros2_franka_ws/install/franka_bringup:/home/jiataoding/franco_ros2_franka_ws/install/franka_robot_state_broadcaster:/home/jiataoding/franco_ros2_franka_ws/install/franka_example_controllers:/home/jiataoding/franco_ros2_franka_ws/install/franka_semantic_components:/home/jiataoding/franco_ros2_franka_ws/install/franka_gazebo_bringup:/home/jiataoding/franco_ros2_franka_ws/install/franka_ign_ros2_control:/home/jiataoding/franco_ros2_franka_ws/install/franka_fr3_moveit_config:/home/jiataoding/franco_ros2_franka_ws/install/franka_hardware:/home/jiataoding/franco_ros2_franka_ws/install/franka_gripper:/home/jiataoding/franco_ros2_franka_ws/install/franka_msgs:/home/jiataoding/franco_ros2_franka_ws/install/franka_description:/home/jiataoding/franco_ros2_franka_ws/install/cartesian_impedance_controller:/home/jiataoding/franco_ros2_franka_ws/install/effort_controller_base:/home/jiataoding/franco_ros2_franka_ws/install/debug_msg:/opt/openrobots: /usr/bin/cmake --build /home/jiataoding/franco_ros2_franka_ws/src/build/franka_description -- -j24 -l24
[0.476s] DEBUG:colcon.colcon_core.event_handler.log_command:Invoking command in '/home/jiataoding/franco_ros2_franka_ws/src/build/franka_description': CMAKE_PREFIX_PATH=/home/jiataoding/franco_ros2_franka_ws/src/install/joint_impedance_controller:/home/jiataoding/franco_ros2_franka_ws/src/install/integration_launch_testing:/home/jiataoding/franco_ros2_franka_ws/src/install/idra_franka_launch:/home/jiataoding/franco_ros2_franka_ws/src/install/gravity_compensation:/home/jiataoding/franco_ros2_franka_ws/src/install/franka_task_pipeline:/home/jiataoding/franco_ros2_franka_ws/src/install/franka_ros2:/home/jiataoding/franco_ros2_franka_ws/src/install/franka_bringup:/home/jiataoding/franco_ros2_franka_ws/src/install/franka_robot_state_broadcaster:/home/jiataoding/franco_ros2_franka_ws/src/install/franka_example_controllers:/home/jiataoding/franco_ros2_franka_ws/src/install/franka_semantic_components:/home/jiataoding/franco_ros2_franka_ws/src/install/franka_gazebo_bringup:/home/jiataoding/franco_ros2_franka_ws/src/install/franka_ign_ros2_control:/home/jiataoding/franco_ros2_franka_ws/src/install/franka_fr3_moveit_config:/home/jiataoding/franco_ros2_franka_ws/src/install/franka_hardware:/home/jiataoding/franco_ros2_franka_ws/src/install/franka_gripper:/home/jiataoding/franco_ros2_franka_ws/src/install/franka_msgs:/home/jiataoding/franco_ros2_franka_ws/src/install/franka_description:/home/jiataoding/franco_ros2_franka_ws/src/install/cartesian_impedance_controller:/opt/ros/humble:/home/jiataoding/franco_ros2_franka_ws/src/install/effort_controller_base:/home/jiataoding/franco_ros2_franka_ws/src/install/debug_msg:/home/jiataoding/ros2_franka_ws/install/joint_impedance_controller:/home/jiataoding/ros2_franka_ws/install/integration_launch_testing:/home/jiataoding/ros2_franka_ws/install/idra_franka_launch:/home/jiataoding/ros2_franka_ws/install/gravity_compensation:/home/jiataoding/ros2_franka_ws/install/franka_task_pipeline:/home/jiataoding/ros2_franka_ws/install/franka_ros2:/home/jiataoding/ros2_franka_ws/install/franka_bringup:/home/jiataoding/ros2_franka_ws/install/franka_robot_state_broadcaster:/home/jiataoding/ros2_franka_ws/install/franka_example_controllers:/home/jiataoding/ros2_franka_ws/install/franka_semantic_components:/home/jiataoding/ros2_franka_ws/install/franka_gazebo_bringup:/home/jiataoding/ros2_franka_ws/install/franka_ign_ros2_control:/home/jiataoding/ros2_franka_ws/install/franka_fr3_moveit_config:/home/jiataoding/ros2_franka_ws/install/franka_hardware:/home/jiataoding/ros2_franka_ws/install/franka_gripper:/home/jiataoding/ros2_franka_ws/install/franka_msgs:/home/jiataoding/ros2_franka_ws/install/franka_description:/home/jiataoding/ros2_franka_ws/install/cartesian_impedance_controller:/home/jiataoding/ros2_franka_ws/install/effort_controller_base:/home/jiataoding/ros2_franka_ws/install/debug_msg:/home/jiataoding/franco_ros2_franka_ws/install/joint_impedance_controller:/home/jiataoding/franco_ros2_franka_ws/install/integration_launch_testing:/home/jiataoding/franco_ros2_franka_ws/install/idra_franka_launch:/home/jiataoding/franco_ros2_franka_ws/install/gravity_compensation:/home/jiataoding/franco_ros2_franka_ws/install/franka_task_pipeline:/home/jiataoding/franco_ros2_franka_ws/install/franka_ros2:/home/jiataoding/franco_ros2_franka_ws/install/franka_bringup:/home/jiataoding/franco_ros2_franka_ws/install/franka_robot_state_broadcaster:/home/jiataoding/franco_ros2_franka_ws/install/franka_example_controllers:/home/jiataoding/franco_ros2_franka_ws/install/franka_semantic_components:/home/jiataoding/franco_ros2_franka_ws/install/franka_gazebo_bringup:/home/jiataoding/franco_ros2_franka_ws/install/franka_ign_ros2_control:/home/jiataoding/franco_ros2_franka_ws/install/franka_fr3_moveit_config:/home/jiataoding/franco_ros2_franka_ws/install/franka_hardware:/home/jiataoding/franco_ros2_franka_ws/install/franka_gripper:/home/jiataoding/franco_ros2_franka_ws/install/franka_msgs:/home/jiataoding/franco_ros2_franka_ws/install/franka_description:/home/jiataoding/franco_ros2_franka_ws/install/cartesian_impedance_controller:/home/jiataoding/franco_ros2_franka_ws/install/effort_controller_base:/home/jiataoding/franco_ros2_franka_ws/install/debug_msg:/opt/openrobots: /usr/bin/cmake --install /home/jiataoding/franco_ros2_franka_ws/src/build/franka_description
[0.477s] DEBUG:colcon.colcon_core.event_handler.log_command:Invoked command in '/home/jiataoding/franco_ros2_franka_ws/src/build/integration_launch_testing' returned '0': CMAKE_PREFIX_PATH=/home/jiataoding/franco_ros2_franka_ws/src/install/joint_impedance_controller:/home/jiataoding/franco_ros2_franka_ws/src/install/integration_launch_testing:/home/jiataoding/franco_ros2_franka_ws/src/install/idra_franka_launch:/home/jiataoding/franco_ros2_franka_ws/src/install/gravity_compensation:/home/jiataoding/franco_ros2_franka_ws/src/install/franka_task_pipeline:/home/jiataoding/franco_ros2_franka_ws/src/install/franka_ros2:/home/jiataoding/franco_ros2_franka_ws/src/install/franka_bringup:/home/jiataoding/franco_ros2_franka_ws/src/install/franka_robot_state_broadcaster:/home/jiataoding/franco_ros2_franka_ws/src/install/franka_example_controllers:/home/jiataoding/franco_ros2_franka_ws/src/install/franka_semantic_components:/home/jiataoding/franco_ros2_franka_ws/src/install/franka_gazebo_bringup:/home/jiataoding/franco_ros2_franka_ws/src/install/franka_ign_ros2_control:/home/jiataoding/franco_ros2_franka_ws/src/install/franka_fr3_moveit_config:/home/jiataoding/franco_ros2_franka_ws/src/install/franka_hardware:/home/jiataoding/franco_ros2_franka_ws/src/install/franka_gripper:/home/jiataoding/franco_ros2_franka_ws/src/install/franka_msgs:/home/jiataoding/franco_ros2_franka_ws/src/install/franka_description:/home/jiataoding/franco_ros2_franka_ws/src/install/cartesian_impedance_controller:/opt/ros/humble:/home/jiataoding/franco_ros2_franka_ws/src/install/effort_controller_base:/home/jiataoding/franco_ros2_franka_ws/src/install/debug_msg:/home/jiataoding/ros2_franka_ws/install/joint_impedance_controller:/home/jiataoding/ros2_franka_ws/install/integration_launch_testing:/home/jiataoding/ros2_franka_ws/install/idra_franka_launch:/home/jiataoding/ros2_franka_ws/install/gravity_compensation:/home/jiataoding/ros2_franka_ws/install/franka_task_pipeline:/home/jiataoding/ros2_franka_ws/install/franka_ros2:/home/jiataoding/ros2_franka_ws/install/franka_bringup:/home/jiataoding/ros2_franka_ws/install/franka_robot_state_broadcaster:/home/jiataoding/ros2_franka_ws/install/franka_example_controllers:/home/jiataoding/ros2_franka_ws/install/franka_semantic_components:/home/jiataoding/ros2_franka_ws/install/franka_gazebo_bringup:/home/jiataoding/ros2_franka_ws/install/franka_ign_ros2_control:/home/jiataoding/ros2_franka_ws/install/franka_fr3_moveit_config:/home/jiataoding/ros2_franka_ws/install/franka_hardware:/home/jiataoding/ros2_franka_ws/install/franka_gripper:/home/jiataoding/ros2_franka_ws/install/franka_msgs:/home/jiataoding/ros2_franka_ws/install/franka_description:/home/jiataoding/ros2_franka_ws/install/cartesian_impedance_controller:/home/jiataoding/ros2_franka_ws/install/effort_controller_base:/home/jiataoding/ros2_franka_ws/install/debug_msg:/home/jiataoding/franco_ros2_franka_ws/install/joint_impedance_controller:/home/jiataoding/franco_ros2_franka_ws/install/integration_launch_testing:/home/jiataoding/franco_ros2_franka_ws/install/idra_franka_launch:/home/jiataoding/franco_ros2_franka_ws/install/gravity_compensation:/home/jiataoding/franco_ros2_franka_ws/install/franka_task_pipeline:/home/jiataoding/franco_ros2_franka_ws/install/franka_ros2:/home/jiataoding/franco_ros2_franka_ws/install/franka_bringup:/home/jiataoding/franco_ros2_franka_ws/install/franka_robot_state_broadcaster:/home/jiataoding/franco_ros2_franka_ws/install/franka_example_controllers:/home/jiataoding/franco_ros2_franka_ws/install/franka_semantic_components:/home/jiataoding/franco_ros2_franka_ws/install/franka_gazebo_bringup:/home/jiataoding/franco_ros2_franka_ws/install/franka_ign_ros2_control:/home/jiataoding/franco_ros2_franka_ws/install/franka_fr3_moveit_config:/home/jiataoding/franco_ros2_franka_ws/install/franka_hardware:/home/jiataoding/franco_ros2_franka_ws/install/franka_gripper:/home/jiataoding/franco_ros2_franka_ws/install/franka_msgs:/home/jiataoding/franco_ros2_franka_ws/install/franka_description:/home/jiataoding/franco_ros2_franka_ws/install/cartesian_impedance_controller:/home/jiataoding/franco_ros2_franka_ws/install/effort_controller_base:/home/jiataoding/franco_ros2_franka_ws/install/debug_msg:/opt/openrobots: /usr/bin/cmake --build /home/jiataoding/franco_ros2_franka_ws/src/build/integration_launch_testing -- -j24 -l24
[0.478s] DEBUG:colcon.colcon_core.event_handler.log_command:Invoking command in '/home/jiataoding/franco_ros2_franka_ws/src/build/integration_launch_testing': CMAKE_PREFIX_PATH=/home/jiataoding/franco_ros2_franka_ws/src/install/joint_impedance_controller:/home/jiataoding/franco_ros2_franka_ws/src/install/integration_launch_testing:/home/jiataoding/franco_ros2_franka_ws/src/install/idra_franka_launch:/home/jiataoding/franco_ros2_franka_ws/src/install/gravity_compensation:/home/jiataoding/franco_ros2_franka_ws/src/install/franka_task_pipeline:/home/jiataoding/franco_ros2_franka_ws/src/install/franka_ros2:/home/jiataoding/franco_ros2_franka_ws/src/install/franka_bringup:/home/jiataoding/franco_ros2_franka_ws/src/install/franka_robot_state_broadcaster:/home/jiataoding/franco_ros2_franka_ws/src/install/franka_example_controllers:/home/jiataoding/franco_ros2_franka_ws/src/install/franka_semantic_components:/home/jiataoding/franco_ros2_franka_ws/src/install/franka_gazebo_bringup:/home/jiataoding/franco_ros2_franka_ws/src/install/franka_ign_ros2_control:/home/jiataoding/franco_ros2_franka_ws/src/install/franka_fr3_moveit_config:/home/jiataoding/franco_ros2_franka_ws/src/install/franka_hardware:/home/jiataoding/franco_ros2_franka_ws/src/install/franka_gripper:/home/jiataoding/franco_ros2_franka_ws/src/install/franka_msgs:/home/jiataoding/franco_ros2_franka_ws/src/install/franka_description:/home/jiataoding/franco_ros2_franka_ws/src/install/cartesian_impedance_controller:/opt/ros/humble:/home/jiataoding/franco_ros2_franka_ws/src/install/effort_controller_base:/home/jiataoding/franco_ros2_franka_ws/src/install/debug_msg:/home/jiataoding/ros2_franka_ws/install/joint_impedance_controller:/home/jiataoding/ros2_franka_ws/install/integration_launch_testing:/home/jiataoding/ros2_franka_ws/install/idra_franka_launch:/home/jiataoding/ros2_franka_ws/install/gravity_compensation:/home/jiataoding/ros2_franka_ws/install/franka_task_pipeline:/home/jiataoding/ros2_franka_ws/install/franka_ros2:/home/jiataoding/ros2_franka_ws/install/franka_bringup:/home/jiataoding/ros2_franka_ws/install/franka_robot_state_broadcaster:/home/jiataoding/ros2_franka_ws/install/franka_example_controllers:/home/jiataoding/ros2_franka_ws/install/franka_semantic_components:/home/jiataoding/ros2_franka_ws/install/franka_gazebo_bringup:/home/jiataoding/ros2_franka_ws/install/franka_ign_ros2_control:/home/jiataoding/ros2_franka_ws/install/franka_fr3_moveit_config:/home/jiataoding/ros2_franka_ws/install/franka_hardware:/home/jiataoding/ros2_franka_ws/install/franka_gripper:/home/jiataoding/ros2_franka_ws/install/franka_msgs:/home/jiataoding/ros2_franka_ws/install/franka_description:/home/jiataoding/ros2_franka_ws/install/cartesian_impedance_controller:/home/jiataoding/ros2_franka_ws/install/effort_controller_base:/home/jiataoding/ros2_franka_ws/install/debug_msg:/home/jiataoding/franco_ros2_franka_ws/install/joint_impedance_controller:/home/jiataoding/franco_ros2_franka_ws/install/integration_launch_testing:/home/jiataoding/franco_ros2_franka_ws/install/idra_franka_launch:/home/jiataoding/franco_ros2_franka_ws/install/gravity_compensation:/home/jiataoding/franco_ros2_franka_ws/install/franka_task_pipeline:/home/jiataoding/franco_ros2_franka_ws/install/franka_ros2:/home/jiataoding/franco_ros2_franka_ws/install/franka_bringup:/home/jiataoding/franco_ros2_franka_ws/install/franka_robot_state_broadcaster:/home/jiataoding/franco_ros2_franka_ws/install/franka_example_controllers:/home/jiataoding/franco_ros2_franka_ws/install/franka_semantic_components:/home/jiataoding/franco_ros2_franka_ws/install/franka_gazebo_bringup:/home/jiataoding/franco_ros2_franka_ws/install/franka_ign_ros2_control:/home/jiataoding/franco_ros2_franka_ws/install/franka_fr3_moveit_config:/home/jiataoding/franco_ros2_franka_ws/install/franka_hardware:/home/jiataoding/franco_ros2_franka_ws/install/franka_gripper:/home/jiataoding/franco_ros2_franka_ws/install/franka_msgs:/home/jiataoding/franco_ros2_franka_ws/install/franka_description:/home/jiataoding/franco_ros2_franka_ws/install/cartesian_impedance_controller:/home/jiataoding/franco_ros2_franka_ws/install/effort_controller_base:/home/jiataoding/franco_ros2_franka_ws/install/debug_msg:/opt/openrobots: /usr/bin/cmake --install /home/jiataoding/franco_ros2_franka_ws/src/build/integration_launch_testing
[0.513s] Level 1:colcon.colcon_core.environment:create_environment_scripts_only(integration_launch_testing)
[0.519s] Level 1:colcon.colcon_core.environment:checking '/home/jiataoding/franco_ros2_franka_ws/src/install/integration_launch_testing' for CMake module files
[0.519s] DEBUG:colcon.colcon_core.event_handler.log_command:Invoked command in '/home/jiataoding/franco_ros2_franka_ws/src/build/integration_launch_testing' returned '0': CMAKE_PREFIX_PATH=/home/jiataoding/franco_ros2_franka_ws/src/install/joint_impedance_controller:/home/jiataoding/franco_ros2_franka_ws/src/install/integration_launch_testing:/home/jiataoding/franco_ros2_franka_ws/src/install/idra_franka_launch:/home/jiataoding/franco_ros2_franka_ws/src/install/gravity_compensation:/home/jiataoding/franco_ros2_franka_ws/src/install/franka_task_pipeline:/home/jiataoding/franco_ros2_franka_ws/src/install/franka_ros2:/home/jiataoding/franco_ros2_franka_ws/src/install/franka_bringup:/home/jiataoding/franco_ros2_franka_ws/src/install/franka_robot_state_broadcaster:/home/jiataoding/franco_ros2_franka_ws/src/install/franka_example_controllers:/home/jiataoding/franco_ros2_franka_ws/src/install/franka_semantic_components:/home/jiataoding/franco_ros2_franka_ws/src/install/franka_gazebo_bringup:/home/jiataoding/franco_ros2_franka_ws/src/install/franka_ign_ros2_control:/home/jiataoding/franco_ros2_franka_ws/src/install/franka_fr3_moveit_config:/home/jiataoding/franco_ros2_franka_ws/src/install/franka_hardware:/home/jiataoding/franco_ros2_franka_ws/src/install/franka_gripper:/home/jiataoding/franco_ros2_franka_ws/src/install/franka_msgs:/home/jiataoding/franco_ros2_franka_ws/src/install/franka_description:/home/jiataoding/franco_ros2_franka_ws/src/install/cartesian_impedance_controller:/opt/ros/humble:/home/jiataoding/franco_ros2_franka_ws/src/install/effort_controller_base:/home/jiataoding/franco_ros2_franka_ws/src/install/debug_msg:/home/jiataoding/ros2_franka_ws/install/joint_impedance_controller:/home/jiataoding/ros2_franka_ws/install/integration_launch_testing:/home/jiataoding/ros2_franka_ws/install/idra_franka_launch:/home/jiataoding/ros2_franka_ws/install/gravity_compensation:/home/jiataoding/ros2_franka_ws/install/franka_task_pipeline:/home/jiataoding/ros2_franka_ws/install/franka_ros2:/home/jiataoding/ros2_franka_ws/install/franka_bringup:/home/jiataoding/ros2_franka_ws/install/franka_robot_state_broadcaster:/home/jiataoding/ros2_franka_ws/install/franka_example_controllers:/home/jiataoding/ros2_franka_ws/install/franka_semantic_components:/home/jiataoding/ros2_franka_ws/install/franka_gazebo_bringup:/home/jiataoding/ros2_franka_ws/install/franka_ign_ros2_control:/home/jiataoding/ros2_franka_ws/install/franka_fr3_moveit_config:/home/jiataoding/ros2_franka_ws/install/franka_hardware:/home/jiataoding/ros2_franka_ws/install/franka_gripper:/home/jiataoding/ros2_franka_ws/install/franka_msgs:/home/jiataoding/ros2_franka_ws/install/franka_description:/home/jiataoding/ros2_franka_ws/install/cartesian_impedance_controller:/home/jiataoding/ros2_franka_ws/install/effort_controller_base:/home/jiataoding/ros2_franka_ws/install/debug_msg:/home/jiataoding/franco_ros2_franka_ws/install/joint_impedance_controller:/home/jiataoding/franco_ros2_franka_ws/install/integration_launch_testing:/home/jiataoding/franco_ros2_franka_ws/install/idra_franka_launch:/home/jiataoding/franco_ros2_franka_ws/install/gravity_compensation:/home/jiataoding/franco_ros2_franka_ws/install/franka_task_pipeline:/home/jiataoding/franco_ros2_franka_ws/install/franka_ros2:/home/jiataoding/franco_ros2_franka_ws/install/franka_bringup:/home/jiataoding/franco_ros2_franka_ws/install/franka_robot_state_broadcaster:/home/jiataoding/franco_ros2_franka_ws/install/franka_example_controllers:/home/jiataoding/franco_ros2_franka_ws/install/franka_semantic_components:/home/jiataoding/franco_ros2_franka_ws/install/franka_gazebo_bringup:/home/jiataoding/franco_ros2_franka_ws/install/franka_ign_ros2_control:/home/jiataoding/franco_ros2_franka_ws/install/franka_fr3_moveit_config:/home/jiataoding/franco_ros2_franka_ws/install/franka_hardware:/home/jiataoding/franco_ros2_franka_ws/install/franka_gripper:/home/jiataoding/franco_ros2_franka_ws/install/franka_msgs:/home/jiataoding/franco_ros2_franka_ws/install/franka_description:/home/jiataoding/franco_ros2_franka_ws/install/cartesian_impedance_controller:/home/jiataoding/franco_ros2_franka_ws/install/effort_controller_base:/home/jiataoding/franco_ros2_franka_ws/install/debug_msg:/opt/openrobots: /usr/bin/cmake --install /home/jiataoding/franco_ros2_franka_ws/src/build/integration_launch_testing
[0.520s] Level 1:colcon.colcon_core.environment:checking '/home/jiataoding/franco_ros2_franka_ws/src/install/integration_launch_testing' for CMake config files
[0.522s] Level 1:colcon.colcon_core.shell:create_environment_hook('integration_launch_testing', 'cmake_prefix_path')
[0.522s] INFO:colcon.colcon_core.shell:Creating environment hook '/home/jiataoding/franco_ros2_franka_ws/src/install/integration_launch_testing/share/integration_launch_testing/hook/cmake_prefix_path.ps1'
[0.523s] INFO:colcon.colcon_core.shell:Creating environment descriptor '/home/jiataoding/franco_ros2_franka_ws/src/install/integration_launch_testing/share/integration_launch_testing/hook/cmake_prefix_path.dsv'
[0.523s] INFO:colcon.colcon_core.shell:Creating environment hook '/home/jiataoding/franco_ros2_franka_ws/src/install/integration_launch_testing/share/integration_launch_testing/hook/cmake_prefix_path.sh'
[0.524s] Level 1:colcon.colcon_core.environment:checking '/home/jiataoding/franco_ros2_franka_ws/src/install/integration_launch_testing/bin'
[0.524s] Level 1:colcon.colcon_core.environment:checking '/home/jiataoding/franco_ros2_franka_ws/src/install/integration_launch_testing/lib/pkgconfig/integration_launch_testing.pc'
[0.524s] Level 1:colcon.colcon_core.environment:checking '/home/jiataoding/franco_ros2_franka_ws/src/install/integration_launch_testing/lib/python3.10/site-packages'
[0.525s] Level 1:colcon.colcon_core.environment:checking '/home/jiataoding/franco_ros2_franka_ws/src/install/integration_launch_testing/bin'
[0.525s] INFO:colcon.colcon_core.shell:Creating package script '/home/jiataoding/franco_ros2_franka_ws/src/install/integration_launch_testing/share/integration_launch_testing/package.ps1'
[0.526s] INFO:colcon.colcon_core.shell:Creating package descriptor '/home/jiataoding/franco_ros2_franka_ws/src/install/integration_launch_testing/share/integration_launch_testing/package.dsv'
[0.526s] INFO:colcon.colcon_core.shell:Creating package script '/home/jiataoding/franco_ros2_franka_ws/src/install/integration_launch_testing/share/integration_launch_testing/package.sh'
[0.527s] INFO:colcon.colcon_core.shell:Creating package script '/home/jiataoding/franco_ros2_franka_ws/src/install/integration_launch_testing/share/integration_launch_testing/package.bash'
[0.527s] INFO:colcon.colcon_core.shell:Creating package script '/home/jiataoding/franco_ros2_franka_ws/src/install/integration_launch_testing/share/integration_launch_testing/package.zsh'
[0.528s] Level 1:colcon.colcon_core.environment:create_file_with_runtime_dependencies(/home/jiataoding/franco_ros2_franka_ws/src/install/integration_launch_testing/share/colcon-core/packages/integration_launch_testing)
[0.528s] Level 1:colcon.colcon_core.environment:create_environment_scripts_only(integration_launch_testing)
[0.529s] Level 1:colcon.colcon_core.environment:checking '/home/jiataoding/franco_ros2_franka_ws/src/install/integration_launch_testing' for CMake module files
[0.529s] Level 1:colcon.colcon_core.environment:checking '/home/jiataoding/franco_ros2_franka_ws/src/install/integration_launch_testing' for CMake config files
[0.530s] Level 1:colcon.colcon_core.shell:create_environment_hook('integration_launch_testing', 'cmake_prefix_path')
[0.530s] INFO:colcon.colcon_core.shell:Creating environment hook '/home/jiataoding/franco_ros2_franka_ws/src/install/integration_launch_testing/share/integration_launch_testing/hook/cmake_prefix_path.ps1'
[0.530s] INFO:colcon.colcon_core.shell:Creating environment descriptor '/home/jiataoding/franco_ros2_franka_ws/src/install/integration_launch_testing/share/integration_launch_testing/hook/cmake_prefix_path.dsv'
[0.531s] INFO:colcon.colcon_core.shell:Creating environment hook '/home/jiataoding/franco_ros2_franka_ws/src/install/integration_launch_testing/share/integration_launch_testing/hook/cmake_prefix_path.sh'
[0.531s] Level 1:colcon.colcon_core.environment:checking '/home/jiataoding/franco_ros2_franka_ws/src/install/integration_launch_testing/bin'
[0.532s] Level 1:colcon.colcon_core.environment:checking '/home/jiataoding/franco_ros2_franka_ws/src/install/integration_launch_testing/lib/pkgconfig/integration_launch_testing.pc'
[0.532s] Level 1:colcon.colcon_core.environment:checking '/home/jiataoding/franco_ros2_franka_ws/src/install/integration_launch_testing/lib/python3.10/site-packages'
[0.532s] Level 1:colcon.colcon_core.environment:checking '/home/jiataoding/franco_ros2_franka_ws/src/install/integration_launch_testing/bin'
[0.532s] INFO:colcon.colcon_core.shell:Creating package script '/home/jiataoding/franco_ros2_franka_ws/src/install/integration_launch_testing/share/integration_launch_testing/package.ps1'
[0.533s] INFO:colcon.colcon_core.shell:Creating package descriptor '/home/jiataoding/franco_ros2_franka_ws/src/install/integration_launch_testing/share/integration_launch_testing/package.dsv'
[0.534s] INFO:colcon.colcon_core.shell:Creating package script '/home/jiataoding/franco_ros2_franka_ws/src/install/integration_launch_testing/share/integration_launch_testing/package.sh'
[0.534s] INFO:colcon.colcon_core.shell:Creating package script '/home/jiataoding/franco_ros2_franka_ws/src/install/integration_launch_testing/share/integration_launch_testing/package.bash'
[0.535s] INFO:colcon.colcon_core.shell:Creating package script '/home/jiataoding/franco_ros2_franka_ws/src/install/integration_launch_testing/share/integration_launch_testing/package.zsh'
[0.535s] Level 1:colcon.colcon_core.environment:create_file_with_runtime_dependencies(/home/jiataoding/franco_ros2_franka_ws/src/install/integration_launch_testing/share/colcon-core/packages/integration_launch_testing)
[0.538s] DEBUG:colcon.colcon_core.event_handler.log_command:Invoked command in '/home/jiataoding/franco_ros2_franka_ws/src/build/franka_task_pipeline' returned '0': CMAKE_PREFIX_PATH=/home/jiataoding/franco_ros2_franka_ws/src/install/joint_impedance_controller:/home/jiataoding/franco_ros2_franka_ws/src/install/integration_launch_testing:/home/jiataoding/franco_ros2_franka_ws/src/install/idra_franka_launch:/home/jiataoding/franco_ros2_franka_ws/src/install/gravity_compensation:/home/jiataoding/franco_ros2_franka_ws/src/install/franka_task_pipeline:/home/jiataoding/franco_ros2_franka_ws/src/install/franka_ros2:/home/jiataoding/franco_ros2_franka_ws/src/install/franka_bringup:/home/jiataoding/franco_ros2_franka_ws/src/install/franka_robot_state_broadcaster:/home/jiataoding/franco_ros2_franka_ws/src/install/franka_example_controllers:/home/jiataoding/franco_ros2_franka_ws/src/install/franka_semantic_components:/home/jiataoding/franco_ros2_franka_ws/src/install/franka_gazebo_bringup:/home/jiataoding/franco_ros2_franka_ws/src/install/franka_ign_ros2_control:/home/jiataoding/franco_ros2_franka_ws/src/install/franka_fr3_moveit_config:/home/jiataoding/franco_ros2_franka_ws/src/install/franka_hardware:/home/jiataoding/franco_ros2_franka_ws/src/install/franka_gripper:/home/jiataoding/franco_ros2_franka_ws/src/install/franka_msgs:/home/jiataoding/franco_ros2_franka_ws/src/install/franka_description:/home/jiataoding/franco_ros2_franka_ws/src/install/cartesian_impedance_controller:/opt/ros/humble:/home/jiataoding/franco_ros2_franka_ws/src/install/effort_controller_base:/home/jiataoding/franco_ros2_franka_ws/src/install/debug_msg:/home/jiataoding/ros2_franka_ws/install/joint_impedance_controller:/home/jiataoding/ros2_franka_ws/install/integration_launch_testing:/home/jiataoding/ros2_franka_ws/install/idra_franka_launch:/home/jiataoding/ros2_franka_ws/install/gravity_compensation:/home/jiataoding/ros2_franka_ws/install/franka_task_pipeline:/home/jiataoding/ros2_franka_ws/install/franka_ros2:/home/jiataoding/ros2_franka_ws/install/franka_bringup:/home/jiataoding/ros2_franka_ws/install/franka_robot_state_broadcaster:/home/jiataoding/ros2_franka_ws/install/franka_example_controllers:/home/jiataoding/ros2_franka_ws/install/franka_semantic_components:/home/jiataoding/ros2_franka_ws/install/franka_gazebo_bringup:/home/jiataoding/ros2_franka_ws/install/franka_ign_ros2_control:/home/jiataoding/ros2_franka_ws/install/franka_fr3_moveit_config:/home/jiataoding/ros2_franka_ws/install/franka_hardware:/home/jiataoding/ros2_franka_ws/install/franka_gripper:/home/jiataoding/ros2_franka_ws/install/franka_msgs:/home/jiataoding/ros2_franka_ws/install/franka_description:/home/jiataoding/ros2_franka_ws/install/cartesian_impedance_controller:/home/jiataoding/ros2_franka_ws/install/effort_controller_base:/home/jiataoding/ros2_franka_ws/install/debug_msg:/home/jiataoding/franco_ros2_franka_ws/install/joint_impedance_controller:/home/jiataoding/franco_ros2_franka_ws/install/integration_launch_testing:/home/jiataoding/franco_ros2_franka_ws/install/idra_franka_launch:/home/jiataoding/franco_ros2_franka_ws/install/gravity_compensation:/home/jiataoding/franco_ros2_franka_ws/install/franka_task_pipeline:/home/jiataoding/franco_ros2_franka_ws/install/franka_ros2:/home/jiataoding/franco_ros2_franka_ws/install/franka_bringup:/home/jiataoding/franco_ros2_franka_ws/install/franka_robot_state_broadcaster:/home/jiataoding/franco_ros2_franka_ws/install/franka_example_controllers:/home/jiataoding/franco_ros2_franka_ws/install/franka_semantic_components:/home/jiataoding/franco_ros2_franka_ws/install/franka_gazebo_bringup:/home/jiataoding/franco_ros2_franka_ws/install/franka_ign_ros2_control:/home/jiataoding/franco_ros2_franka_ws/install/franka_fr3_moveit_config:/home/jiataoding/franco_ros2_franka_ws/install/franka_hardware:/home/jiataoding/franco_ros2_franka_ws/install/franka_gripper:/home/jiataoding/franco_ros2_franka_ws/install/franka_msgs:/home/jiataoding/franco_ros2_franka_ws/install/franka_description:/home/jiataoding/franco_ros2_franka_ws/install/cartesian_impedance_controller:/home/jiataoding/franco_ros2_franka_ws/install/effort_controller_base:/home/jiataoding/franco_ros2_franka_ws/install/debug_msg:/opt/openrobots: /usr/bin/cmake --build /home/jiataoding/franco_ros2_franka_ws/src/build/franka_task_pipeline -- -j24 -l24
[0.539s] DEBUG:colcon.colcon_core.event_handler.log_command:Invoking command in '/home/jiataoding/franco_ros2_franka_ws/src/build/franka_task_pipeline': CMAKE_PREFIX_PATH=/home/jiataoding/franco_ros2_franka_ws/src/install/joint_impedance_controller:/home/jiataoding/franco_ros2_franka_ws/src/install/integration_launch_testing:/home/jiataoding/franco_ros2_franka_ws/src/install/idra_franka_launch:/home/jiataoding/franco_ros2_franka_ws/src/install/gravity_compensation:/home/jiataoding/franco_ros2_franka_ws/src/install/franka_task_pipeline:/home/jiataoding/franco_ros2_franka_ws/src/install/franka_ros2:/home/jiataoding/franco_ros2_franka_ws/src/install/franka_bringup:/home/jiataoding/franco_ros2_franka_ws/src/install/franka_robot_state_broadcaster:/home/jiataoding/franco_ros2_franka_ws/src/install/franka_example_controllers:/home/jiataoding/franco_ros2_franka_ws/src/install/franka_semantic_components:/home/jiataoding/franco_ros2_franka_ws/src/install/franka_gazebo_bringup:/home/jiataoding/franco_ros2_franka_ws/src/install/franka_ign_ros2_control:/home/jiataoding/franco_ros2_franka_ws/src/install/franka_fr3_moveit_config:/home/jiataoding/franco_ros2_franka_ws/src/install/franka_hardware:/home/jiataoding/franco_ros2_franka_ws/src/install/franka_gripper:/home/jiataoding/franco_ros2_franka_ws/src/install/franka_msgs:/home/jiataoding/franco_ros2_franka_ws/src/install/franka_description:/home/jiataoding/franco_ros2_franka_ws/src/install/cartesian_impedance_controller:/opt/ros/humble:/home/jiataoding/franco_ros2_franka_ws/src/install/effort_controller_base:/home/jiataoding/franco_ros2_franka_ws/src/install/debug_msg:/home/jiataoding/ros2_franka_ws/install/joint_impedance_controller:/home/jiataoding/ros2_franka_ws/install/integration_launch_testing:/home/jiataoding/ros2_franka_ws/install/idra_franka_launch:/home/jiataoding/ros2_franka_ws/install/gravity_compensation:/home/jiataoding/ros2_franka_ws/install/franka_task_pipeline:/home/jiataoding/ros2_franka_ws/install/franka_ros2:/home/jiataoding/ros2_franka_ws/install/franka_bringup:/home/jiataoding/ros2_franka_ws/install/franka_robot_state_broadcaster:/home/jiataoding/ros2_franka_ws/install/franka_example_controllers:/home/jiataoding/ros2_franka_ws/install/franka_semantic_components:/home/jiataoding/ros2_franka_ws/install/franka_gazebo_bringup:/home/jiataoding/ros2_franka_ws/install/franka_ign_ros2_control:/home/jiataoding/ros2_franka_ws/install/franka_fr3_moveit_config:/home/jiataoding/ros2_franka_ws/install/franka_hardware:/home/jiataoding/ros2_franka_ws/install/franka_gripper:/home/jiataoding/ros2_franka_ws/install/franka_msgs:/home/jiataoding/ros2_franka_ws/install/franka_description:/home/jiataoding/ros2_franka_ws/install/cartesian_impedance_controller:/home/jiataoding/ros2_franka_ws/install/effort_controller_base:/home/jiataoding/ros2_franka_ws/install/debug_msg:/home/jiataoding/franco_ros2_franka_ws/install/joint_impedance_controller:/home/jiataoding/franco_ros2_franka_ws/install/integration_launch_testing:/home/jiataoding/franco_ros2_franka_ws/install/idra_franka_launch:/home/jiataoding/franco_ros2_franka_ws/install/gravity_compensation:/home/jiataoding/franco_ros2_franka_ws/install/franka_task_pipeline:/home/jiataoding/franco_ros2_franka_ws/install/franka_ros2:/home/jiataoding/franco_ros2_franka_ws/install/franka_bringup:/home/jiataoding/franco_ros2_franka_ws/install/franka_robot_state_broadcaster:/home/jiataoding/franco_ros2_franka_ws/install/franka_example_controllers:/home/jiataoding/franco_ros2_franka_ws/install/franka_semantic_components:/home/jiataoding/franco_ros2_franka_ws/install/franka_gazebo_bringup:/home/jiataoding/franco_ros2_franka_ws/install/franka_ign_ros2_control:/home/jiataoding/franco_ros2_franka_ws/install/franka_fr3_moveit_config:/home/jiataoding/franco_ros2_franka_ws/install/franka_hardware:/home/jiataoding/franco_ros2_franka_ws/install/franka_gripper:/home/jiataoding/franco_ros2_franka_ws/install/franka_msgs:/home/jiataoding/franco_ros2_franka_ws/install/franka_description:/home/jiataoding/franco_ros2_franka_ws/install/cartesian_impedance_controller:/home/jiataoding/franco_ros2_franka_ws/install/effort_controller_base:/home/jiataoding/franco_ros2_franka_ws/install/debug_msg:/opt/openrobots: /usr/bin/cmake --install /home/jiataoding/franco_ros2_franka_ws/src/build/franka_task_pipeline
[0.540s] Level 1:colcon.colcon_core.environment:create_environment_scripts_only(franka_description)
[0.541s] Level 1:colcon.colcon_core.environment:checking '/home/jiataoding/franco_ros2_franka_ws/src/install/franka_description' for CMake module files
[0.541s] DEBUG:colcon.colcon_core.event_handler.log_command:Invoked command in '/home/jiataoding/franco_ros2_franka_ws/src/build/effort_controller_base' returned '0': /usr/bin/cmake --build /home/jiataoding/franco_ros2_franka_ws/src/build/effort_controller_base -- -j24 -l24
[0.541s] DEBUG:colcon.colcon_core.event_handler.log_command:Invoking command in '/home/jiataoding/franco_ros2_franka_ws/src/build/effort_controller_base': /usr/bin/cmake --install /home/jiataoding/franco_ros2_franka_ws/src/build/effort_controller_base
[0.542s] DEBUG:colcon.colcon_core.event_handler.log_command:Invoked command in '/home/jiataoding/franco_ros2_franka_ws/src/build/franka_description' returned '0': CMAKE_PREFIX_PATH=/home/jiataoding/franco_ros2_franka_ws/src/install/joint_impedance_controller:/home/jiataoding/franco_ros2_franka_ws/src/install/integration_launch_testing:/home/jiataoding/franco_ros2_franka_ws/src/install/idra_franka_launch:/home/jiataoding/franco_ros2_franka_ws/src/install/gravity_compensation:/home/jiataoding/franco_ros2_franka_ws/src/install/franka_task_pipeline:/home/jiataoding/franco_ros2_franka_ws/src/install/franka_ros2:/home/jiataoding/franco_ros2_franka_ws/src/install/franka_bringup:/home/jiataoding/franco_ros2_franka_ws/src/install/franka_robot_state_broadcaster:/home/jiataoding/franco_ros2_franka_ws/src/install/franka_example_controllers:/home/jiataoding/franco_ros2_franka_ws/src/install/franka_semantic_components:/home/jiataoding/franco_ros2_franka_ws/src/install/franka_gazebo_bringup:/home/jiataoding/franco_ros2_franka_ws/src/install/franka_ign_ros2_control:/home/jiataoding/franco_ros2_franka_ws/src/install/franka_fr3_moveit_config:/home/jiataoding/franco_ros2_franka_ws/src/install/franka_hardware:/home/jiataoding/franco_ros2_franka_ws/src/install/franka_gripper:/home/jiataoding/franco_ros2_franka_ws/src/install/franka_msgs:/home/jiataoding/franco_ros2_franka_ws/src/install/franka_description:/home/jiataoding/franco_ros2_franka_ws/src/install/cartesian_impedance_controller:/opt/ros/humble:/home/jiataoding/franco_ros2_franka_ws/src/install/effort_controller_base:/home/jiataoding/franco_ros2_franka_ws/src/install/debug_msg:/home/jiataoding/ros2_franka_ws/install/joint_impedance_controller:/home/jiataoding/ros2_franka_ws/install/integration_launch_testing:/home/jiataoding/ros2_franka_ws/install/idra_franka_launch:/home/jiataoding/ros2_franka_ws/install/gravity_compensation:/home/jiataoding/ros2_franka_ws/install/franka_task_pipeline:/home/jiataoding/ros2_franka_ws/install/franka_ros2:/home/jiataoding/ros2_franka_ws/install/franka_bringup:/home/jiataoding/ros2_franka_ws/install/franka_robot_state_broadcaster:/home/jiataoding/ros2_franka_ws/install/franka_example_controllers:/home/jiataoding/ros2_franka_ws/install/franka_semantic_components:/home/jiataoding/ros2_franka_ws/install/franka_gazebo_bringup:/home/jiataoding/ros2_franka_ws/install/franka_ign_ros2_control:/home/jiataoding/ros2_franka_ws/install/franka_fr3_moveit_config:/home/jiataoding/ros2_franka_ws/install/franka_hardware:/home/jiataoding/ros2_franka_ws/install/franka_gripper:/home/jiataoding/ros2_franka_ws/install/franka_msgs:/home/jiataoding/ros2_franka_ws/install/franka_description:/home/jiataoding/ros2_franka_ws/install/cartesian_impedance_controller:/home/jiataoding/ros2_franka_ws/install/effort_controller_base:/home/jiataoding/ros2_franka_ws/install/debug_msg:/home/jiataoding/franco_ros2_franka_ws/install/joint_impedance_controller:/home/jiataoding/franco_ros2_franka_ws/install/integration_launch_testing:/home/jiataoding/franco_ros2_franka_ws/install/idra_franka_launch:/home/jiataoding/franco_ros2_franka_ws/install/gravity_compensation:/home/jiataoding/franco_ros2_franka_ws/install/franka_task_pipeline:/home/jiataoding/franco_ros2_franka_ws/install/franka_ros2:/home/jiataoding/franco_ros2_franka_ws/install/franka_bringup:/home/jiataoding/franco_ros2_franka_ws/install/franka_robot_state_broadcaster:/home/jiataoding/franco_ros2_franka_ws/install/franka_example_controllers:/home/jiataoding/franco_ros2_franka_ws/install/franka_semantic_components:/home/jiataoding/franco_ros2_franka_ws/install/franka_gazebo_bringup:/home/jiataoding/franco_ros2_franka_ws/install/franka_ign_ros2_control:/home/jiataoding/franco_ros2_franka_ws/install/franka_fr3_moveit_config:/home/jiataoding/franco_ros2_franka_ws/install/franka_hardware:/home/jiataoding/franco_ros2_franka_ws/install/franka_gripper:/home/jiataoding/franco_ros2_franka_ws/install/franka_msgs:/home/jiataoding/franco_ros2_franka_ws/install/franka_description:/home/jiataoding/franco_ros2_franka_ws/install/cartesian_impedance_controller:/home/jiataoding/franco_ros2_franka_ws/install/effort_controller_base:/home/jiataoding/franco_ros2_franka_ws/install/debug_msg:/opt/openrobots: /usr/bin/cmake --install /home/jiataoding/franco_ros2_franka_ws/src/build/franka_description
[0.542s] Level 1:colcon.colcon_core.environment:checking '/home/jiataoding/franco_ros2_franka_ws/src/install/franka_description' for CMake config files
[0.543s] Level 1:colcon.colcon_core.shell:create_environment_hook('franka_description', 'cmake_prefix_path')
[0.543s] INFO:colcon.colcon_core.shell:Creating environment hook '/home/jiataoding/franco_ros2_franka_ws/src/install/franka_description/share/franka_description/hook/cmake_prefix_path.ps1'
[0.544s] INFO:colcon.colcon_core.shell:Creating environment descriptor '/home/jiataoding/franco_ros2_franka_ws/src/install/franka_description/share/franka_description/hook/cmake_prefix_path.dsv'
[0.544s] INFO:colcon.colcon_core.shell:Creating environment hook '/home/jiataoding/franco_ros2_franka_ws/src/install/franka_description/share/franka_description/hook/cmake_prefix_path.sh'
[0.545s] Level 1:colcon.colcon_core.environment:checking '/home/jiataoding/franco_ros2_franka_ws/src/install/franka_description/bin'
[0.545s] Level 1:colcon.colcon_core.environment:checking '/home/jiataoding/franco_ros2_franka_ws/src/install/franka_description/lib/pkgconfig/franka_description.pc'
[0.545s] Level 1:colcon.colcon_core.environment:checking '/home/jiataoding/franco_ros2_franka_ws/src/install/franka_description/lib/python3.10/site-packages'
[0.546s] Level 1:colcon.colcon_core.environment:checking '/home/jiataoding/franco_ros2_franka_ws/src/install/franka_description/bin'
[0.546s] INFO:colcon.colcon_core.shell:Creating package script '/home/jiataoding/franco_ros2_franka_ws/src/install/franka_description/share/franka_description/package.ps1'
[0.547s] INFO:colcon.colcon_core.shell:Creating package descriptor '/home/jiataoding/franco_ros2_franka_ws/src/install/franka_description/share/franka_description/package.dsv'
[0.547s] INFO:colcon.colcon_core.shell:Creating package script '/home/jiataoding/franco_ros2_franka_ws/src/install/franka_description/share/franka_description/package.sh'
[0.547s] INFO:colcon.colcon_core.shell:Creating package script '/home/jiataoding/franco_ros2_franka_ws/src/install/franka_description/share/franka_description/package.bash'
[0.548s] INFO:colcon.colcon_core.shell:Creating package script '/home/jiataoding/franco_ros2_franka_ws/src/install/franka_description/share/franka_description/package.zsh'
[0.548s] Level 1:colcon.colcon_core.environment:create_file_with_runtime_dependencies(/home/jiataoding/franco_ros2_franka_ws/src/install/franka_description/share/colcon-core/packages/franka_description)
[0.549s] Level 1:colcon.colcon_core.environment:create_environment_scripts_only(franka_description)
[0.549s] Level 1:colcon.colcon_core.environment:checking '/home/jiataoding/franco_ros2_franka_ws/src/install/franka_description' for CMake module files
[0.550s] Level 1:colcon.colcon_core.environment:checking '/home/jiataoding/franco_ros2_franka_ws/src/install/franka_description' for CMake config files
[0.551s] Level 1:colcon.colcon_core.shell:create_environment_hook('franka_description', 'cmake_prefix_path')
[0.551s] INFO:colcon.colcon_core.shell:Creating environment hook '/home/jiataoding/franco_ros2_franka_ws/src/install/franka_description/share/franka_description/hook/cmake_prefix_path.ps1'
[0.551s] INFO:colcon.colcon_core.shell:Creating environment descriptor '/home/jiataoding/franco_ros2_franka_ws/src/install/franka_description/share/franka_description/hook/cmake_prefix_path.dsv'
[0.552s] INFO:colcon.colcon_core.shell:Creating environment hook '/home/jiataoding/franco_ros2_franka_ws/src/install/franka_description/share/franka_description/hook/cmake_prefix_path.sh'
[0.552s] Level 1:colcon.colcon_core.environment:checking '/home/jiataoding/franco_ros2_franka_ws/src/install/franka_description/bin'
[0.552s] Level 1:colcon.colcon_core.environment:checking '/home/jiataoding/franco_ros2_franka_ws/src/install/franka_description/lib/pkgconfig/franka_description.pc'
[0.552s] Level 1:colcon.colcon_core.environment:checking '/home/jiataoding/franco_ros2_franka_ws/src/install/franka_description/lib/python3.10/site-packages'
[0.552s] Level 1:colcon.colcon_core.environment:checking '/home/jiataoding/franco_ros2_franka_ws/src/install/franka_description/bin'
[0.553s] INFO:colcon.colcon_core.shell:Creating package script '/home/jiataoding/franco_ros2_franka_ws/src/install/franka_description/share/franka_description/package.ps1'
[0.553s] INFO:colcon.colcon_core.shell:Creating package descriptor '/home/jiataoding/franco_ros2_franka_ws/src/install/franka_description/share/franka_description/package.dsv'
[0.553s] INFO:colcon.colcon_core.shell:Creating package script '/home/jiataoding/franco_ros2_franka_ws/src/install/franka_description/share/franka_description/package.sh'
[0.554s] INFO:colcon.colcon_core.shell:Creating package script '/home/jiataoding/franco_ros2_franka_ws/src/install/franka_description/share/franka_description/package.bash'
[0.554s] INFO:colcon.colcon_core.shell:Creating package script '/home/jiataoding/franco_ros2_franka_ws/src/install/franka_description/share/franka_description/package.zsh'
[0.554s] Level 1:colcon.colcon_core.environment:create_file_with_runtime_dependencies(/home/jiataoding/franco_ros2_franka_ws/src/install/franka_description/share/colcon-core/packages/franka_description)
[0.556s] Level 1:colcon.colcon_core.shell:create_environment_hook('effort_controller_base', 'ros_package_path')
[0.557s] INFO:colcon.colcon_core.shell:Creating environment hook '/home/jiataoding/franco_ros2_franka_ws/src/install/effort_controller_base/share/effort_controller_base/hook/ros_package_path.ps1'
[0.557s] INFO:colcon.colcon_core.shell:Creating environment descriptor '/home/jiataoding/franco_ros2_franka_ws/src/install/effort_controller_base/share/effort_controller_base/hook/ros_package_path.dsv'
[0.558s] INFO:colcon.colcon_core.shell:Creating environment hook '/home/jiataoding/franco_ros2_franka_ws/src/install/effort_controller_base/share/effort_controller_base/hook/ros_package_path.sh'
[0.559s] Level 1:colcon.colcon_core.shell:create_environment_hook('effort_controller_base', 'pkg_config_path')
[0.559s] INFO:colcon.colcon_core.shell:Creating environment hook '/home/jiataoding/franco_ros2_franka_ws/src/install/effort_controller_base/share/effort_controller_base/hook/pkg_config_path.ps1'
[0.560s] INFO:colcon.colcon_core.shell:Creating environment descriptor '/home/jiataoding/franco_ros2_franka_ws/src/install/effort_controller_base/share/effort_controller_base/hook/pkg_config_path.dsv'
[0.560s] INFO:colcon.colcon_core.shell:Creating environment hook '/home/jiataoding/franco_ros2_franka_ws/src/install/effort_controller_base/share/effort_controller_base/hook/pkg_config_path.sh'
[0.562s] DEBUG:colcon.colcon_core.event_handler.log_command:Invoked command in '/home/jiataoding/franco_ros2_franka_ws/src/build/effort_controller_base' returned '0': /usr/bin/cmake --install /home/jiataoding/franco_ros2_franka_ws/src/build/effort_controller_base
[0.564s] Level 1:colcon.colcon_core.shell:create_environment_hook('effort_controller_base', 'pkg_config_path_multiarch')
[0.564s] INFO:colcon.colcon_core.shell:Creating environment hook '/home/jiataoding/franco_ros2_franka_ws/src/install/effort_controller_base/share/effort_controller_base/hook/pkg_config_path_multiarch.ps1'
[0.564s] INFO:colcon.colcon_core.shell:Creating environment descriptor '/home/jiataoding/franco_ros2_franka_ws/src/install/effort_controller_base/share/effort_controller_base/hook/pkg_config_path_multiarch.dsv'
[0.565s] INFO:colcon.colcon_core.shell:Creating environment hook '/home/jiataoding/franco_ros2_franka_ws/src/install/effort_controller_base/share/effort_controller_base/hook/pkg_config_path_multiarch.sh'
[0.566s] Level 1:colcon.colcon_core.environment:create_environment_scripts_only(effort_controller_base)
[0.566s] Level 1:colcon.colcon_core.environment:checking '/home/jiataoding/franco_ros2_franka_ws/src/install/effort_controller_base' for CMake module files
[0.566s] Level 1:colcon.colcon_core.environment:checking '/home/jiataoding/franco_ros2_franka_ws/src/install/effort_controller_base' for CMake config files
[0.567s] Level 1:colcon.colcon_core.shell:create_environment_hook('effort_controller_base', 'cmake_prefix_path')
[0.567s] INFO:colcon.colcon_core.shell:Creating environment hook '/home/jiataoding/franco_ros2_franka_ws/src/install/effort_controller_base/share/effort_controller_base/hook/cmake_prefix_path.ps1'
[0.567s] INFO:colcon.colcon_core.shell:Creating environment descriptor '/home/jiataoding/franco_ros2_franka_ws/src/install/effort_controller_base/share/effort_controller_base/hook/cmake_prefix_path.dsv'
[0.567s] INFO:colcon.colcon_core.shell:Creating environment hook '/home/jiataoding/franco_ros2_franka_ws/src/install/effort_controller_base/share/effort_controller_base/hook/cmake_prefix_path.sh'
[0.568s] Level 1:colcon.colcon_core.environment:checking '/home/jiataoding/franco_ros2_franka_ws/src/install/effort_controller_base/lib'
[0.568s] Level 1:colcon.colcon_core.shell:create_environment_hook('effort_controller_base', 'ld_library_path_lib')
[0.568s] INFO:colcon.colcon_core.shell:Creating environment hook '/home/jiataoding/franco_ros2_franka_ws/src/install/effort_controller_base/share/effort_controller_base/hook/ld_library_path_lib.ps1'
[0.568s] INFO:colcon.colcon_core.shell:Creating environment descriptor '/home/jiataoding/franco_ros2_franka_ws/src/install/effort_controller_base/share/effort_controller_base/hook/ld_library_path_lib.dsv'
[0.569s] INFO:colcon.colcon_core.shell:Creating environment hook '/home/jiataoding/franco_ros2_franka_ws/src/install/effort_controller_base/share/effort_controller_base/hook/ld_library_path_lib.sh'
[0.569s] Level 1:colcon.colcon_core.environment:checking '/home/jiataoding/franco_ros2_franka_ws/src/install/effort_controller_base/bin'
[0.569s] Level 1:colcon.colcon_core.environment:checking '/home/jiataoding/franco_ros2_franka_ws/src/install/effort_controller_base/lib/pkgconfig/effort_controller_base.pc'
[0.569s] Level 1:colcon.colcon_core.environment:checking '/home/jiataoding/franco_ros2_franka_ws/src/install/effort_controller_base/lib/python3.10/site-packages'
[0.569s] Level 1:colcon.colcon_core.environment:checking '/home/jiataoding/franco_ros2_franka_ws/src/install/effort_controller_base/bin'
[0.570s] INFO:colcon.colcon_core.shell:Creating package script '/home/jiataoding/franco_ros2_franka_ws/src/install/effort_controller_base/share/effort_controller_base/package.ps1'
[0.570s] INFO:colcon.colcon_core.shell:Creating package descriptor '/home/jiataoding/franco_ros2_franka_ws/src/install/effort_controller_base/share/effort_controller_base/package.dsv'
[0.570s] INFO:colcon.colcon_core.shell:Creating package script '/home/jiataoding/franco_ros2_franka_ws/src/install/effort_controller_base/share/effort_controller_base/package.sh'
[0.571s] INFO:colcon.colcon_core.shell:Creating package script '/home/jiataoding/franco_ros2_franka_ws/src/install/effort_controller_base/share/effort_controller_base/package.bash'
[0.571s] INFO:colcon.colcon_core.shell:Creating package script '/home/jiataoding/franco_ros2_franka_ws/src/install/effort_controller_base/share/effort_controller_base/package.zsh'
[0.571s] Level 1:colcon.colcon_core.environment:create_file_with_runtime_dependencies(/home/jiataoding/franco_ros2_franka_ws/src/install/effort_controller_base/share/colcon-core/packages/effort_controller_base)
[0.572s] Level 1:colcon.colcon_core.environment:create_environment_scripts_only(franka_task_pipeline)
[0.572s] Level 1:colcon.colcon_core.environment:checking '/home/jiataoding/franco_ros2_franka_ws/src/install/franka_task_pipeline' for CMake module files
[0.573s] DEBUG:colcon.colcon_core.event_handler.log_command:Invoked command in '/home/jiataoding/franco_ros2_franka_ws/src/build/franka_task_pipeline' returned '0': CMAKE_PREFIX_PATH=/home/jiataoding/franco_ros2_franka_ws/src/install/joint_impedance_controller:/home/jiataoding/franco_ros2_franka_ws/src/install/integration_launch_testing:/home/jiataoding/franco_ros2_franka_ws/src/install/idra_franka_launch:/home/jiataoding/franco_ros2_franka_ws/src/install/gravity_compensation:/home/jiataoding/franco_ros2_franka_ws/src/install/franka_task_pipeline:/home/jiataoding/franco_ros2_franka_ws/src/install/franka_ros2:/home/jiataoding/franco_ros2_franka_ws/src/install/franka_bringup:/home/jiataoding/franco_ros2_franka_ws/src/install/franka_robot_state_broadcaster:/home/jiataoding/franco_ros2_franka_ws/src/install/franka_example_controllers:/home/jiataoding/franco_ros2_franka_ws/src/install/franka_semantic_components:/home/jiataoding/franco_ros2_franka_ws/src/install/franka_gazebo_bringup:/home/jiataoding/franco_ros2_franka_ws/src/install/franka_ign_ros2_control:/home/jiataoding/franco_ros2_franka_ws/src/install/franka_fr3_moveit_config:/home/jiataoding/franco_ros2_franka_ws/src/install/franka_hardware:/home/jiataoding/franco_ros2_franka_ws/src/install/franka_gripper:/home/jiataoding/franco_ros2_franka_ws/src/install/franka_msgs:/home/jiataoding/franco_ros2_franka_ws/src/install/franka_description:/home/jiataoding/franco_ros2_franka_ws/src/install/cartesian_impedance_controller:/opt/ros/humble:/home/jiataoding/franco_ros2_franka_ws/src/install/effort_controller_base:/home/jiataoding/franco_ros2_franka_ws/src/install/debug_msg:/home/jiataoding/ros2_franka_ws/install/joint_impedance_controller:/home/jiataoding/ros2_franka_ws/install/integration_launch_testing:/home/jiataoding/ros2_franka_ws/install/idra_franka_launch:/home/jiataoding/ros2_franka_ws/install/gravity_compensation:/home/jiataoding/ros2_franka_ws/install/franka_task_pipeline:/home/jiataoding/ros2_franka_ws/install/franka_ros2:/home/jiataoding/ros2_franka_ws/install/franka_bringup:/home/jiataoding/ros2_franka_ws/install/franka_robot_state_broadcaster:/home/jiataoding/ros2_franka_ws/install/franka_example_controllers:/home/jiataoding/ros2_franka_ws/install/franka_semantic_components:/home/jiataoding/ros2_franka_ws/install/franka_gazebo_bringup:/home/jiataoding/ros2_franka_ws/install/franka_ign_ros2_control:/home/jiataoding/ros2_franka_ws/install/franka_fr3_moveit_config:/home/jiataoding/ros2_franka_ws/install/franka_hardware:/home/jiataoding/ros2_franka_ws/install/franka_gripper:/home/jiataoding/ros2_franka_ws/install/franka_msgs:/home/jiataoding/ros2_franka_ws/install/franka_description:/home/jiataoding/ros2_franka_ws/install/cartesian_impedance_controller:/home/jiataoding/ros2_franka_ws/install/effort_controller_base:/home/jiataoding/ros2_franka_ws/install/debug_msg:/home/jiataoding/franco_ros2_franka_ws/install/joint_impedance_controller:/home/jiataoding/franco_ros2_franka_ws/install/integration_launch_testing:/home/jiataoding/franco_ros2_franka_ws/install/idra_franka_launch:/home/jiataoding/franco_ros2_franka_ws/install/gravity_compensation:/home/jiataoding/franco_ros2_franka_ws/install/franka_task_pipeline:/home/jiataoding/franco_ros2_franka_ws/install/franka_ros2:/home/jiataoding/franco_ros2_franka_ws/install/franka_bringup:/home/jiataoding/franco_ros2_franka_ws/install/franka_robot_state_broadcaster:/home/jiataoding/franco_ros2_franka_ws/install/franka_example_controllers:/home/jiataoding/franco_ros2_franka_ws/install/franka_semantic_components:/home/jiataoding/franco_ros2_franka_ws/install/franka_gazebo_bringup:/home/jiataoding/franco_ros2_franka_ws/install/franka_ign_ros2_control:/home/jiataoding/franco_ros2_franka_ws/install/franka_fr3_moveit_config:/home/jiataoding/franco_ros2_franka_ws/install/franka_hardware:/home/jiataoding/franco_ros2_franka_ws/install/franka_gripper:/home/jiataoding/franco_ros2_franka_ws/install/franka_msgs:/home/jiataoding/franco_ros2_franka_ws/install/franka_description:/home/jiataoding/franco_ros2_franka_ws/install/cartesian_impedance_controller:/home/jiataoding/franco_ros2_franka_ws/install/effort_controller_base:/home/jiataoding/franco_ros2_franka_ws/install/debug_msg:/opt/openrobots: /usr/bin/cmake --install /home/jiataoding/franco_ros2_franka_ws/src/build/franka_task_pipeline
[0.573s] Level 1:colcon.colcon_core.environment:checking '/home/jiataoding/franco_ros2_franka_ws/src/install/franka_task_pipeline' for CMake config files
[0.573s] Level 1:colcon.colcon_core.shell:create_environment_hook('franka_task_pipeline', 'cmake_prefix_path')
[0.573s] INFO:colcon.colcon_core.shell:Creating environment hook '/home/jiataoding/franco_ros2_franka_ws/src/install/franka_task_pipeline/share/franka_task_pipeline/hook/cmake_prefix_path.ps1'
[0.574s] INFO:colcon.colcon_core.shell:Creating environment descriptor '/home/jiataoding/franco_ros2_franka_ws/src/install/franka_task_pipeline/share/franka_task_pipeline/hook/cmake_prefix_path.dsv'
[0.574s] INFO:colcon.colcon_core.shell:Creating environment hook '/home/jiataoding/franco_ros2_franka_ws/src/install/franka_task_pipeline/share/franka_task_pipeline/hook/cmake_prefix_path.sh'
[0.575s] Level 1:colcon.colcon_core.environment:checking '/home/jiataoding/franco_ros2_franka_ws/src/install/franka_task_pipeline/lib'
[0.575s] Level 1:colcon.colcon_core.environment:checking '/home/jiataoding/franco_ros2_franka_ws/src/install/franka_task_pipeline/bin'
[0.575s] Level 1:colcon.colcon_core.environment:checking '/home/jiataoding/franco_ros2_franka_ws/src/install/franka_task_pipeline/lib/pkgconfig/franka_task_pipeline.pc'
[0.575s] Level 1:colcon.colcon_core.environment:checking '/home/jiataoding/franco_ros2_franka_ws/src/install/franka_task_pipeline/lib/python3.10/site-packages'
[0.575s] Level 1:colcon.colcon_core.environment:checking '/home/jiataoding/franco_ros2_franka_ws/src/install/franka_task_pipeline/bin'
[0.576s] INFO:colcon.colcon_core.shell:Creating package script '/home/jiataoding/franco_ros2_franka_ws/src/install/franka_task_pipeline/share/franka_task_pipeline/package.ps1'
[0.576s] INFO:colcon.colcon_core.shell:Creating package descriptor '/home/jiataoding/franco_ros2_franka_ws/src/install/franka_task_pipeline/share/franka_task_pipeline/package.dsv'
[0.576s] INFO:colcon.colcon_core.shell:Creating package script '/home/jiataoding/franco_ros2_franka_ws/src/install/franka_task_pipeline/share/franka_task_pipeline/package.sh'
[0.577s] INFO:colcon.colcon_core.shell:Creating package script '/home/jiataoding/franco_ros2_franka_ws/src/install/franka_task_pipeline/share/franka_task_pipeline/package.bash'
[0.577s] INFO:colcon.colcon_core.shell:Creating package script '/home/jiataoding/franco_ros2_franka_ws/src/install/franka_task_pipeline/share/franka_task_pipeline/package.zsh'
[0.577s] Level 1:colcon.colcon_core.environment:create_file_with_runtime_dependencies(/home/jiataoding/franco_ros2_franka_ws/src/install/franka_task_pipeline/share/colcon-core/packages/franka_task_pipeline)
[0.578s] Level 1:colcon.colcon_core.environment:create_environment_scripts_only(franka_task_pipeline)
[0.578s] Level 1:colcon.colcon_core.environment:checking '/home/jiataoding/franco_ros2_franka_ws/src/install/franka_task_pipeline' for CMake module files
[0.578s] Level 1:colcon.colcon_core.environment:checking '/home/jiataoding/franco_ros2_franka_ws/src/install/franka_task_pipeline' for CMake config files
[0.579s] Level 1:colcon.colcon_core.shell:create_environment_hook('franka_task_pipeline', 'cmake_prefix_path')
[0.579s] INFO:colcon.colcon_core.shell:Creating environment hook '/home/jiataoding/franco_ros2_franka_ws/src/install/franka_task_pipeline/share/franka_task_pipeline/hook/cmake_prefix_path.ps1'
[0.579s] INFO:colcon.colcon_core.shell:Creating environment descriptor '/home/jiataoding/franco_ros2_franka_ws/src/install/franka_task_pipeline/share/franka_task_pipeline/hook/cmake_prefix_path.dsv'
[0.580s] INFO:colcon.colcon_core.shell:Creating environment hook '/home/jiataoding/franco_ros2_franka_ws/src/install/franka_task_pipeline/share/franka_task_pipeline/hook/cmake_prefix_path.sh'
[0.580s] Level 1:colcon.colcon_core.environment:checking '/home/jiataoding/franco_ros2_franka_ws/src/install/franka_task_pipeline/lib'
[0.580s] Level 1:colcon.colcon_core.environment:checking '/home/jiataoding/franco_ros2_franka_ws/src/install/franka_task_pipeline/bin'
[0.580s] Level 1:colcon.colcon_core.environment:checking '/home/jiataoding/franco_ros2_franka_ws/src/install/franka_task_pipeline/lib/pkgconfig/franka_task_pipeline.pc'
[0.580s] Level 1:colcon.colcon_core.environment:checking '/home/jiataoding/franco_ros2_franka_ws/src/install/franka_task_pipeline/lib/python3.10/site-packages'
[0.581s] Level 1:colcon.colcon_core.environment:checking '/home/jiataoding/franco_ros2_franka_ws/src/install/franka_task_pipeline/bin'
[0.581s] INFO:colcon.colcon_core.shell:Creating package script '/home/jiataoding/franco_ros2_franka_ws/src/install/franka_task_pipeline/share/franka_task_pipeline/package.ps1'
[0.581s] INFO:colcon.colcon_core.shell:Creating package descriptor '/home/jiataoding/franco_ros2_franka_ws/src/install/franka_task_pipeline/share/franka_task_pipeline/package.dsv'
[0.582s] INFO:colcon.colcon_core.shell:Creating package script '/home/jiataoding/franco_ros2_franka_ws/src/install/franka_task_pipeline/share/franka_task_pipeline/package.sh'
[0.583s] INFO:colcon.colcon_core.shell:Creating package script '/home/jiataoding/franco_ros2_franka_ws/src/install/franka_task_pipeline/share/franka_task_pipeline/package.bash'
[0.583s] INFO:colcon.colcon_core.shell:Creating package script '/home/jiataoding/franco_ros2_franka_ws/src/install/franka_task_pipeline/share/franka_task_pipeline/package.zsh'
[0.583s] Level 1:colcon.colcon_core.environment:create_file_with_runtime_dependencies(/home/jiataoding/franco_ros2_franka_ws/src/install/franka_task_pipeline/share/colcon-core/packages/franka_task_pipeline)
[0.801s] DEBUG:colcon.colcon_core.event_handler.log_command:Invoked command in '/home/jiataoding/franco_ros2_franka_ws/src/build/debug_msg' returned '0': CMAKE_PREFIX_PATH=/home/jiataoding/franco_ros2_franka_ws/src/install/joint_impedance_controller:/home/jiataoding/franco_ros2_franka_ws/src/install/integration_launch_testing:/home/jiataoding/franco_ros2_franka_ws/src/install/idra_franka_launch:/home/jiataoding/franco_ros2_franka_ws/src/install/gravity_compensation:/home/jiataoding/franco_ros2_franka_ws/src/install/franka_task_pipeline:/home/jiataoding/franco_ros2_franka_ws/src/install/franka_ros2:/home/jiataoding/franco_ros2_franka_ws/src/install/franka_bringup:/home/jiataoding/franco_ros2_franka_ws/src/install/franka_robot_state_broadcaster:/home/jiataoding/franco_ros2_franka_ws/src/install/franka_example_controllers:/home/jiataoding/franco_ros2_franka_ws/src/install/franka_semantic_components:/home/jiataoding/franco_ros2_franka_ws/src/install/franka_gazebo_bringup:/home/jiataoding/franco_ros2_franka_ws/src/install/franka_ign_ros2_control:/home/jiataoding/franco_ros2_franka_ws/src/install/franka_fr3_moveit_config:/home/jiataoding/franco_ros2_franka_ws/src/install/franka_hardware:/home/jiataoding/franco_ros2_franka_ws/src/install/franka_gripper:/home/jiataoding/franco_ros2_franka_ws/src/install/franka_msgs:/home/jiataoding/franco_ros2_franka_ws/src/install/franka_description:/home/jiataoding/franco_ros2_franka_ws/src/install/cartesian_impedance_controller:/opt/ros/humble:/home/jiataoding/franco_ros2_franka_ws/src/install/effort_controller_base:/home/jiataoding/franco_ros2_franka_ws/src/install/debug_msg:/home/jiataoding/ros2_franka_ws/install/joint_impedance_controller:/home/jiataoding/ros2_franka_ws/install/integration_launch_testing:/home/jiataoding/ros2_franka_ws/install/idra_franka_launch:/home/jiataoding/ros2_franka_ws/install/gravity_compensation:/home/jiataoding/ros2_franka_ws/install/franka_task_pipeline:/home/jiataoding/ros2_franka_ws/install/franka_ros2:/home/jiataoding/ros2_franka_ws/install/franka_bringup:/home/jiataoding/ros2_franka_ws/install/franka_robot_state_broadcaster:/home/jiataoding/ros2_franka_ws/install/franka_example_controllers:/home/jiataoding/ros2_franka_ws/install/franka_semantic_components:/home/jiataoding/ros2_franka_ws/install/franka_gazebo_bringup:/home/jiataoding/ros2_franka_ws/install/franka_ign_ros2_control:/home/jiataoding/ros2_franka_ws/install/franka_fr3_moveit_config:/home/jiataoding/ros2_franka_ws/install/franka_hardware:/home/jiataoding/ros2_franka_ws/install/franka_gripper:/home/jiataoding/ros2_franka_ws/install/franka_msgs:/home/jiataoding/ros2_franka_ws/install/franka_description:/home/jiataoding/ros2_franka_ws/install/cartesian_impedance_controller:/home/jiataoding/ros2_franka_ws/install/effort_controller_base:/home/jiataoding/ros2_franka_ws/install/debug_msg:/home/jiataoding/franco_ros2_franka_ws/install/joint_impedance_controller:/home/jiataoding/franco_ros2_franka_ws/install/integration_launch_testing:/home/jiataoding/franco_ros2_franka_ws/install/idra_franka_launch:/home/jiataoding/franco_ros2_franka_ws/install/gravity_compensation:/home/jiataoding/franco_ros2_franka_ws/install/franka_task_pipeline:/home/jiataoding/franco_ros2_franka_ws/install/franka_ros2:/home/jiataoding/franco_ros2_franka_ws/install/franka_bringup:/home/jiataoding/franco_ros2_franka_ws/install/franka_robot_state_broadcaster:/home/jiataoding/franco_ros2_franka_ws/install/franka_example_controllers:/home/jiataoding/franco_ros2_franka_ws/install/franka_semantic_components:/home/jiataoding/franco_ros2_franka_ws/install/franka_gazebo_bringup:/home/jiataoding/franco_ros2_franka_ws/install/franka_ign_ros2_control:/home/jiataoding/franco_ros2_franka_ws/install/franka_fr3_moveit_config:/home/jiataoding/franco_ros2_franka_ws/install/franka_hardware:/home/jiataoding/franco_ros2_franka_ws/install/franka_gripper:/home/jiataoding/franco_ros2_franka_ws/install/franka_msgs:/home/jiataoding/franco_ros2_franka_ws/install/franka_description:/home/jiataoding/franco_ros2_franka_ws/install/cartesian_impedance_controller:/home/jiataoding/franco_ros2_franka_ws/install/effort_controller_base:/home/jiataoding/franco_ros2_franka_ws/install/debug_msg:/opt/openrobots: /usr/bin/cmake --build /home/jiataoding/franco_ros2_franka_ws/src/build/debug_msg -- -j24 -l24
[0.803s] DEBUG:colcon.colcon_core.event_handler.log_command:Invoking command in '/home/jiataoding/franco_ros2_franka_ws/src/build/debug_msg': CMAKE_PREFIX_PATH=/home/jiataoding/franco_ros2_franka_ws/src/install/joint_impedance_controller:/home/jiataoding/franco_ros2_franka_ws/src/install/integration_launch_testing:/home/jiataoding/franco_ros2_franka_ws/src/install/idra_franka_launch:/home/jiataoding/franco_ros2_franka_ws/src/install/gravity_compensation:/home/jiataoding/franco_ros2_franka_ws/src/install/franka_task_pipeline:/home/jiataoding/franco_ros2_franka_ws/src/install/franka_ros2:/home/jiataoding/franco_ros2_franka_ws/src/install/franka_bringup:/home/jiataoding/franco_ros2_franka_ws/src/install/franka_robot_state_broadcaster:/home/jiataoding/franco_ros2_franka_ws/src/install/franka_example_controllers:/home/jiataoding/franco_ros2_franka_ws/src/install/franka_semantic_components:/home/jiataoding/franco_ros2_franka_ws/src/install/franka_gazebo_bringup:/home/jiataoding/franco_ros2_franka_ws/src/install/franka_ign_ros2_control:/home/jiataoding/franco_ros2_franka_ws/src/install/franka_fr3_moveit_config:/home/jiataoding/franco_ros2_franka_ws/src/install/franka_hardware:/home/jiataoding/franco_ros2_franka_ws/src/install/franka_gripper:/home/jiataoding/franco_ros2_franka_ws/src/install/franka_msgs:/home/jiataoding/franco_ros2_franka_ws/src/install/franka_description:/home/jiataoding/franco_ros2_franka_ws/src/install/cartesian_impedance_controller:/opt/ros/humble:/home/jiataoding/franco_ros2_franka_ws/src/install/effort_controller_base:/home/jiataoding/franco_ros2_franka_ws/src/install/debug_msg:/home/jiataoding/ros2_franka_ws/install/joint_impedance_controller:/home/jiataoding/ros2_franka_ws/install/integration_launch_testing:/home/jiataoding/ros2_franka_ws/install/idra_franka_launch:/home/jiataoding/ros2_franka_ws/install/gravity_compensation:/home/jiataoding/ros2_franka_ws/install/franka_task_pipeline:/home/jiataoding/ros2_franka_ws/install/franka_ros2:/home/jiataoding/ros2_franka_ws/install/franka_bringup:/home/jiataoding/ros2_franka_ws/install/franka_robot_state_broadcaster:/home/jiataoding/ros2_franka_ws/install/franka_example_controllers:/home/jiataoding/ros2_franka_ws/install/franka_semantic_components:/home/jiataoding/ros2_franka_ws/install/franka_gazebo_bringup:/home/jiataoding/ros2_franka_ws/install/franka_ign_ros2_control:/home/jiataoding/ros2_franka_ws/install/franka_fr3_moveit_config:/home/jiataoding/ros2_franka_ws/install/franka_hardware:/home/jiataoding/ros2_franka_ws/install/franka_gripper:/home/jiataoding/ros2_franka_ws/install/franka_msgs:/home/jiataoding/ros2_franka_ws/install/franka_description:/home/jiataoding/ros2_franka_ws/install/cartesian_impedance_controller:/home/jiataoding/ros2_franka_ws/install/effort_controller_base:/home/jiataoding/ros2_franka_ws/install/debug_msg:/home/jiataoding/franco_ros2_franka_ws/install/joint_impedance_controller:/home/jiataoding/franco_ros2_franka_ws/install/integration_launch_testing:/home/jiataoding/franco_ros2_franka_ws/install/idra_franka_launch:/home/jiataoding/franco_ros2_franka_ws/install/gravity_compensation:/home/jiataoding/franco_ros2_franka_ws/install/franka_task_pipeline:/home/jiataoding/franco_ros2_franka_ws/install/franka_ros2:/home/jiataoding/franco_ros2_franka_ws/install/franka_bringup:/home/jiataoding/franco_ros2_franka_ws/install/franka_robot_state_broadcaster:/home/jiataoding/franco_ros2_franka_ws/install/franka_example_controllers:/home/jiataoding/franco_ros2_franka_ws/install/franka_semantic_components:/home/jiataoding/franco_ros2_franka_ws/install/franka_gazebo_bringup:/home/jiataoding/franco_ros2_franka_ws/install/franka_ign_ros2_control:/home/jiataoding/franco_ros2_franka_ws/install/franka_fr3_moveit_config:/home/jiataoding/franco_ros2_franka_ws/install/franka_hardware:/home/jiataoding/franco_ros2_franka_ws/install/franka_gripper:/home/jiataoding/franco_ros2_franka_ws/install/franka_msgs:/home/jiataoding/franco_ros2_franka_ws/install/franka_description:/home/jiataoding/franco_ros2_franka_ws/install/cartesian_impedance_controller:/home/jiataoding/franco_ros2_franka_ws/install/effort_controller_base:/home/jiataoding/franco_ros2_franka_ws/install/debug_msg:/opt/openrobots: /usr/bin/cmake --install /home/jiataoding/franco_ros2_franka_ws/src/build/debug_msg
[0.809s] DEBUG:colcon.colcon_core.event_handler.log_command:Invoked command in '/home/jiataoding/franco_ros2_franka_ws/src/build/franka_msgs' returned '0': CMAKE_PREFIX_PATH=/home/jiataoding/franco_ros2_franka_ws/src/install/joint_impedance_controller:/home/jiataoding/franco_ros2_franka_ws/src/install/integration_launch_testing:/home/jiataoding/franco_ros2_franka_ws/src/install/idra_franka_launch:/home/jiataoding/franco_ros2_franka_ws/src/install/gravity_compensation:/home/jiataoding/franco_ros2_franka_ws/src/install/franka_task_pipeline:/home/jiataoding/franco_ros2_franka_ws/src/install/franka_ros2:/home/jiataoding/franco_ros2_franka_ws/src/install/franka_bringup:/home/jiataoding/franco_ros2_franka_ws/src/install/franka_robot_state_broadcaster:/home/jiataoding/franco_ros2_franka_ws/src/install/franka_example_controllers:/home/jiataoding/franco_ros2_franka_ws/src/install/franka_semantic_components:/home/jiataoding/franco_ros2_franka_ws/src/install/franka_gazebo_bringup:/home/jiataoding/franco_ros2_franka_ws/src/install/franka_ign_ros2_control:/home/jiataoding/franco_ros2_franka_ws/src/install/franka_fr3_moveit_config:/home/jiataoding/franco_ros2_franka_ws/src/install/franka_hardware:/home/jiataoding/franco_ros2_franka_ws/src/install/franka_gripper:/home/jiataoding/franco_ros2_franka_ws/src/install/franka_msgs:/home/jiataoding/franco_ros2_franka_ws/src/install/franka_description:/home/jiataoding/franco_ros2_franka_ws/src/install/cartesian_impedance_controller:/opt/ros/humble:/home/jiataoding/franco_ros2_franka_ws/src/install/effort_controller_base:/home/jiataoding/franco_ros2_franka_ws/src/install/debug_msg:/home/jiataoding/ros2_franka_ws/install/joint_impedance_controller:/home/jiataoding/ros2_franka_ws/install/integration_launch_testing:/home/jiataoding/ros2_franka_ws/install/idra_franka_launch:/home/jiataoding/ros2_franka_ws/install/gravity_compensation:/home/jiataoding/ros2_franka_ws/install/franka_task_pipeline:/home/jiataoding/ros2_franka_ws/install/franka_ros2:/home/jiataoding/ros2_franka_ws/install/franka_bringup:/home/jiataoding/ros2_franka_ws/install/franka_robot_state_broadcaster:/home/jiataoding/ros2_franka_ws/install/franka_example_controllers:/home/jiataoding/ros2_franka_ws/install/franka_semantic_components:/home/jiataoding/ros2_franka_ws/install/franka_gazebo_bringup:/home/jiataoding/ros2_franka_ws/install/franka_ign_ros2_control:/home/jiataoding/ros2_franka_ws/install/franka_fr3_moveit_config:/home/jiataoding/ros2_franka_ws/install/franka_hardware:/home/jiataoding/ros2_franka_ws/install/franka_gripper:/home/jiataoding/ros2_franka_ws/install/franka_msgs:/home/jiataoding/ros2_franka_ws/install/franka_description:/home/jiataoding/ros2_franka_ws/install/cartesian_impedance_controller:/home/jiataoding/ros2_franka_ws/install/effort_controller_base:/home/jiataoding/ros2_franka_ws/install/debug_msg:/home/jiataoding/franco_ros2_franka_ws/install/joint_impedance_controller:/home/jiataoding/franco_ros2_franka_ws/install/integration_launch_testing:/home/jiataoding/franco_ros2_franka_ws/install/idra_franka_launch:/home/jiataoding/franco_ros2_franka_ws/install/gravity_compensation:/home/jiataoding/franco_ros2_franka_ws/install/franka_task_pipeline:/home/jiataoding/franco_ros2_franka_ws/install/franka_ros2:/home/jiataoding/franco_ros2_franka_ws/install/franka_bringup:/home/jiataoding/franco_ros2_franka_ws/install/franka_robot_state_broadcaster:/home/jiataoding/franco_ros2_franka_ws/install/franka_example_controllers:/home/jiataoding/franco_ros2_franka_ws/install/franka_semantic_components:/home/jiataoding/franco_ros2_franka_ws/install/franka_gazebo_bringup:/home/jiataoding/franco_ros2_franka_ws/install/franka_ign_ros2_control:/home/jiataoding/franco_ros2_franka_ws/install/franka_fr3_moveit_config:/home/jiataoding/franco_ros2_franka_ws/install/franka_hardware:/home/jiataoding/franco_ros2_franka_ws/install/franka_gripper:/home/jiataoding/franco_ros2_franka_ws/install/franka_msgs:/home/jiataoding/franco_ros2_franka_ws/install/franka_description:/home/jiataoding/franco_ros2_franka_ws/install/cartesian_impedance_controller:/home/jiataoding/franco_ros2_franka_ws/install/effort_controller_base:/home/jiataoding/franco_ros2_franka_ws/install/debug_msg:/opt/openrobots: /usr/bin/cmake --build /home/jiataoding/franco_ros2_franka_ws/src/build/franka_msgs -- -j24 -l24
[0.811s] DEBUG:colcon.colcon_core.event_handler.log_command:Invoking command in '/home/jiataoding/franco_ros2_franka_ws/src/build/franka_msgs': CMAKE_PREFIX_PATH=/home/jiataoding/franco_ros2_franka_ws/src/install/joint_impedance_controller:/home/jiataoding/franco_ros2_franka_ws/src/install/integration_launch_testing:/home/jiataoding/franco_ros2_franka_ws/src/install/idra_franka_launch:/home/jiataoding/franco_ros2_franka_ws/src/install/gravity_compensation:/home/jiataoding/franco_ros2_franka_ws/src/install/franka_task_pipeline:/home/jiataoding/franco_ros2_franka_ws/src/install/franka_ros2:/home/jiataoding/franco_ros2_franka_ws/src/install/franka_bringup:/home/jiataoding/franco_ros2_franka_ws/src/install/franka_robot_state_broadcaster:/home/jiataoding/franco_ros2_franka_ws/src/install/franka_example_controllers:/home/jiataoding/franco_ros2_franka_ws/src/install/franka_semantic_components:/home/jiataoding/franco_ros2_franka_ws/src/install/franka_gazebo_bringup:/home/jiataoding/franco_ros2_franka_ws/src/install/franka_ign_ros2_control:/home/jiataoding/franco_ros2_franka_ws/src/install/franka_fr3_moveit_config:/home/jiataoding/franco_ros2_franka_ws/src/install/franka_hardware:/home/jiataoding/franco_ros2_franka_ws/src/install/franka_gripper:/home/jiataoding/franco_ros2_franka_ws/src/install/franka_msgs:/home/jiataoding/franco_ros2_franka_ws/src/install/franka_description:/home/jiataoding/franco_ros2_franka_ws/src/install/cartesian_impedance_controller:/opt/ros/humble:/home/jiataoding/franco_ros2_franka_ws/src/install/effort_controller_base:/home/jiataoding/franco_ros2_franka_ws/src/install/debug_msg:/home/jiataoding/ros2_franka_ws/install/joint_impedance_controller:/home/jiataoding/ros2_franka_ws/install/integration_launch_testing:/home/jiataoding/ros2_franka_ws/install/idra_franka_launch:/home/jiataoding/ros2_franka_ws/install/gravity_compensation:/home/jiataoding/ros2_franka_ws/install/franka_task_pipeline:/home/jiataoding/ros2_franka_ws/install/franka_ros2:/home/jiataoding/ros2_franka_ws/install/franka_bringup:/home/jiataoding/ros2_franka_ws/install/franka_robot_state_broadcaster:/home/jiataoding/ros2_franka_ws/install/franka_example_controllers:/home/jiataoding/ros2_franka_ws/install/franka_semantic_components:/home/jiataoding/ros2_franka_ws/install/franka_gazebo_bringup:/home/jiataoding/ros2_franka_ws/install/franka_ign_ros2_control:/home/jiataoding/ros2_franka_ws/install/franka_fr3_moveit_config:/home/jiataoding/ros2_franka_ws/install/franka_hardware:/home/jiataoding/ros2_franka_ws/install/franka_gripper:/home/jiataoding/ros2_franka_ws/install/franka_msgs:/home/jiataoding/ros2_franka_ws/install/franka_description:/home/jiataoding/ros2_franka_ws/install/cartesian_impedance_controller:/home/jiataoding/ros2_franka_ws/install/effort_controller_base:/home/jiataoding/ros2_franka_ws/install/debug_msg:/home/jiataoding/franco_ros2_franka_ws/install/joint_impedance_controller:/home/jiataoding/franco_ros2_franka_ws/install/integration_launch_testing:/home/jiataoding/franco_ros2_franka_ws/install/idra_franka_launch:/home/jiataoding/franco_ros2_franka_ws/install/gravity_compensation:/home/jiataoding/franco_ros2_franka_ws/install/franka_task_pipeline:/home/jiataoding/franco_ros2_franka_ws/install/franka_ros2:/home/jiataoding/franco_ros2_franka_ws/install/franka_bringup:/home/jiataoding/franco_ros2_franka_ws/install/franka_robot_state_broadcaster:/home/jiataoding/franco_ros2_franka_ws/install/franka_example_controllers:/home/jiataoding/franco_ros2_franka_ws/install/franka_semantic_components:/home/jiataoding/franco_ros2_franka_ws/install/franka_gazebo_bringup:/home/jiataoding/franco_ros2_franka_ws/install/franka_ign_ros2_control:/home/jiataoding/franco_ros2_franka_ws/install/franka_fr3_moveit_config:/home/jiataoding/franco_ros2_franka_ws/install/franka_hardware:/home/jiataoding/franco_ros2_franka_ws/install/franka_gripper:/home/jiataoding/franco_ros2_franka_ws/install/franka_msgs:/home/jiataoding/franco_ros2_franka_ws/install/franka_description:/home/jiataoding/franco_ros2_franka_ws/install/cartesian_impedance_controller:/home/jiataoding/franco_ros2_franka_ws/install/effort_controller_base:/home/jiataoding/franco_ros2_franka_ws/install/debug_msg:/opt/openrobots: /usr/bin/cmake --install /home/jiataoding/franco_ros2_franka_ws/src/build/franka_msgs
[0.897s] Level 1:colcon.colcon_core.environment:create_environment_scripts_only(debug_msg)
[0.897s] Level 1:colcon.colcon_core.environment:checking '/home/jiataoding/franco_ros2_franka_ws/src/install/debug_msg' for CMake module files
[0.898s] DEBUG:colcon.colcon_core.event_handler.log_command:Invoked command in '/home/jiataoding/franco_ros2_franka_ws/src/build/debug_msg' returned '0': CMAKE_PREFIX_PATH=/home/jiataoding/franco_ros2_franka_ws/src/install/joint_impedance_controller:/home/jiataoding/franco_ros2_franka_ws/src/install/integration_launch_testing:/home/jiataoding/franco_ros2_franka_ws/src/install/idra_franka_launch:/home/jiataoding/franco_ros2_franka_ws/src/install/gravity_compensation:/home/jiataoding/franco_ros2_franka_ws/src/install/franka_task_pipeline:/home/jiataoding/franco_ros2_franka_ws/src/install/franka_ros2:/home/jiataoding/franco_ros2_franka_ws/src/install/franka_bringup:/home/jiataoding/franco_ros2_franka_ws/src/install/franka_robot_state_broadcaster:/home/jiataoding/franco_ros2_franka_ws/src/install/franka_example_controllers:/home/jiataoding/franco_ros2_franka_ws/src/install/franka_semantic_components:/home/jiataoding/franco_ros2_franka_ws/src/install/franka_gazebo_bringup:/home/jiataoding/franco_ros2_franka_ws/src/install/franka_ign_ros2_control:/home/jiataoding/franco_ros2_franka_ws/src/install/franka_fr3_moveit_config:/home/jiataoding/franco_ros2_franka_ws/src/install/franka_hardware:/home/jiataoding/franco_ros2_franka_ws/src/install/franka_gripper:/home/jiataoding/franco_ros2_franka_ws/src/install/franka_msgs:/home/jiataoding/franco_ros2_franka_ws/src/install/franka_description:/home/jiataoding/franco_ros2_franka_ws/src/install/cartesian_impedance_controller:/opt/ros/humble:/home/jiataoding/franco_ros2_franka_ws/src/install/effort_controller_base:/home/jiataoding/franco_ros2_franka_ws/src/install/debug_msg:/home/jiataoding/ros2_franka_ws/install/joint_impedance_controller:/home/jiataoding/ros2_franka_ws/install/integration_launch_testing:/home/jiataoding/ros2_franka_ws/install/idra_franka_launch:/home/jiataoding/ros2_franka_ws/install/gravity_compensation:/home/jiataoding/ros2_franka_ws/install/franka_task_pipeline:/home/jiataoding/ros2_franka_ws/install/franka_ros2:/home/jiataoding/ros2_franka_ws/install/franka_bringup:/home/jiataoding/ros2_franka_ws/install/franka_robot_state_broadcaster:/home/jiataoding/ros2_franka_ws/install/franka_example_controllers:/home/jiataoding/ros2_franka_ws/install/franka_semantic_components:/home/jiataoding/ros2_franka_ws/install/franka_gazebo_bringup:/home/jiataoding/ros2_franka_ws/install/franka_ign_ros2_control:/home/jiataoding/ros2_franka_ws/install/franka_fr3_moveit_config:/home/jiataoding/ros2_franka_ws/install/franka_hardware:/home/jiataoding/ros2_franka_ws/install/franka_gripper:/home/jiataoding/ros2_franka_ws/install/franka_msgs:/home/jiataoding/ros2_franka_ws/install/franka_description:/home/jiataoding/ros2_franka_ws/install/cartesian_impedance_controller:/home/jiataoding/ros2_franka_ws/install/effort_controller_base:/home/jiataoding/ros2_franka_ws/install/debug_msg:/home/jiataoding/franco_ros2_franka_ws/install/joint_impedance_controller:/home/jiataoding/franco_ros2_franka_ws/install/integration_launch_testing:/home/jiataoding/franco_ros2_franka_ws/install/idra_franka_launch:/home/jiataoding/franco_ros2_franka_ws/install/gravity_compensation:/home/jiataoding/franco_ros2_franka_ws/install/franka_task_pipeline:/home/jiataoding/franco_ros2_franka_ws/install/franka_ros2:/home/jiataoding/franco_ros2_franka_ws/install/franka_bringup:/home/jiataoding/franco_ros2_franka_ws/install/franka_robot_state_broadcaster:/home/jiataoding/franco_ros2_franka_ws/install/franka_example_controllers:/home/jiataoding/franco_ros2_franka_ws/install/franka_semantic_components:/home/jiataoding/franco_ros2_franka_ws/install/franka_gazebo_bringup:/home/jiataoding/franco_ros2_franka_ws/install/franka_ign_ros2_control:/home/jiataoding/franco_ros2_franka_ws/install/franka_fr3_moveit_config:/home/jiataoding/franco_ros2_franka_ws/install/franka_hardware:/home/jiataoding/franco_ros2_franka_ws/install/franka_gripper:/home/jiataoding/franco_ros2_franka_ws/install/franka_msgs:/home/jiataoding/franco_ros2_franka_ws/install/franka_description:/home/jiataoding/franco_ros2_franka_ws/install/cartesian_impedance_controller:/home/jiataoding/franco_ros2_franka_ws/install/effort_controller_base:/home/jiataoding/franco_ros2_franka_ws/install/debug_msg:/opt/openrobots: /usr/bin/cmake --install /home/jiataoding/franco_ros2_franka_ws/src/build/debug_msg
[0.899s] Level 1:colcon.colcon_core.environment:checking '/home/jiataoding/franco_ros2_franka_ws/src/install/debug_msg' for CMake config files
[0.899s] Level 1:colcon.colcon_core.shell:create_environment_hook('debug_msg', 'cmake_prefix_path')
[0.899s] INFO:colcon.colcon_core.shell:Creating environment hook '/home/jiataoding/franco_ros2_franka_ws/src/install/debug_msg/share/debug_msg/hook/cmake_prefix_path.ps1'
[0.900s] INFO:colcon.colcon_core.shell:Creating environment descriptor '/home/jiataoding/franco_ros2_franka_ws/src/install/debug_msg/share/debug_msg/hook/cmake_prefix_path.dsv'
[0.901s] INFO:colcon.colcon_core.shell:Creating environment hook '/home/jiataoding/franco_ros2_franka_ws/src/install/debug_msg/share/debug_msg/hook/cmake_prefix_path.sh'
[0.902s] Level 1:colcon.colcon_core.environment:checking '/home/jiataoding/franco_ros2_franka_ws/src/install/debug_msg/lib'
[0.902s] Level 1:colcon.colcon_core.shell:create_environment_hook('debug_msg', 'ld_library_path_lib')
[0.902s] INFO:colcon.colcon_core.shell:Creating environment hook '/home/jiataoding/franco_ros2_franka_ws/src/install/debug_msg/share/debug_msg/hook/ld_library_path_lib.ps1'
[0.903s] INFO:colcon.colcon_core.shell:Creating environment descriptor '/home/jiataoding/franco_ros2_franka_ws/src/install/debug_msg/share/debug_msg/hook/ld_library_path_lib.dsv'
[0.903s] INFO:colcon.colcon_core.shell:Creating environment hook '/home/jiataoding/franco_ros2_franka_ws/src/install/debug_msg/share/debug_msg/hook/ld_library_path_lib.sh'
[0.904s] Level 1:colcon.colcon_core.environment:checking '/home/jiataoding/franco_ros2_franka_ws/src/install/debug_msg/bin'
[0.904s] Level 1:colcon.colcon_core.environment:checking '/home/jiataoding/franco_ros2_franka_ws/src/install/debug_msg/lib/pkgconfig/debug_msg.pc'
[0.904s] Level 1:colcon.colcon_core.environment:checking '/home/jiataoding/franco_ros2_franka_ws/src/install/debug_msg/lib/python3.10/site-packages'
[0.904s] Level 1:colcon.colcon_core.environment:checking '/home/jiataoding/franco_ros2_franka_ws/src/install/debug_msg/bin'
[0.905s] INFO:colcon.colcon_core.shell:Creating package script '/home/jiataoding/franco_ros2_franka_ws/src/install/debug_msg/share/debug_msg/package.ps1'
[0.905s] INFO:colcon.colcon_core.shell:Creating package descriptor '/home/jiataoding/franco_ros2_franka_ws/src/install/debug_msg/share/debug_msg/package.dsv'
[0.906s] INFO:colcon.colcon_core.shell:Creating package script '/home/jiataoding/franco_ros2_franka_ws/src/install/debug_msg/share/debug_msg/package.sh'
[0.906s] INFO:colcon.colcon_core.shell:Creating package script '/home/jiataoding/franco_ros2_franka_ws/src/install/debug_msg/share/debug_msg/package.bash'
[0.907s] INFO:colcon.colcon_core.shell:Creating package script '/home/jiataoding/franco_ros2_franka_ws/src/install/debug_msg/share/debug_msg/package.zsh'
[0.907s] Level 1:colcon.colcon_core.environment:create_file_with_runtime_dependencies(/home/jiataoding/franco_ros2_franka_ws/src/install/debug_msg/share/colcon-core/packages/debug_msg)
[0.908s] Level 1:colcon.colcon_core.environment:create_environment_scripts_only(debug_msg)
[0.908s] Level 1:colcon.colcon_core.environment:checking '/home/jiataoding/franco_ros2_franka_ws/src/install/debug_msg' for CMake module files
[0.909s] Level 1:colcon.colcon_core.environment:checking '/home/jiataoding/franco_ros2_franka_ws/src/install/debug_msg' for CMake config files
[0.909s] Level 1:colcon.colcon_core.shell:create_environment_hook('debug_msg', 'cmake_prefix_path')
[0.909s] INFO:colcon.colcon_core.shell:Creating environment hook '/home/jiataoding/franco_ros2_franka_ws/src/install/debug_msg/share/debug_msg/hook/cmake_prefix_path.ps1'
[0.910s] INFO:colcon.colcon_core.shell:Creating environment descriptor '/home/jiataoding/franco_ros2_franka_ws/src/install/debug_msg/share/debug_msg/hook/cmake_prefix_path.dsv'
[0.910s] INFO:colcon.colcon_core.shell:Creating environment hook '/home/jiataoding/franco_ros2_franka_ws/src/install/debug_msg/share/debug_msg/hook/cmake_prefix_path.sh'
[0.911s] Level 1:colcon.colcon_core.environment:checking '/home/jiataoding/franco_ros2_franka_ws/src/install/debug_msg/lib'
[0.911s] Level 1:colcon.colcon_core.shell:create_environment_hook('debug_msg', 'ld_library_path_lib')
[0.911s] INFO:colcon.colcon_core.shell:Creating environment hook '/home/jiataoding/franco_ros2_franka_ws/src/install/debug_msg/share/debug_msg/hook/ld_library_path_lib.ps1'
[0.912s] INFO:colcon.colcon_core.shell:Creating environment descriptor '/home/jiataoding/franco_ros2_franka_ws/src/install/debug_msg/share/debug_msg/hook/ld_library_path_lib.dsv'
[0.912s] INFO:colcon.colcon_core.shell:Creating environment hook '/home/jiataoding/franco_ros2_franka_ws/src/install/debug_msg/share/debug_msg/hook/ld_library_path_lib.sh'
[0.913s] Level 1:colcon.colcon_core.environment:checking '/home/jiataoding/franco_ros2_franka_ws/src/install/debug_msg/bin'
[0.913s] Level 1:colcon.colcon_core.environment:checking '/home/jiataoding/franco_ros2_franka_ws/src/install/debug_msg/lib/pkgconfig/debug_msg.pc'
[0.913s] Level 1:colcon.colcon_core.environment:checking '/home/jiataoding/franco_ros2_franka_ws/src/install/debug_msg/lib/python3.10/site-packages'
[0.913s] Level 1:colcon.colcon_core.environment:checking '/home/jiataoding/franco_ros2_franka_ws/src/install/debug_msg/bin'
[0.914s] INFO:colcon.colcon_core.shell:Creating package script '/home/jiataoding/franco_ros2_franka_ws/src/install/debug_msg/share/debug_msg/package.ps1'
[0.914s] INFO:colcon.colcon_core.shell:Creating package descriptor '/home/jiataoding/franco_ros2_franka_ws/src/install/debug_msg/share/debug_msg/package.dsv'
[0.915s] INFO:colcon.colcon_core.shell:Creating package script '/home/jiataoding/franco_ros2_franka_ws/src/install/debug_msg/share/debug_msg/package.sh'
[0.915s] INFO:colcon.colcon_core.shell:Creating package script '/home/jiataoding/franco_ros2_franka_ws/src/install/debug_msg/share/debug_msg/package.bash'
[0.916s] INFO:colcon.colcon_core.shell:Creating package script '/home/jiataoding/franco_ros2_franka_ws/src/install/debug_msg/share/debug_msg/package.zsh'
[0.916s] Level 1:colcon.colcon_core.environment:create_file_with_runtime_dependencies(/home/jiataoding/franco_ros2_franka_ws/src/install/debug_msg/share/colcon-core/packages/debug_msg)
[0.917s] INFO:colcon.colcon_ros.task.ament_cmake.build:Building ROS package in '/home/jiataoding/franco_ros2_franka_ws/src/ros2_effort_controller/cartesian_impedance_controller' with build type 'ament_cmake'
[0.917s] INFO:colcon.colcon_cmake.task.cmake.build:Building CMake package in '/home/jiataoding/franco_ros2_franka_ws/src/ros2_effort_controller/cartesian_impedance_controller'
[0.917s] INFO:colcon.colcon_core.shell:Skip shell extension 'powershell' for command environment: Not usable outside of PowerShell
[0.917s] DEBUG:colcon.colcon_core.shell:Skip shell extension 'dsv' for command environment
[0.928s] INFO:colcon.colcon_ros.task.ament_cmake.build:Building ROS package in '/home/jiataoding/franco_ros2_franka_ws/src/ros2_effort_controller/gravity_compensation' with build type 'ament_cmake'
[0.928s] INFO:colcon.colcon_cmake.task.cmake.build:Building CMake package in '/home/jiataoding/franco_ros2_franka_ws/src/ros2_effort_controller/gravity_compensation'
[0.928s] INFO:colcon.colcon_core.shell:Skip shell extension 'powershell' for command environment: Not usable outside of PowerShell
[0.928s] DEBUG:colcon.colcon_core.shell:Skip shell extension 'dsv' for command environment
[0.933s] INFO:colcon.colcon_ros.task.ament_cmake.build:Building ROS package in '/home/jiataoding/franco_ros2_franka_ws/src/ros2_effort_controller/joint_impedance_controller' with build type 'ament_cmake'
[0.933s] INFO:colcon.colcon_cmake.task.cmake.build:Building CMake package in '/home/jiataoding/franco_ros2_franka_ws/src/ros2_effort_controller/joint_impedance_controller'
[0.933s] INFO:colcon.colcon_core.shell:Skip shell extension 'powershell' for command environment: Not usable outside of PowerShell
[0.934s] DEBUG:colcon.colcon_core.shell:Skip shell extension 'dsv' for command environment
[0.948s] DEBUG:colcon.colcon_core.event_handler.log_command:Invoking command in '/home/jiataoding/franco_ros2_franka_ws/src/build/cartesian_impedance_controller': CMAKE_PREFIX_PATH=/opt/ros/humble:/home/jiataoding/franco_ros2_franka_ws/src/install/effort_controller_base:/home/jiataoding/franco_ros2_franka_ws/src/install/debug_msg:/home/jiataoding/franco_ros2_franka_ws/src/install/joint_impedance_controller:/home/jiataoding/franco_ros2_franka_ws/src/install/integration_launch_testing:/home/jiataoding/franco_ros2_franka_ws/src/install/idra_franka_launch:/home/jiataoding/franco_ros2_franka_ws/src/install/gravity_compensation:/home/jiataoding/franco_ros2_franka_ws/src/install/franka_task_pipeline:/home/jiataoding/franco_ros2_franka_ws/src/install/franka_ros2:/home/jiataoding/franco_ros2_franka_ws/src/install/franka_bringup:/home/jiataoding/franco_ros2_franka_ws/src/install/franka_robot_state_broadcaster:/home/jiataoding/franco_ros2_franka_ws/src/install/franka_example_controllers:/home/jiataoding/franco_ros2_franka_ws/src/install/franka_semantic_components:/home/jiataoding/franco_ros2_franka_ws/src/install/franka_gazebo_bringup:/home/jiataoding/franco_ros2_franka_ws/src/install/franka_ign_ros2_control:/home/jiataoding/franco_ros2_franka_ws/src/install/franka_fr3_moveit_config:/home/jiataoding/franco_ros2_franka_ws/src/install/franka_hardware:/home/jiataoding/franco_ros2_franka_ws/src/install/franka_gripper:/home/jiataoding/franco_ros2_franka_ws/src/install/franka_msgs:/home/jiataoding/franco_ros2_franka_ws/src/install/franka_description:/home/jiataoding/franco_ros2_franka_ws/src/install/cartesian_impedance_controller:/home/jiataoding/ros2_franka_ws/install/joint_impedance_controller:/home/jiataoding/ros2_franka_ws/install/integration_launch_testing:/home/jiataoding/ros2_franka_ws/install/idra_franka_launch:/home/jiataoding/ros2_franka_ws/install/gravity_compensation:/home/jiataoding/ros2_franka_ws/install/franka_task_pipeline:/home/jiataoding/ros2_franka_ws/install/franka_ros2:/home/jiataoding/ros2_franka_ws/install/franka_bringup:/home/jiataoding/ros2_franka_ws/install/franka_robot_state_broadcaster:/home/jiataoding/ros2_franka_ws/install/franka_example_controllers:/home/jiataoding/ros2_franka_ws/install/franka_semantic_components:/home/jiataoding/ros2_franka_ws/install/franka_gazebo_bringup:/home/jiataoding/ros2_franka_ws/install/franka_ign_ros2_control:/home/jiataoding/ros2_franka_ws/install/franka_fr3_moveit_config:/home/jiataoding/ros2_franka_ws/install/franka_hardware:/home/jiataoding/ros2_franka_ws/install/franka_gripper:/home/jiataoding/ros2_franka_ws/install/franka_msgs:/home/jiataoding/ros2_franka_ws/install/franka_description:/home/jiataoding/ros2_franka_ws/install/cartesian_impedance_controller:/home/jiataoding/ros2_franka_ws/install/effort_controller_base:/home/jiataoding/ros2_franka_ws/install/debug_msg:/home/jiataoding/franco_ros2_franka_ws/install/joint_impedance_controller:/home/jiataoding/franco_ros2_franka_ws/install/integration_launch_testing:/home/jiataoding/franco_ros2_franka_ws/install/idra_franka_launch:/home/jiataoding/franco_ros2_franka_ws/install/gravity_compensation:/home/jiataoding/franco_ros2_franka_ws/install/franka_task_pipeline:/home/jiataoding/franco_ros2_franka_ws/install/franka_ros2:/home/jiataoding/franco_ros2_franka_ws/install/franka_bringup:/home/jiataoding/franco_ros2_franka_ws/install/franka_robot_state_broadcaster:/home/jiataoding/franco_ros2_franka_ws/install/franka_example_controllers:/home/jiataoding/franco_ros2_franka_ws/install/franka_semantic_components:/home/jiataoding/franco_ros2_franka_ws/install/franka_gazebo_bringup:/home/jiataoding/franco_ros2_franka_ws/install/franka_ign_ros2_control:/home/jiataoding/franco_ros2_franka_ws/install/franka_fr3_moveit_config:/home/jiataoding/franco_ros2_franka_ws/install/franka_hardware:/home/jiataoding/franco_ros2_franka_ws/install/franka_gripper:/home/jiataoding/franco_ros2_franka_ws/install/franka_msgs:/home/jiataoding/franco_ros2_franka_ws/install/franka_description:/home/jiataoding/franco_ros2_franka_ws/install/cartesian_impedance_controller:/home/jiataoding/franco_ros2_franka_ws/install/effort_controller_base:/home/jiataoding/franco_ros2_franka_ws/install/debug_msg:/opt/openrobots LD_LIBRARY_PATH=/home/jiataoding/franco_ros2_franka_ws/src/install/effort_controller_base/lib:/home/jiataoding/franco_ros2_franka_ws/src/install/debug_msg/lib:/home/jiataoding/franco_ros2_franka_ws/src/install/joint_impedance_controller/lib:/home/jiataoding/franco_ros2_franka_ws/src/install/integration_launch_testing/lib:/home/jiataoding/franco_ros2_franka_ws/src/install/gravity_compensation/lib:/home/jiataoding/franco_ros2_franka_ws/src/install/franka_robot_state_broadcaster/lib:/home/jiataoding/franco_ros2_franka_ws/src/install/franka_example_controllers/lib:/home/jiataoding/franco_ros2_franka_ws/src/install/franka_semantic_components/lib:/home/jiataoding/franco_ros2_franka_ws/src/install/franka_ign_ros2_control/lib:/home/jiataoding/franco_ros2_franka_ws/src/install/franka_hardware/lib:/home/jiataoding/franco_ros2_franka_ws/src/install/franka_gripper/lib:/home/jiataoding/franco_ros2_franka_ws/src/install/franka_msgs/lib:/home/jiataoding/franco_ros2_franka_ws/src/install/cartesian_impedance_controller/lib:/home/jiataoding/libs/onnxruntime-linux-x64-1.21.0/lib:/home/jiataoding/ros2_franka_ws/install/joint_impedance_controller/lib:/home/jiataoding/ros2_franka_ws/install/integration_launch_testing/lib:/home/jiataoding/ros2_franka_ws/install/gravity_compensation/lib:/home/jiataoding/ros2_franka_ws/install/franka_robot_state_broadcaster/lib:/home/jiataoding/ros2_franka_ws/install/franka_example_controllers/lib:/home/jiataoding/ros2_franka_ws/install/franka_semantic_components/lib:/home/jiataoding/ros2_franka_ws/install/franka_ign_ros2_control/lib:/home/jiataoding/ros2_franka_ws/install/franka_hardware/lib:/home/jiataoding/ros2_franka_ws/install/franka_gripper/lib:/home/jiataoding/ros2_franka_ws/install/franka_msgs/lib:/home/jiataoding/ros2_franka_ws/install/cartesian_impedance_controller/lib:/home/jiataoding/ros2_franka_ws/install/effort_controller_base/lib:/home/jiataoding/ros2_franka_ws/install/debug_msg/lib:/home/jiataoding/franco_ros2_franka_ws/install/joint_impedance_controller/lib:/home/jiataoding/franco_ros2_franka_ws/install/integration_launch_testing/lib:/home/jiataoding/franco_ros2_franka_ws/install/gravity_compensation/lib:/home/jiataoding/franco_ros2_franka_ws/install/franka_robot_state_broadcaster/lib:/home/jiataoding/franco_ros2_franka_ws/install/franka_example_controllers/lib:/home/jiataoding/franco_ros2_franka_ws/install/franka_semantic_components/lib:/home/jiataoding/franco_ros2_franka_ws/install/franka_ign_ros2_control/lib:/home/jiataoding/franco_ros2_franka_ws/install/franka_hardware/lib:/home/jiataoding/franco_ros2_franka_ws/install/franka_gripper/lib:/home/jiataoding/franco_ros2_franka_ws/install/franka_msgs/lib:/home/jiataoding/franco_ros2_franka_ws/install/cartesian_impedance_controller/lib:/home/jiataoding/franco_ros2_franka_ws/install/effort_controller_base/lib:/home/jiataoding/franco_ros2_franka_ws/install/debug_msg/lib:/opt/openrobots/lib:/opt/ros/humble/opt/rviz_ogre_vendor/lib:/opt/ros/humble/lib/x86_64-linux-gnu:/opt/ros/humble/lib PKG_CONFIG_PATH=/home/jiataoding/franco_ros2_franka_ws/src/install/effort_controller_base/lib/x86_64-linux-gnu/pkgconfig:/home/jiataoding/franco_ros2_franka_ws/src/install/effort_controller_base/lib/pkgconfig:/home/jiataoding/ros2_franka_ws/install/effort_controller_base/lib/x86_64-linux-gnu/pkgconfig:/home/jiataoding/ros2_franka_ws/install/effort_controller_base/lib/pkgconfig:/home/jiataoding/franco_ros2_franka_ws/install/effort_controller_base/lib/x86_64-linux-gnu/pkgconfig:/home/jiataoding/franco_ros2_franka_ws/install/effort_controller_base/lib/pkgconfig:/opt/openrobots/lib/pkgconfig /usr/bin/cmake --build /home/jiataoding/franco_ros2_franka_ws/src/build/cartesian_impedance_controller -- -j24 -l24
[0.956s] Level 1:colcon.colcon_core.environment:create_environment_scripts_only(franka_msgs)
[0.956s] DEBUG:colcon.colcon_core.event_handler.log_command:Invoking command in '/home/jiataoding/franco_ros2_franka_ws/src/build/gravity_compensation': CMAKE_PREFIX_PATH=/opt/ros/humble:/home/jiataoding/franco_ros2_franka_ws/src/install/effort_controller_base:/home/jiataoding/franco_ros2_franka_ws/src/install/debug_msg:/home/jiataoding/franco_ros2_franka_ws/src/install/joint_impedance_controller:/home/jiataoding/franco_ros2_franka_ws/src/install/integration_launch_testing:/home/jiataoding/franco_ros2_franka_ws/src/install/idra_franka_launch:/home/jiataoding/franco_ros2_franka_ws/src/install/gravity_compensation:/home/jiataoding/franco_ros2_franka_ws/src/install/franka_task_pipeline:/home/jiataoding/franco_ros2_franka_ws/src/install/franka_ros2:/home/jiataoding/franco_ros2_franka_ws/src/install/franka_bringup:/home/jiataoding/franco_ros2_franka_ws/src/install/franka_robot_state_broadcaster:/home/jiataoding/franco_ros2_franka_ws/src/install/franka_example_controllers:/home/jiataoding/franco_ros2_franka_ws/src/install/franka_semantic_components:/home/jiataoding/franco_ros2_franka_ws/src/install/franka_gazebo_bringup:/home/jiataoding/franco_ros2_franka_ws/src/install/franka_ign_ros2_control:/home/jiataoding/franco_ros2_franka_ws/src/install/franka_fr3_moveit_config:/home/jiataoding/franco_ros2_franka_ws/src/install/franka_hardware:/home/jiataoding/franco_ros2_franka_ws/src/install/franka_gripper:/home/jiataoding/franco_ros2_franka_ws/src/install/franka_msgs:/home/jiataoding/franco_ros2_franka_ws/src/install/franka_description:/home/jiataoding/franco_ros2_franka_ws/src/install/cartesian_impedance_controller:/home/jiataoding/ros2_franka_ws/install/joint_impedance_controller:/home/jiataoding/ros2_franka_ws/install/integration_launch_testing:/home/jiataoding/ros2_franka_ws/install/idra_franka_launch:/home/jiataoding/ros2_franka_ws/install/gravity_compensation:/home/jiataoding/ros2_franka_ws/install/franka_task_pipeline:/home/jiataoding/ros2_franka_ws/install/franka_ros2:/home/jiataoding/ros2_franka_ws/install/franka_bringup:/home/jiataoding/ros2_franka_ws/install/franka_robot_state_broadcaster:/home/jiataoding/ros2_franka_ws/install/franka_example_controllers:/home/jiataoding/ros2_franka_ws/install/franka_semantic_components:/home/jiataoding/ros2_franka_ws/install/franka_gazebo_bringup:/home/jiataoding/ros2_franka_ws/install/franka_ign_ros2_control:/home/jiataoding/ros2_franka_ws/install/franka_fr3_moveit_config:/home/jiataoding/ros2_franka_ws/install/franka_hardware:/home/jiataoding/ros2_franka_ws/install/franka_gripper:/home/jiataoding/ros2_franka_ws/install/franka_msgs:/home/jiataoding/ros2_franka_ws/install/franka_description:/home/jiataoding/ros2_franka_ws/install/cartesian_impedance_controller:/home/jiataoding/ros2_franka_ws/install/effort_controller_base:/home/jiataoding/ros2_franka_ws/install/debug_msg:/home/jiataoding/franco_ros2_franka_ws/install/joint_impedance_controller:/home/jiataoding/franco_ros2_franka_ws/install/integration_launch_testing:/home/jiataoding/franco_ros2_franka_ws/install/idra_franka_launch:/home/jiataoding/franco_ros2_franka_ws/install/gravity_compensation:/home/jiataoding/franco_ros2_franka_ws/install/franka_task_pipeline:/home/jiataoding/franco_ros2_franka_ws/install/franka_ros2:/home/jiataoding/franco_ros2_franka_ws/install/franka_bringup:/home/jiataoding/franco_ros2_franka_ws/install/franka_robot_state_broadcaster:/home/jiataoding/franco_ros2_franka_ws/install/franka_example_controllers:/home/jiataoding/franco_ros2_franka_ws/install/franka_semantic_components:/home/jiataoding/franco_ros2_franka_ws/install/franka_gazebo_bringup:/home/jiataoding/franco_ros2_franka_ws/install/franka_ign_ros2_control:/home/jiataoding/franco_ros2_franka_ws/install/franka_fr3_moveit_config:/home/jiataoding/franco_ros2_franka_ws/install/franka_hardware:/home/jiataoding/franco_ros2_franka_ws/install/franka_gripper:/home/jiataoding/franco_ros2_franka_ws/install/franka_msgs:/home/jiataoding/franco_ros2_franka_ws/install/franka_description:/home/jiataoding/franco_ros2_franka_ws/install/cartesian_impedance_controller:/home/jiataoding/franco_ros2_franka_ws/install/effort_controller_base:/home/jiataoding/franco_ros2_franka_ws/install/debug_msg:/opt/openrobots LD_LIBRARY_PATH=/home/jiataoding/franco_ros2_franka_ws/src/install/effort_controller_base/lib:/home/jiataoding/franco_ros2_franka_ws/src/install/debug_msg/lib:/home/jiataoding/franco_ros2_franka_ws/src/install/joint_impedance_controller/lib:/home/jiataoding/franco_ros2_franka_ws/src/install/integration_launch_testing/lib:/home/jiataoding/franco_ros2_franka_ws/src/install/gravity_compensation/lib:/home/jiataoding/franco_ros2_franka_ws/src/install/franka_robot_state_broadcaster/lib:/home/jiataoding/franco_ros2_franka_ws/src/install/franka_example_controllers/lib:/home/jiataoding/franco_ros2_franka_ws/src/install/franka_semantic_components/lib:/home/jiataoding/franco_ros2_franka_ws/src/install/franka_ign_ros2_control/lib:/home/jiataoding/franco_ros2_franka_ws/src/install/franka_hardware/lib:/home/jiataoding/franco_ros2_franka_ws/src/install/franka_gripper/lib:/home/jiataoding/franco_ros2_franka_ws/src/install/franka_msgs/lib:/home/jiataoding/franco_ros2_franka_ws/src/install/cartesian_impedance_controller/lib:/home/jiataoding/libs/onnxruntime-linux-x64-1.21.0/lib:/home/jiataoding/ros2_franka_ws/install/joint_impedance_controller/lib:/home/jiataoding/ros2_franka_ws/install/integration_launch_testing/lib:/home/jiataoding/ros2_franka_ws/install/gravity_compensation/lib:/home/jiataoding/ros2_franka_ws/install/franka_robot_state_broadcaster/lib:/home/jiataoding/ros2_franka_ws/install/franka_example_controllers/lib:/home/jiataoding/ros2_franka_ws/install/franka_semantic_components/lib:/home/jiataoding/ros2_franka_ws/install/franka_ign_ros2_control/lib:/home/jiataoding/ros2_franka_ws/install/franka_hardware/lib:/home/jiataoding/ros2_franka_ws/install/franka_gripper/lib:/home/jiataoding/ros2_franka_ws/install/franka_msgs/lib:/home/jiataoding/ros2_franka_ws/install/cartesian_impedance_controller/lib:/home/jiataoding/ros2_franka_ws/install/effort_controller_base/lib:/home/jiataoding/ros2_franka_ws/install/debug_msg/lib:/home/jiataoding/franco_ros2_franka_ws/install/joint_impedance_controller/lib:/home/jiataoding/franco_ros2_franka_ws/install/integration_launch_testing/lib:/home/jiataoding/franco_ros2_franka_ws/install/gravity_compensation/lib:/home/jiataoding/franco_ros2_franka_ws/install/franka_robot_state_broadcaster/lib:/home/jiataoding/franco_ros2_franka_ws/install/franka_example_controllers/lib:/home/jiataoding/franco_ros2_franka_ws/install/franka_semantic_components/lib:/home/jiataoding/franco_ros2_franka_ws/install/franka_ign_ros2_control/lib:/home/jiataoding/franco_ros2_franka_ws/install/franka_hardware/lib:/home/jiataoding/franco_ros2_franka_ws/install/franka_gripper/lib:/home/jiataoding/franco_ros2_franka_ws/install/franka_msgs/lib:/home/jiataoding/franco_ros2_franka_ws/install/cartesian_impedance_controller/lib:/home/jiataoding/franco_ros2_franka_ws/install/effort_controller_base/lib:/home/jiataoding/franco_ros2_franka_ws/install/debug_msg/lib:/opt/openrobots/lib:/opt/ros/humble/opt/rviz_ogre_vendor/lib:/opt/ros/humble/lib/x86_64-linux-gnu:/opt/ros/humble/lib PKG_CONFIG_PATH=/home/jiataoding/franco_ros2_franka_ws/src/install/effort_controller_base/lib/x86_64-linux-gnu/pkgconfig:/home/jiataoding/franco_ros2_franka_ws/src/install/effort_controller_base/lib/pkgconfig:/home/jiataoding/ros2_franka_ws/install/effort_controller_base/lib/x86_64-linux-gnu/pkgconfig:/home/jiataoding/ros2_franka_ws/install/effort_controller_base/lib/pkgconfig:/home/jiataoding/franco_ros2_franka_ws/install/effort_controller_base/lib/x86_64-linux-gnu/pkgconfig:/home/jiataoding/franco_ros2_franka_ws/install/effort_controller_base/lib/pkgconfig:/opt/openrobots/lib/pkgconfig /usr/bin/cmake --build /home/jiataoding/franco_ros2_franka_ws/src/build/gravity_compensation -- -j24 -l24
[0.956s] Level 1:colcon.colcon_core.environment:checking '/home/jiataoding/franco_ros2_franka_ws/src/install/franka_msgs' for CMake module files
[0.957s] DEBUG:colcon.colcon_core.event_handler.log_command:Invoked command in '/home/jiataoding/franco_ros2_franka_ws/src/build/franka_msgs' returned '0': CMAKE_PREFIX_PATH=/home/jiataoding/franco_ros2_franka_ws/src/install/joint_impedance_controller:/home/jiataoding/franco_ros2_franka_ws/src/install/integration_launch_testing:/home/jiataoding/franco_ros2_franka_ws/src/install/idra_franka_launch:/home/jiataoding/franco_ros2_franka_ws/src/install/gravity_compensation:/home/jiataoding/franco_ros2_franka_ws/src/install/franka_task_pipeline:/home/jiataoding/franco_ros2_franka_ws/src/install/franka_ros2:/home/jiataoding/franco_ros2_franka_ws/src/install/franka_bringup:/home/jiataoding/franco_ros2_franka_ws/src/install/franka_robot_state_broadcaster:/home/jiataoding/franco_ros2_franka_ws/src/install/franka_example_controllers:/home/jiataoding/franco_ros2_franka_ws/src/install/franka_semantic_components:/home/jiataoding/franco_ros2_franka_ws/src/install/franka_gazebo_bringup:/home/jiataoding/franco_ros2_franka_ws/src/install/franka_ign_ros2_control:/home/jiataoding/franco_ros2_franka_ws/src/install/franka_fr3_moveit_config:/home/jiataoding/franco_ros2_franka_ws/src/install/franka_hardware:/home/jiataoding/franco_ros2_franka_ws/src/install/franka_gripper:/home/jiataoding/franco_ros2_franka_ws/src/install/franka_msgs:/home/jiataoding/franco_ros2_franka_ws/src/install/franka_description:/home/jiataoding/franco_ros2_franka_ws/src/install/cartesian_impedance_controller:/opt/ros/humble:/home/jiataoding/franco_ros2_franka_ws/src/install/effort_controller_base:/home/jiataoding/franco_ros2_franka_ws/src/install/debug_msg:/home/jiataoding/ros2_franka_ws/install/joint_impedance_controller:/home/jiataoding/ros2_franka_ws/install/integration_launch_testing:/home/jiataoding/ros2_franka_ws/install/idra_franka_launch:/home/jiataoding/ros2_franka_ws/install/gravity_compensation:/home/jiataoding/ros2_franka_ws/install/franka_task_pipeline:/home/jiataoding/ros2_franka_ws/install/franka_ros2:/home/jiataoding/ros2_franka_ws/install/franka_bringup:/home/jiataoding/ros2_franka_ws/install/franka_robot_state_broadcaster:/home/jiataoding/ros2_franka_ws/install/franka_example_controllers:/home/jiataoding/ros2_franka_ws/install/franka_semantic_components:/home/jiataoding/ros2_franka_ws/install/franka_gazebo_bringup:/home/jiataoding/ros2_franka_ws/install/franka_ign_ros2_control:/home/jiataoding/ros2_franka_ws/install/franka_fr3_moveit_config:/home/jiataoding/ros2_franka_ws/install/franka_hardware:/home/jiataoding/ros2_franka_ws/install/franka_gripper:/home/jiataoding/ros2_franka_ws/install/franka_msgs:/home/jiataoding/ros2_franka_ws/install/franka_description:/home/jiataoding/ros2_franka_ws/install/cartesian_impedance_controller:/home/jiataoding/ros2_franka_ws/install/effort_controller_base:/home/jiataoding/ros2_franka_ws/install/debug_msg:/home/jiataoding/franco_ros2_franka_ws/install/joint_impedance_controller:/home/jiataoding/franco_ros2_franka_ws/install/integration_launch_testing:/home/jiataoding/franco_ros2_franka_ws/install/idra_franka_launch:/home/jiataoding/franco_ros2_franka_ws/install/gravity_compensation:/home/jiataoding/franco_ros2_franka_ws/install/franka_task_pipeline:/home/jiataoding/franco_ros2_franka_ws/install/franka_ros2:/home/jiataoding/franco_ros2_franka_ws/install/franka_bringup:/home/jiataoding/franco_ros2_franka_ws/install/franka_robot_state_broadcaster:/home/jiataoding/franco_ros2_franka_ws/install/franka_example_controllers:/home/jiataoding/franco_ros2_franka_ws/install/franka_semantic_components:/home/jiataoding/franco_ros2_franka_ws/install/franka_gazebo_bringup:/home/jiataoding/franco_ros2_franka_ws/install/franka_ign_ros2_control:/home/jiataoding/franco_ros2_franka_ws/install/franka_fr3_moveit_config:/home/jiataoding/franco_ros2_franka_ws/install/franka_hardware:/home/jiataoding/franco_ros2_franka_ws/install/franka_gripper:/home/jiataoding/franco_ros2_franka_ws/install/franka_msgs:/home/jiataoding/franco_ros2_franka_ws/install/franka_description:/home/jiataoding/franco_ros2_franka_ws/install/cartesian_impedance_controller:/home/jiataoding/franco_ros2_franka_ws/install/effort_controller_base:/home/jiataoding/franco_ros2_franka_ws/install/debug_msg:/opt/openrobots: /usr/bin/cmake --install /home/jiataoding/franco_ros2_franka_ws/src/build/franka_msgs
[0.957s] Level 1:colcon.colcon_core.environment:checking '/home/jiataoding/franco_ros2_franka_ws/src/install/franka_msgs' for CMake config files
[0.957s] Level 1:colcon.colcon_core.shell:create_environment_hook('franka_msgs', 'cmake_prefix_path')
[0.958s] INFO:colcon.colcon_core.shell:Creating environment hook '/home/jiataoding/franco_ros2_franka_ws/src/install/franka_msgs/share/franka_msgs/hook/cmake_prefix_path.ps1'
[0.958s] INFO:colcon.colcon_core.shell:Creating environment descriptor '/home/jiataoding/franco_ros2_franka_ws/src/install/franka_msgs/share/franka_msgs/hook/cmake_prefix_path.dsv'
[0.958s] INFO:colcon.colcon_core.shell:Creating environment hook '/home/jiataoding/franco_ros2_franka_ws/src/install/franka_msgs/share/franka_msgs/hook/cmake_prefix_path.sh'
[0.959s] Level 1:colcon.colcon_core.environment:checking '/home/jiataoding/franco_ros2_franka_ws/src/install/franka_msgs/lib'
[0.959s] Level 1:colcon.colcon_core.shell:create_environment_hook('franka_msgs', 'ld_library_path_lib')
[0.959s] INFO:colcon.colcon_core.shell:Creating environment hook '/home/jiataoding/franco_ros2_franka_ws/src/install/franka_msgs/share/franka_msgs/hook/ld_library_path_lib.ps1'
[0.959s] INFO:colcon.colcon_core.shell:Creating environment descriptor '/home/jiataoding/franco_ros2_franka_ws/src/install/franka_msgs/share/franka_msgs/hook/ld_library_path_lib.dsv'
[0.959s] INFO:colcon.colcon_core.shell:Creating environment hook '/home/jiataoding/franco_ros2_franka_ws/src/install/franka_msgs/share/franka_msgs/hook/ld_library_path_lib.sh'
[0.960s] Level 1:colcon.colcon_core.environment:checking '/home/jiataoding/franco_ros2_franka_ws/src/install/franka_msgs/bin'
[0.960s] Level 1:colcon.colcon_core.environment:checking '/home/jiataoding/franco_ros2_franka_ws/src/install/franka_msgs/lib/pkgconfig/franka_msgs.pc'
[0.960s] Level 1:colcon.colcon_core.environment:checking '/home/jiataoding/franco_ros2_franka_ws/src/install/franka_msgs/lib/python3.10/site-packages'
[0.961s] Level 1:colcon.colcon_core.environment:checking '/home/jiataoding/franco_ros2_franka_ws/src/install/franka_msgs/bin'
[0.961s] INFO:colcon.colcon_core.shell:Creating package script '/home/jiataoding/franco_ros2_franka_ws/src/install/franka_msgs/share/franka_msgs/package.ps1'
[0.962s] INFO:colcon.colcon_core.shell:Creating package descriptor '/home/jiataoding/franco_ros2_franka_ws/src/install/franka_msgs/share/franka_msgs/package.dsv'
[0.962s] INFO:colcon.colcon_core.shell:Creating package script '/home/jiataoding/franco_ros2_franka_ws/src/install/franka_msgs/share/franka_msgs/package.sh'
[0.963s] INFO:colcon.colcon_core.shell:Creating package script '/home/jiataoding/franco_ros2_franka_ws/src/install/franka_msgs/share/franka_msgs/package.bash'
[0.963s] INFO:colcon.colcon_core.shell:Creating package script '/home/jiataoding/franco_ros2_franka_ws/src/install/franka_msgs/share/franka_msgs/package.zsh'
[0.964s] Level 1:colcon.colcon_core.environment:create_file_with_runtime_dependencies(/home/jiataoding/franco_ros2_franka_ws/src/install/franka_msgs/share/colcon-core/packages/franka_msgs)
[0.964s] Level 1:colcon.colcon_core.environment:create_environment_scripts_only(franka_msgs)
[0.965s] Level 1:colcon.colcon_core.environment:checking '/home/jiataoding/franco_ros2_franka_ws/src/install/franka_msgs' for CMake module files
[0.965s] Level 1:colcon.colcon_core.environment:checking '/home/jiataoding/franco_ros2_franka_ws/src/install/franka_msgs' for CMake config files
[0.966s] Level 1:colcon.colcon_core.shell:create_environment_hook('franka_msgs', 'cmake_prefix_path')
[0.966s] INFO:colcon.colcon_core.shell:Creating environment hook '/home/jiataoding/franco_ros2_franka_ws/src/install/franka_msgs/share/franka_msgs/hook/cmake_prefix_path.ps1'
[0.967s] INFO:colcon.colcon_core.shell:Creating environment descriptor '/home/jiataoding/franco_ros2_franka_ws/src/install/franka_msgs/share/franka_msgs/hook/cmake_prefix_path.dsv'
[0.967s] INFO:colcon.colcon_core.shell:Creating environment hook '/home/jiataoding/franco_ros2_franka_ws/src/install/franka_msgs/share/franka_msgs/hook/cmake_prefix_path.sh'
[0.968s] Level 1:colcon.colcon_core.environment:checking '/home/jiataoding/franco_ros2_franka_ws/src/install/franka_msgs/lib'
[0.968s] Level 1:colcon.colcon_core.shell:create_environment_hook('franka_msgs', 'ld_library_path_lib')
[0.968s] INFO:colcon.colcon_core.shell:Creating environment hook '/home/jiataoding/franco_ros2_franka_ws/src/install/franka_msgs/share/franka_msgs/hook/ld_library_path_lib.ps1'
[0.968s] INFO:colcon.colcon_core.shell:Creating environment descriptor '/home/jiataoding/franco_ros2_franka_ws/src/install/franka_msgs/share/franka_msgs/hook/ld_library_path_lib.dsv'
[0.968s] INFO:colcon.colcon_core.shell:Creating environment hook '/home/jiataoding/franco_ros2_franka_ws/src/install/franka_msgs/share/franka_msgs/hook/ld_library_path_lib.sh'
[0.969s] Level 1:colcon.colcon_core.environment:checking '/home/jiataoding/franco_ros2_franka_ws/src/install/franka_msgs/bin'
[0.969s] Level 1:colcon.colcon_core.environment:checking '/home/jiataoding/franco_ros2_franka_ws/src/install/franka_msgs/lib/pkgconfig/franka_msgs.pc'
[0.969s] Level 1:colcon.colcon_core.environment:checking '/home/jiataoding/franco_ros2_franka_ws/src/install/franka_msgs/lib/python3.10/site-packages'
[0.969s] Level 1:colcon.colcon_core.environment:checking '/home/jiataoding/franco_ros2_franka_ws/src/install/franka_msgs/bin'
[0.969s] INFO:colcon.colcon_core.shell:Creating package script '/home/jiataoding/franco_ros2_franka_ws/src/install/franka_msgs/share/franka_msgs/package.ps1'
[0.970s] INFO:colcon.colcon_core.shell:Creating package descriptor '/home/jiataoding/franco_ros2_franka_ws/src/install/franka_msgs/share/franka_msgs/package.dsv'
[0.970s] INFO:colcon.colcon_core.shell:Creating package script '/home/jiataoding/franco_ros2_franka_ws/src/install/franka_msgs/share/franka_msgs/package.sh'
[0.970s] INFO:colcon.colcon_core.shell:Creating package script '/home/jiataoding/franco_ros2_franka_ws/src/install/franka_msgs/share/franka_msgs/package.bash'
[0.970s] INFO:colcon.colcon_core.shell:Creating package script '/home/jiataoding/franco_ros2_franka_ws/src/install/franka_msgs/share/franka_msgs/package.zsh'
[0.971s] Level 1:colcon.colcon_core.environment:create_file_with_runtime_dependencies(/home/jiataoding/franco_ros2_franka_ws/src/install/franka_msgs/share/colcon-core/packages/franka_msgs)
[0.971s] INFO:colcon.colcon_ros.task.ament_cmake.build:Building ROS package in '/home/jiataoding/franco_ros2_franka_ws/src/franka_ros2/franka_hardware' with build type 'ament_cmake'
[0.971s] INFO:colcon.colcon_cmake.task.cmake.build:Building CMake package in '/home/jiataoding/franco_ros2_franka_ws/src/franka_ros2/franka_hardware'
[0.972s] INFO:colcon.colcon_core.shell:Skip shell extension 'powershell' for command environment: Not usable outside of PowerShell
[0.972s] DEBUG:colcon.colcon_core.shell:Skip shell extension 'dsv' for command environment
[0.977s] INFO:colcon.colcon_ros.task.ament_cmake.build:Building ROS package in '/home/jiataoding/franco_ros2_franka_ws/src/franka_ros2/franka_gripper' with build type 'ament_cmake'
[0.977s] INFO:colcon.colcon_cmake.task.cmake.build:Building CMake package in '/home/jiataoding/franco_ros2_franka_ws/src/franka_ros2/franka_gripper'
[0.977s] INFO:colcon.colcon_core.shell:Skip shell extension 'powershell' for command environment: Not usable outside of PowerShell
[0.977s] DEBUG:colcon.colcon_core.shell:Skip shell extension 'dsv' for command environment
[0.985s] DEBUG:colcon.colcon_core.event_handler.log_command:Invoking command in '/home/jiataoding/franco_ros2_franka_ws/src/build/joint_impedance_controller': CMAKE_PREFIX_PATH=/opt/ros/humble:/home/jiataoding/franco_ros2_franka_ws/src/install/effort_controller_base:/home/jiataoding/franco_ros2_franka_ws/src/install/debug_msg:/home/jiataoding/franco_ros2_franka_ws/src/install/joint_impedance_controller:/home/jiataoding/franco_ros2_franka_ws/src/install/integration_launch_testing:/home/jiataoding/franco_ros2_franka_ws/src/install/idra_franka_launch:/home/jiataoding/franco_ros2_franka_ws/src/install/gravity_compensation:/home/jiataoding/franco_ros2_franka_ws/src/install/franka_task_pipeline:/home/jiataoding/franco_ros2_franka_ws/src/install/franka_ros2:/home/jiataoding/franco_ros2_franka_ws/src/install/franka_bringup:/home/jiataoding/franco_ros2_franka_ws/src/install/franka_robot_state_broadcaster:/home/jiataoding/franco_ros2_franka_ws/src/install/franka_example_controllers:/home/jiataoding/franco_ros2_franka_ws/src/install/franka_semantic_components:/home/jiataoding/franco_ros2_franka_ws/src/install/franka_gazebo_bringup:/home/jiataoding/franco_ros2_franka_ws/src/install/franka_ign_ros2_control:/home/jiataoding/franco_ros2_franka_ws/src/install/franka_fr3_moveit_config:/home/jiataoding/franco_ros2_franka_ws/src/install/franka_hardware:/home/jiataoding/franco_ros2_franka_ws/src/install/franka_gripper:/home/jiataoding/franco_ros2_franka_ws/src/install/franka_msgs:/home/jiataoding/franco_ros2_franka_ws/src/install/franka_description:/home/jiataoding/franco_ros2_franka_ws/src/install/cartesian_impedance_controller:/home/jiataoding/ros2_franka_ws/install/joint_impedance_controller:/home/jiataoding/ros2_franka_ws/install/integration_launch_testing:/home/jiataoding/ros2_franka_ws/install/idra_franka_launch:/home/jiataoding/ros2_franka_ws/install/gravity_compensation:/home/jiataoding/ros2_franka_ws/install/franka_task_pipeline:/home/jiataoding/ros2_franka_ws/install/franka_ros2:/home/jiataoding/ros2_franka_ws/install/franka_bringup:/home/jiataoding/ros2_franka_ws/install/franka_robot_state_broadcaster:/home/jiataoding/ros2_franka_ws/install/franka_example_controllers:/home/jiataoding/ros2_franka_ws/install/franka_semantic_components:/home/jiataoding/ros2_franka_ws/install/franka_gazebo_bringup:/home/jiataoding/ros2_franka_ws/install/franka_ign_ros2_control:/home/jiataoding/ros2_franka_ws/install/franka_fr3_moveit_config:/home/jiataoding/ros2_franka_ws/install/franka_hardware:/home/jiataoding/ros2_franka_ws/install/franka_gripper:/home/jiataoding/ros2_franka_ws/install/franka_msgs:/home/jiataoding/ros2_franka_ws/install/franka_description:/home/jiataoding/ros2_franka_ws/install/cartesian_impedance_controller:/home/jiataoding/ros2_franka_ws/install/effort_controller_base:/home/jiataoding/ros2_franka_ws/install/debug_msg:/home/jiataoding/franco_ros2_franka_ws/install/joint_impedance_controller:/home/jiataoding/franco_ros2_franka_ws/install/integration_launch_testing:/home/jiataoding/franco_ros2_franka_ws/install/idra_franka_launch:/home/jiataoding/franco_ros2_franka_ws/install/gravity_compensation:/home/jiataoding/franco_ros2_franka_ws/install/franka_task_pipeline:/home/jiataoding/franco_ros2_franka_ws/install/franka_ros2:/home/jiataoding/franco_ros2_franka_ws/install/franka_bringup:/home/jiataoding/franco_ros2_franka_ws/install/franka_robot_state_broadcaster:/home/jiataoding/franco_ros2_franka_ws/install/franka_example_controllers:/home/jiataoding/franco_ros2_franka_ws/install/franka_semantic_components:/home/jiataoding/franco_ros2_franka_ws/install/franka_gazebo_bringup:/home/jiataoding/franco_ros2_franka_ws/install/franka_ign_ros2_control:/home/jiataoding/franco_ros2_franka_ws/install/franka_fr3_moveit_config:/home/jiataoding/franco_ros2_franka_ws/install/franka_hardware:/home/jiataoding/franco_ros2_franka_ws/install/franka_gripper:/home/jiataoding/franco_ros2_franka_ws/install/franka_msgs:/home/jiataoding/franco_ros2_franka_ws/install/franka_description:/home/jiataoding/franco_ros2_franka_ws/install/cartesian_impedance_controller:/home/jiataoding/franco_ros2_franka_ws/install/effort_controller_base:/home/jiataoding/franco_ros2_franka_ws/install/debug_msg:/opt/openrobots LD_LIBRARY_PATH=/home/jiataoding/franco_ros2_franka_ws/src/install/effort_controller_base/lib:/home/jiataoding/franco_ros2_franka_ws/src/install/debug_msg/lib:/home/jiataoding/franco_ros2_franka_ws/src/install/joint_impedance_controller/lib:/home/jiataoding/franco_ros2_franka_ws/src/install/integration_launch_testing/lib:/home/jiataoding/franco_ros2_franka_ws/src/install/gravity_compensation/lib:/home/jiataoding/franco_ros2_franka_ws/src/install/franka_robot_state_broadcaster/lib:/home/jiataoding/franco_ros2_franka_ws/src/install/franka_example_controllers/lib:/home/jiataoding/franco_ros2_franka_ws/src/install/franka_semantic_components/lib:/home/jiataoding/franco_ros2_franka_ws/src/install/franka_ign_ros2_control/lib:/home/jiataoding/franco_ros2_franka_ws/src/install/franka_hardware/lib:/home/jiataoding/franco_ros2_franka_ws/src/install/franka_gripper/lib:/home/jiataoding/franco_ros2_franka_ws/src/install/franka_msgs/lib:/home/jiataoding/franco_ros2_franka_ws/src/install/cartesian_impedance_controller/lib:/home/jiataoding/libs/onnxruntime-linux-x64-1.21.0/lib:/home/jiataoding/ros2_franka_ws/install/joint_impedance_controller/lib:/home/jiataoding/ros2_franka_ws/install/integration_launch_testing/lib:/home/jiataoding/ros2_franka_ws/install/gravity_compensation/lib:/home/jiataoding/ros2_franka_ws/install/franka_robot_state_broadcaster/lib:/home/jiataoding/ros2_franka_ws/install/franka_example_controllers/lib:/home/jiataoding/ros2_franka_ws/install/franka_semantic_components/lib:/home/jiataoding/ros2_franka_ws/install/franka_ign_ros2_control/lib:/home/jiataoding/ros2_franka_ws/install/franka_hardware/lib:/home/jiataoding/ros2_franka_ws/install/franka_gripper/lib:/home/jiataoding/ros2_franka_ws/install/franka_msgs/lib:/home/jiataoding/ros2_franka_ws/install/cartesian_impedance_controller/lib:/home/jiataoding/ros2_franka_ws/install/effort_controller_base/lib:/home/jiataoding/ros2_franka_ws/install/debug_msg/lib:/home/jiataoding/franco_ros2_franka_ws/install/joint_impedance_controller/lib:/home/jiataoding/franco_ros2_franka_ws/install/integration_launch_testing/lib:/home/jiataoding/franco_ros2_franka_ws/install/gravity_compensation/lib:/home/jiataoding/franco_ros2_franka_ws/install/franka_robot_state_broadcaster/lib:/home/jiataoding/franco_ros2_franka_ws/install/franka_example_controllers/lib:/home/jiataoding/franco_ros2_franka_ws/install/franka_semantic_components/lib:/home/jiataoding/franco_ros2_franka_ws/install/franka_ign_ros2_control/lib:/home/jiataoding/franco_ros2_franka_ws/install/franka_hardware/lib:/home/jiataoding/franco_ros2_franka_ws/install/franka_gripper/lib:/home/jiataoding/franco_ros2_franka_ws/install/franka_msgs/lib:/home/jiataoding/franco_ros2_franka_ws/install/cartesian_impedance_controller/lib:/home/jiataoding/franco_ros2_franka_ws/install/effort_controller_base/lib:/home/jiataoding/franco_ros2_franka_ws/install/debug_msg/lib:/opt/openrobots/lib:/opt/ros/humble/opt/rviz_ogre_vendor/lib:/opt/ros/humble/lib/x86_64-linux-gnu:/opt/ros/humble/lib PKG_CONFIG_PATH=/home/jiataoding/franco_ros2_franka_ws/src/install/effort_controller_base/lib/x86_64-linux-gnu/pkgconfig:/home/jiataoding/franco_ros2_franka_ws/src/install/effort_controller_base/lib/pkgconfig:/home/jiataoding/ros2_franka_ws/install/effort_controller_base/lib/x86_64-linux-gnu/pkgconfig:/home/jiataoding/ros2_franka_ws/install/effort_controller_base/lib/pkgconfig:/home/jiataoding/franco_ros2_franka_ws/install/effort_controller_base/lib/x86_64-linux-gnu/pkgconfig:/home/jiataoding/franco_ros2_franka_ws/install/effort_controller_base/lib/pkgconfig:/opt/openrobots/lib/pkgconfig /usr/bin/cmake --build /home/jiataoding/franco_ros2_franka_ws/src/build/joint_impedance_controller -- -j24 -l24
[0.988s] DEBUG:colcon.colcon_core.event_handler.log_command:Invoking command in '/home/jiataoding/franco_ros2_franka_ws/src/build/franka_hardware': CMAKE_PREFIX_PATH=/home/jiataoding/franco_ros2_franka_ws/src/install/franka_msgs:/home/jiataoding/franco_ros2_franka_ws/src/install/joint_impedance_controller:/home/jiataoding/franco_ros2_franka_ws/src/install/integration_launch_testing:/home/jiataoding/franco_ros2_franka_ws/src/install/idra_franka_launch:/home/jiataoding/franco_ros2_franka_ws/src/install/gravity_compensation:/home/jiataoding/franco_ros2_franka_ws/src/install/franka_task_pipeline:/home/jiataoding/franco_ros2_franka_ws/src/install/franka_ros2:/home/jiataoding/franco_ros2_franka_ws/src/install/franka_bringup:/home/jiataoding/franco_ros2_franka_ws/src/install/franka_robot_state_broadcaster:/home/jiataoding/franco_ros2_franka_ws/src/install/franka_example_controllers:/home/jiataoding/franco_ros2_franka_ws/src/install/franka_semantic_components:/home/jiataoding/franco_ros2_franka_ws/src/install/franka_gazebo_bringup:/home/jiataoding/franco_ros2_franka_ws/src/install/franka_ign_ros2_control:/home/jiataoding/franco_ros2_franka_ws/src/install/franka_fr3_moveit_config:/home/jiataoding/franco_ros2_franka_ws/src/install/franka_hardware:/home/jiataoding/franco_ros2_franka_ws/src/install/franka_gripper:/home/jiataoding/franco_ros2_franka_ws/src/install/franka_description:/home/jiataoding/franco_ros2_franka_ws/src/install/cartesian_impedance_controller:/opt/ros/humble:/home/jiataoding/franco_ros2_franka_ws/src/install/effort_controller_base:/home/jiataoding/franco_ros2_franka_ws/src/install/debug_msg:/home/jiataoding/ros2_franka_ws/install/joint_impedance_controller:/home/jiataoding/ros2_franka_ws/install/integration_launch_testing:/home/jiataoding/ros2_franka_ws/install/idra_franka_launch:/home/jiataoding/ros2_franka_ws/install/gravity_compensation:/home/jiataoding/ros2_franka_ws/install/franka_task_pipeline:/home/jiataoding/ros2_franka_ws/install/franka_ros2:/home/jiataoding/ros2_franka_ws/install/franka_bringup:/home/jiataoding/ros2_franka_ws/install/franka_robot_state_broadcaster:/home/jiataoding/ros2_franka_ws/install/franka_example_controllers:/home/jiataoding/ros2_franka_ws/install/franka_semantic_components:/home/jiataoding/ros2_franka_ws/install/franka_gazebo_bringup:/home/jiataoding/ros2_franka_ws/install/franka_ign_ros2_control:/home/jiataoding/ros2_franka_ws/install/franka_fr3_moveit_config:/home/jiataoding/ros2_franka_ws/install/franka_hardware:/home/jiataoding/ros2_franka_ws/install/franka_gripper:/home/jiataoding/ros2_franka_ws/install/franka_msgs:/home/jiataoding/ros2_franka_ws/install/franka_description:/home/jiataoding/ros2_franka_ws/install/cartesian_impedance_controller:/home/jiataoding/ros2_franka_ws/install/effort_controller_base:/home/jiataoding/ros2_franka_ws/install/debug_msg:/home/jiataoding/franco_ros2_franka_ws/install/joint_impedance_controller:/home/jiataoding/franco_ros2_franka_ws/install/integration_launch_testing:/home/jiataoding/franco_ros2_franka_ws/install/idra_franka_launch:/home/jiataoding/franco_ros2_franka_ws/install/gravity_compensation:/home/jiataoding/franco_ros2_franka_ws/install/franka_task_pipeline:/home/jiataoding/franco_ros2_franka_ws/install/franka_ros2:/home/jiataoding/franco_ros2_franka_ws/install/franka_bringup:/home/jiataoding/franco_ros2_franka_ws/install/franka_robot_state_broadcaster:/home/jiataoding/franco_ros2_franka_ws/install/franka_example_controllers:/home/jiataoding/franco_ros2_franka_ws/install/franka_semantic_components:/home/jiataoding/franco_ros2_franka_ws/install/franka_gazebo_bringup:/home/jiataoding/franco_ros2_franka_ws/install/franka_ign_ros2_control:/home/jiataoding/franco_ros2_franka_ws/install/franka_fr3_moveit_config:/home/jiataoding/franco_ros2_franka_ws/install/franka_hardware:/home/jiataoding/franco_ros2_franka_ws/install/franka_gripper:/home/jiataoding/franco_ros2_franka_ws/install/franka_msgs:/home/jiataoding/franco_ros2_franka_ws/install/franka_description:/home/jiataoding/franco_ros2_franka_ws/install/cartesian_impedance_controller:/home/jiataoding/franco_ros2_franka_ws/install/effort_controller_base:/home/jiataoding/franco_ros2_franka_ws/install/debug_msg:/opt/openrobots LD_LIBRARY_PATH=/home/jiataoding/franco_ros2_franka_ws/src/install/franka_msgs/lib:/home/jiataoding/franco_ros2_franka_ws/src/install/joint_impedance_controller/lib:/home/jiataoding/franco_ros2_franka_ws/src/install/integration_launch_testing/lib:/home/jiataoding/franco_ros2_franka_ws/src/install/gravity_compensation/lib:/home/jiataoding/franco_ros2_franka_ws/src/install/franka_robot_state_broadcaster/lib:/home/jiataoding/franco_ros2_franka_ws/src/install/franka_example_controllers/lib:/home/jiataoding/franco_ros2_franka_ws/src/install/franka_semantic_components/lib:/home/jiataoding/franco_ros2_franka_ws/src/install/franka_ign_ros2_control/lib:/home/jiataoding/franco_ros2_franka_ws/src/install/franka_hardware/lib:/home/jiataoding/franco_ros2_franka_ws/src/install/franka_gripper/lib:/home/jiataoding/franco_ros2_franka_ws/src/install/cartesian_impedance_controller/lib:/home/jiataoding/franco_ros2_franka_ws/src/install/effort_controller_base/lib:/home/jiataoding/franco_ros2_franka_ws/src/install/debug_msg/lib:/home/jiataoding/libs/onnxruntime-linux-x64-1.21.0/lib:/home/jiataoding/ros2_franka_ws/install/joint_impedance_controller/lib:/home/jiataoding/ros2_franka_ws/install/integration_launch_testing/lib:/home/jiataoding/ros2_franka_ws/install/gravity_compensation/lib:/home/jiataoding/ros2_franka_ws/install/franka_robot_state_broadcaster/lib:/home/jiataoding/ros2_franka_ws/install/franka_example_controllers/lib:/home/jiataoding/ros2_franka_ws/install/franka_semantic_components/lib:/home/jiataoding/ros2_franka_ws/install/franka_ign_ros2_control/lib:/home/jiataoding/ros2_franka_ws/install/franka_hardware/lib:/home/jiataoding/ros2_franka_ws/install/franka_gripper/lib:/home/jiataoding/ros2_franka_ws/install/franka_msgs/lib:/home/jiataoding/ros2_franka_ws/install/cartesian_impedance_controller/lib:/home/jiataoding/ros2_franka_ws/install/effort_controller_base/lib:/home/jiataoding/ros2_franka_ws/install/debug_msg/lib:/home/jiataoding/franco_ros2_franka_ws/install/joint_impedance_controller/lib:/home/jiataoding/franco_ros2_franka_ws/install/integration_launch_testing/lib:/home/jiataoding/franco_ros2_franka_ws/install/gravity_compensation/lib:/home/jiataoding/franco_ros2_franka_ws/install/franka_robot_state_broadcaster/lib:/home/jiataoding/franco_ros2_franka_ws/install/franka_example_controllers/lib:/home/jiataoding/franco_ros2_franka_ws/install/franka_semantic_components/lib:/home/jiataoding/franco_ros2_franka_ws/install/franka_ign_ros2_control/lib:/home/jiataoding/franco_ros2_franka_ws/install/franka_hardware/lib:/home/jiataoding/franco_ros2_franka_ws/install/franka_gripper/lib:/home/jiataoding/franco_ros2_franka_ws/install/franka_msgs/lib:/home/jiataoding/franco_ros2_franka_ws/install/cartesian_impedance_controller/lib:/home/jiataoding/franco_ros2_franka_ws/install/effort_controller_base/lib:/home/jiataoding/franco_ros2_franka_ws/install/debug_msg/lib:/opt/openrobots/lib:/opt/ros/humble/opt/rviz_ogre_vendor/lib:/opt/ros/humble/lib/x86_64-linux-gnu:/opt/ros/humble/lib /usr/bin/cmake --build /home/jiataoding/franco_ros2_franka_ws/src/build/franka_hardware -- -j24 -l24
[0.997s] DEBUG:colcon.colcon_core.event_handler.log_command:Invoking command in '/home/jiataoding/franco_ros2_franka_ws/src/build/franka_gripper': CMAKE_PREFIX_PATH=/home/jiataoding/franco_ros2_franka_ws/src/install/franka_msgs:/home/jiataoding/franco_ros2_franka_ws/src/install/joint_impedance_controller:/home/jiataoding/franco_ros2_franka_ws/src/install/integration_launch_testing:/home/jiataoding/franco_ros2_franka_ws/src/install/idra_franka_launch:/home/jiataoding/franco_ros2_franka_ws/src/install/gravity_compensation:/home/jiataoding/franco_ros2_franka_ws/src/install/franka_task_pipeline:/home/jiataoding/franco_ros2_franka_ws/src/install/franka_ros2:/home/jiataoding/franco_ros2_franka_ws/src/install/franka_bringup:/home/jiataoding/franco_ros2_franka_ws/src/install/franka_robot_state_broadcaster:/home/jiataoding/franco_ros2_franka_ws/src/install/franka_example_controllers:/home/jiataoding/franco_ros2_franka_ws/src/install/franka_semantic_components:/home/jiataoding/franco_ros2_franka_ws/src/install/franka_gazebo_bringup:/home/jiataoding/franco_ros2_franka_ws/src/install/franka_ign_ros2_control:/home/jiataoding/franco_ros2_franka_ws/src/install/franka_fr3_moveit_config:/home/jiataoding/franco_ros2_franka_ws/src/install/franka_hardware:/home/jiataoding/franco_ros2_franka_ws/src/install/franka_gripper:/home/jiataoding/franco_ros2_franka_ws/src/install/franka_description:/home/jiataoding/franco_ros2_franka_ws/src/install/cartesian_impedance_controller:/opt/ros/humble:/home/jiataoding/franco_ros2_franka_ws/src/install/effort_controller_base:/home/jiataoding/franco_ros2_franka_ws/src/install/debug_msg:/home/jiataoding/ros2_franka_ws/install/joint_impedance_controller:/home/jiataoding/ros2_franka_ws/install/integration_launch_testing:/home/jiataoding/ros2_franka_ws/install/idra_franka_launch:/home/jiataoding/ros2_franka_ws/install/gravity_compensation:/home/jiataoding/ros2_franka_ws/install/franka_task_pipeline:/home/jiataoding/ros2_franka_ws/install/franka_ros2:/home/jiataoding/ros2_franka_ws/install/franka_bringup:/home/jiataoding/ros2_franka_ws/install/franka_robot_state_broadcaster:/home/jiataoding/ros2_franka_ws/install/franka_example_controllers:/home/jiataoding/ros2_franka_ws/install/franka_semantic_components:/home/jiataoding/ros2_franka_ws/install/franka_gazebo_bringup:/home/jiataoding/ros2_franka_ws/install/franka_ign_ros2_control:/home/jiataoding/ros2_franka_ws/install/franka_fr3_moveit_config:/home/jiataoding/ros2_franka_ws/install/franka_hardware:/home/jiataoding/ros2_franka_ws/install/franka_gripper:/home/jiataoding/ros2_franka_ws/install/franka_msgs:/home/jiataoding/ros2_franka_ws/install/franka_description:/home/jiataoding/ros2_franka_ws/install/cartesian_impedance_controller:/home/jiataoding/ros2_franka_ws/install/effort_controller_base:/home/jiataoding/ros2_franka_ws/install/debug_msg:/home/jiataoding/franco_ros2_franka_ws/install/joint_impedance_controller:/home/jiataoding/franco_ros2_franka_ws/install/integration_launch_testing:/home/jiataoding/franco_ros2_franka_ws/install/idra_franka_launch:/home/jiataoding/franco_ros2_franka_ws/install/gravity_compensation:/home/jiataoding/franco_ros2_franka_ws/install/franka_task_pipeline:/home/jiataoding/franco_ros2_franka_ws/install/franka_ros2:/home/jiataoding/franco_ros2_franka_ws/install/franka_bringup:/home/jiataoding/franco_ros2_franka_ws/install/franka_robot_state_broadcaster:/home/jiataoding/franco_ros2_franka_ws/install/franka_example_controllers:/home/jiataoding/franco_ros2_franka_ws/install/franka_semantic_components:/home/jiataoding/franco_ros2_franka_ws/install/franka_gazebo_bringup:/home/jiataoding/franco_ros2_franka_ws/install/franka_ign_ros2_control:/home/jiataoding/franco_ros2_franka_ws/install/franka_fr3_moveit_config:/home/jiataoding/franco_ros2_franka_ws/install/franka_hardware:/home/jiataoding/franco_ros2_franka_ws/install/franka_gripper:/home/jiataoding/franco_ros2_franka_ws/install/franka_msgs:/home/jiataoding/franco_ros2_franka_ws/install/franka_description:/home/jiataoding/franco_ros2_franka_ws/install/cartesian_impedance_controller:/home/jiataoding/franco_ros2_franka_ws/install/effort_controller_base:/home/jiataoding/franco_ros2_franka_ws/install/debug_msg:/opt/openrobots LD_LIBRARY_PATH=/home/jiataoding/franco_ros2_franka_ws/src/install/franka_msgs/lib:/home/jiataoding/franco_ros2_franka_ws/src/install/joint_impedance_controller/lib:/home/jiataoding/franco_ros2_franka_ws/src/install/integration_launch_testing/lib:/home/jiataoding/franco_ros2_franka_ws/src/install/gravity_compensation/lib:/home/jiataoding/franco_ros2_franka_ws/src/install/franka_robot_state_broadcaster/lib:/home/jiataoding/franco_ros2_franka_ws/src/install/franka_example_controllers/lib:/home/jiataoding/franco_ros2_franka_ws/src/install/franka_semantic_components/lib:/home/jiataoding/franco_ros2_franka_ws/src/install/franka_ign_ros2_control/lib:/home/jiataoding/franco_ros2_franka_ws/src/install/franka_hardware/lib:/home/jiataoding/franco_ros2_franka_ws/src/install/franka_gripper/lib:/home/jiataoding/franco_ros2_franka_ws/src/install/cartesian_impedance_controller/lib:/home/jiataoding/franco_ros2_franka_ws/src/install/effort_controller_base/lib:/home/jiataoding/franco_ros2_franka_ws/src/install/debug_msg/lib:/home/jiataoding/libs/onnxruntime-linux-x64-1.21.0/lib:/home/jiataoding/ros2_franka_ws/install/joint_impedance_controller/lib:/home/jiataoding/ros2_franka_ws/install/integration_launch_testing/lib:/home/jiataoding/ros2_franka_ws/install/gravity_compensation/lib:/home/jiataoding/ros2_franka_ws/install/franka_robot_state_broadcaster/lib:/home/jiataoding/ros2_franka_ws/install/franka_example_controllers/lib:/home/jiataoding/ros2_franka_ws/install/franka_semantic_components/lib:/home/jiataoding/ros2_franka_ws/install/franka_ign_ros2_control/lib:/home/jiataoding/ros2_franka_ws/install/franka_hardware/lib:/home/jiataoding/ros2_franka_ws/install/franka_gripper/lib:/home/jiataoding/ros2_franka_ws/install/franka_msgs/lib:/home/jiataoding/ros2_franka_ws/install/cartesian_impedance_controller/lib:/home/jiataoding/ros2_franka_ws/install/effort_controller_base/lib:/home/jiataoding/ros2_franka_ws/install/debug_msg/lib:/home/jiataoding/franco_ros2_franka_ws/install/joint_impedance_controller/lib:/home/jiataoding/franco_ros2_franka_ws/install/integration_launch_testing/lib:/home/jiataoding/franco_ros2_franka_ws/install/gravity_compensation/lib:/home/jiataoding/franco_ros2_franka_ws/install/franka_robot_state_broadcaster/lib:/home/jiataoding/franco_ros2_franka_ws/install/franka_example_controllers/lib:/home/jiataoding/franco_ros2_franka_ws/install/franka_semantic_components/lib:/home/jiataoding/franco_ros2_franka_ws/install/franka_ign_ros2_control/lib:/home/jiataoding/franco_ros2_franka_ws/install/franka_hardware/lib:/home/jiataoding/franco_ros2_franka_ws/install/franka_gripper/lib:/home/jiataoding/franco_ros2_franka_ws/install/franka_msgs/lib:/home/jiataoding/franco_ros2_franka_ws/install/cartesian_impedance_controller/lib:/home/jiataoding/franco_ros2_franka_ws/install/effort_controller_base/lib:/home/jiataoding/franco_ros2_franka_ws/install/debug_msg/lib:/opt/openrobots/lib:/opt/ros/humble/opt/rviz_ogre_vendor/lib:/opt/ros/humble/lib/x86_64-linux-gnu:/opt/ros/humble/lib /usr/bin/cmake --build /home/jiataoding/franco_ros2_franka_ws/src/build/franka_gripper -- -j24 -l24
[1.072s] DEBUG:colcon.colcon_core.event_handler.log_command:Invoked command in '/home/jiataoding/franco_ros2_franka_ws/src/build/cartesian_impedance_controller' returned '0': CMAKE_PREFIX_PATH=/opt/ros/humble:/home/jiataoding/franco_ros2_franka_ws/src/install/effort_controller_base:/home/jiataoding/franco_ros2_franka_ws/src/install/debug_msg:/home/jiataoding/franco_ros2_franka_ws/src/install/joint_impedance_controller:/home/jiataoding/franco_ros2_franka_ws/src/install/integration_launch_testing:/home/jiataoding/franco_ros2_franka_ws/src/install/idra_franka_launch:/home/jiataoding/franco_ros2_franka_ws/src/install/gravity_compensation:/home/jiataoding/franco_ros2_franka_ws/src/install/franka_task_pipeline:/home/jiataoding/franco_ros2_franka_ws/src/install/franka_ros2:/home/jiataoding/franco_ros2_franka_ws/src/install/franka_bringup:/home/jiataoding/franco_ros2_franka_ws/src/install/franka_robot_state_broadcaster:/home/jiataoding/franco_ros2_franka_ws/src/install/franka_example_controllers:/home/jiataoding/franco_ros2_franka_ws/src/install/franka_semantic_components:/home/jiataoding/franco_ros2_franka_ws/src/install/franka_gazebo_bringup:/home/jiataoding/franco_ros2_franka_ws/src/install/franka_ign_ros2_control:/home/jiataoding/franco_ros2_franka_ws/src/install/franka_fr3_moveit_config:/home/jiataoding/franco_ros2_franka_ws/src/install/franka_hardware:/home/jiataoding/franco_ros2_franka_ws/src/install/franka_gripper:/home/jiataoding/franco_ros2_franka_ws/src/install/franka_msgs:/home/jiataoding/franco_ros2_franka_ws/src/install/franka_description:/home/jiataoding/franco_ros2_franka_ws/src/install/cartesian_impedance_controller:/home/jiataoding/ros2_franka_ws/install/joint_impedance_controller:/home/jiataoding/ros2_franka_ws/install/integration_launch_testing:/home/jiataoding/ros2_franka_ws/install/idra_franka_launch:/home/jiataoding/ros2_franka_ws/install/gravity_compensation:/home/jiataoding/ros2_franka_ws/install/franka_task_pipeline:/home/jiataoding/ros2_franka_ws/install/franka_ros2:/home/jiataoding/ros2_franka_ws/install/franka_bringup:/home/jiataoding/ros2_franka_ws/install/franka_robot_state_broadcaster:/home/jiataoding/ros2_franka_ws/install/franka_example_controllers:/home/jiataoding/ros2_franka_ws/install/franka_semantic_components:/home/jiataoding/ros2_franka_ws/install/franka_gazebo_bringup:/home/jiataoding/ros2_franka_ws/install/franka_ign_ros2_control:/home/jiataoding/ros2_franka_ws/install/franka_fr3_moveit_config:/home/jiataoding/ros2_franka_ws/install/franka_hardware:/home/jiataoding/ros2_franka_ws/install/franka_gripper:/home/jiataoding/ros2_franka_ws/install/franka_msgs:/home/jiataoding/ros2_franka_ws/install/franka_description:/home/jiataoding/ros2_franka_ws/install/cartesian_impedance_controller:/home/jiataoding/ros2_franka_ws/install/effort_controller_base:/home/jiataoding/ros2_franka_ws/install/debug_msg:/home/jiataoding/franco_ros2_franka_ws/install/joint_impedance_controller:/home/jiataoding/franco_ros2_franka_ws/install/integration_launch_testing:/home/jiataoding/franco_ros2_franka_ws/install/idra_franka_launch:/home/jiataoding/franco_ros2_franka_ws/install/gravity_compensation:/home/jiataoding/franco_ros2_franka_ws/install/franka_task_pipeline:/home/jiataoding/franco_ros2_franka_ws/install/franka_ros2:/home/jiataoding/franco_ros2_franka_ws/install/franka_bringup:/home/jiataoding/franco_ros2_franka_ws/install/franka_robot_state_broadcaster:/home/jiataoding/franco_ros2_franka_ws/install/franka_example_controllers:/home/jiataoding/franco_ros2_franka_ws/install/franka_semantic_components:/home/jiataoding/franco_ros2_franka_ws/install/franka_gazebo_bringup:/home/jiataoding/franco_ros2_franka_ws/install/franka_ign_ros2_control:/home/jiataoding/franco_ros2_franka_ws/install/franka_fr3_moveit_config:/home/jiataoding/franco_ros2_franka_ws/install/franka_hardware:/home/jiataoding/franco_ros2_franka_ws/install/franka_gripper:/home/jiataoding/franco_ros2_franka_ws/install/franka_msgs:/home/jiataoding/franco_ros2_franka_ws/install/franka_description:/home/jiataoding/franco_ros2_franka_ws/install/cartesian_impedance_controller:/home/jiataoding/franco_ros2_franka_ws/install/effort_controller_base:/home/jiataoding/franco_ros2_franka_ws/install/debug_msg:/opt/openrobots LD_LIBRARY_PATH=/home/jiataoding/franco_ros2_franka_ws/src/install/effort_controller_base/lib:/home/jiataoding/franco_ros2_franka_ws/src/install/debug_msg/lib:/home/jiataoding/franco_ros2_franka_ws/src/install/joint_impedance_controller/lib:/home/jiataoding/franco_ros2_franka_ws/src/install/integration_launch_testing/lib:/home/jiataoding/franco_ros2_franka_ws/src/install/gravity_compensation/lib:/home/jiataoding/franco_ros2_franka_ws/src/install/franka_robot_state_broadcaster/lib:/home/jiataoding/franco_ros2_franka_ws/src/install/franka_example_controllers/lib:/home/jiataoding/franco_ros2_franka_ws/src/install/franka_semantic_components/lib:/home/jiataoding/franco_ros2_franka_ws/src/install/franka_ign_ros2_control/lib:/home/jiataoding/franco_ros2_franka_ws/src/install/franka_hardware/lib:/home/jiataoding/franco_ros2_franka_ws/src/install/franka_gripper/lib:/home/jiataoding/franco_ros2_franka_ws/src/install/franka_msgs/lib:/home/jiataoding/franco_ros2_franka_ws/src/install/cartesian_impedance_controller/lib:/home/jiataoding/libs/onnxruntime-linux-x64-1.21.0/lib:/home/jiataoding/ros2_franka_ws/install/joint_impedance_controller/lib:/home/jiataoding/ros2_franka_ws/install/integration_launch_testing/lib:/home/jiataoding/ros2_franka_ws/install/gravity_compensation/lib:/home/jiataoding/ros2_franka_ws/install/franka_robot_state_broadcaster/lib:/home/jiataoding/ros2_franka_ws/install/franka_example_controllers/lib:/home/jiataoding/ros2_franka_ws/install/franka_semantic_components/lib:/home/jiataoding/ros2_franka_ws/install/franka_ign_ros2_control/lib:/home/jiataoding/ros2_franka_ws/install/franka_hardware/lib:/home/jiataoding/ros2_franka_ws/install/franka_gripper/lib:/home/jiataoding/ros2_franka_ws/install/franka_msgs/lib:/home/jiataoding/ros2_franka_ws/install/cartesian_impedance_controller/lib:/home/jiataoding/ros2_franka_ws/install/effort_controller_base/lib:/home/jiataoding/ros2_franka_ws/install/debug_msg/lib:/home/jiataoding/franco_ros2_franka_ws/install/joint_impedance_controller/lib:/home/jiataoding/franco_ros2_franka_ws/install/integration_launch_testing/lib:/home/jiataoding/franco_ros2_franka_ws/install/gravity_compensation/lib:/home/jiataoding/franco_ros2_franka_ws/install/franka_robot_state_broadcaster/lib:/home/jiataoding/franco_ros2_franka_ws/install/franka_example_controllers/lib:/home/jiataoding/franco_ros2_franka_ws/install/franka_semantic_components/lib:/home/jiataoding/franco_ros2_franka_ws/install/franka_ign_ros2_control/lib:/home/jiataoding/franco_ros2_franka_ws/install/franka_hardware/lib:/home/jiataoding/franco_ros2_franka_ws/install/franka_gripper/lib:/home/jiataoding/franco_ros2_franka_ws/install/franka_msgs/lib:/home/jiataoding/franco_ros2_franka_ws/install/cartesian_impedance_controller/lib:/home/jiataoding/franco_ros2_franka_ws/install/effort_controller_base/lib:/home/jiataoding/franco_ros2_franka_ws/install/debug_msg/lib:/opt/openrobots/lib:/opt/ros/humble/opt/rviz_ogre_vendor/lib:/opt/ros/humble/lib/x86_64-linux-gnu:/opt/ros/humble/lib PKG_CONFIG_PATH=/home/jiataoding/franco_ros2_franka_ws/src/install/effort_controller_base/lib/x86_64-linux-gnu/pkgconfig:/home/jiataoding/franco_ros2_franka_ws/src/install/effort_controller_base/lib/pkgconfig:/home/jiataoding/ros2_franka_ws/install/effort_controller_base/lib/x86_64-linux-gnu/pkgconfig:/home/jiataoding/ros2_franka_ws/install/effort_controller_base/lib/pkgconfig:/home/jiataoding/franco_ros2_franka_ws/install/effort_controller_base/lib/x86_64-linux-gnu/pkgconfig:/home/jiataoding/franco_ros2_franka_ws/install/effort_controller_base/lib/pkgconfig:/opt/openrobots/lib/pkgconfig /usr/bin/cmake --build /home/jiataoding/franco_ros2_franka_ws/src/build/cartesian_impedance_controller -- -j24 -l24
[1.074s] DEBUG:colcon.colcon_core.event_handler.log_command:Invoking command in '/home/jiataoding/franco_ros2_franka_ws/src/build/cartesian_impedance_controller': CMAKE_PREFIX_PATH=/opt/ros/humble:/home/jiataoding/franco_ros2_franka_ws/src/install/effort_controller_base:/home/jiataoding/franco_ros2_franka_ws/src/install/debug_msg:/home/jiataoding/franco_ros2_franka_ws/src/install/joint_impedance_controller:/home/jiataoding/franco_ros2_franka_ws/src/install/integration_launch_testing:/home/jiataoding/franco_ros2_franka_ws/src/install/idra_franka_launch:/home/jiataoding/franco_ros2_franka_ws/src/install/gravity_compensation:/home/jiataoding/franco_ros2_franka_ws/src/install/franka_task_pipeline:/home/jiataoding/franco_ros2_franka_ws/src/install/franka_ros2:/home/jiataoding/franco_ros2_franka_ws/src/install/franka_bringup:/home/jiataoding/franco_ros2_franka_ws/src/install/franka_robot_state_broadcaster:/home/jiataoding/franco_ros2_franka_ws/src/install/franka_example_controllers:/home/jiataoding/franco_ros2_franka_ws/src/install/franka_semantic_components:/home/jiataoding/franco_ros2_franka_ws/src/install/franka_gazebo_bringup:/home/jiataoding/franco_ros2_franka_ws/src/install/franka_ign_ros2_control:/home/jiataoding/franco_ros2_franka_ws/src/install/franka_fr3_moveit_config:/home/jiataoding/franco_ros2_franka_ws/src/install/franka_hardware:/home/jiataoding/franco_ros2_franka_ws/src/install/franka_gripper:/home/jiataoding/franco_ros2_franka_ws/src/install/franka_msgs:/home/jiataoding/franco_ros2_franka_ws/src/install/franka_description:/home/jiataoding/franco_ros2_franka_ws/src/install/cartesian_impedance_controller:/home/jiataoding/ros2_franka_ws/install/joint_impedance_controller:/home/jiataoding/ros2_franka_ws/install/integration_launch_testing:/home/jiataoding/ros2_franka_ws/install/idra_franka_launch:/home/jiataoding/ros2_franka_ws/install/gravity_compensation:/home/jiataoding/ros2_franka_ws/install/franka_task_pipeline:/home/jiataoding/ros2_franka_ws/install/franka_ros2:/home/jiataoding/ros2_franka_ws/install/franka_bringup:/home/jiataoding/ros2_franka_ws/install/franka_robot_state_broadcaster:/home/jiataoding/ros2_franka_ws/install/franka_example_controllers:/home/jiataoding/ros2_franka_ws/install/franka_semantic_components:/home/jiataoding/ros2_franka_ws/install/franka_gazebo_bringup:/home/jiataoding/ros2_franka_ws/install/franka_ign_ros2_control:/home/jiataoding/ros2_franka_ws/install/franka_fr3_moveit_config:/home/jiataoding/ros2_franka_ws/install/franka_hardware:/home/jiataoding/ros2_franka_ws/install/franka_gripper:/home/jiataoding/ros2_franka_ws/install/franka_msgs:/home/jiataoding/ros2_franka_ws/install/franka_description:/home/jiataoding/ros2_franka_ws/install/cartesian_impedance_controller:/home/jiataoding/ros2_franka_ws/install/effort_controller_base:/home/jiataoding/ros2_franka_ws/install/debug_msg:/home/jiataoding/franco_ros2_franka_ws/install/joint_impedance_controller:/home/jiataoding/franco_ros2_franka_ws/install/integration_launch_testing:/home/jiataoding/franco_ros2_franka_ws/install/idra_franka_launch:/home/jiataoding/franco_ros2_franka_ws/install/gravity_compensation:/home/jiataoding/franco_ros2_franka_ws/install/franka_task_pipeline:/home/jiataoding/franco_ros2_franka_ws/install/franka_ros2:/home/jiataoding/franco_ros2_franka_ws/install/franka_bringup:/home/jiataoding/franco_ros2_franka_ws/install/franka_robot_state_broadcaster:/home/jiataoding/franco_ros2_franka_ws/install/franka_example_controllers:/home/jiataoding/franco_ros2_franka_ws/install/franka_semantic_components:/home/jiataoding/franco_ros2_franka_ws/install/franka_gazebo_bringup:/home/jiataoding/franco_ros2_franka_ws/install/franka_ign_ros2_control:/home/jiataoding/franco_ros2_franka_ws/install/franka_fr3_moveit_config:/home/jiataoding/franco_ros2_franka_ws/install/franka_hardware:/home/jiataoding/franco_ros2_franka_ws/install/franka_gripper:/home/jiataoding/franco_ros2_franka_ws/install/franka_msgs:/home/jiataoding/franco_ros2_franka_ws/install/franka_description:/home/jiataoding/franco_ros2_franka_ws/install/cartesian_impedance_controller:/home/jiataoding/franco_ros2_franka_ws/install/effort_controller_base:/home/jiataoding/franco_ros2_franka_ws/install/debug_msg:/opt/openrobots LD_LIBRARY_PATH=/home/jiataoding/franco_ros2_franka_ws/src/install/effort_controller_base/lib:/home/jiataoding/franco_ros2_franka_ws/src/install/debug_msg/lib:/home/jiataoding/franco_ros2_franka_ws/src/install/joint_impedance_controller/lib:/home/jiataoding/franco_ros2_franka_ws/src/install/integration_launch_testing/lib:/home/jiataoding/franco_ros2_franka_ws/src/install/gravity_compensation/lib:/home/jiataoding/franco_ros2_franka_ws/src/install/franka_robot_state_broadcaster/lib:/home/jiataoding/franco_ros2_franka_ws/src/install/franka_example_controllers/lib:/home/jiataoding/franco_ros2_franka_ws/src/install/franka_semantic_components/lib:/home/jiataoding/franco_ros2_franka_ws/src/install/franka_ign_ros2_control/lib:/home/jiataoding/franco_ros2_franka_ws/src/install/franka_hardware/lib:/home/jiataoding/franco_ros2_franka_ws/src/install/franka_gripper/lib:/home/jiataoding/franco_ros2_franka_ws/src/install/franka_msgs/lib:/home/jiataoding/franco_ros2_franka_ws/src/install/cartesian_impedance_controller/lib:/home/jiataoding/libs/onnxruntime-linux-x64-1.21.0/lib:/home/jiataoding/ros2_franka_ws/install/joint_impedance_controller/lib:/home/jiataoding/ros2_franka_ws/install/integration_launch_testing/lib:/home/jiataoding/ros2_franka_ws/install/gravity_compensation/lib:/home/jiataoding/ros2_franka_ws/install/franka_robot_state_broadcaster/lib:/home/jiataoding/ros2_franka_ws/install/franka_example_controllers/lib:/home/jiataoding/ros2_franka_ws/install/franka_semantic_components/lib:/home/jiataoding/ros2_franka_ws/install/franka_ign_ros2_control/lib:/home/jiataoding/ros2_franka_ws/install/franka_hardware/lib:/home/jiataoding/ros2_franka_ws/install/franka_gripper/lib:/home/jiataoding/ros2_franka_ws/install/franka_msgs/lib:/home/jiataoding/ros2_franka_ws/install/cartesian_impedance_controller/lib:/home/jiataoding/ros2_franka_ws/install/effort_controller_base/lib:/home/jiataoding/ros2_franka_ws/install/debug_msg/lib:/home/jiataoding/franco_ros2_franka_ws/install/joint_impedance_controller/lib:/home/jiataoding/franco_ros2_franka_ws/install/integration_launch_testing/lib:/home/jiataoding/franco_ros2_franka_ws/install/gravity_compensation/lib:/home/jiataoding/franco_ros2_franka_ws/install/franka_robot_state_broadcaster/lib:/home/jiataoding/franco_ros2_franka_ws/install/franka_example_controllers/lib:/home/jiataoding/franco_ros2_franka_ws/install/franka_semantic_components/lib:/home/jiataoding/franco_ros2_franka_ws/install/franka_ign_ros2_control/lib:/home/jiataoding/franco_ros2_franka_ws/install/franka_hardware/lib:/home/jiataoding/franco_ros2_franka_ws/install/franka_gripper/lib:/home/jiataoding/franco_ros2_franka_ws/install/franka_msgs/lib:/home/jiataoding/franco_ros2_franka_ws/install/cartesian_impedance_controller/lib:/home/jiataoding/franco_ros2_franka_ws/install/effort_controller_base/lib:/home/jiataoding/franco_ros2_franka_ws/install/debug_msg/lib:/opt/openrobots/lib:/opt/ros/humble/opt/rviz_ogre_vendor/lib:/opt/ros/humble/lib/x86_64-linux-gnu:/opt/ros/humble/lib PKG_CONFIG_PATH=/home/jiataoding/franco_ros2_franka_ws/src/install/effort_controller_base/lib/x86_64-linux-gnu/pkgconfig:/home/jiataoding/franco_ros2_franka_ws/src/install/effort_controller_base/lib/pkgconfig:/home/jiataoding/ros2_franka_ws/install/effort_controller_base/lib/x86_64-linux-gnu/pkgconfig:/home/jiataoding/ros2_franka_ws/install/effort_controller_base/lib/pkgconfig:/home/jiataoding/franco_ros2_franka_ws/install/effort_controller_base/lib/x86_64-linux-gnu/pkgconfig:/home/jiataoding/franco_ros2_franka_ws/install/effort_controller_base/lib/pkgconfig:/opt/openrobots/lib/pkgconfig /usr/bin/cmake --install /home/jiataoding/franco_ros2_franka_ws/src/build/cartesian_impedance_controller
[1.076s] DEBUG:colcon.colcon_core.event_handler.log_command:Invoked command in '/home/jiataoding/franco_ros2_franka_ws/src/build/gravity_compensation' returned '0': CMAKE_PREFIX_PATH=/opt/ros/humble:/home/jiataoding/franco_ros2_franka_ws/src/install/effort_controller_base:/home/jiataoding/franco_ros2_franka_ws/src/install/debug_msg:/home/jiataoding/franco_ros2_franka_ws/src/install/joint_impedance_controller:/home/jiataoding/franco_ros2_franka_ws/src/install/integration_launch_testing:/home/jiataoding/franco_ros2_franka_ws/src/install/idra_franka_launch:/home/jiataoding/franco_ros2_franka_ws/src/install/gravity_compensation:/home/jiataoding/franco_ros2_franka_ws/src/install/franka_task_pipeline:/home/jiataoding/franco_ros2_franka_ws/src/install/franka_ros2:/home/jiataoding/franco_ros2_franka_ws/src/install/franka_bringup:/home/jiataoding/franco_ros2_franka_ws/src/install/franka_robot_state_broadcaster:/home/jiataoding/franco_ros2_franka_ws/src/install/franka_example_controllers:/home/jiataoding/franco_ros2_franka_ws/src/install/franka_semantic_components:/home/jiataoding/franco_ros2_franka_ws/src/install/franka_gazebo_bringup:/home/jiataoding/franco_ros2_franka_ws/src/install/franka_ign_ros2_control:/home/jiataoding/franco_ros2_franka_ws/src/install/franka_fr3_moveit_config:/home/jiataoding/franco_ros2_franka_ws/src/install/franka_hardware:/home/jiataoding/franco_ros2_franka_ws/src/install/franka_gripper:/home/jiataoding/franco_ros2_franka_ws/src/install/franka_msgs:/home/jiataoding/franco_ros2_franka_ws/src/install/franka_description:/home/jiataoding/franco_ros2_franka_ws/src/install/cartesian_impedance_controller:/home/jiataoding/ros2_franka_ws/install/joint_impedance_controller:/home/jiataoding/ros2_franka_ws/install/integration_launch_testing:/home/jiataoding/ros2_franka_ws/install/idra_franka_launch:/home/jiataoding/ros2_franka_ws/install/gravity_compensation:/home/jiataoding/ros2_franka_ws/install/franka_task_pipeline:/home/jiataoding/ros2_franka_ws/install/franka_ros2:/home/jiataoding/ros2_franka_ws/install/franka_bringup:/home/jiataoding/ros2_franka_ws/install/franka_robot_state_broadcaster:/home/jiataoding/ros2_franka_ws/install/franka_example_controllers:/home/jiataoding/ros2_franka_ws/install/franka_semantic_components:/home/jiataoding/ros2_franka_ws/install/franka_gazebo_bringup:/home/jiataoding/ros2_franka_ws/install/franka_ign_ros2_control:/home/jiataoding/ros2_franka_ws/install/franka_fr3_moveit_config:/home/jiataoding/ros2_franka_ws/install/franka_hardware:/home/jiataoding/ros2_franka_ws/install/franka_gripper:/home/jiataoding/ros2_franka_ws/install/franka_msgs:/home/jiataoding/ros2_franka_ws/install/franka_description:/home/jiataoding/ros2_franka_ws/install/cartesian_impedance_controller:/home/jiataoding/ros2_franka_ws/install/effort_controller_base:/home/jiataoding/ros2_franka_ws/install/debug_msg:/home/jiataoding/franco_ros2_franka_ws/install/joint_impedance_controller:/home/jiataoding/franco_ros2_franka_ws/install/integration_launch_testing:/home/jiataoding/franco_ros2_franka_ws/install/idra_franka_launch:/home/jiataoding/franco_ros2_franka_ws/install/gravity_compensation:/home/jiataoding/franco_ros2_franka_ws/install/franka_task_pipeline:/home/jiataoding/franco_ros2_franka_ws/install/franka_ros2:/home/jiataoding/franco_ros2_franka_ws/install/franka_bringup:/home/jiataoding/franco_ros2_franka_ws/install/franka_robot_state_broadcaster:/home/jiataoding/franco_ros2_franka_ws/install/franka_example_controllers:/home/jiataoding/franco_ros2_franka_ws/install/franka_semantic_components:/home/jiataoding/franco_ros2_franka_ws/install/franka_gazebo_bringup:/home/jiataoding/franco_ros2_franka_ws/install/franka_ign_ros2_control:/home/jiataoding/franco_ros2_franka_ws/install/franka_fr3_moveit_config:/home/jiataoding/franco_ros2_franka_ws/install/franka_hardware:/home/jiataoding/franco_ros2_franka_ws/install/franka_gripper:/home/jiataoding/franco_ros2_franka_ws/install/franka_msgs:/home/jiataoding/franco_ros2_franka_ws/install/franka_description:/home/jiataoding/franco_ros2_franka_ws/install/cartesian_impedance_controller:/home/jiataoding/franco_ros2_franka_ws/install/effort_controller_base:/home/jiataoding/franco_ros2_franka_ws/install/debug_msg:/opt/openrobots LD_LIBRARY_PATH=/home/jiataoding/franco_ros2_franka_ws/src/install/effort_controller_base/lib:/home/jiataoding/franco_ros2_franka_ws/src/install/debug_msg/lib:/home/jiataoding/franco_ros2_franka_ws/src/install/joint_impedance_controller/lib:/home/jiataoding/franco_ros2_franka_ws/src/install/integration_launch_testing/lib:/home/jiataoding/franco_ros2_franka_ws/src/install/gravity_compensation/lib:/home/jiataoding/franco_ros2_franka_ws/src/install/franka_robot_state_broadcaster/lib:/home/jiataoding/franco_ros2_franka_ws/src/install/franka_example_controllers/lib:/home/jiataoding/franco_ros2_franka_ws/src/install/franka_semantic_components/lib:/home/jiataoding/franco_ros2_franka_ws/src/install/franka_ign_ros2_control/lib:/home/jiataoding/franco_ros2_franka_ws/src/install/franka_hardware/lib:/home/jiataoding/franco_ros2_franka_ws/src/install/franka_gripper/lib:/home/jiataoding/franco_ros2_franka_ws/src/install/franka_msgs/lib:/home/jiataoding/franco_ros2_franka_ws/src/install/cartesian_impedance_controller/lib:/home/jiataoding/libs/onnxruntime-linux-x64-1.21.0/lib:/home/jiataoding/ros2_franka_ws/install/joint_impedance_controller/lib:/home/jiataoding/ros2_franka_ws/install/integration_launch_testing/lib:/home/jiataoding/ros2_franka_ws/install/gravity_compensation/lib:/home/jiataoding/ros2_franka_ws/install/franka_robot_state_broadcaster/lib:/home/jiataoding/ros2_franka_ws/install/franka_example_controllers/lib:/home/jiataoding/ros2_franka_ws/install/franka_semantic_components/lib:/home/jiataoding/ros2_franka_ws/install/franka_ign_ros2_control/lib:/home/jiataoding/ros2_franka_ws/install/franka_hardware/lib:/home/jiataoding/ros2_franka_ws/install/franka_gripper/lib:/home/jiataoding/ros2_franka_ws/install/franka_msgs/lib:/home/jiataoding/ros2_franka_ws/install/cartesian_impedance_controller/lib:/home/jiataoding/ros2_franka_ws/install/effort_controller_base/lib:/home/jiataoding/ros2_franka_ws/install/debug_msg/lib:/home/jiataoding/franco_ros2_franka_ws/install/joint_impedance_controller/lib:/home/jiataoding/franco_ros2_franka_ws/install/integration_launch_testing/lib:/home/jiataoding/franco_ros2_franka_ws/install/gravity_compensation/lib:/home/jiataoding/franco_ros2_franka_ws/install/franka_robot_state_broadcaster/lib:/home/jiataoding/franco_ros2_franka_ws/install/franka_example_controllers/lib:/home/jiataoding/franco_ros2_franka_ws/install/franka_semantic_components/lib:/home/jiataoding/franco_ros2_franka_ws/install/franka_ign_ros2_control/lib:/home/jiataoding/franco_ros2_franka_ws/install/franka_hardware/lib:/home/jiataoding/franco_ros2_franka_ws/install/franka_gripper/lib:/home/jiataoding/franco_ros2_franka_ws/install/franka_msgs/lib:/home/jiataoding/franco_ros2_franka_ws/install/cartesian_impedance_controller/lib:/home/jiataoding/franco_ros2_franka_ws/install/effort_controller_base/lib:/home/jiataoding/franco_ros2_franka_ws/install/debug_msg/lib:/opt/openrobots/lib:/opt/ros/humble/opt/rviz_ogre_vendor/lib:/opt/ros/humble/lib/x86_64-linux-gnu:/opt/ros/humble/lib PKG_CONFIG_PATH=/home/jiataoding/franco_ros2_franka_ws/src/install/effort_controller_base/lib/x86_64-linux-gnu/pkgconfig:/home/jiataoding/franco_ros2_franka_ws/src/install/effort_controller_base/lib/pkgconfig:/home/jiataoding/ros2_franka_ws/install/effort_controller_base/lib/x86_64-linux-gnu/pkgconfig:/home/jiataoding/ros2_franka_ws/install/effort_controller_base/lib/pkgconfig:/home/jiataoding/franco_ros2_franka_ws/install/effort_controller_base/lib/x86_64-linux-gnu/pkgconfig:/home/jiataoding/franco_ros2_franka_ws/install/effort_controller_base/lib/pkgconfig:/opt/openrobots/lib/pkgconfig /usr/bin/cmake --build /home/jiataoding/franco_ros2_franka_ws/src/build/gravity_compensation -- -j24 -l24
[1.078s] DEBUG:colcon.colcon_core.event_handler.log_command:Invoking command in '/home/jiataoding/franco_ros2_franka_ws/src/build/gravity_compensation': CMAKE_PREFIX_PATH=/opt/ros/humble:/home/jiataoding/franco_ros2_franka_ws/src/install/effort_controller_base:/home/jiataoding/franco_ros2_franka_ws/src/install/debug_msg:/home/jiataoding/franco_ros2_franka_ws/src/install/joint_impedance_controller:/home/jiataoding/franco_ros2_franka_ws/src/install/integration_launch_testing:/home/jiataoding/franco_ros2_franka_ws/src/install/idra_franka_launch:/home/jiataoding/franco_ros2_franka_ws/src/install/gravity_compensation:/home/jiataoding/franco_ros2_franka_ws/src/install/franka_task_pipeline:/home/jiataoding/franco_ros2_franka_ws/src/install/franka_ros2:/home/jiataoding/franco_ros2_franka_ws/src/install/franka_bringup:/home/jiataoding/franco_ros2_franka_ws/src/install/franka_robot_state_broadcaster:/home/jiataoding/franco_ros2_franka_ws/src/install/franka_example_controllers:/home/jiataoding/franco_ros2_franka_ws/src/install/franka_semantic_components:/home/jiataoding/franco_ros2_franka_ws/src/install/franka_gazebo_bringup:/home/jiataoding/franco_ros2_franka_ws/src/install/franka_ign_ros2_control:/home/jiataoding/franco_ros2_franka_ws/src/install/franka_fr3_moveit_config:/home/jiataoding/franco_ros2_franka_ws/src/install/franka_hardware:/home/jiataoding/franco_ros2_franka_ws/src/install/franka_gripper:/home/jiataoding/franco_ros2_franka_ws/src/install/franka_msgs:/home/jiataoding/franco_ros2_franka_ws/src/install/franka_description:/home/jiataoding/franco_ros2_franka_ws/src/install/cartesian_impedance_controller:/home/jiataoding/ros2_franka_ws/install/joint_impedance_controller:/home/jiataoding/ros2_franka_ws/install/integration_launch_testing:/home/jiataoding/ros2_franka_ws/install/idra_franka_launch:/home/jiataoding/ros2_franka_ws/install/gravity_compensation:/home/jiataoding/ros2_franka_ws/install/franka_task_pipeline:/home/jiataoding/ros2_franka_ws/install/franka_ros2:/home/jiataoding/ros2_franka_ws/install/franka_bringup:/home/jiataoding/ros2_franka_ws/install/franka_robot_state_broadcaster:/home/jiataoding/ros2_franka_ws/install/franka_example_controllers:/home/jiataoding/ros2_franka_ws/install/franka_semantic_components:/home/jiataoding/ros2_franka_ws/install/franka_gazebo_bringup:/home/jiataoding/ros2_franka_ws/install/franka_ign_ros2_control:/home/jiataoding/ros2_franka_ws/install/franka_fr3_moveit_config:/home/jiataoding/ros2_franka_ws/install/franka_hardware:/home/jiataoding/ros2_franka_ws/install/franka_gripper:/home/jiataoding/ros2_franka_ws/install/franka_msgs:/home/jiataoding/ros2_franka_ws/install/franka_description:/home/jiataoding/ros2_franka_ws/install/cartesian_impedance_controller:/home/jiataoding/ros2_franka_ws/install/effort_controller_base:/home/jiataoding/ros2_franka_ws/install/debug_msg:/home/jiataoding/franco_ros2_franka_ws/install/joint_impedance_controller:/home/jiataoding/franco_ros2_franka_ws/install/integration_launch_testing:/home/jiataoding/franco_ros2_franka_ws/install/idra_franka_launch:/home/jiataoding/franco_ros2_franka_ws/install/gravity_compensation:/home/jiataoding/franco_ros2_franka_ws/install/franka_task_pipeline:/home/jiataoding/franco_ros2_franka_ws/install/franka_ros2:/home/jiataoding/franco_ros2_franka_ws/install/franka_bringup:/home/jiataoding/franco_ros2_franka_ws/install/franka_robot_state_broadcaster:/home/jiataoding/franco_ros2_franka_ws/install/franka_example_controllers:/home/jiataoding/franco_ros2_franka_ws/install/franka_semantic_components:/home/jiataoding/franco_ros2_franka_ws/install/franka_gazebo_bringup:/home/jiataoding/franco_ros2_franka_ws/install/franka_ign_ros2_control:/home/jiataoding/franco_ros2_franka_ws/install/franka_fr3_moveit_config:/home/jiataoding/franco_ros2_franka_ws/install/franka_hardware:/home/jiataoding/franco_ros2_franka_ws/install/franka_gripper:/home/jiataoding/franco_ros2_franka_ws/install/franka_msgs:/home/jiataoding/franco_ros2_franka_ws/install/franka_description:/home/jiataoding/franco_ros2_franka_ws/install/cartesian_impedance_controller:/home/jiataoding/franco_ros2_franka_ws/install/effort_controller_base:/home/jiataoding/franco_ros2_franka_ws/install/debug_msg:/opt/openrobots LD_LIBRARY_PATH=/home/jiataoding/franco_ros2_franka_ws/src/install/effort_controller_base/lib:/home/jiataoding/franco_ros2_franka_ws/src/install/debug_msg/lib:/home/jiataoding/franco_ros2_franka_ws/src/install/joint_impedance_controller/lib:/home/jiataoding/franco_ros2_franka_ws/src/install/integration_launch_testing/lib:/home/jiataoding/franco_ros2_franka_ws/src/install/gravity_compensation/lib:/home/jiataoding/franco_ros2_franka_ws/src/install/franka_robot_state_broadcaster/lib:/home/jiataoding/franco_ros2_franka_ws/src/install/franka_example_controllers/lib:/home/jiataoding/franco_ros2_franka_ws/src/install/franka_semantic_components/lib:/home/jiataoding/franco_ros2_franka_ws/src/install/franka_ign_ros2_control/lib:/home/jiataoding/franco_ros2_franka_ws/src/install/franka_hardware/lib:/home/jiataoding/franco_ros2_franka_ws/src/install/franka_gripper/lib:/home/jiataoding/franco_ros2_franka_ws/src/install/franka_msgs/lib:/home/jiataoding/franco_ros2_franka_ws/src/install/cartesian_impedance_controller/lib:/home/jiataoding/libs/onnxruntime-linux-x64-1.21.0/lib:/home/jiataoding/ros2_franka_ws/install/joint_impedance_controller/lib:/home/jiataoding/ros2_franka_ws/install/integration_launch_testing/lib:/home/jiataoding/ros2_franka_ws/install/gravity_compensation/lib:/home/jiataoding/ros2_franka_ws/install/franka_robot_state_broadcaster/lib:/home/jiataoding/ros2_franka_ws/install/franka_example_controllers/lib:/home/jiataoding/ros2_franka_ws/install/franka_semantic_components/lib:/home/jiataoding/ros2_franka_ws/install/franka_ign_ros2_control/lib:/home/jiataoding/ros2_franka_ws/install/franka_hardware/lib:/home/jiataoding/ros2_franka_ws/install/franka_gripper/lib:/home/jiataoding/ros2_franka_ws/install/franka_msgs/lib:/home/jiataoding/ros2_franka_ws/install/cartesian_impedance_controller/lib:/home/jiataoding/ros2_franka_ws/install/effort_controller_base/lib:/home/jiataoding/ros2_franka_ws/install/debug_msg/lib:/home/jiataoding/franco_ros2_franka_ws/install/joint_impedance_controller/lib:/home/jiataoding/franco_ros2_franka_ws/install/integration_launch_testing/lib:/home/jiataoding/franco_ros2_franka_ws/install/gravity_compensation/lib:/home/jiataoding/franco_ros2_franka_ws/install/franka_robot_state_broadcaster/lib:/home/jiataoding/franco_ros2_franka_ws/install/franka_example_controllers/lib:/home/jiataoding/franco_ros2_franka_ws/install/franka_semantic_components/lib:/home/jiataoding/franco_ros2_franka_ws/install/franka_ign_ros2_control/lib:/home/jiataoding/franco_ros2_franka_ws/install/franka_hardware/lib:/home/jiataoding/franco_ros2_franka_ws/install/franka_gripper/lib:/home/jiataoding/franco_ros2_franka_ws/install/franka_msgs/lib:/home/jiataoding/franco_ros2_franka_ws/install/cartesian_impedance_controller/lib:/home/jiataoding/franco_ros2_franka_ws/install/effort_controller_base/lib:/home/jiataoding/franco_ros2_franka_ws/install/debug_msg/lib:/opt/openrobots/lib:/opt/ros/humble/opt/rviz_ogre_vendor/lib:/opt/ros/humble/lib/x86_64-linux-gnu:/opt/ros/humble/lib PKG_CONFIG_PATH=/home/jiataoding/franco_ros2_franka_ws/src/install/effort_controller_base/lib/x86_64-linux-gnu/pkgconfig:/home/jiataoding/franco_ros2_franka_ws/src/install/effort_controller_base/lib/pkgconfig:/home/jiataoding/ros2_franka_ws/install/effort_controller_base/lib/x86_64-linux-gnu/pkgconfig:/home/jiataoding/ros2_franka_ws/install/effort_controller_base/lib/pkgconfig:/home/jiataoding/franco_ros2_franka_ws/install/effort_controller_base/lib/x86_64-linux-gnu/pkgconfig:/home/jiataoding/franco_ros2_franka_ws/install/effort_controller_base/lib/pkgconfig:/opt/openrobots/lib/pkgconfig /usr/bin/cmake --install /home/jiataoding/franco_ros2_franka_ws/src/build/gravity_compensation
[1.101s] DEBUG:colcon.colcon_core.event_handler.log_command:Invoked command in '/home/jiataoding/franco_ros2_franka_ws/src/build/joint_impedance_controller' returned '0': CMAKE_PREFIX_PATH=/opt/ros/humble:/home/jiataoding/franco_ros2_franka_ws/src/install/effort_controller_base:/home/jiataoding/franco_ros2_franka_ws/src/install/debug_msg:/home/jiataoding/franco_ros2_franka_ws/src/install/joint_impedance_controller:/home/jiataoding/franco_ros2_franka_ws/src/install/integration_launch_testing:/home/jiataoding/franco_ros2_franka_ws/src/install/idra_franka_launch:/home/jiataoding/franco_ros2_franka_ws/src/install/gravity_compensation:/home/jiataoding/franco_ros2_franka_ws/src/install/franka_task_pipeline:/home/jiataoding/franco_ros2_franka_ws/src/install/franka_ros2:/home/jiataoding/franco_ros2_franka_ws/src/install/franka_bringup:/home/jiataoding/franco_ros2_franka_ws/src/install/franka_robot_state_broadcaster:/home/jiataoding/franco_ros2_franka_ws/src/install/franka_example_controllers:/home/jiataoding/franco_ros2_franka_ws/src/install/franka_semantic_components:/home/jiataoding/franco_ros2_franka_ws/src/install/franka_gazebo_bringup:/home/jiataoding/franco_ros2_franka_ws/src/install/franka_ign_ros2_control:/home/jiataoding/franco_ros2_franka_ws/src/install/franka_fr3_moveit_config:/home/jiataoding/franco_ros2_franka_ws/src/install/franka_hardware:/home/jiataoding/franco_ros2_franka_ws/src/install/franka_gripper:/home/jiataoding/franco_ros2_franka_ws/src/install/franka_msgs:/home/jiataoding/franco_ros2_franka_ws/src/install/franka_description:/home/jiataoding/franco_ros2_franka_ws/src/install/cartesian_impedance_controller:/home/jiataoding/ros2_franka_ws/install/joint_impedance_controller:/home/jiataoding/ros2_franka_ws/install/integration_launch_testing:/home/jiataoding/ros2_franka_ws/install/idra_franka_launch:/home/jiataoding/ros2_franka_ws/install/gravity_compensation:/home/jiataoding/ros2_franka_ws/install/franka_task_pipeline:/home/jiataoding/ros2_franka_ws/install/franka_ros2:/home/jiataoding/ros2_franka_ws/install/franka_bringup:/home/jiataoding/ros2_franka_ws/install/franka_robot_state_broadcaster:/home/jiataoding/ros2_franka_ws/install/franka_example_controllers:/home/jiataoding/ros2_franka_ws/install/franka_semantic_components:/home/jiataoding/ros2_franka_ws/install/franka_gazebo_bringup:/home/jiataoding/ros2_franka_ws/install/franka_ign_ros2_control:/home/jiataoding/ros2_franka_ws/install/franka_fr3_moveit_config:/home/jiataoding/ros2_franka_ws/install/franka_hardware:/home/jiataoding/ros2_franka_ws/install/franka_gripper:/home/jiataoding/ros2_franka_ws/install/franka_msgs:/home/jiataoding/ros2_franka_ws/install/franka_description:/home/jiataoding/ros2_franka_ws/install/cartesian_impedance_controller:/home/jiataoding/ros2_franka_ws/install/effort_controller_base:/home/jiataoding/ros2_franka_ws/install/debug_msg:/home/jiataoding/franco_ros2_franka_ws/install/joint_impedance_controller:/home/jiataoding/franco_ros2_franka_ws/install/integration_launch_testing:/home/jiataoding/franco_ros2_franka_ws/install/idra_franka_launch:/home/jiataoding/franco_ros2_franka_ws/install/gravity_compensation:/home/jiataoding/franco_ros2_franka_ws/install/franka_task_pipeline:/home/jiataoding/franco_ros2_franka_ws/install/franka_ros2:/home/jiataoding/franco_ros2_franka_ws/install/franka_bringup:/home/jiataoding/franco_ros2_franka_ws/install/franka_robot_state_broadcaster:/home/jiataoding/franco_ros2_franka_ws/install/franka_example_controllers:/home/jiataoding/franco_ros2_franka_ws/install/franka_semantic_components:/home/jiataoding/franco_ros2_franka_ws/install/franka_gazebo_bringup:/home/jiataoding/franco_ros2_franka_ws/install/franka_ign_ros2_control:/home/jiataoding/franco_ros2_franka_ws/install/franka_fr3_moveit_config:/home/jiataoding/franco_ros2_franka_ws/install/franka_hardware:/home/jiataoding/franco_ros2_franka_ws/install/franka_gripper:/home/jiataoding/franco_ros2_franka_ws/install/franka_msgs:/home/jiataoding/franco_ros2_franka_ws/install/franka_description:/home/jiataoding/franco_ros2_franka_ws/install/cartesian_impedance_controller:/home/jiataoding/franco_ros2_franka_ws/install/effort_controller_base:/home/jiataoding/franco_ros2_franka_ws/install/debug_msg:/opt/openrobots LD_LIBRARY_PATH=/home/jiataoding/franco_ros2_franka_ws/src/install/effort_controller_base/lib:/home/jiataoding/franco_ros2_franka_ws/src/install/debug_msg/lib:/home/jiataoding/franco_ros2_franka_ws/src/install/joint_impedance_controller/lib:/home/jiataoding/franco_ros2_franka_ws/src/install/integration_launch_testing/lib:/home/jiataoding/franco_ros2_franka_ws/src/install/gravity_compensation/lib:/home/jiataoding/franco_ros2_franka_ws/src/install/franka_robot_state_broadcaster/lib:/home/jiataoding/franco_ros2_franka_ws/src/install/franka_example_controllers/lib:/home/jiataoding/franco_ros2_franka_ws/src/install/franka_semantic_components/lib:/home/jiataoding/franco_ros2_franka_ws/src/install/franka_ign_ros2_control/lib:/home/jiataoding/franco_ros2_franka_ws/src/install/franka_hardware/lib:/home/jiataoding/franco_ros2_franka_ws/src/install/franka_gripper/lib:/home/jiataoding/franco_ros2_franka_ws/src/install/franka_msgs/lib:/home/jiataoding/franco_ros2_franka_ws/src/install/cartesian_impedance_controller/lib:/home/jiataoding/libs/onnxruntime-linux-x64-1.21.0/lib:/home/jiataoding/ros2_franka_ws/install/joint_impedance_controller/lib:/home/jiataoding/ros2_franka_ws/install/integration_launch_testing/lib:/home/jiataoding/ros2_franka_ws/install/gravity_compensation/lib:/home/jiataoding/ros2_franka_ws/install/franka_robot_state_broadcaster/lib:/home/jiataoding/ros2_franka_ws/install/franka_example_controllers/lib:/home/jiataoding/ros2_franka_ws/install/franka_semantic_components/lib:/home/jiataoding/ros2_franka_ws/install/franka_ign_ros2_control/lib:/home/jiataoding/ros2_franka_ws/install/franka_hardware/lib:/home/jiataoding/ros2_franka_ws/install/franka_gripper/lib:/home/jiataoding/ros2_franka_ws/install/franka_msgs/lib:/home/jiataoding/ros2_franka_ws/install/cartesian_impedance_controller/lib:/home/jiataoding/ros2_franka_ws/install/effort_controller_base/lib:/home/jiataoding/ros2_franka_ws/install/debug_msg/lib:/home/jiataoding/franco_ros2_franka_ws/install/joint_impedance_controller/lib:/home/jiataoding/franco_ros2_franka_ws/install/integration_launch_testing/lib:/home/jiataoding/franco_ros2_franka_ws/install/gravity_compensation/lib:/home/jiataoding/franco_ros2_franka_ws/install/franka_robot_state_broadcaster/lib:/home/jiataoding/franco_ros2_franka_ws/install/franka_example_controllers/lib:/home/jiataoding/franco_ros2_franka_ws/install/franka_semantic_components/lib:/home/jiataoding/franco_ros2_franka_ws/install/franka_ign_ros2_control/lib:/home/jiataoding/franco_ros2_franka_ws/install/franka_hardware/lib:/home/jiataoding/franco_ros2_franka_ws/install/franka_gripper/lib:/home/jiataoding/franco_ros2_franka_ws/install/franka_msgs/lib:/home/jiataoding/franco_ros2_franka_ws/install/cartesian_impedance_controller/lib:/home/jiataoding/franco_ros2_franka_ws/install/effort_controller_base/lib:/home/jiataoding/franco_ros2_franka_ws/install/debug_msg/lib:/opt/openrobots/lib:/opt/ros/humble/opt/rviz_ogre_vendor/lib:/opt/ros/humble/lib/x86_64-linux-gnu:/opt/ros/humble/lib PKG_CONFIG_PATH=/home/jiataoding/franco_ros2_franka_ws/src/install/effort_controller_base/lib/x86_64-linux-gnu/pkgconfig:/home/jiataoding/franco_ros2_franka_ws/src/install/effort_controller_base/lib/pkgconfig:/home/jiataoding/ros2_franka_ws/install/effort_controller_base/lib/x86_64-linux-gnu/pkgconfig:/home/jiataoding/ros2_franka_ws/install/effort_controller_base/lib/pkgconfig:/home/jiataoding/franco_ros2_franka_ws/install/effort_controller_base/lib/x86_64-linux-gnu/pkgconfig:/home/jiataoding/franco_ros2_franka_ws/install/effort_controller_base/lib/pkgconfig:/opt/openrobots/lib/pkgconfig /usr/bin/cmake --build /home/jiataoding/franco_ros2_franka_ws/src/build/joint_impedance_controller -- -j24 -l24
[1.103s] DEBUG:colcon.colcon_core.event_handler.log_command:Invoking command in '/home/jiataoding/franco_ros2_franka_ws/src/build/joint_impedance_controller': CMAKE_PREFIX_PATH=/opt/ros/humble:/home/jiataoding/franco_ros2_franka_ws/src/install/effort_controller_base:/home/jiataoding/franco_ros2_franka_ws/src/install/debug_msg:/home/jiataoding/franco_ros2_franka_ws/src/install/joint_impedance_controller:/home/jiataoding/franco_ros2_franka_ws/src/install/integration_launch_testing:/home/jiataoding/franco_ros2_franka_ws/src/install/idra_franka_launch:/home/jiataoding/franco_ros2_franka_ws/src/install/gravity_compensation:/home/jiataoding/franco_ros2_franka_ws/src/install/franka_task_pipeline:/home/jiataoding/franco_ros2_franka_ws/src/install/franka_ros2:/home/jiataoding/franco_ros2_franka_ws/src/install/franka_bringup:/home/jiataoding/franco_ros2_franka_ws/src/install/franka_robot_state_broadcaster:/home/jiataoding/franco_ros2_franka_ws/src/install/franka_example_controllers:/home/jiataoding/franco_ros2_franka_ws/src/install/franka_semantic_components:/home/jiataoding/franco_ros2_franka_ws/src/install/franka_gazebo_bringup:/home/jiataoding/franco_ros2_franka_ws/src/install/franka_ign_ros2_control:/home/jiataoding/franco_ros2_franka_ws/src/install/franka_fr3_moveit_config:/home/jiataoding/franco_ros2_franka_ws/src/install/franka_hardware:/home/jiataoding/franco_ros2_franka_ws/src/install/franka_gripper:/home/jiataoding/franco_ros2_franka_ws/src/install/franka_msgs:/home/jiataoding/franco_ros2_franka_ws/src/install/franka_description:/home/jiataoding/franco_ros2_franka_ws/src/install/cartesian_impedance_controller:/home/jiataoding/ros2_franka_ws/install/joint_impedance_controller:/home/jiataoding/ros2_franka_ws/install/integration_launch_testing:/home/jiataoding/ros2_franka_ws/install/idra_franka_launch:/home/jiataoding/ros2_franka_ws/install/gravity_compensation:/home/jiataoding/ros2_franka_ws/install/franka_task_pipeline:/home/jiataoding/ros2_franka_ws/install/franka_ros2:/home/jiataoding/ros2_franka_ws/install/franka_bringup:/home/jiataoding/ros2_franka_ws/install/franka_robot_state_broadcaster:/home/jiataoding/ros2_franka_ws/install/franka_example_controllers:/home/jiataoding/ros2_franka_ws/install/franka_semantic_components:/home/jiataoding/ros2_franka_ws/install/franka_gazebo_bringup:/home/jiataoding/ros2_franka_ws/install/franka_ign_ros2_control:/home/jiataoding/ros2_franka_ws/install/franka_fr3_moveit_config:/home/jiataoding/ros2_franka_ws/install/franka_hardware:/home/jiataoding/ros2_franka_ws/install/franka_gripper:/home/jiataoding/ros2_franka_ws/install/franka_msgs:/home/jiataoding/ros2_franka_ws/install/franka_description:/home/jiataoding/ros2_franka_ws/install/cartesian_impedance_controller:/home/jiataoding/ros2_franka_ws/install/effort_controller_base:/home/jiataoding/ros2_franka_ws/install/debug_msg:/home/jiataoding/franco_ros2_franka_ws/install/joint_impedance_controller:/home/jiataoding/franco_ros2_franka_ws/install/integration_launch_testing:/home/jiataoding/franco_ros2_franka_ws/install/idra_franka_launch:/home/jiataoding/franco_ros2_franka_ws/install/gravity_compensation:/home/jiataoding/franco_ros2_franka_ws/install/franka_task_pipeline:/home/jiataoding/franco_ros2_franka_ws/install/franka_ros2:/home/jiataoding/franco_ros2_franka_ws/install/franka_bringup:/home/jiataoding/franco_ros2_franka_ws/install/franka_robot_state_broadcaster:/home/jiataoding/franco_ros2_franka_ws/install/franka_example_controllers:/home/jiataoding/franco_ros2_franka_ws/install/franka_semantic_components:/home/jiataoding/franco_ros2_franka_ws/install/franka_gazebo_bringup:/home/jiataoding/franco_ros2_franka_ws/install/franka_ign_ros2_control:/home/jiataoding/franco_ros2_franka_ws/install/franka_fr3_moveit_config:/home/jiataoding/franco_ros2_franka_ws/install/franka_hardware:/home/jiataoding/franco_ros2_franka_ws/install/franka_gripper:/home/jiataoding/franco_ros2_franka_ws/install/franka_msgs:/home/jiataoding/franco_ros2_franka_ws/install/franka_description:/home/jiataoding/franco_ros2_franka_ws/install/cartesian_impedance_controller:/home/jiataoding/franco_ros2_franka_ws/install/effort_controller_base:/home/jiataoding/franco_ros2_franka_ws/install/debug_msg:/opt/openrobots LD_LIBRARY_PATH=/home/jiataoding/franco_ros2_franka_ws/src/install/effort_controller_base/lib:/home/jiataoding/franco_ros2_franka_ws/src/install/debug_msg/lib:/home/jiataoding/franco_ros2_franka_ws/src/install/joint_impedance_controller/lib:/home/jiataoding/franco_ros2_franka_ws/src/install/integration_launch_testing/lib:/home/jiataoding/franco_ros2_franka_ws/src/install/gravity_compensation/lib:/home/jiataoding/franco_ros2_franka_ws/src/install/franka_robot_state_broadcaster/lib:/home/jiataoding/franco_ros2_franka_ws/src/install/franka_example_controllers/lib:/home/jiataoding/franco_ros2_franka_ws/src/install/franka_semantic_components/lib:/home/jiataoding/franco_ros2_franka_ws/src/install/franka_ign_ros2_control/lib:/home/jiataoding/franco_ros2_franka_ws/src/install/franka_hardware/lib:/home/jiataoding/franco_ros2_franka_ws/src/install/franka_gripper/lib:/home/jiataoding/franco_ros2_franka_ws/src/install/franka_msgs/lib:/home/jiataoding/franco_ros2_franka_ws/src/install/cartesian_impedance_controller/lib:/home/jiataoding/libs/onnxruntime-linux-x64-1.21.0/lib:/home/jiataoding/ros2_franka_ws/install/joint_impedance_controller/lib:/home/jiataoding/ros2_franka_ws/install/integration_launch_testing/lib:/home/jiataoding/ros2_franka_ws/install/gravity_compensation/lib:/home/jiataoding/ros2_franka_ws/install/franka_robot_state_broadcaster/lib:/home/jiataoding/ros2_franka_ws/install/franka_example_controllers/lib:/home/jiataoding/ros2_franka_ws/install/franka_semantic_components/lib:/home/jiataoding/ros2_franka_ws/install/franka_ign_ros2_control/lib:/home/jiataoding/ros2_franka_ws/install/franka_hardware/lib:/home/jiataoding/ros2_franka_ws/install/franka_gripper/lib:/home/jiataoding/ros2_franka_ws/install/franka_msgs/lib:/home/jiataoding/ros2_franka_ws/install/cartesian_impedance_controller/lib:/home/jiataoding/ros2_franka_ws/install/effort_controller_base/lib:/home/jiataoding/ros2_franka_ws/install/debug_msg/lib:/home/jiataoding/franco_ros2_franka_ws/install/joint_impedance_controller/lib:/home/jiataoding/franco_ros2_franka_ws/install/integration_launch_testing/lib:/home/jiataoding/franco_ros2_franka_ws/install/gravity_compensation/lib:/home/jiataoding/franco_ros2_franka_ws/install/franka_robot_state_broadcaster/lib:/home/jiataoding/franco_ros2_franka_ws/install/franka_example_controllers/lib:/home/jiataoding/franco_ros2_franka_ws/install/franka_semantic_components/lib:/home/jiataoding/franco_ros2_franka_ws/install/franka_ign_ros2_control/lib:/home/jiataoding/franco_ros2_franka_ws/install/franka_hardware/lib:/home/jiataoding/franco_ros2_franka_ws/install/franka_gripper/lib:/home/jiataoding/franco_ros2_franka_ws/install/franka_msgs/lib:/home/jiataoding/franco_ros2_franka_ws/install/cartesian_impedance_controller/lib:/home/jiataoding/franco_ros2_franka_ws/install/effort_controller_base/lib:/home/jiataoding/franco_ros2_franka_ws/install/debug_msg/lib:/opt/openrobots/lib:/opt/ros/humble/opt/rviz_ogre_vendor/lib:/opt/ros/humble/lib/x86_64-linux-gnu:/opt/ros/humble/lib PKG_CONFIG_PATH=/home/jiataoding/franco_ros2_franka_ws/src/install/effort_controller_base/lib/x86_64-linux-gnu/pkgconfig:/home/jiataoding/franco_ros2_franka_ws/src/install/effort_controller_base/lib/pkgconfig:/home/jiataoding/ros2_franka_ws/install/effort_controller_base/lib/x86_64-linux-gnu/pkgconfig:/home/jiataoding/ros2_franka_ws/install/effort_controller_base/lib/pkgconfig:/home/jiataoding/franco_ros2_franka_ws/install/effort_controller_base/lib/x86_64-linux-gnu/pkgconfig:/home/jiataoding/franco_ros2_franka_ws/install/effort_controller_base/lib/pkgconfig:/opt/openrobots/lib/pkgconfig /usr/bin/cmake --install /home/jiataoding/franco_ros2_franka_ws/src/build/joint_impedance_controller
[1.107s] Level 1:colcon.colcon_core.environment:create_environment_scripts_only(cartesian_impedance_controller)
[1.107s] Level 1:colcon.colcon_core.environment:checking '/home/jiataoding/franco_ros2_franka_ws/src/install/cartesian_impedance_controller' for CMake module files
[1.107s] DEBUG:colcon.colcon_core.event_handler.log_command:Invoked command in '/home/jiataoding/franco_ros2_franka_ws/src/build/cartesian_impedance_controller' returned '0': CMAKE_PREFIX_PATH=/opt/ros/humble:/home/jiataoding/franco_ros2_franka_ws/src/install/effort_controller_base:/home/jiataoding/franco_ros2_franka_ws/src/install/debug_msg:/home/jiataoding/franco_ros2_franka_ws/src/install/joint_impedance_controller:/home/jiataoding/franco_ros2_franka_ws/src/install/integration_launch_testing:/home/jiataoding/franco_ros2_franka_ws/src/install/idra_franka_launch:/home/jiataoding/franco_ros2_franka_ws/src/install/gravity_compensation:/home/jiataoding/franco_ros2_franka_ws/src/install/franka_task_pipeline:/home/jiataoding/franco_ros2_franka_ws/src/install/franka_ros2:/home/jiataoding/franco_ros2_franka_ws/src/install/franka_bringup:/home/jiataoding/franco_ros2_franka_ws/src/install/franka_robot_state_broadcaster:/home/jiataoding/franco_ros2_franka_ws/src/install/franka_example_controllers:/home/jiataoding/franco_ros2_franka_ws/src/install/franka_semantic_components:/home/jiataoding/franco_ros2_franka_ws/src/install/franka_gazebo_bringup:/home/jiataoding/franco_ros2_franka_ws/src/install/franka_ign_ros2_control:/home/jiataoding/franco_ros2_franka_ws/src/install/franka_fr3_moveit_config:/home/jiataoding/franco_ros2_franka_ws/src/install/franka_hardware:/home/jiataoding/franco_ros2_franka_ws/src/install/franka_gripper:/home/jiataoding/franco_ros2_franka_ws/src/install/franka_msgs:/home/jiataoding/franco_ros2_franka_ws/src/install/franka_description:/home/jiataoding/franco_ros2_franka_ws/src/install/cartesian_impedance_controller:/home/jiataoding/ros2_franka_ws/install/joint_impedance_controller:/home/jiataoding/ros2_franka_ws/install/integration_launch_testing:/home/jiataoding/ros2_franka_ws/install/idra_franka_launch:/home/jiataoding/ros2_franka_ws/install/gravity_compensation:/home/jiataoding/ros2_franka_ws/install/franka_task_pipeline:/home/jiataoding/ros2_franka_ws/install/franka_ros2:/home/jiataoding/ros2_franka_ws/install/franka_bringup:/home/jiataoding/ros2_franka_ws/install/franka_robot_state_broadcaster:/home/jiataoding/ros2_franka_ws/install/franka_example_controllers:/home/jiataoding/ros2_franka_ws/install/franka_semantic_components:/home/jiataoding/ros2_franka_ws/install/franka_gazebo_bringup:/home/jiataoding/ros2_franka_ws/install/franka_ign_ros2_control:/home/jiataoding/ros2_franka_ws/install/franka_fr3_moveit_config:/home/jiataoding/ros2_franka_ws/install/franka_hardware:/home/jiataoding/ros2_franka_ws/install/franka_gripper:/home/jiataoding/ros2_franka_ws/install/franka_msgs:/home/jiataoding/ros2_franka_ws/install/franka_description:/home/jiataoding/ros2_franka_ws/install/cartesian_impedance_controller:/home/jiataoding/ros2_franka_ws/install/effort_controller_base:/home/jiataoding/ros2_franka_ws/install/debug_msg:/home/jiataoding/franco_ros2_franka_ws/install/joint_impedance_controller:/home/jiataoding/franco_ros2_franka_ws/install/integration_launch_testing:/home/jiataoding/franco_ros2_franka_ws/install/idra_franka_launch:/home/jiataoding/franco_ros2_franka_ws/install/gravity_compensation:/home/jiataoding/franco_ros2_franka_ws/install/franka_task_pipeline:/home/jiataoding/franco_ros2_franka_ws/install/franka_ros2:/home/jiataoding/franco_ros2_franka_ws/install/franka_bringup:/home/jiataoding/franco_ros2_franka_ws/install/franka_robot_state_broadcaster:/home/jiataoding/franco_ros2_franka_ws/install/franka_example_controllers:/home/jiataoding/franco_ros2_franka_ws/install/franka_semantic_components:/home/jiataoding/franco_ros2_franka_ws/install/franka_gazebo_bringup:/home/jiataoding/franco_ros2_franka_ws/install/franka_ign_ros2_control:/home/jiataoding/franco_ros2_franka_ws/install/franka_fr3_moveit_config:/home/jiataoding/franco_ros2_franka_ws/install/franka_hardware:/home/jiataoding/franco_ros2_franka_ws/install/franka_gripper:/home/jiataoding/franco_ros2_franka_ws/install/franka_msgs:/home/jiataoding/franco_ros2_franka_ws/install/franka_description:/home/jiataoding/franco_ros2_franka_ws/install/cartesian_impedance_controller:/home/jiataoding/franco_ros2_franka_ws/install/effort_controller_base:/home/jiataoding/franco_ros2_franka_ws/install/debug_msg:/opt/openrobots LD_LIBRARY_PATH=/home/jiataoding/franco_ros2_franka_ws/src/install/effort_controller_base/lib:/home/jiataoding/franco_ros2_franka_ws/src/install/debug_msg/lib:/home/jiataoding/franco_ros2_franka_ws/src/install/joint_impedance_controller/lib:/home/jiataoding/franco_ros2_franka_ws/src/install/integration_launch_testing/lib:/home/jiataoding/franco_ros2_franka_ws/src/install/gravity_compensation/lib:/home/jiataoding/franco_ros2_franka_ws/src/install/franka_robot_state_broadcaster/lib:/home/jiataoding/franco_ros2_franka_ws/src/install/franka_example_controllers/lib:/home/jiataoding/franco_ros2_franka_ws/src/install/franka_semantic_components/lib:/home/jiataoding/franco_ros2_franka_ws/src/install/franka_ign_ros2_control/lib:/home/jiataoding/franco_ros2_franka_ws/src/install/franka_hardware/lib:/home/jiataoding/franco_ros2_franka_ws/src/install/franka_gripper/lib:/home/jiataoding/franco_ros2_franka_ws/src/install/franka_msgs/lib:/home/jiataoding/franco_ros2_franka_ws/src/install/cartesian_impedance_controller/lib:/home/jiataoding/libs/onnxruntime-linux-x64-1.21.0/lib:/home/jiataoding/ros2_franka_ws/install/joint_impedance_controller/lib:/home/jiataoding/ros2_franka_ws/install/integration_launch_testing/lib:/home/jiataoding/ros2_franka_ws/install/gravity_compensation/lib:/home/jiataoding/ros2_franka_ws/install/franka_robot_state_broadcaster/lib:/home/jiataoding/ros2_franka_ws/install/franka_example_controllers/lib:/home/jiataoding/ros2_franka_ws/install/franka_semantic_components/lib:/home/jiataoding/ros2_franka_ws/install/franka_ign_ros2_control/lib:/home/jiataoding/ros2_franka_ws/install/franka_hardware/lib:/home/jiataoding/ros2_franka_ws/install/franka_gripper/lib:/home/jiataoding/ros2_franka_ws/install/franka_msgs/lib:/home/jiataoding/ros2_franka_ws/install/cartesian_impedance_controller/lib:/home/jiataoding/ros2_franka_ws/install/effort_controller_base/lib:/home/jiataoding/ros2_franka_ws/install/debug_msg/lib:/home/jiataoding/franco_ros2_franka_ws/install/joint_impedance_controller/lib:/home/jiataoding/franco_ros2_franka_ws/install/integration_launch_testing/lib:/home/jiataoding/franco_ros2_franka_ws/install/gravity_compensation/lib:/home/jiataoding/franco_ros2_franka_ws/install/franka_robot_state_broadcaster/lib:/home/jiataoding/franco_ros2_franka_ws/install/franka_example_controllers/lib:/home/jiataoding/franco_ros2_franka_ws/install/franka_semantic_components/lib:/home/jiataoding/franco_ros2_franka_ws/install/franka_ign_ros2_control/lib:/home/jiataoding/franco_ros2_franka_ws/install/franka_hardware/lib:/home/jiataoding/franco_ros2_franka_ws/install/franka_gripper/lib:/home/jiataoding/franco_ros2_franka_ws/install/franka_msgs/lib:/home/jiataoding/franco_ros2_franka_ws/install/cartesian_impedance_controller/lib:/home/jiataoding/franco_ros2_franka_ws/install/effort_controller_base/lib:/home/jiataoding/franco_ros2_franka_ws/install/debug_msg/lib:/opt/openrobots/lib:/opt/ros/humble/opt/rviz_ogre_vendor/lib:/opt/ros/humble/lib/x86_64-linux-gnu:/opt/ros/humble/lib PKG_CONFIG_PATH=/home/jiataoding/franco_ros2_franka_ws/src/install/effort_controller_base/lib/x86_64-linux-gnu/pkgconfig:/home/jiataoding/franco_ros2_franka_ws/src/install/effort_controller_base/lib/pkgconfig:/home/jiataoding/ros2_franka_ws/install/effort_controller_base/lib/x86_64-linux-gnu/pkgconfig:/home/jiataoding/ros2_franka_ws/install/effort_controller_base/lib/pkgconfig:/home/jiataoding/franco_ros2_franka_ws/install/effort_controller_base/lib/x86_64-linux-gnu/pkgconfig:/home/jiataoding/franco_ros2_franka_ws/install/effort_controller_base/lib/pkgconfig:/opt/openrobots/lib/pkgconfig /usr/bin/cmake --install /home/jiataoding/franco_ros2_franka_ws/src/build/cartesian_impedance_controller
[1.108s] Level 1:colcon.colcon_core.environment:checking '/home/jiataoding/franco_ros2_franka_ws/src/install/cartesian_impedance_controller' for CMake config files
[1.108s] Level 1:colcon.colcon_core.shell:create_environment_hook('cartesian_impedance_controller', 'cmake_prefix_path')
[1.108s] INFO:colcon.colcon_core.shell:Creating environment hook '/home/jiataoding/franco_ros2_franka_ws/src/install/cartesian_impedance_controller/share/cartesian_impedance_controller/hook/cmake_prefix_path.ps1'
[1.109s] INFO:colcon.colcon_core.shell:Creating environment descriptor '/home/jiataoding/franco_ros2_franka_ws/src/install/cartesian_impedance_controller/share/cartesian_impedance_controller/hook/cmake_prefix_path.dsv'
[1.109s] INFO:colcon.colcon_core.shell:Creating environment hook '/home/jiataoding/franco_ros2_franka_ws/src/install/cartesian_impedance_controller/share/cartesian_impedance_controller/hook/cmake_prefix_path.sh'
[1.110s] Level 1:colcon.colcon_core.environment:checking '/home/jiataoding/franco_ros2_franka_ws/src/install/cartesian_impedance_controller/lib'
[1.110s] Level 1:colcon.colcon_core.shell:create_environment_hook('cartesian_impedance_controller', 'ld_library_path_lib')
[1.110s] INFO:colcon.colcon_core.shell:Creating environment hook '/home/jiataoding/franco_ros2_franka_ws/src/install/cartesian_impedance_controller/share/cartesian_impedance_controller/hook/ld_library_path_lib.ps1'
[1.110s] INFO:colcon.colcon_core.shell:Creating environment descriptor '/home/jiataoding/franco_ros2_franka_ws/src/install/cartesian_impedance_controller/share/cartesian_impedance_controller/hook/ld_library_path_lib.dsv'
[1.111s] INFO:colcon.colcon_core.shell:Creating environment hook '/home/jiataoding/franco_ros2_franka_ws/src/install/cartesian_impedance_controller/share/cartesian_impedance_controller/hook/ld_library_path_lib.sh'
[1.111s] Level 1:colcon.colcon_core.environment:checking '/home/jiataoding/franco_ros2_franka_ws/src/install/cartesian_impedance_controller/bin'
[1.111s] Level 1:colcon.colcon_core.environment:checking '/home/jiataoding/franco_ros2_franka_ws/src/install/cartesian_impedance_controller/lib/pkgconfig/cartesian_impedance_controller.pc'
[1.111s] Level 1:colcon.colcon_core.environment:checking '/home/jiataoding/franco_ros2_franka_ws/src/install/cartesian_impedance_controller/lib/python3.10/site-packages'
[1.112s] Level 1:colcon.colcon_core.environment:checking '/home/jiataoding/franco_ros2_franka_ws/src/install/cartesian_impedance_controller/bin'
[1.112s] INFO:colcon.colcon_core.shell:Creating package script '/home/jiataoding/franco_ros2_franka_ws/src/install/cartesian_impedance_controller/share/cartesian_impedance_controller/package.ps1'
[1.112s] INFO:colcon.colcon_core.shell:Creating package descriptor '/home/jiataoding/franco_ros2_franka_ws/src/install/cartesian_impedance_controller/share/cartesian_impedance_controller/package.dsv'
[1.113s] INFO:colcon.colcon_core.shell:Creating package script '/home/jiataoding/franco_ros2_franka_ws/src/install/cartesian_impedance_controller/share/cartesian_impedance_controller/package.sh'
[1.113s] INFO:colcon.colcon_core.shell:Creating package script '/home/jiataoding/franco_ros2_franka_ws/src/install/cartesian_impedance_controller/share/cartesian_impedance_controller/package.bash'
[1.114s] INFO:colcon.colcon_core.shell:Creating package script '/home/jiataoding/franco_ros2_franka_ws/src/install/cartesian_impedance_controller/share/cartesian_impedance_controller/package.zsh'
[1.114s] Level 1:colcon.colcon_core.environment:create_file_with_runtime_dependencies(/home/jiataoding/franco_ros2_franka_ws/src/install/cartesian_impedance_controller/share/colcon-core/packages/cartesian_impedance_controller)
[1.115s] Level 1:colcon.colcon_core.environment:create_environment_scripts_only(cartesian_impedance_controller)
[1.116s] Level 1:colcon.colcon_core.environment:checking '/home/jiataoding/franco_ros2_franka_ws/src/install/cartesian_impedance_controller' for CMake module files
[1.117s] Level 1:colcon.colcon_core.environment:checking '/home/jiataoding/franco_ros2_franka_ws/src/install/cartesian_impedance_controller' for CMake config files
[1.118s] Level 1:colcon.colcon_core.shell:create_environment_hook('cartesian_impedance_controller', 'cmake_prefix_path')
[1.118s] INFO:colcon.colcon_core.shell:Creating environment hook '/home/jiataoding/franco_ros2_franka_ws/src/install/cartesian_impedance_controller/share/cartesian_impedance_controller/hook/cmake_prefix_path.ps1'
[1.119s] INFO:colcon.colcon_core.shell:Creating environment descriptor '/home/jiataoding/franco_ros2_franka_ws/src/install/cartesian_impedance_controller/share/cartesian_impedance_controller/hook/cmake_prefix_path.dsv'
[1.119s] INFO:colcon.colcon_core.shell:Creating environment hook '/home/jiataoding/franco_ros2_franka_ws/src/install/cartesian_impedance_controller/share/cartesian_impedance_controller/hook/cmake_prefix_path.sh'
[1.119s] Level 1:colcon.colcon_core.environment:checking '/home/jiataoding/franco_ros2_franka_ws/src/install/cartesian_impedance_controller/lib'
[1.119s] Level 1:colcon.colcon_core.shell:create_environment_hook('cartesian_impedance_controller', 'ld_library_path_lib')
[1.120s] INFO:colcon.colcon_core.shell:Creating environment hook '/home/jiataoding/franco_ros2_franka_ws/src/install/cartesian_impedance_controller/share/cartesian_impedance_controller/hook/ld_library_path_lib.ps1'
[1.120s] INFO:colcon.colcon_core.shell:Creating environment descriptor '/home/jiataoding/franco_ros2_franka_ws/src/install/cartesian_impedance_controller/share/cartesian_impedance_controller/hook/ld_library_path_lib.dsv'
[1.120s] INFO:colcon.colcon_core.shell:Creating environment hook '/home/jiataoding/franco_ros2_franka_ws/src/install/cartesian_impedance_controller/share/cartesian_impedance_controller/hook/ld_library_path_lib.sh'
[1.120s] Level 1:colcon.colcon_core.environment:checking '/home/jiataoding/franco_ros2_franka_ws/src/install/cartesian_impedance_controller/bin'
[1.120s] Level 1:colcon.colcon_core.environment:checking '/home/jiataoding/franco_ros2_franka_ws/src/install/cartesian_impedance_controller/lib/pkgconfig/cartesian_impedance_controller.pc'
[1.121s] Level 1:colcon.colcon_core.environment:checking '/home/jiataoding/franco_ros2_franka_ws/src/install/cartesian_impedance_controller/lib/python3.10/site-packages'
[1.121s] Level 1:colcon.colcon_core.environment:checking '/home/jiataoding/franco_ros2_franka_ws/src/install/cartesian_impedance_controller/bin'
[1.121s] INFO:colcon.colcon_core.shell:Creating package script '/home/jiataoding/franco_ros2_franka_ws/src/install/cartesian_impedance_controller/share/cartesian_impedance_controller/package.ps1'
[1.121s] INFO:colcon.colcon_core.shell:Creating package descriptor '/home/jiataoding/franco_ros2_franka_ws/src/install/cartesian_impedance_controller/share/cartesian_impedance_controller/package.dsv'
[1.122s] INFO:colcon.colcon_core.shell:Creating package script '/home/jiataoding/franco_ros2_franka_ws/src/install/cartesian_impedance_controller/share/cartesian_impedance_controller/package.sh'
[1.122s] INFO:colcon.colcon_core.shell:Creating package script '/home/jiataoding/franco_ros2_franka_ws/src/install/cartesian_impedance_controller/share/cartesian_impedance_controller/package.bash'
[1.122s] INFO:colcon.colcon_core.shell:Creating package script '/home/jiataoding/franco_ros2_franka_ws/src/install/cartesian_impedance_controller/share/cartesian_impedance_controller/package.zsh'
[1.123s] Level 1:colcon.colcon_core.environment:create_file_with_runtime_dependencies(/home/jiataoding/franco_ros2_franka_ws/src/install/cartesian_impedance_controller/share/colcon-core/packages/cartesian_impedance_controller)
[1.123s] Level 1:colcon.colcon_core.environment:create_environment_scripts_only(gravity_compensation)
[1.124s] Level 1:colcon.colcon_core.environment:checking '/home/jiataoding/franco_ros2_franka_ws/src/install/gravity_compensation' for CMake module files
[1.124s] DEBUG:colcon.colcon_core.event_handler.log_command:Invoked command in '/home/jiataoding/franco_ros2_franka_ws/src/build/gravity_compensation' returned '0': CMAKE_PREFIX_PATH=/opt/ros/humble:/home/jiataoding/franco_ros2_franka_ws/src/install/effort_controller_base:/home/jiataoding/franco_ros2_franka_ws/src/install/debug_msg:/home/jiataoding/franco_ros2_franka_ws/src/install/joint_impedance_controller:/home/jiataoding/franco_ros2_franka_ws/src/install/integration_launch_testing:/home/jiataoding/franco_ros2_franka_ws/src/install/idra_franka_launch:/home/jiataoding/franco_ros2_franka_ws/src/install/gravity_compensation:/home/jiataoding/franco_ros2_franka_ws/src/install/franka_task_pipeline:/home/jiataoding/franco_ros2_franka_ws/src/install/franka_ros2:/home/jiataoding/franco_ros2_franka_ws/src/install/franka_bringup:/home/jiataoding/franco_ros2_franka_ws/src/install/franka_robot_state_broadcaster:/home/jiataoding/franco_ros2_franka_ws/src/install/franka_example_controllers:/home/jiataoding/franco_ros2_franka_ws/src/install/franka_semantic_components:/home/jiataoding/franco_ros2_franka_ws/src/install/franka_gazebo_bringup:/home/jiataoding/franco_ros2_franka_ws/src/install/franka_ign_ros2_control:/home/jiataoding/franco_ros2_franka_ws/src/install/franka_fr3_moveit_config:/home/jiataoding/franco_ros2_franka_ws/src/install/franka_hardware:/home/jiataoding/franco_ros2_franka_ws/src/install/franka_gripper:/home/jiataoding/franco_ros2_franka_ws/src/install/franka_msgs:/home/jiataoding/franco_ros2_franka_ws/src/install/franka_description:/home/jiataoding/franco_ros2_franka_ws/src/install/cartesian_impedance_controller:/home/jiataoding/ros2_franka_ws/install/joint_impedance_controller:/home/jiataoding/ros2_franka_ws/install/integration_launch_testing:/home/jiataoding/ros2_franka_ws/install/idra_franka_launch:/home/jiataoding/ros2_franka_ws/install/gravity_compensation:/home/jiataoding/ros2_franka_ws/install/franka_task_pipeline:/home/jiataoding/ros2_franka_ws/install/franka_ros2:/home/jiataoding/ros2_franka_ws/install/franka_bringup:/home/jiataoding/ros2_franka_ws/install/franka_robot_state_broadcaster:/home/jiataoding/ros2_franka_ws/install/franka_example_controllers:/home/jiataoding/ros2_franka_ws/install/franka_semantic_components:/home/jiataoding/ros2_franka_ws/install/franka_gazebo_bringup:/home/jiataoding/ros2_franka_ws/install/franka_ign_ros2_control:/home/jiataoding/ros2_franka_ws/install/franka_fr3_moveit_config:/home/jiataoding/ros2_franka_ws/install/franka_hardware:/home/jiataoding/ros2_franka_ws/install/franka_gripper:/home/jiataoding/ros2_franka_ws/install/franka_msgs:/home/jiataoding/ros2_franka_ws/install/franka_description:/home/jiataoding/ros2_franka_ws/install/cartesian_impedance_controller:/home/jiataoding/ros2_franka_ws/install/effort_controller_base:/home/jiataoding/ros2_franka_ws/install/debug_msg:/home/jiataoding/franco_ros2_franka_ws/install/joint_impedance_controller:/home/jiataoding/franco_ros2_franka_ws/install/integration_launch_testing:/home/jiataoding/franco_ros2_franka_ws/install/idra_franka_launch:/home/jiataoding/franco_ros2_franka_ws/install/gravity_compensation:/home/jiataoding/franco_ros2_franka_ws/install/franka_task_pipeline:/home/jiataoding/franco_ros2_franka_ws/install/franka_ros2:/home/jiataoding/franco_ros2_franka_ws/install/franka_bringup:/home/jiataoding/franco_ros2_franka_ws/install/franka_robot_state_broadcaster:/home/jiataoding/franco_ros2_franka_ws/install/franka_example_controllers:/home/jiataoding/franco_ros2_franka_ws/install/franka_semantic_components:/home/jiataoding/franco_ros2_franka_ws/install/franka_gazebo_bringup:/home/jiataoding/franco_ros2_franka_ws/install/franka_ign_ros2_control:/home/jiataoding/franco_ros2_franka_ws/install/franka_fr3_moveit_config:/home/jiataoding/franco_ros2_franka_ws/install/franka_hardware:/home/jiataoding/franco_ros2_franka_ws/install/franka_gripper:/home/jiataoding/franco_ros2_franka_ws/install/franka_msgs:/home/jiataoding/franco_ros2_franka_ws/install/franka_description:/home/jiataoding/franco_ros2_franka_ws/install/cartesian_impedance_controller:/home/jiataoding/franco_ros2_franka_ws/install/effort_controller_base:/home/jiataoding/franco_ros2_franka_ws/install/debug_msg:/opt/openrobots LD_LIBRARY_PATH=/home/jiataoding/franco_ros2_franka_ws/src/install/effort_controller_base/lib:/home/jiataoding/franco_ros2_franka_ws/src/install/debug_msg/lib:/home/jiataoding/franco_ros2_franka_ws/src/install/joint_impedance_controller/lib:/home/jiataoding/franco_ros2_franka_ws/src/install/integration_launch_testing/lib:/home/jiataoding/franco_ros2_franka_ws/src/install/gravity_compensation/lib:/home/jiataoding/franco_ros2_franka_ws/src/install/franka_robot_state_broadcaster/lib:/home/jiataoding/franco_ros2_franka_ws/src/install/franka_example_controllers/lib:/home/jiataoding/franco_ros2_franka_ws/src/install/franka_semantic_components/lib:/home/jiataoding/franco_ros2_franka_ws/src/install/franka_ign_ros2_control/lib:/home/jiataoding/franco_ros2_franka_ws/src/install/franka_hardware/lib:/home/jiataoding/franco_ros2_franka_ws/src/install/franka_gripper/lib:/home/jiataoding/franco_ros2_franka_ws/src/install/franka_msgs/lib:/home/jiataoding/franco_ros2_franka_ws/src/install/cartesian_impedance_controller/lib:/home/jiataoding/libs/onnxruntime-linux-x64-1.21.0/lib:/home/jiataoding/ros2_franka_ws/install/joint_impedance_controller/lib:/home/jiataoding/ros2_franka_ws/install/integration_launch_testing/lib:/home/jiataoding/ros2_franka_ws/install/gravity_compensation/lib:/home/jiataoding/ros2_franka_ws/install/franka_robot_state_broadcaster/lib:/home/jiataoding/ros2_franka_ws/install/franka_example_controllers/lib:/home/jiataoding/ros2_franka_ws/install/franka_semantic_components/lib:/home/jiataoding/ros2_franka_ws/install/franka_ign_ros2_control/lib:/home/jiataoding/ros2_franka_ws/install/franka_hardware/lib:/home/jiataoding/ros2_franka_ws/install/franka_gripper/lib:/home/jiataoding/ros2_franka_ws/install/franka_msgs/lib:/home/jiataoding/ros2_franka_ws/install/cartesian_impedance_controller/lib:/home/jiataoding/ros2_franka_ws/install/effort_controller_base/lib:/home/jiataoding/ros2_franka_ws/install/debug_msg/lib:/home/jiataoding/franco_ros2_franka_ws/install/joint_impedance_controller/lib:/home/jiataoding/franco_ros2_franka_ws/install/integration_launch_testing/lib:/home/jiataoding/franco_ros2_franka_ws/install/gravity_compensation/lib:/home/jiataoding/franco_ros2_franka_ws/install/franka_robot_state_broadcaster/lib:/home/jiataoding/franco_ros2_franka_ws/install/franka_example_controllers/lib:/home/jiataoding/franco_ros2_franka_ws/install/franka_semantic_components/lib:/home/jiataoding/franco_ros2_franka_ws/install/franka_ign_ros2_control/lib:/home/jiataoding/franco_ros2_franka_ws/install/franka_hardware/lib:/home/jiataoding/franco_ros2_franka_ws/install/franka_gripper/lib:/home/jiataoding/franco_ros2_franka_ws/install/franka_msgs/lib:/home/jiataoding/franco_ros2_franka_ws/install/cartesian_impedance_controller/lib:/home/jiataoding/franco_ros2_franka_ws/install/effort_controller_base/lib:/home/jiataoding/franco_ros2_franka_ws/install/debug_msg/lib:/opt/openrobots/lib:/opt/ros/humble/opt/rviz_ogre_vendor/lib:/opt/ros/humble/lib/x86_64-linux-gnu:/opt/ros/humble/lib PKG_CONFIG_PATH=/home/jiataoding/franco_ros2_franka_ws/src/install/effort_controller_base/lib/x86_64-linux-gnu/pkgconfig:/home/jiataoding/franco_ros2_franka_ws/src/install/effort_controller_base/lib/pkgconfig:/home/jiataoding/ros2_franka_ws/install/effort_controller_base/lib/x86_64-linux-gnu/pkgconfig:/home/jiataoding/ros2_franka_ws/install/effort_controller_base/lib/pkgconfig:/home/jiataoding/franco_ros2_franka_ws/install/effort_controller_base/lib/x86_64-linux-gnu/pkgconfig:/home/jiataoding/franco_ros2_franka_ws/install/effort_controller_base/lib/pkgconfig:/opt/openrobots/lib/pkgconfig /usr/bin/cmake --install /home/jiataoding/franco_ros2_franka_ws/src/build/gravity_compensation
[1.124s] Level 1:colcon.colcon_core.environment:checking '/home/jiataoding/franco_ros2_franka_ws/src/install/gravity_compensation' for CMake config files
[1.125s] Level 1:colcon.colcon_core.shell:create_environment_hook('gravity_compensation', 'cmake_prefix_path')
[1.125s] INFO:colcon.colcon_core.shell:Creating environment hook '/home/jiataoding/franco_ros2_franka_ws/src/install/gravity_compensation/share/gravity_compensation/hook/cmake_prefix_path.ps1'
[1.125s] INFO:colcon.colcon_core.shell:Creating environment descriptor '/home/jiataoding/franco_ros2_franka_ws/src/install/gravity_compensation/share/gravity_compensation/hook/cmake_prefix_path.dsv'
[1.125s] INFO:colcon.colcon_core.shell:Creating environment hook '/home/jiataoding/franco_ros2_franka_ws/src/install/gravity_compensation/share/gravity_compensation/hook/cmake_prefix_path.sh'
[1.126s] Level 1:colcon.colcon_core.environment:checking '/home/jiataoding/franco_ros2_franka_ws/src/install/gravity_compensation/lib'
[1.126s] Level 1:colcon.colcon_core.shell:create_environment_hook('gravity_compensation', 'ld_library_path_lib')
[1.126s] INFO:colcon.colcon_core.shell:Creating environment hook '/home/jiataoding/franco_ros2_franka_ws/src/install/gravity_compensation/share/gravity_compensation/hook/ld_library_path_lib.ps1'
[1.126s] INFO:colcon.colcon_core.shell:Creating environment descriptor '/home/jiataoding/franco_ros2_franka_ws/src/install/gravity_compensation/share/gravity_compensation/hook/ld_library_path_lib.dsv'
[1.126s] INFO:colcon.colcon_core.shell:Creating environment hook '/home/jiataoding/franco_ros2_franka_ws/src/install/gravity_compensation/share/gravity_compensation/hook/ld_library_path_lib.sh'
[1.127s] Level 1:colcon.colcon_core.environment:checking '/home/jiataoding/franco_ros2_franka_ws/src/install/gravity_compensation/bin'
[1.127s] Level 1:colcon.colcon_core.environment:checking '/home/jiataoding/franco_ros2_franka_ws/src/install/gravity_compensation/lib/pkgconfig/gravity_compensation.pc'
[1.127s] Level 1:colcon.colcon_core.environment:checking '/home/jiataoding/franco_ros2_franka_ws/src/install/gravity_compensation/lib/python3.10/site-packages'
[1.127s] Level 1:colcon.colcon_core.environment:checking '/home/jiataoding/franco_ros2_franka_ws/src/install/gravity_compensation/bin'
[1.127s] INFO:colcon.colcon_core.shell:Creating package script '/home/jiataoding/franco_ros2_franka_ws/src/install/gravity_compensation/share/gravity_compensation/package.ps1'
[1.127s] INFO:colcon.colcon_core.shell:Creating package descriptor '/home/jiataoding/franco_ros2_franka_ws/src/install/gravity_compensation/share/gravity_compensation/package.dsv'
[1.128s] INFO:colcon.colcon_core.shell:Creating package script '/home/jiataoding/franco_ros2_franka_ws/src/install/gravity_compensation/share/gravity_compensation/package.sh'
[1.128s] INFO:colcon.colcon_core.shell:Creating package script '/home/jiataoding/franco_ros2_franka_ws/src/install/gravity_compensation/share/gravity_compensation/package.bash'
[1.128s] INFO:colcon.colcon_core.shell:Creating package script '/home/jiataoding/franco_ros2_franka_ws/src/install/gravity_compensation/share/gravity_compensation/package.zsh'
[1.129s] Level 1:colcon.colcon_core.environment:create_file_with_runtime_dependencies(/home/jiataoding/franco_ros2_franka_ws/src/install/gravity_compensation/share/colcon-core/packages/gravity_compensation)
[1.129s] Level 1:colcon.colcon_core.environment:create_environment_scripts_only(gravity_compensation)
[1.129s] Level 1:colcon.colcon_core.environment:checking '/home/jiataoding/franco_ros2_franka_ws/src/install/gravity_compensation' for CMake module files
[1.129s] Level 1:colcon.colcon_core.environment:checking '/home/jiataoding/franco_ros2_franka_ws/src/install/gravity_compensation' for CMake config files
[1.131s] Level 1:colcon.colcon_core.shell:create_environment_hook('gravity_compensation', 'cmake_prefix_path')
[1.131s] INFO:colcon.colcon_core.shell:Creating environment hook '/home/jiataoding/franco_ros2_franka_ws/src/install/gravity_compensation/share/gravity_compensation/hook/cmake_prefix_path.ps1'
[1.131s] INFO:colcon.colcon_core.shell:Creating environment descriptor '/home/jiataoding/franco_ros2_franka_ws/src/install/gravity_compensation/share/gravity_compensation/hook/cmake_prefix_path.dsv'
[1.132s] INFO:colcon.colcon_core.shell:Creating environment hook '/home/jiataoding/franco_ros2_franka_ws/src/install/gravity_compensation/share/gravity_compensation/hook/cmake_prefix_path.sh'
[1.132s] Level 1:colcon.colcon_core.environment:checking '/home/jiataoding/franco_ros2_franka_ws/src/install/gravity_compensation/lib'
[1.133s] Level 1:colcon.colcon_core.shell:create_environment_hook('gravity_compensation', 'ld_library_path_lib')
[1.133s] INFO:colcon.colcon_core.shell:Creating environment hook '/home/jiataoding/franco_ros2_franka_ws/src/install/gravity_compensation/share/gravity_compensation/hook/ld_library_path_lib.ps1'
[1.133s] INFO:colcon.colcon_core.shell:Creating environment descriptor '/home/jiataoding/franco_ros2_franka_ws/src/install/gravity_compensation/share/gravity_compensation/hook/ld_library_path_lib.dsv'
[1.133s] INFO:colcon.colcon_core.shell:Creating environment hook '/home/jiataoding/franco_ros2_franka_ws/src/install/gravity_compensation/share/gravity_compensation/hook/ld_library_path_lib.sh'
[1.133s] Level 1:colcon.colcon_core.environment:checking '/home/jiataoding/franco_ros2_franka_ws/src/install/gravity_compensation/bin'
[1.133s] Level 1:colcon.colcon_core.environment:checking '/home/jiataoding/franco_ros2_franka_ws/src/install/gravity_compensation/lib/pkgconfig/gravity_compensation.pc'
[1.134s] Level 1:colcon.colcon_core.environment:checking '/home/jiataoding/franco_ros2_franka_ws/src/install/gravity_compensation/lib/python3.10/site-packages'
[1.134s] Level 1:colcon.colcon_core.environment:checking '/home/jiataoding/franco_ros2_franka_ws/src/install/gravity_compensation/bin'
[1.134s] INFO:colcon.colcon_core.shell:Creating package script '/home/jiataoding/franco_ros2_franka_ws/src/install/gravity_compensation/share/gravity_compensation/package.ps1'
[1.134s] INFO:colcon.colcon_core.shell:Creating package descriptor '/home/jiataoding/franco_ros2_franka_ws/src/install/gravity_compensation/share/gravity_compensation/package.dsv'
[1.135s] INFO:colcon.colcon_core.shell:Creating package script '/home/jiataoding/franco_ros2_franka_ws/src/install/gravity_compensation/share/gravity_compensation/package.sh'
[1.135s] INFO:colcon.colcon_core.shell:Creating package script '/home/jiataoding/franco_ros2_franka_ws/src/install/gravity_compensation/share/gravity_compensation/package.bash'
[1.136s] INFO:colcon.colcon_core.shell:Creating package script '/home/jiataoding/franco_ros2_franka_ws/src/install/gravity_compensation/share/gravity_compensation/package.zsh'
[1.136s] Level 1:colcon.colcon_core.environment:create_file_with_runtime_dependencies(/home/jiataoding/franco_ros2_franka_ws/src/install/gravity_compensation/share/colcon-core/packages/gravity_compensation)
[1.137s] Level 1:colcon.colcon_core.environment:create_environment_scripts_only(joint_impedance_controller)
[1.137s] Level 1:colcon.colcon_core.environment:checking '/home/jiataoding/franco_ros2_franka_ws/src/install/joint_impedance_controller' for CMake module files
[1.138s] DEBUG:colcon.colcon_core.event_handler.log_command:Invoked command in '/home/jiataoding/franco_ros2_franka_ws/src/build/joint_impedance_controller' returned '0': CMAKE_PREFIX_PATH=/opt/ros/humble:/home/jiataoding/franco_ros2_franka_ws/src/install/effort_controller_base:/home/jiataoding/franco_ros2_franka_ws/src/install/debug_msg:/home/jiataoding/franco_ros2_franka_ws/src/install/joint_impedance_controller:/home/jiataoding/franco_ros2_franka_ws/src/install/integration_launch_testing:/home/jiataoding/franco_ros2_franka_ws/src/install/idra_franka_launch:/home/jiataoding/franco_ros2_franka_ws/src/install/gravity_compensation:/home/jiataoding/franco_ros2_franka_ws/src/install/franka_task_pipeline:/home/jiataoding/franco_ros2_franka_ws/src/install/franka_ros2:/home/jiataoding/franco_ros2_franka_ws/src/install/franka_bringup:/home/jiataoding/franco_ros2_franka_ws/src/install/franka_robot_state_broadcaster:/home/jiataoding/franco_ros2_franka_ws/src/install/franka_example_controllers:/home/jiataoding/franco_ros2_franka_ws/src/install/franka_semantic_components:/home/jiataoding/franco_ros2_franka_ws/src/install/franka_gazebo_bringup:/home/jiataoding/franco_ros2_franka_ws/src/install/franka_ign_ros2_control:/home/jiataoding/franco_ros2_franka_ws/src/install/franka_fr3_moveit_config:/home/jiataoding/franco_ros2_franka_ws/src/install/franka_hardware:/home/jiataoding/franco_ros2_franka_ws/src/install/franka_gripper:/home/jiataoding/franco_ros2_franka_ws/src/install/franka_msgs:/home/jiataoding/franco_ros2_franka_ws/src/install/franka_description:/home/jiataoding/franco_ros2_franka_ws/src/install/cartesian_impedance_controller:/home/jiataoding/ros2_franka_ws/install/joint_impedance_controller:/home/jiataoding/ros2_franka_ws/install/integration_launch_testing:/home/jiataoding/ros2_franka_ws/install/idra_franka_launch:/home/jiataoding/ros2_franka_ws/install/gravity_compensation:/home/jiataoding/ros2_franka_ws/install/franka_task_pipeline:/home/jiataoding/ros2_franka_ws/install/franka_ros2:/home/jiataoding/ros2_franka_ws/install/franka_bringup:/home/jiataoding/ros2_franka_ws/install/franka_robot_state_broadcaster:/home/jiataoding/ros2_franka_ws/install/franka_example_controllers:/home/jiataoding/ros2_franka_ws/install/franka_semantic_components:/home/jiataoding/ros2_franka_ws/install/franka_gazebo_bringup:/home/jiataoding/ros2_franka_ws/install/franka_ign_ros2_control:/home/jiataoding/ros2_franka_ws/install/franka_fr3_moveit_config:/home/jiataoding/ros2_franka_ws/install/franka_hardware:/home/jiataoding/ros2_franka_ws/install/franka_gripper:/home/jiataoding/ros2_franka_ws/install/franka_msgs:/home/jiataoding/ros2_franka_ws/install/franka_description:/home/jiataoding/ros2_franka_ws/install/cartesian_impedance_controller:/home/jiataoding/ros2_franka_ws/install/effort_controller_base:/home/jiataoding/ros2_franka_ws/install/debug_msg:/home/jiataoding/franco_ros2_franka_ws/install/joint_impedance_controller:/home/jiataoding/franco_ros2_franka_ws/install/integration_launch_testing:/home/jiataoding/franco_ros2_franka_ws/install/idra_franka_launch:/home/jiataoding/franco_ros2_franka_ws/install/gravity_compensation:/home/jiataoding/franco_ros2_franka_ws/install/franka_task_pipeline:/home/jiataoding/franco_ros2_franka_ws/install/franka_ros2:/home/jiataoding/franco_ros2_franka_ws/install/franka_bringup:/home/jiataoding/franco_ros2_franka_ws/install/franka_robot_state_broadcaster:/home/jiataoding/franco_ros2_franka_ws/install/franka_example_controllers:/home/jiataoding/franco_ros2_franka_ws/install/franka_semantic_components:/home/jiataoding/franco_ros2_franka_ws/install/franka_gazebo_bringup:/home/jiataoding/franco_ros2_franka_ws/install/franka_ign_ros2_control:/home/jiataoding/franco_ros2_franka_ws/install/franka_fr3_moveit_config:/home/jiataoding/franco_ros2_franka_ws/install/franka_hardware:/home/jiataoding/franco_ros2_franka_ws/install/franka_gripper:/home/jiataoding/franco_ros2_franka_ws/install/franka_msgs:/home/jiataoding/franco_ros2_franka_ws/install/franka_description:/home/jiataoding/franco_ros2_franka_ws/install/cartesian_impedance_controller:/home/jiataoding/franco_ros2_franka_ws/install/effort_controller_base:/home/jiataoding/franco_ros2_franka_ws/install/debug_msg:/opt/openrobots LD_LIBRARY_PATH=/home/jiataoding/franco_ros2_franka_ws/src/install/effort_controller_base/lib:/home/jiataoding/franco_ros2_franka_ws/src/install/debug_msg/lib:/home/jiataoding/franco_ros2_franka_ws/src/install/joint_impedance_controller/lib:/home/jiataoding/franco_ros2_franka_ws/src/install/integration_launch_testing/lib:/home/jiataoding/franco_ros2_franka_ws/src/install/gravity_compensation/lib:/home/jiataoding/franco_ros2_franka_ws/src/install/franka_robot_state_broadcaster/lib:/home/jiataoding/franco_ros2_franka_ws/src/install/franka_example_controllers/lib:/home/jiataoding/franco_ros2_franka_ws/src/install/franka_semantic_components/lib:/home/jiataoding/franco_ros2_franka_ws/src/install/franka_ign_ros2_control/lib:/home/jiataoding/franco_ros2_franka_ws/src/install/franka_hardware/lib:/home/jiataoding/franco_ros2_franka_ws/src/install/franka_gripper/lib:/home/jiataoding/franco_ros2_franka_ws/src/install/franka_msgs/lib:/home/jiataoding/franco_ros2_franka_ws/src/install/cartesian_impedance_controller/lib:/home/jiataoding/libs/onnxruntime-linux-x64-1.21.0/lib:/home/jiataoding/ros2_franka_ws/install/joint_impedance_controller/lib:/home/jiataoding/ros2_franka_ws/install/integration_launch_testing/lib:/home/jiataoding/ros2_franka_ws/install/gravity_compensation/lib:/home/jiataoding/ros2_franka_ws/install/franka_robot_state_broadcaster/lib:/home/jiataoding/ros2_franka_ws/install/franka_example_controllers/lib:/home/jiataoding/ros2_franka_ws/install/franka_semantic_components/lib:/home/jiataoding/ros2_franka_ws/install/franka_ign_ros2_control/lib:/home/jiataoding/ros2_franka_ws/install/franka_hardware/lib:/home/jiataoding/ros2_franka_ws/install/franka_gripper/lib:/home/jiataoding/ros2_franka_ws/install/franka_msgs/lib:/home/jiataoding/ros2_franka_ws/install/cartesian_impedance_controller/lib:/home/jiataoding/ros2_franka_ws/install/effort_controller_base/lib:/home/jiataoding/ros2_franka_ws/install/debug_msg/lib:/home/jiataoding/franco_ros2_franka_ws/install/joint_impedance_controller/lib:/home/jiataoding/franco_ros2_franka_ws/install/integration_launch_testing/lib:/home/jiataoding/franco_ros2_franka_ws/install/gravity_compensation/lib:/home/jiataoding/franco_ros2_franka_ws/install/franka_robot_state_broadcaster/lib:/home/jiataoding/franco_ros2_franka_ws/install/franka_example_controllers/lib:/home/jiataoding/franco_ros2_franka_ws/install/franka_semantic_components/lib:/home/jiataoding/franco_ros2_franka_ws/install/franka_ign_ros2_control/lib:/home/jiataoding/franco_ros2_franka_ws/install/franka_hardware/lib:/home/jiataoding/franco_ros2_franka_ws/install/franka_gripper/lib:/home/jiataoding/franco_ros2_franka_ws/install/franka_msgs/lib:/home/jiataoding/franco_ros2_franka_ws/install/cartesian_impedance_controller/lib:/home/jiataoding/franco_ros2_franka_ws/install/effort_controller_base/lib:/home/jiataoding/franco_ros2_franka_ws/install/debug_msg/lib:/opt/openrobots/lib:/opt/ros/humble/opt/rviz_ogre_vendor/lib:/opt/ros/humble/lib/x86_64-linux-gnu:/opt/ros/humble/lib PKG_CONFIG_PATH=/home/jiataoding/franco_ros2_franka_ws/src/install/effort_controller_base/lib/x86_64-linux-gnu/pkgconfig:/home/jiataoding/franco_ros2_franka_ws/src/install/effort_controller_base/lib/pkgconfig:/home/jiataoding/ros2_franka_ws/install/effort_controller_base/lib/x86_64-linux-gnu/pkgconfig:/home/jiataoding/ros2_franka_ws/install/effort_controller_base/lib/pkgconfig:/home/jiataoding/franco_ros2_franka_ws/install/effort_controller_base/lib/x86_64-linux-gnu/pkgconfig:/home/jiataoding/franco_ros2_franka_ws/install/effort_controller_base/lib/pkgconfig:/opt/openrobots/lib/pkgconfig /usr/bin/cmake --install /home/jiataoding/franco_ros2_franka_ws/src/build/joint_impedance_controller
[1.138s] Level 1:colcon.colcon_core.environment:checking '/home/jiataoding/franco_ros2_franka_ws/src/install/joint_impedance_controller' for CMake config files
[1.139s] Level 1:colcon.colcon_core.shell:create_environment_hook('joint_impedance_controller', 'cmake_prefix_path')
[1.139s] INFO:colcon.colcon_core.shell:Creating environment hook '/home/jiataoding/franco_ros2_franka_ws/src/install/joint_impedance_controller/share/joint_impedance_controller/hook/cmake_prefix_path.ps1'
[1.139s] INFO:colcon.colcon_core.shell:Creating environment descriptor '/home/jiataoding/franco_ros2_franka_ws/src/install/joint_impedance_controller/share/joint_impedance_controller/hook/cmake_prefix_path.dsv'
[1.139s] INFO:colcon.colcon_core.shell:Creating environment hook '/home/jiataoding/franco_ros2_franka_ws/src/install/joint_impedance_controller/share/joint_impedance_controller/hook/cmake_prefix_path.sh'
[1.140s] Level 1:colcon.colcon_core.environment:checking '/home/jiataoding/franco_ros2_franka_ws/src/install/joint_impedance_controller/lib'
[1.140s] Level 1:colcon.colcon_core.shell:create_environment_hook('joint_impedance_controller', 'ld_library_path_lib')
[1.140s] INFO:colcon.colcon_core.shell:Creating environment hook '/home/jiataoding/franco_ros2_franka_ws/src/install/joint_impedance_controller/share/joint_impedance_controller/hook/ld_library_path_lib.ps1'
[1.141s] INFO:colcon.colcon_core.shell:Creating environment descriptor '/home/jiataoding/franco_ros2_franka_ws/src/install/joint_impedance_controller/share/joint_impedance_controller/hook/ld_library_path_lib.dsv'
[1.141s] INFO:colcon.colcon_core.shell:Creating environment hook '/home/jiataoding/franco_ros2_franka_ws/src/install/joint_impedance_controller/share/joint_impedance_controller/hook/ld_library_path_lib.sh'
[1.141s] Level 1:colcon.colcon_core.environment:checking '/home/jiataoding/franco_ros2_franka_ws/src/install/joint_impedance_controller/bin'
[1.141s] Level 1:colcon.colcon_core.environment:checking '/home/jiataoding/franco_ros2_franka_ws/src/install/joint_impedance_controller/lib/pkgconfig/joint_impedance_controller.pc'
[1.141s] Level 1:colcon.colcon_core.environment:checking '/home/jiataoding/franco_ros2_franka_ws/src/install/joint_impedance_controller/lib/python3.10/site-packages'
[1.142s] Level 1:colcon.colcon_core.environment:checking '/home/jiataoding/franco_ros2_franka_ws/src/install/joint_impedance_controller/bin'
[1.142s] INFO:colcon.colcon_core.shell:Creating package script '/home/jiataoding/franco_ros2_franka_ws/src/install/joint_impedance_controller/share/joint_impedance_controller/package.ps1'
[1.142s] INFO:colcon.colcon_core.shell:Creating package descriptor '/home/jiataoding/franco_ros2_franka_ws/src/install/joint_impedance_controller/share/joint_impedance_controller/package.dsv'
[1.142s] INFO:colcon.colcon_core.shell:Creating package script '/home/jiataoding/franco_ros2_franka_ws/src/install/joint_impedance_controller/share/joint_impedance_controller/package.sh'
[1.143s] INFO:colcon.colcon_core.shell:Creating package script '/home/jiataoding/franco_ros2_franka_ws/src/install/joint_impedance_controller/share/joint_impedance_controller/package.bash'
[1.143s] INFO:colcon.colcon_core.shell:Creating package script '/home/jiataoding/franco_ros2_franka_ws/src/install/joint_impedance_controller/share/joint_impedance_controller/package.zsh'
[1.143s] Level 1:colcon.colcon_core.environment:create_file_with_runtime_dependencies(/home/jiataoding/franco_ros2_franka_ws/src/install/joint_impedance_controller/share/colcon-core/packages/joint_impedance_controller)
[1.144s] Level 1:colcon.colcon_core.environment:create_environment_scripts_only(joint_impedance_controller)
[1.144s] Level 1:colcon.colcon_core.environment:checking '/home/jiataoding/franco_ros2_franka_ws/src/install/joint_impedance_controller' for CMake module files
[1.144s] Level 1:colcon.colcon_core.environment:checking '/home/jiataoding/franco_ros2_franka_ws/src/install/joint_impedance_controller' for CMake config files
[1.144s] Level 1:colcon.colcon_core.shell:create_environment_hook('joint_impedance_controller', 'cmake_prefix_path')
[1.144s] INFO:colcon.colcon_core.shell:Creating environment hook '/home/jiataoding/franco_ros2_franka_ws/src/install/joint_impedance_controller/share/joint_impedance_controller/hook/cmake_prefix_path.ps1'
[1.145s] INFO:colcon.colcon_core.shell:Creating environment descriptor '/home/jiataoding/franco_ros2_franka_ws/src/install/joint_impedance_controller/share/joint_impedance_controller/hook/cmake_prefix_path.dsv'
[1.145s] INFO:colcon.colcon_core.shell:Creating environment hook '/home/jiataoding/franco_ros2_franka_ws/src/install/joint_impedance_controller/share/joint_impedance_controller/hook/cmake_prefix_path.sh'
[1.145s] Level 1:colcon.colcon_core.environment:checking '/home/jiataoding/franco_ros2_franka_ws/src/install/joint_impedance_controller/lib'
[1.145s] Level 1:colcon.colcon_core.shell:create_environment_hook('joint_impedance_controller', 'ld_library_path_lib')
[1.145s] INFO:colcon.colcon_core.shell:Creating environment hook '/home/jiataoding/franco_ros2_franka_ws/src/install/joint_impedance_controller/share/joint_impedance_controller/hook/ld_library_path_lib.ps1'
[1.146s] INFO:colcon.colcon_core.shell:Creating environment descriptor '/home/jiataoding/franco_ros2_franka_ws/src/install/joint_impedance_controller/share/joint_impedance_controller/hook/ld_library_path_lib.dsv'
[1.146s] INFO:colcon.colcon_core.shell:Creating environment hook '/home/jiataoding/franco_ros2_franka_ws/src/install/joint_impedance_controller/share/joint_impedance_controller/hook/ld_library_path_lib.sh'
[1.146s] Level 1:colcon.colcon_core.environment:checking '/home/jiataoding/franco_ros2_franka_ws/src/install/joint_impedance_controller/bin'
[1.146s] Level 1:colcon.colcon_core.environment:checking '/home/jiataoding/franco_ros2_franka_ws/src/install/joint_impedance_controller/lib/pkgconfig/joint_impedance_controller.pc'
[1.147s] Level 1:colcon.colcon_core.environment:checking '/home/jiataoding/franco_ros2_franka_ws/src/install/joint_impedance_controller/lib/python3.10/site-packages'
[1.147s] Level 1:colcon.colcon_core.environment:checking '/home/jiataoding/franco_ros2_franka_ws/src/install/joint_impedance_controller/bin'
[1.147s] INFO:colcon.colcon_core.shell:Creating package script '/home/jiataoding/franco_ros2_franka_ws/src/install/joint_impedance_controller/share/joint_impedance_controller/package.ps1'
[1.147s] INFO:colcon.colcon_core.shell:Creating package descriptor '/home/jiataoding/franco_ros2_franka_ws/src/install/joint_impedance_controller/share/joint_impedance_controller/package.dsv'
[1.148s] INFO:colcon.colcon_core.shell:Creating package script '/home/jiataoding/franco_ros2_franka_ws/src/install/joint_impedance_controller/share/joint_impedance_controller/package.sh'
[1.148s] INFO:colcon.colcon_core.shell:Creating package script '/home/jiataoding/franco_ros2_franka_ws/src/install/joint_impedance_controller/share/joint_impedance_controller/package.bash'
[1.148s] INFO:colcon.colcon_core.shell:Creating package script '/home/jiataoding/franco_ros2_franka_ws/src/install/joint_impedance_controller/share/joint_impedance_controller/package.zsh'
[1.148s] Level 1:colcon.colcon_core.environment:create_file_with_runtime_dependencies(/home/jiataoding/franco_ros2_franka_ws/src/install/joint_impedance_controller/share/colcon-core/packages/joint_impedance_controller)
[1.150s] DEBUG:colcon.colcon_core.event_handler.log_command:Invoked command in '/home/jiataoding/franco_ros2_franka_ws/src/build/franka_hardware' returned '0': CMAKE_PREFIX_PATH=/home/jiataoding/franco_ros2_franka_ws/src/install/franka_msgs:/home/jiataoding/franco_ros2_franka_ws/src/install/joint_impedance_controller:/home/jiataoding/franco_ros2_franka_ws/src/install/integration_launch_testing:/home/jiataoding/franco_ros2_franka_ws/src/install/idra_franka_launch:/home/jiataoding/franco_ros2_franka_ws/src/install/gravity_compensation:/home/jiataoding/franco_ros2_franka_ws/src/install/franka_task_pipeline:/home/jiataoding/franco_ros2_franka_ws/src/install/franka_ros2:/home/jiataoding/franco_ros2_franka_ws/src/install/franka_bringup:/home/jiataoding/franco_ros2_franka_ws/src/install/franka_robot_state_broadcaster:/home/jiataoding/franco_ros2_franka_ws/src/install/franka_example_controllers:/home/jiataoding/franco_ros2_franka_ws/src/install/franka_semantic_components:/home/jiataoding/franco_ros2_franka_ws/src/install/franka_gazebo_bringup:/home/jiataoding/franco_ros2_franka_ws/src/install/franka_ign_ros2_control:/home/jiataoding/franco_ros2_franka_ws/src/install/franka_fr3_moveit_config:/home/jiataoding/franco_ros2_franka_ws/src/install/franka_hardware:/home/jiataoding/franco_ros2_franka_ws/src/install/franka_gripper:/home/jiataoding/franco_ros2_franka_ws/src/install/franka_description:/home/jiataoding/franco_ros2_franka_ws/src/install/cartesian_impedance_controller:/opt/ros/humble:/home/jiataoding/franco_ros2_franka_ws/src/install/effort_controller_base:/home/jiataoding/franco_ros2_franka_ws/src/install/debug_msg:/home/jiataoding/ros2_franka_ws/install/joint_impedance_controller:/home/jiataoding/ros2_franka_ws/install/integration_launch_testing:/home/jiataoding/ros2_franka_ws/install/idra_franka_launch:/home/jiataoding/ros2_franka_ws/install/gravity_compensation:/home/jiataoding/ros2_franka_ws/install/franka_task_pipeline:/home/jiataoding/ros2_franka_ws/install/franka_ros2:/home/jiataoding/ros2_franka_ws/install/franka_bringup:/home/jiataoding/ros2_franka_ws/install/franka_robot_state_broadcaster:/home/jiataoding/ros2_franka_ws/install/franka_example_controllers:/home/jiataoding/ros2_franka_ws/install/franka_semantic_components:/home/jiataoding/ros2_franka_ws/install/franka_gazebo_bringup:/home/jiataoding/ros2_franka_ws/install/franka_ign_ros2_control:/home/jiataoding/ros2_franka_ws/install/franka_fr3_moveit_config:/home/jiataoding/ros2_franka_ws/install/franka_hardware:/home/jiataoding/ros2_franka_ws/install/franka_gripper:/home/jiataoding/ros2_franka_ws/install/franka_msgs:/home/jiataoding/ros2_franka_ws/install/franka_description:/home/jiataoding/ros2_franka_ws/install/cartesian_impedance_controller:/home/jiataoding/ros2_franka_ws/install/effort_controller_base:/home/jiataoding/ros2_franka_ws/install/debug_msg:/home/jiataoding/franco_ros2_franka_ws/install/joint_impedance_controller:/home/jiataoding/franco_ros2_franka_ws/install/integration_launch_testing:/home/jiataoding/franco_ros2_franka_ws/install/idra_franka_launch:/home/jiataoding/franco_ros2_franka_ws/install/gravity_compensation:/home/jiataoding/franco_ros2_franka_ws/install/franka_task_pipeline:/home/jiataoding/franco_ros2_franka_ws/install/franka_ros2:/home/jiataoding/franco_ros2_franka_ws/install/franka_bringup:/home/jiataoding/franco_ros2_franka_ws/install/franka_robot_state_broadcaster:/home/jiataoding/franco_ros2_franka_ws/install/franka_example_controllers:/home/jiataoding/franco_ros2_franka_ws/install/franka_semantic_components:/home/jiataoding/franco_ros2_franka_ws/install/franka_gazebo_bringup:/home/jiataoding/franco_ros2_franka_ws/install/franka_ign_ros2_control:/home/jiataoding/franco_ros2_franka_ws/install/franka_fr3_moveit_config:/home/jiataoding/franco_ros2_franka_ws/install/franka_hardware:/home/jiataoding/franco_ros2_franka_ws/install/franka_gripper:/home/jiataoding/franco_ros2_franka_ws/install/franka_msgs:/home/jiataoding/franco_ros2_franka_ws/install/franka_description:/home/jiataoding/franco_ros2_franka_ws/install/cartesian_impedance_controller:/home/jiataoding/franco_ros2_franka_ws/install/effort_controller_base:/home/jiataoding/franco_ros2_franka_ws/install/debug_msg:/opt/openrobots LD_LIBRARY_PATH=/home/jiataoding/franco_ros2_franka_ws/src/install/franka_msgs/lib:/home/jiataoding/franco_ros2_franka_ws/src/install/joint_impedance_controller/lib:/home/jiataoding/franco_ros2_franka_ws/src/install/integration_launch_testing/lib:/home/jiataoding/franco_ros2_franka_ws/src/install/gravity_compensation/lib:/home/jiataoding/franco_ros2_franka_ws/src/install/franka_robot_state_broadcaster/lib:/home/jiataoding/franco_ros2_franka_ws/src/install/franka_example_controllers/lib:/home/jiataoding/franco_ros2_franka_ws/src/install/franka_semantic_components/lib:/home/jiataoding/franco_ros2_franka_ws/src/install/franka_ign_ros2_control/lib:/home/jiataoding/franco_ros2_franka_ws/src/install/franka_hardware/lib:/home/jiataoding/franco_ros2_franka_ws/src/install/franka_gripper/lib:/home/jiataoding/franco_ros2_franka_ws/src/install/cartesian_impedance_controller/lib:/home/jiataoding/franco_ros2_franka_ws/src/install/effort_controller_base/lib:/home/jiataoding/franco_ros2_franka_ws/src/install/debug_msg/lib:/home/jiataoding/libs/onnxruntime-linux-x64-1.21.0/lib:/home/jiataoding/ros2_franka_ws/install/joint_impedance_controller/lib:/home/jiataoding/ros2_franka_ws/install/integration_launch_testing/lib:/home/jiataoding/ros2_franka_ws/install/gravity_compensation/lib:/home/jiataoding/ros2_franka_ws/install/franka_robot_state_broadcaster/lib:/home/jiataoding/ros2_franka_ws/install/franka_example_controllers/lib:/home/jiataoding/ros2_franka_ws/install/franka_semantic_components/lib:/home/jiataoding/ros2_franka_ws/install/franka_ign_ros2_control/lib:/home/jiataoding/ros2_franka_ws/install/franka_hardware/lib:/home/jiataoding/ros2_franka_ws/install/franka_gripper/lib:/home/jiataoding/ros2_franka_ws/install/franka_msgs/lib:/home/jiataoding/ros2_franka_ws/install/cartesian_impedance_controller/lib:/home/jiataoding/ros2_franka_ws/install/effort_controller_base/lib:/home/jiataoding/ros2_franka_ws/install/debug_msg/lib:/home/jiataoding/franco_ros2_franka_ws/install/joint_impedance_controller/lib:/home/jiataoding/franco_ros2_franka_ws/install/integration_launch_testing/lib:/home/jiataoding/franco_ros2_franka_ws/install/gravity_compensation/lib:/home/jiataoding/franco_ros2_franka_ws/install/franka_robot_state_broadcaster/lib:/home/jiataoding/franco_ros2_franka_ws/install/franka_example_controllers/lib:/home/jiataoding/franco_ros2_franka_ws/install/franka_semantic_components/lib:/home/jiataoding/franco_ros2_franka_ws/install/franka_ign_ros2_control/lib:/home/jiataoding/franco_ros2_franka_ws/install/franka_hardware/lib:/home/jiataoding/franco_ros2_franka_ws/install/franka_gripper/lib:/home/jiataoding/franco_ros2_franka_ws/install/franka_msgs/lib:/home/jiataoding/franco_ros2_franka_ws/install/cartesian_impedance_controller/lib:/home/jiataoding/franco_ros2_franka_ws/install/effort_controller_base/lib:/home/jiataoding/franco_ros2_franka_ws/install/debug_msg/lib:/opt/openrobots/lib:/opt/ros/humble/opt/rviz_ogre_vendor/lib:/opt/ros/humble/lib/x86_64-linux-gnu:/opt/ros/humble/lib /usr/bin/cmake --build /home/jiataoding/franco_ros2_franka_ws/src/build/franka_hardware -- -j24 -l24
[1.152s] DEBUG:colcon.colcon_core.event_handler.log_command:Invoking command in '/home/jiataoding/franco_ros2_franka_ws/src/build/franka_hardware': CMAKE_PREFIX_PATH=/home/jiataoding/franco_ros2_franka_ws/src/install/franka_msgs:/home/jiataoding/franco_ros2_franka_ws/src/install/joint_impedance_controller:/home/jiataoding/franco_ros2_franka_ws/src/install/integration_launch_testing:/home/jiataoding/franco_ros2_franka_ws/src/install/idra_franka_launch:/home/jiataoding/franco_ros2_franka_ws/src/install/gravity_compensation:/home/jiataoding/franco_ros2_franka_ws/src/install/franka_task_pipeline:/home/jiataoding/franco_ros2_franka_ws/src/install/franka_ros2:/home/jiataoding/franco_ros2_franka_ws/src/install/franka_bringup:/home/jiataoding/franco_ros2_franka_ws/src/install/franka_robot_state_broadcaster:/home/jiataoding/franco_ros2_franka_ws/src/install/franka_example_controllers:/home/jiataoding/franco_ros2_franka_ws/src/install/franka_semantic_components:/home/jiataoding/franco_ros2_franka_ws/src/install/franka_gazebo_bringup:/home/jiataoding/franco_ros2_franka_ws/src/install/franka_ign_ros2_control:/home/jiataoding/franco_ros2_franka_ws/src/install/franka_fr3_moveit_config:/home/jiataoding/franco_ros2_franka_ws/src/install/franka_hardware:/home/jiataoding/franco_ros2_franka_ws/src/install/franka_gripper:/home/jiataoding/franco_ros2_franka_ws/src/install/franka_description:/home/jiataoding/franco_ros2_franka_ws/src/install/cartesian_impedance_controller:/opt/ros/humble:/home/jiataoding/franco_ros2_franka_ws/src/install/effort_controller_base:/home/jiataoding/franco_ros2_franka_ws/src/install/debug_msg:/home/jiataoding/ros2_franka_ws/install/joint_impedance_controller:/home/jiataoding/ros2_franka_ws/install/integration_launch_testing:/home/jiataoding/ros2_franka_ws/install/idra_franka_launch:/home/jiataoding/ros2_franka_ws/install/gravity_compensation:/home/jiataoding/ros2_franka_ws/install/franka_task_pipeline:/home/jiataoding/ros2_franka_ws/install/franka_ros2:/home/jiataoding/ros2_franka_ws/install/franka_bringup:/home/jiataoding/ros2_franka_ws/install/franka_robot_state_broadcaster:/home/jiataoding/ros2_franka_ws/install/franka_example_controllers:/home/jiataoding/ros2_franka_ws/install/franka_semantic_components:/home/jiataoding/ros2_franka_ws/install/franka_gazebo_bringup:/home/jiataoding/ros2_franka_ws/install/franka_ign_ros2_control:/home/jiataoding/ros2_franka_ws/install/franka_fr3_moveit_config:/home/jiataoding/ros2_franka_ws/install/franka_hardware:/home/jiataoding/ros2_franka_ws/install/franka_gripper:/home/jiataoding/ros2_franka_ws/install/franka_msgs:/home/jiataoding/ros2_franka_ws/install/franka_description:/home/jiataoding/ros2_franka_ws/install/cartesian_impedance_controller:/home/jiataoding/ros2_franka_ws/install/effort_controller_base:/home/jiataoding/ros2_franka_ws/install/debug_msg:/home/jiataoding/franco_ros2_franka_ws/install/joint_impedance_controller:/home/jiataoding/franco_ros2_franka_ws/install/integration_launch_testing:/home/jiataoding/franco_ros2_franka_ws/install/idra_franka_launch:/home/jiataoding/franco_ros2_franka_ws/install/gravity_compensation:/home/jiataoding/franco_ros2_franka_ws/install/franka_task_pipeline:/home/jiataoding/franco_ros2_franka_ws/install/franka_ros2:/home/jiataoding/franco_ros2_franka_ws/install/franka_bringup:/home/jiataoding/franco_ros2_franka_ws/install/franka_robot_state_broadcaster:/home/jiataoding/franco_ros2_franka_ws/install/franka_example_controllers:/home/jiataoding/franco_ros2_franka_ws/install/franka_semantic_components:/home/jiataoding/franco_ros2_franka_ws/install/franka_gazebo_bringup:/home/jiataoding/franco_ros2_franka_ws/install/franka_ign_ros2_control:/home/jiataoding/franco_ros2_franka_ws/install/franka_fr3_moveit_config:/home/jiataoding/franco_ros2_franka_ws/install/franka_hardware:/home/jiataoding/franco_ros2_franka_ws/install/franka_gripper:/home/jiataoding/franco_ros2_franka_ws/install/franka_msgs:/home/jiataoding/franco_ros2_franka_ws/install/franka_description:/home/jiataoding/franco_ros2_franka_ws/install/cartesian_impedance_controller:/home/jiataoding/franco_ros2_franka_ws/install/effort_controller_base:/home/jiataoding/franco_ros2_franka_ws/install/debug_msg:/opt/openrobots LD_LIBRARY_PATH=/home/jiataoding/franco_ros2_franka_ws/src/install/franka_msgs/lib:/home/jiataoding/franco_ros2_franka_ws/src/install/joint_impedance_controller/lib:/home/jiataoding/franco_ros2_franka_ws/src/install/integration_launch_testing/lib:/home/jiataoding/franco_ros2_franka_ws/src/install/gravity_compensation/lib:/home/jiataoding/franco_ros2_franka_ws/src/install/franka_robot_state_broadcaster/lib:/home/jiataoding/franco_ros2_franka_ws/src/install/franka_example_controllers/lib:/home/jiataoding/franco_ros2_franka_ws/src/install/franka_semantic_components/lib:/home/jiataoding/franco_ros2_franka_ws/src/install/franka_ign_ros2_control/lib:/home/jiataoding/franco_ros2_franka_ws/src/install/franka_hardware/lib:/home/jiataoding/franco_ros2_franka_ws/src/install/franka_gripper/lib:/home/jiataoding/franco_ros2_franka_ws/src/install/cartesian_impedance_controller/lib:/home/jiataoding/franco_ros2_franka_ws/src/install/effort_controller_base/lib:/home/jiataoding/franco_ros2_franka_ws/src/install/debug_msg/lib:/home/jiataoding/libs/onnxruntime-linux-x64-1.21.0/lib:/home/jiataoding/ros2_franka_ws/install/joint_impedance_controller/lib:/home/jiataoding/ros2_franka_ws/install/integration_launch_testing/lib:/home/jiataoding/ros2_franka_ws/install/gravity_compensation/lib:/home/jiataoding/ros2_franka_ws/install/franka_robot_state_broadcaster/lib:/home/jiataoding/ros2_franka_ws/install/franka_example_controllers/lib:/home/jiataoding/ros2_franka_ws/install/franka_semantic_components/lib:/home/jiataoding/ros2_franka_ws/install/franka_ign_ros2_control/lib:/home/jiataoding/ros2_franka_ws/install/franka_hardware/lib:/home/jiataoding/ros2_franka_ws/install/franka_gripper/lib:/home/jiataoding/ros2_franka_ws/install/franka_msgs/lib:/home/jiataoding/ros2_franka_ws/install/cartesian_impedance_controller/lib:/home/jiataoding/ros2_franka_ws/install/effort_controller_base/lib:/home/jiataoding/ros2_franka_ws/install/debug_msg/lib:/home/jiataoding/franco_ros2_franka_ws/install/joint_impedance_controller/lib:/home/jiataoding/franco_ros2_franka_ws/install/integration_launch_testing/lib:/home/jiataoding/franco_ros2_franka_ws/install/gravity_compensation/lib:/home/jiataoding/franco_ros2_franka_ws/install/franka_robot_state_broadcaster/lib:/home/jiataoding/franco_ros2_franka_ws/install/franka_example_controllers/lib:/home/jiataoding/franco_ros2_franka_ws/install/franka_semantic_components/lib:/home/jiataoding/franco_ros2_franka_ws/install/franka_ign_ros2_control/lib:/home/jiataoding/franco_ros2_franka_ws/install/franka_hardware/lib:/home/jiataoding/franco_ros2_franka_ws/install/franka_gripper/lib:/home/jiataoding/franco_ros2_franka_ws/install/franka_msgs/lib:/home/jiataoding/franco_ros2_franka_ws/install/cartesian_impedance_controller/lib:/home/jiataoding/franco_ros2_franka_ws/install/effort_controller_base/lib:/home/jiataoding/franco_ros2_franka_ws/install/debug_msg/lib:/opt/openrobots/lib:/opt/ros/humble/opt/rviz_ogre_vendor/lib:/opt/ros/humble/lib/x86_64-linux-gnu:/opt/ros/humble/lib /usr/bin/cmake --install /home/jiataoding/franco_ros2_franka_ws/src/build/franka_hardware
[1.196s] Level 1:colcon.colcon_core.environment:create_environment_scripts_only(franka_hardware)
[1.196s] Level 1:colcon.colcon_core.environment:checking '/home/jiataoding/franco_ros2_franka_ws/src/install/franka_hardware' for CMake module files
[1.197s] DEBUG:colcon.colcon_core.event_handler.log_command:Invoked command in '/home/jiataoding/franco_ros2_franka_ws/src/build/franka_hardware' returned '0': CMAKE_PREFIX_PATH=/home/jiataoding/franco_ros2_franka_ws/src/install/franka_msgs:/home/jiataoding/franco_ros2_franka_ws/src/install/joint_impedance_controller:/home/jiataoding/franco_ros2_franka_ws/src/install/integration_launch_testing:/home/jiataoding/franco_ros2_franka_ws/src/install/idra_franka_launch:/home/jiataoding/franco_ros2_franka_ws/src/install/gravity_compensation:/home/jiataoding/franco_ros2_franka_ws/src/install/franka_task_pipeline:/home/jiataoding/franco_ros2_franka_ws/src/install/franka_ros2:/home/jiataoding/franco_ros2_franka_ws/src/install/franka_bringup:/home/jiataoding/franco_ros2_franka_ws/src/install/franka_robot_state_broadcaster:/home/jiataoding/franco_ros2_franka_ws/src/install/franka_example_controllers:/home/jiataoding/franco_ros2_franka_ws/src/install/franka_semantic_components:/home/jiataoding/franco_ros2_franka_ws/src/install/franka_gazebo_bringup:/home/jiataoding/franco_ros2_franka_ws/src/install/franka_ign_ros2_control:/home/jiataoding/franco_ros2_franka_ws/src/install/franka_fr3_moveit_config:/home/jiataoding/franco_ros2_franka_ws/src/install/franka_hardware:/home/jiataoding/franco_ros2_franka_ws/src/install/franka_gripper:/home/jiataoding/franco_ros2_franka_ws/src/install/franka_description:/home/jiataoding/franco_ros2_franka_ws/src/install/cartesian_impedance_controller:/opt/ros/humble:/home/jiataoding/franco_ros2_franka_ws/src/install/effort_controller_base:/home/jiataoding/franco_ros2_franka_ws/src/install/debug_msg:/home/jiataoding/ros2_franka_ws/install/joint_impedance_controller:/home/jiataoding/ros2_franka_ws/install/integration_launch_testing:/home/jiataoding/ros2_franka_ws/install/idra_franka_launch:/home/jiataoding/ros2_franka_ws/install/gravity_compensation:/home/jiataoding/ros2_franka_ws/install/franka_task_pipeline:/home/jiataoding/ros2_franka_ws/install/franka_ros2:/home/jiataoding/ros2_franka_ws/install/franka_bringup:/home/jiataoding/ros2_franka_ws/install/franka_robot_state_broadcaster:/home/jiataoding/ros2_franka_ws/install/franka_example_controllers:/home/jiataoding/ros2_franka_ws/install/franka_semantic_components:/home/jiataoding/ros2_franka_ws/install/franka_gazebo_bringup:/home/jiataoding/ros2_franka_ws/install/franka_ign_ros2_control:/home/jiataoding/ros2_franka_ws/install/franka_fr3_moveit_config:/home/jiataoding/ros2_franka_ws/install/franka_hardware:/home/jiataoding/ros2_franka_ws/install/franka_gripper:/home/jiataoding/ros2_franka_ws/install/franka_msgs:/home/jiataoding/ros2_franka_ws/install/franka_description:/home/jiataoding/ros2_franka_ws/install/cartesian_impedance_controller:/home/jiataoding/ros2_franka_ws/install/effort_controller_base:/home/jiataoding/ros2_franka_ws/install/debug_msg:/home/jiataoding/franco_ros2_franka_ws/install/joint_impedance_controller:/home/jiataoding/franco_ros2_franka_ws/install/integration_launch_testing:/home/jiataoding/franco_ros2_franka_ws/install/idra_franka_launch:/home/jiataoding/franco_ros2_franka_ws/install/gravity_compensation:/home/jiataoding/franco_ros2_franka_ws/install/franka_task_pipeline:/home/jiataoding/franco_ros2_franka_ws/install/franka_ros2:/home/jiataoding/franco_ros2_franka_ws/install/franka_bringup:/home/jiataoding/franco_ros2_franka_ws/install/franka_robot_state_broadcaster:/home/jiataoding/franco_ros2_franka_ws/install/franka_example_controllers:/home/jiataoding/franco_ros2_franka_ws/install/franka_semantic_components:/home/jiataoding/franco_ros2_franka_ws/install/franka_gazebo_bringup:/home/jiataoding/franco_ros2_franka_ws/install/franka_ign_ros2_control:/home/jiataoding/franco_ros2_franka_ws/install/franka_fr3_moveit_config:/home/jiataoding/franco_ros2_franka_ws/install/franka_hardware:/home/jiataoding/franco_ros2_franka_ws/install/franka_gripper:/home/jiataoding/franco_ros2_franka_ws/install/franka_msgs:/home/jiataoding/franco_ros2_franka_ws/install/franka_description:/home/jiataoding/franco_ros2_franka_ws/install/cartesian_impedance_controller:/home/jiataoding/franco_ros2_franka_ws/install/effort_controller_base:/home/jiataoding/franco_ros2_franka_ws/install/debug_msg:/opt/openrobots LD_LIBRARY_PATH=/home/jiataoding/franco_ros2_franka_ws/src/install/franka_msgs/lib:/home/jiataoding/franco_ros2_franka_ws/src/install/joint_impedance_controller/lib:/home/jiataoding/franco_ros2_franka_ws/src/install/integration_launch_testing/lib:/home/jiataoding/franco_ros2_franka_ws/src/install/gravity_compensation/lib:/home/jiataoding/franco_ros2_franka_ws/src/install/franka_robot_state_broadcaster/lib:/home/jiataoding/franco_ros2_franka_ws/src/install/franka_example_controllers/lib:/home/jiataoding/franco_ros2_franka_ws/src/install/franka_semantic_components/lib:/home/jiataoding/franco_ros2_franka_ws/src/install/franka_ign_ros2_control/lib:/home/jiataoding/franco_ros2_franka_ws/src/install/franka_hardware/lib:/home/jiataoding/franco_ros2_franka_ws/src/install/franka_gripper/lib:/home/jiataoding/franco_ros2_franka_ws/src/install/cartesian_impedance_controller/lib:/home/jiataoding/franco_ros2_franka_ws/src/install/effort_controller_base/lib:/home/jiataoding/franco_ros2_franka_ws/src/install/debug_msg/lib:/home/jiataoding/libs/onnxruntime-linux-x64-1.21.0/lib:/home/jiataoding/ros2_franka_ws/install/joint_impedance_controller/lib:/home/jiataoding/ros2_franka_ws/install/integration_launch_testing/lib:/home/jiataoding/ros2_franka_ws/install/gravity_compensation/lib:/home/jiataoding/ros2_franka_ws/install/franka_robot_state_broadcaster/lib:/home/jiataoding/ros2_franka_ws/install/franka_example_controllers/lib:/home/jiataoding/ros2_franka_ws/install/franka_semantic_components/lib:/home/jiataoding/ros2_franka_ws/install/franka_ign_ros2_control/lib:/home/jiataoding/ros2_franka_ws/install/franka_hardware/lib:/home/jiataoding/ros2_franka_ws/install/franka_gripper/lib:/home/jiataoding/ros2_franka_ws/install/franka_msgs/lib:/home/jiataoding/ros2_franka_ws/install/cartesian_impedance_controller/lib:/home/jiataoding/ros2_franka_ws/install/effort_controller_base/lib:/home/jiataoding/ros2_franka_ws/install/debug_msg/lib:/home/jiataoding/franco_ros2_franka_ws/install/joint_impedance_controller/lib:/home/jiataoding/franco_ros2_franka_ws/install/integration_launch_testing/lib:/home/jiataoding/franco_ros2_franka_ws/install/gravity_compensation/lib:/home/jiataoding/franco_ros2_franka_ws/install/franka_robot_state_broadcaster/lib:/home/jiataoding/franco_ros2_franka_ws/install/franka_example_controllers/lib:/home/jiataoding/franco_ros2_franka_ws/install/franka_semantic_components/lib:/home/jiataoding/franco_ros2_franka_ws/install/franka_ign_ros2_control/lib:/home/jiataoding/franco_ros2_franka_ws/install/franka_hardware/lib:/home/jiataoding/franco_ros2_franka_ws/install/franka_gripper/lib:/home/jiataoding/franco_ros2_franka_ws/install/franka_msgs/lib:/home/jiataoding/franco_ros2_franka_ws/install/cartesian_impedance_controller/lib:/home/jiataoding/franco_ros2_franka_ws/install/effort_controller_base/lib:/home/jiataoding/franco_ros2_franka_ws/install/debug_msg/lib:/opt/openrobots/lib:/opt/ros/humble/opt/rviz_ogre_vendor/lib:/opt/ros/humble/lib/x86_64-linux-gnu:/opt/ros/humble/lib /usr/bin/cmake --install /home/jiataoding/franco_ros2_franka_ws/src/build/franka_hardware
[1.197s] Level 1:colcon.colcon_core.environment:checking '/home/jiataoding/franco_ros2_franka_ws/src/install/franka_hardware' for CMake config files
[1.198s] Level 1:colcon.colcon_core.shell:create_environment_hook('franka_hardware', 'cmake_prefix_path')
[1.198s] INFO:colcon.colcon_core.shell:Creating environment hook '/home/jiataoding/franco_ros2_franka_ws/src/install/franka_hardware/share/franka_hardware/hook/cmake_prefix_path.ps1'
[1.199s] INFO:colcon.colcon_core.shell:Creating environment descriptor '/home/jiataoding/franco_ros2_franka_ws/src/install/franka_hardware/share/franka_hardware/hook/cmake_prefix_path.dsv'
[1.200s] INFO:colcon.colcon_core.shell:Creating environment hook '/home/jiataoding/franco_ros2_franka_ws/src/install/franka_hardware/share/franka_hardware/hook/cmake_prefix_path.sh'
[1.201s] Level 1:colcon.colcon_core.environment:checking '/home/jiataoding/franco_ros2_franka_ws/src/install/franka_hardware/lib'
[1.201s] Level 1:colcon.colcon_core.shell:create_environment_hook('franka_hardware', 'ld_library_path_lib')
[1.201s] INFO:colcon.colcon_core.shell:Creating environment hook '/home/jiataoding/franco_ros2_franka_ws/src/install/franka_hardware/share/franka_hardware/hook/ld_library_path_lib.ps1'
[1.202s] INFO:colcon.colcon_core.shell:Creating environment descriptor '/home/jiataoding/franco_ros2_franka_ws/src/install/franka_hardware/share/franka_hardware/hook/ld_library_path_lib.dsv'
[1.202s] INFO:colcon.colcon_core.shell:Creating environment hook '/home/jiataoding/franco_ros2_franka_ws/src/install/franka_hardware/share/franka_hardware/hook/ld_library_path_lib.sh'
[1.203s] Level 1:colcon.colcon_core.environment:checking '/home/jiataoding/franco_ros2_franka_ws/src/install/franka_hardware/bin'
[1.203s] Level 1:colcon.colcon_core.environment:checking '/home/jiataoding/franco_ros2_franka_ws/src/install/franka_hardware/lib/pkgconfig/franka_hardware.pc'
[1.203s] Level 1:colcon.colcon_core.environment:checking '/home/jiataoding/franco_ros2_franka_ws/src/install/franka_hardware/lib/python3.10/site-packages'
[1.204s] Level 1:colcon.colcon_core.environment:checking '/home/jiataoding/franco_ros2_franka_ws/src/install/franka_hardware/bin'
[1.204s] INFO:colcon.colcon_core.shell:Creating package script '/home/jiataoding/franco_ros2_franka_ws/src/install/franka_hardware/share/franka_hardware/package.ps1'
[1.205s] INFO:colcon.colcon_core.shell:Creating package descriptor '/home/jiataoding/franco_ros2_franka_ws/src/install/franka_hardware/share/franka_hardware/package.dsv'
[1.205s] INFO:colcon.colcon_core.shell:Creating package script '/home/jiataoding/franco_ros2_franka_ws/src/install/franka_hardware/share/franka_hardware/package.sh'
[1.206s] INFO:colcon.colcon_core.shell:Creating package script '/home/jiataoding/franco_ros2_franka_ws/src/install/franka_hardware/share/franka_hardware/package.bash'
[1.206s] INFO:colcon.colcon_core.shell:Creating package script '/home/jiataoding/franco_ros2_franka_ws/src/install/franka_hardware/share/franka_hardware/package.zsh'
[1.207s] Level 1:colcon.colcon_core.environment:create_file_with_runtime_dependencies(/home/jiataoding/franco_ros2_franka_ws/src/install/franka_hardware/share/colcon-core/packages/franka_hardware)
[1.208s] Level 1:colcon.colcon_core.environment:create_environment_scripts_only(franka_hardware)
[1.208s] Level 1:colcon.colcon_core.environment:checking '/home/jiataoding/franco_ros2_franka_ws/src/install/franka_hardware' for CMake module files
[1.208s] Level 1:colcon.colcon_core.environment:checking '/home/jiataoding/franco_ros2_franka_ws/src/install/franka_hardware' for CMake config files
[1.209s] Level 1:colcon.colcon_core.shell:create_environment_hook('franka_hardware', 'cmake_prefix_path')
[1.209s] INFO:colcon.colcon_core.shell:Creating environment hook '/home/jiataoding/franco_ros2_franka_ws/src/install/franka_hardware/share/franka_hardware/hook/cmake_prefix_path.ps1'
[1.210s] INFO:colcon.colcon_core.shell:Creating environment descriptor '/home/jiataoding/franco_ros2_franka_ws/src/install/franka_hardware/share/franka_hardware/hook/cmake_prefix_path.dsv'
[1.210s] INFO:colcon.colcon_core.shell:Creating environment hook '/home/jiataoding/franco_ros2_franka_ws/src/install/franka_hardware/share/franka_hardware/hook/cmake_prefix_path.sh'
[1.211s] Level 1:colcon.colcon_core.environment:checking '/home/jiataoding/franco_ros2_franka_ws/src/install/franka_hardware/lib'
[1.211s] Level 1:colcon.colcon_core.shell:create_environment_hook('franka_hardware', 'ld_library_path_lib')
[1.211s] INFO:colcon.colcon_core.shell:Creating environment hook '/home/jiataoding/franco_ros2_franka_ws/src/install/franka_hardware/share/franka_hardware/hook/ld_library_path_lib.ps1'
[1.211s] INFO:colcon.colcon_core.shell:Creating environment descriptor '/home/jiataoding/franco_ros2_franka_ws/src/install/franka_hardware/share/franka_hardware/hook/ld_library_path_lib.dsv'
[1.212s] INFO:colcon.colcon_core.shell:Creating environment hook '/home/jiataoding/franco_ros2_franka_ws/src/install/franka_hardware/share/franka_hardware/hook/ld_library_path_lib.sh'
[1.212s] Level 1:colcon.colcon_core.environment:checking '/home/jiataoding/franco_ros2_franka_ws/src/install/franka_hardware/bin'
[1.212s] Level 1:colcon.colcon_core.environment:checking '/home/jiataoding/franco_ros2_franka_ws/src/install/franka_hardware/lib/pkgconfig/franka_hardware.pc'
[1.213s] Level 1:colcon.colcon_core.environment:checking '/home/jiataoding/franco_ros2_franka_ws/src/install/franka_hardware/lib/python3.10/site-packages'
[1.213s] Level 1:colcon.colcon_core.environment:checking '/home/jiataoding/franco_ros2_franka_ws/src/install/franka_hardware/bin'
[1.213s] INFO:colcon.colcon_core.shell:Creating package script '/home/jiataoding/franco_ros2_franka_ws/src/install/franka_hardware/share/franka_hardware/package.ps1'
[1.214s] INFO:colcon.colcon_core.shell:Creating package descriptor '/home/jiataoding/franco_ros2_franka_ws/src/install/franka_hardware/share/franka_hardware/package.dsv'
[1.214s] INFO:colcon.colcon_core.shell:Creating package script '/home/jiataoding/franco_ros2_franka_ws/src/install/franka_hardware/share/franka_hardware/package.sh'
[1.215s] INFO:colcon.colcon_core.shell:Creating package script '/home/jiataoding/franco_ros2_franka_ws/src/install/franka_hardware/share/franka_hardware/package.bash'
[1.216s] INFO:colcon.colcon_core.shell:Creating package script '/home/jiataoding/franco_ros2_franka_ws/src/install/franka_hardware/share/franka_hardware/package.zsh'
[1.216s] Level 1:colcon.colcon_core.environment:create_file_with_runtime_dependencies(/home/jiataoding/franco_ros2_franka_ws/src/install/franka_hardware/share/colcon-core/packages/franka_hardware)
[1.217s] INFO:colcon.colcon_ros.task.ament_cmake.build:Building ROS package in '/home/jiataoding/franco_ros2_franka_ws/src/franka_ros2/franka_semantic_components' with build type 'ament_cmake'
[1.217s] INFO:colcon.colcon_cmake.task.cmake.build:Building CMake package in '/home/jiataoding/franco_ros2_franka_ws/src/franka_ros2/franka_semantic_components'
[1.217s] INFO:colcon.colcon_core.shell:Skip shell extension 'powershell' for command environment: Not usable outside of PowerShell
[1.218s] DEBUG:colcon.colcon_core.shell:Skip shell extension 'dsv' for command environment
[1.225s] INFO:colcon.colcon_ros.task.ament_cmake.build:Building ROS package in '/home/jiataoding/franco_ros2_franka_ws/src/franka_ros2/franka_gazebo/franka_ign_ros2_control' with build type 'ament_cmake'
[1.225s] INFO:colcon.colcon_cmake.task.cmake.build:Building CMake package in '/home/jiataoding/franco_ros2_franka_ws/src/franka_ros2/franka_gazebo/franka_ign_ros2_control'
[1.225s] INFO:colcon.colcon_core.shell:Skip shell extension 'powershell' for command environment: Not usable outside of PowerShell
[1.225s] DEBUG:colcon.colcon_core.shell:Skip shell extension 'dsv' for command environment
[1.243s] DEBUG:colcon.colcon_core.event_handler.log_command:Invoking command in '/home/jiataoding/franco_ros2_franka_ws/src/build/franka_semantic_components': CMAKE_PREFIX_PATH=/home/jiataoding/franco_ros2_franka_ws/src/install/franka_hardware:/home/jiataoding/franco_ros2_franka_ws/src/install/franka_msgs:/home/jiataoding/franco_ros2_franka_ws/src/install/joint_impedance_controller:/home/jiataoding/franco_ros2_franka_ws/src/install/integration_launch_testing:/home/jiataoding/franco_ros2_franka_ws/src/install/idra_franka_launch:/home/jiataoding/franco_ros2_franka_ws/src/install/gravity_compensation:/home/jiataoding/franco_ros2_franka_ws/src/install/franka_task_pipeline:/home/jiataoding/franco_ros2_franka_ws/src/install/franka_ros2:/home/jiataoding/franco_ros2_franka_ws/src/install/franka_bringup:/home/jiataoding/franco_ros2_franka_ws/src/install/franka_robot_state_broadcaster:/home/jiataoding/franco_ros2_franka_ws/src/install/franka_example_controllers:/home/jiataoding/franco_ros2_franka_ws/src/install/franka_semantic_components:/home/jiataoding/franco_ros2_franka_ws/src/install/franka_gazebo_bringup:/home/jiataoding/franco_ros2_franka_ws/src/install/franka_ign_ros2_control:/home/jiataoding/franco_ros2_franka_ws/src/install/franka_fr3_moveit_config:/home/jiataoding/franco_ros2_franka_ws/src/install/franka_gripper:/home/jiataoding/franco_ros2_franka_ws/src/install/franka_description:/home/jiataoding/franco_ros2_franka_ws/src/install/cartesian_impedance_controller:/opt/ros/humble:/home/jiataoding/franco_ros2_franka_ws/src/install/effort_controller_base:/home/jiataoding/franco_ros2_franka_ws/src/install/debug_msg:/home/jiataoding/ros2_franka_ws/install/joint_impedance_controller:/home/jiataoding/ros2_franka_ws/install/integration_launch_testing:/home/jiataoding/ros2_franka_ws/install/idra_franka_launch:/home/jiataoding/ros2_franka_ws/install/gravity_compensation:/home/jiataoding/ros2_franka_ws/install/franka_task_pipeline:/home/jiataoding/ros2_franka_ws/install/franka_ros2:/home/jiataoding/ros2_franka_ws/install/franka_bringup:/home/jiataoding/ros2_franka_ws/install/franka_robot_state_broadcaster:/home/jiataoding/ros2_franka_ws/install/franka_example_controllers:/home/jiataoding/ros2_franka_ws/install/franka_semantic_components:/home/jiataoding/ros2_franka_ws/install/franka_gazebo_bringup:/home/jiataoding/ros2_franka_ws/install/franka_ign_ros2_control:/home/jiataoding/ros2_franka_ws/install/franka_fr3_moveit_config:/home/jiataoding/ros2_franka_ws/install/franka_hardware:/home/jiataoding/ros2_franka_ws/install/franka_gripper:/home/jiataoding/ros2_franka_ws/install/franka_msgs:/home/jiataoding/ros2_franka_ws/install/franka_description:/home/jiataoding/ros2_franka_ws/install/cartesian_impedance_controller:/home/jiataoding/ros2_franka_ws/install/effort_controller_base:/home/jiataoding/ros2_franka_ws/install/debug_msg:/home/jiataoding/franco_ros2_franka_ws/install/joint_impedance_controller:/home/jiataoding/franco_ros2_franka_ws/install/integration_launch_testing:/home/jiataoding/franco_ros2_franka_ws/install/idra_franka_launch:/home/jiataoding/franco_ros2_franka_ws/install/gravity_compensation:/home/jiataoding/franco_ros2_franka_ws/install/franka_task_pipeline:/home/jiataoding/franco_ros2_franka_ws/install/franka_ros2:/home/jiataoding/franco_ros2_franka_ws/install/franka_bringup:/home/jiataoding/franco_ros2_franka_ws/install/franka_robot_state_broadcaster:/home/jiataoding/franco_ros2_franka_ws/install/franka_example_controllers:/home/jiataoding/franco_ros2_franka_ws/install/franka_semantic_components:/home/jiataoding/franco_ros2_franka_ws/install/franka_gazebo_bringup:/home/jiataoding/franco_ros2_franka_ws/install/franka_ign_ros2_control:/home/jiataoding/franco_ros2_franka_ws/install/franka_fr3_moveit_config:/home/jiataoding/franco_ros2_franka_ws/install/franka_hardware:/home/jiataoding/franco_ros2_franka_ws/install/franka_gripper:/home/jiataoding/franco_ros2_franka_ws/install/franka_msgs:/home/jiataoding/franco_ros2_franka_ws/install/franka_description:/home/jiataoding/franco_ros2_franka_ws/install/cartesian_impedance_controller:/home/jiataoding/franco_ros2_franka_ws/install/effort_controller_base:/home/jiataoding/franco_ros2_franka_ws/install/debug_msg:/opt/openrobots LD_LIBRARY_PATH=/home/jiataoding/franco_ros2_franka_ws/src/install/franka_hardware/lib:/home/jiataoding/franco_ros2_franka_ws/src/install/franka_msgs/lib:/home/jiataoding/franco_ros2_franka_ws/src/install/joint_impedance_controller/lib:/home/jiataoding/franco_ros2_franka_ws/src/install/integration_launch_testing/lib:/home/jiataoding/franco_ros2_franka_ws/src/install/gravity_compensation/lib:/home/jiataoding/franco_ros2_franka_ws/src/install/franka_robot_state_broadcaster/lib:/home/jiataoding/franco_ros2_franka_ws/src/install/franka_example_controllers/lib:/home/jiataoding/franco_ros2_franka_ws/src/install/franka_semantic_components/lib:/home/jiataoding/franco_ros2_franka_ws/src/install/franka_ign_ros2_control/lib:/home/jiataoding/franco_ros2_franka_ws/src/install/franka_gripper/lib:/home/jiataoding/franco_ros2_franka_ws/src/install/cartesian_impedance_controller/lib:/home/jiataoding/franco_ros2_franka_ws/src/install/effort_controller_base/lib:/home/jiataoding/franco_ros2_franka_ws/src/install/debug_msg/lib:/home/jiataoding/libs/onnxruntime-linux-x64-1.21.0/lib:/home/jiataoding/ros2_franka_ws/install/joint_impedance_controller/lib:/home/jiataoding/ros2_franka_ws/install/integration_launch_testing/lib:/home/jiataoding/ros2_franka_ws/install/gravity_compensation/lib:/home/jiataoding/ros2_franka_ws/install/franka_robot_state_broadcaster/lib:/home/jiataoding/ros2_franka_ws/install/franka_example_controllers/lib:/home/jiataoding/ros2_franka_ws/install/franka_semantic_components/lib:/home/jiataoding/ros2_franka_ws/install/franka_ign_ros2_control/lib:/home/jiataoding/ros2_franka_ws/install/franka_hardware/lib:/home/jiataoding/ros2_franka_ws/install/franka_gripper/lib:/home/jiataoding/ros2_franka_ws/install/franka_msgs/lib:/home/jiataoding/ros2_franka_ws/install/cartesian_impedance_controller/lib:/home/jiataoding/ros2_franka_ws/install/effort_controller_base/lib:/home/jiataoding/ros2_franka_ws/install/debug_msg/lib:/home/jiataoding/franco_ros2_franka_ws/install/joint_impedance_controller/lib:/home/jiataoding/franco_ros2_franka_ws/install/integration_launch_testing/lib:/home/jiataoding/franco_ros2_franka_ws/install/gravity_compensation/lib:/home/jiataoding/franco_ros2_franka_ws/install/franka_robot_state_broadcaster/lib:/home/jiataoding/franco_ros2_franka_ws/install/franka_example_controllers/lib:/home/jiataoding/franco_ros2_franka_ws/install/franka_semantic_components/lib:/home/jiataoding/franco_ros2_franka_ws/install/franka_ign_ros2_control/lib:/home/jiataoding/franco_ros2_franka_ws/install/franka_hardware/lib:/home/jiataoding/franco_ros2_franka_ws/install/franka_gripper/lib:/home/jiataoding/franco_ros2_franka_ws/install/franka_msgs/lib:/home/jiataoding/franco_ros2_franka_ws/install/cartesian_impedance_controller/lib:/home/jiataoding/franco_ros2_franka_ws/install/effort_controller_base/lib:/home/jiataoding/franco_ros2_franka_ws/install/debug_msg/lib:/opt/openrobots/lib:/opt/ros/humble/opt/rviz_ogre_vendor/lib:/opt/ros/humble/lib/x86_64-linux-gnu:/opt/ros/humble/lib /usr/bin/cmake --build /home/jiataoding/franco_ros2_franka_ws/src/build/franka_semantic_components -- -j24 -l24
[1.253s] DEBUG:colcon.colcon_core.event_handler.log_command:Invoking command in '/home/jiataoding/franco_ros2_franka_ws/src/build/franka_ign_ros2_control': CMAKE_PREFIX_PATH=/home/jiataoding/franco_ros2_franka_ws/src/install/franka_hardware:/home/jiataoding/franco_ros2_franka_ws/src/install/franka_msgs:/home/jiataoding/franco_ros2_franka_ws/src/install/joint_impedance_controller:/home/jiataoding/franco_ros2_franka_ws/src/install/integration_launch_testing:/home/jiataoding/franco_ros2_franka_ws/src/install/idra_franka_launch:/home/jiataoding/franco_ros2_franka_ws/src/install/gravity_compensation:/home/jiataoding/franco_ros2_franka_ws/src/install/franka_task_pipeline:/home/jiataoding/franco_ros2_franka_ws/src/install/franka_ros2:/home/jiataoding/franco_ros2_franka_ws/src/install/franka_bringup:/home/jiataoding/franco_ros2_franka_ws/src/install/franka_robot_state_broadcaster:/home/jiataoding/franco_ros2_franka_ws/src/install/franka_example_controllers:/home/jiataoding/franco_ros2_franka_ws/src/install/franka_semantic_components:/home/jiataoding/franco_ros2_franka_ws/src/install/franka_gazebo_bringup:/home/jiataoding/franco_ros2_franka_ws/src/install/franka_ign_ros2_control:/home/jiataoding/franco_ros2_franka_ws/src/install/franka_fr3_moveit_config:/home/jiataoding/franco_ros2_franka_ws/src/install/franka_gripper:/home/jiataoding/franco_ros2_franka_ws/src/install/franka_description:/home/jiataoding/franco_ros2_franka_ws/src/install/cartesian_impedance_controller:/opt/ros/humble:/home/jiataoding/franco_ros2_franka_ws/src/install/effort_controller_base:/home/jiataoding/franco_ros2_franka_ws/src/install/debug_msg:/home/jiataoding/ros2_franka_ws/install/joint_impedance_controller:/home/jiataoding/ros2_franka_ws/install/integration_launch_testing:/home/jiataoding/ros2_franka_ws/install/idra_franka_launch:/home/jiataoding/ros2_franka_ws/install/gravity_compensation:/home/jiataoding/ros2_franka_ws/install/franka_task_pipeline:/home/jiataoding/ros2_franka_ws/install/franka_ros2:/home/jiataoding/ros2_franka_ws/install/franka_bringup:/home/jiataoding/ros2_franka_ws/install/franka_robot_state_broadcaster:/home/jiataoding/ros2_franka_ws/install/franka_example_controllers:/home/jiataoding/ros2_franka_ws/install/franka_semantic_components:/home/jiataoding/ros2_franka_ws/install/franka_gazebo_bringup:/home/jiataoding/ros2_franka_ws/install/franka_ign_ros2_control:/home/jiataoding/ros2_franka_ws/install/franka_fr3_moveit_config:/home/jiataoding/ros2_franka_ws/install/franka_hardware:/home/jiataoding/ros2_franka_ws/install/franka_gripper:/home/jiataoding/ros2_franka_ws/install/franka_msgs:/home/jiataoding/ros2_franka_ws/install/franka_description:/home/jiataoding/ros2_franka_ws/install/cartesian_impedance_controller:/home/jiataoding/ros2_franka_ws/install/effort_controller_base:/home/jiataoding/ros2_franka_ws/install/debug_msg:/home/jiataoding/franco_ros2_franka_ws/install/joint_impedance_controller:/home/jiataoding/franco_ros2_franka_ws/install/integration_launch_testing:/home/jiataoding/franco_ros2_franka_ws/install/idra_franka_launch:/home/jiataoding/franco_ros2_franka_ws/install/gravity_compensation:/home/jiataoding/franco_ros2_franka_ws/install/franka_task_pipeline:/home/jiataoding/franco_ros2_franka_ws/install/franka_ros2:/home/jiataoding/franco_ros2_franka_ws/install/franka_bringup:/home/jiataoding/franco_ros2_franka_ws/install/franka_robot_state_broadcaster:/home/jiataoding/franco_ros2_franka_ws/install/franka_example_controllers:/home/jiataoding/franco_ros2_franka_ws/install/franka_semantic_components:/home/jiataoding/franco_ros2_franka_ws/install/franka_gazebo_bringup:/home/jiataoding/franco_ros2_franka_ws/install/franka_ign_ros2_control:/home/jiataoding/franco_ros2_franka_ws/install/franka_fr3_moveit_config:/home/jiataoding/franco_ros2_franka_ws/install/franka_hardware:/home/jiataoding/franco_ros2_franka_ws/install/franka_gripper:/home/jiataoding/franco_ros2_franka_ws/install/franka_msgs:/home/jiataoding/franco_ros2_franka_ws/install/franka_description:/home/jiataoding/franco_ros2_franka_ws/install/cartesian_impedance_controller:/home/jiataoding/franco_ros2_franka_ws/install/effort_controller_base:/home/jiataoding/franco_ros2_franka_ws/install/debug_msg:/opt/openrobots LD_LIBRARY_PATH=/home/jiataoding/franco_ros2_franka_ws/src/install/franka_hardware/lib:/home/jiataoding/franco_ros2_franka_ws/src/install/franka_msgs/lib:/home/jiataoding/franco_ros2_franka_ws/src/install/joint_impedance_controller/lib:/home/jiataoding/franco_ros2_franka_ws/src/install/integration_launch_testing/lib:/home/jiataoding/franco_ros2_franka_ws/src/install/gravity_compensation/lib:/home/jiataoding/franco_ros2_franka_ws/src/install/franka_robot_state_broadcaster/lib:/home/jiataoding/franco_ros2_franka_ws/src/install/franka_example_controllers/lib:/home/jiataoding/franco_ros2_franka_ws/src/install/franka_semantic_components/lib:/home/jiataoding/franco_ros2_franka_ws/src/install/franka_ign_ros2_control/lib:/home/jiataoding/franco_ros2_franka_ws/src/install/franka_gripper/lib:/home/jiataoding/franco_ros2_franka_ws/src/install/cartesian_impedance_controller/lib:/home/jiataoding/franco_ros2_franka_ws/src/install/effort_controller_base/lib:/home/jiataoding/franco_ros2_franka_ws/src/install/debug_msg/lib:/home/jiataoding/libs/onnxruntime-linux-x64-1.21.0/lib:/home/jiataoding/ros2_franka_ws/install/joint_impedance_controller/lib:/home/jiataoding/ros2_franka_ws/install/integration_launch_testing/lib:/home/jiataoding/ros2_franka_ws/install/gravity_compensation/lib:/home/jiataoding/ros2_franka_ws/install/franka_robot_state_broadcaster/lib:/home/jiataoding/ros2_franka_ws/install/franka_example_controllers/lib:/home/jiataoding/ros2_franka_ws/install/franka_semantic_components/lib:/home/jiataoding/ros2_franka_ws/install/franka_ign_ros2_control/lib:/home/jiataoding/ros2_franka_ws/install/franka_hardware/lib:/home/jiataoding/ros2_franka_ws/install/franka_gripper/lib:/home/jiataoding/ros2_franka_ws/install/franka_msgs/lib:/home/jiataoding/ros2_franka_ws/install/cartesian_impedance_controller/lib:/home/jiataoding/ros2_franka_ws/install/effort_controller_base/lib:/home/jiataoding/ros2_franka_ws/install/debug_msg/lib:/home/jiataoding/franco_ros2_franka_ws/install/joint_impedance_controller/lib:/home/jiataoding/franco_ros2_franka_ws/install/integration_launch_testing/lib:/home/jiataoding/franco_ros2_franka_ws/install/gravity_compensation/lib:/home/jiataoding/franco_ros2_franka_ws/install/franka_robot_state_broadcaster/lib:/home/jiataoding/franco_ros2_franka_ws/install/franka_example_controllers/lib:/home/jiataoding/franco_ros2_franka_ws/install/franka_semantic_components/lib:/home/jiataoding/franco_ros2_franka_ws/install/franka_ign_ros2_control/lib:/home/jiataoding/franco_ros2_franka_ws/install/franka_hardware/lib:/home/jiataoding/franco_ros2_franka_ws/install/franka_gripper/lib:/home/jiataoding/franco_ros2_franka_ws/install/franka_msgs/lib:/home/jiataoding/franco_ros2_franka_ws/install/cartesian_impedance_controller/lib:/home/jiataoding/franco_ros2_franka_ws/install/effort_controller_base/lib:/home/jiataoding/franco_ros2_franka_ws/install/debug_msg/lib:/opt/openrobots/lib:/opt/ros/humble/opt/rviz_ogre_vendor/lib:/opt/ros/humble/lib/x86_64-linux-gnu:/opt/ros/humble/lib /usr/bin/cmake --build /home/jiataoding/franco_ros2_franka_ws/src/build/franka_ign_ros2_control -- -j24 -l24
[1.389s] DEBUG:colcon.colcon_core.event_handler.log_command:Invoked command in '/home/jiataoding/franco_ros2_franka_ws/src/build/franka_ign_ros2_control' returned '0': CMAKE_PREFIX_PATH=/home/jiataoding/franco_ros2_franka_ws/src/install/franka_hardware:/home/jiataoding/franco_ros2_franka_ws/src/install/franka_msgs:/home/jiataoding/franco_ros2_franka_ws/src/install/joint_impedance_controller:/home/jiataoding/franco_ros2_franka_ws/src/install/integration_launch_testing:/home/jiataoding/franco_ros2_franka_ws/src/install/idra_franka_launch:/home/jiataoding/franco_ros2_franka_ws/src/install/gravity_compensation:/home/jiataoding/franco_ros2_franka_ws/src/install/franka_task_pipeline:/home/jiataoding/franco_ros2_franka_ws/src/install/franka_ros2:/home/jiataoding/franco_ros2_franka_ws/src/install/franka_bringup:/home/jiataoding/franco_ros2_franka_ws/src/install/franka_robot_state_broadcaster:/home/jiataoding/franco_ros2_franka_ws/src/install/franka_example_controllers:/home/jiataoding/franco_ros2_franka_ws/src/install/franka_semantic_components:/home/jiataoding/franco_ros2_franka_ws/src/install/franka_gazebo_bringup:/home/jiataoding/franco_ros2_franka_ws/src/install/franka_ign_ros2_control:/home/jiataoding/franco_ros2_franka_ws/src/install/franka_fr3_moveit_config:/home/jiataoding/franco_ros2_franka_ws/src/install/franka_gripper:/home/jiataoding/franco_ros2_franka_ws/src/install/franka_description:/home/jiataoding/franco_ros2_franka_ws/src/install/cartesian_impedance_controller:/opt/ros/humble:/home/jiataoding/franco_ros2_franka_ws/src/install/effort_controller_base:/home/jiataoding/franco_ros2_franka_ws/src/install/debug_msg:/home/jiataoding/ros2_franka_ws/install/joint_impedance_controller:/home/jiataoding/ros2_franka_ws/install/integration_launch_testing:/home/jiataoding/ros2_franka_ws/install/idra_franka_launch:/home/jiataoding/ros2_franka_ws/install/gravity_compensation:/home/jiataoding/ros2_franka_ws/install/franka_task_pipeline:/home/jiataoding/ros2_franka_ws/install/franka_ros2:/home/jiataoding/ros2_franka_ws/install/franka_bringup:/home/jiataoding/ros2_franka_ws/install/franka_robot_state_broadcaster:/home/jiataoding/ros2_franka_ws/install/franka_example_controllers:/home/jiataoding/ros2_franka_ws/install/franka_semantic_components:/home/jiataoding/ros2_franka_ws/install/franka_gazebo_bringup:/home/jiataoding/ros2_franka_ws/install/franka_ign_ros2_control:/home/jiataoding/ros2_franka_ws/install/franka_fr3_moveit_config:/home/jiataoding/ros2_franka_ws/install/franka_hardware:/home/jiataoding/ros2_franka_ws/install/franka_gripper:/home/jiataoding/ros2_franka_ws/install/franka_msgs:/home/jiataoding/ros2_franka_ws/install/franka_description:/home/jiataoding/ros2_franka_ws/install/cartesian_impedance_controller:/home/jiataoding/ros2_franka_ws/install/effort_controller_base:/home/jiataoding/ros2_franka_ws/install/debug_msg:/home/jiataoding/franco_ros2_franka_ws/install/joint_impedance_controller:/home/jiataoding/franco_ros2_franka_ws/install/integration_launch_testing:/home/jiataoding/franco_ros2_franka_ws/install/idra_franka_launch:/home/jiataoding/franco_ros2_franka_ws/install/gravity_compensation:/home/jiataoding/franco_ros2_franka_ws/install/franka_task_pipeline:/home/jiataoding/franco_ros2_franka_ws/install/franka_ros2:/home/jiataoding/franco_ros2_franka_ws/install/franka_bringup:/home/jiataoding/franco_ros2_franka_ws/install/franka_robot_state_broadcaster:/home/jiataoding/franco_ros2_franka_ws/install/franka_example_controllers:/home/jiataoding/franco_ros2_franka_ws/install/franka_semantic_components:/home/jiataoding/franco_ros2_franka_ws/install/franka_gazebo_bringup:/home/jiataoding/franco_ros2_franka_ws/install/franka_ign_ros2_control:/home/jiataoding/franco_ros2_franka_ws/install/franka_fr3_moveit_config:/home/jiataoding/franco_ros2_franka_ws/install/franka_hardware:/home/jiataoding/franco_ros2_franka_ws/install/franka_gripper:/home/jiataoding/franco_ros2_franka_ws/install/franka_msgs:/home/jiataoding/franco_ros2_franka_ws/install/franka_description:/home/jiataoding/franco_ros2_franka_ws/install/cartesian_impedance_controller:/home/jiataoding/franco_ros2_franka_ws/install/effort_controller_base:/home/jiataoding/franco_ros2_franka_ws/install/debug_msg:/opt/openrobots LD_LIBRARY_PATH=/home/jiataoding/franco_ros2_franka_ws/src/install/franka_hardware/lib:/home/jiataoding/franco_ros2_franka_ws/src/install/franka_msgs/lib:/home/jiataoding/franco_ros2_franka_ws/src/install/joint_impedance_controller/lib:/home/jiataoding/franco_ros2_franka_ws/src/install/integration_launch_testing/lib:/home/jiataoding/franco_ros2_franka_ws/src/install/gravity_compensation/lib:/home/jiataoding/franco_ros2_franka_ws/src/install/franka_robot_state_broadcaster/lib:/home/jiataoding/franco_ros2_franka_ws/src/install/franka_example_controllers/lib:/home/jiataoding/franco_ros2_franka_ws/src/install/franka_semantic_components/lib:/home/jiataoding/franco_ros2_franka_ws/src/install/franka_ign_ros2_control/lib:/home/jiataoding/franco_ros2_franka_ws/src/install/franka_gripper/lib:/home/jiataoding/franco_ros2_franka_ws/src/install/cartesian_impedance_controller/lib:/home/jiataoding/franco_ros2_franka_ws/src/install/effort_controller_base/lib:/home/jiataoding/franco_ros2_franka_ws/src/install/debug_msg/lib:/home/jiataoding/libs/onnxruntime-linux-x64-1.21.0/lib:/home/jiataoding/ros2_franka_ws/install/joint_impedance_controller/lib:/home/jiataoding/ros2_franka_ws/install/integration_launch_testing/lib:/home/jiataoding/ros2_franka_ws/install/gravity_compensation/lib:/home/jiataoding/ros2_franka_ws/install/franka_robot_state_broadcaster/lib:/home/jiataoding/ros2_franka_ws/install/franka_example_controllers/lib:/home/jiataoding/ros2_franka_ws/install/franka_semantic_components/lib:/home/jiataoding/ros2_franka_ws/install/franka_ign_ros2_control/lib:/home/jiataoding/ros2_franka_ws/install/franka_hardware/lib:/home/jiataoding/ros2_franka_ws/install/franka_gripper/lib:/home/jiataoding/ros2_franka_ws/install/franka_msgs/lib:/home/jiataoding/ros2_franka_ws/install/cartesian_impedance_controller/lib:/home/jiataoding/ros2_franka_ws/install/effort_controller_base/lib:/home/jiataoding/ros2_franka_ws/install/debug_msg/lib:/home/jiataoding/franco_ros2_franka_ws/install/joint_impedance_controller/lib:/home/jiataoding/franco_ros2_franka_ws/install/integration_launch_testing/lib:/home/jiataoding/franco_ros2_franka_ws/install/gravity_compensation/lib:/home/jiataoding/franco_ros2_franka_ws/install/franka_robot_state_broadcaster/lib:/home/jiataoding/franco_ros2_franka_ws/install/franka_example_controllers/lib:/home/jiataoding/franco_ros2_franka_ws/install/franka_semantic_components/lib:/home/jiataoding/franco_ros2_franka_ws/install/franka_ign_ros2_control/lib:/home/jiataoding/franco_ros2_franka_ws/install/franka_hardware/lib:/home/jiataoding/franco_ros2_franka_ws/install/franka_gripper/lib:/home/jiataoding/franco_ros2_franka_ws/install/franka_msgs/lib:/home/jiataoding/franco_ros2_franka_ws/install/cartesian_impedance_controller/lib:/home/jiataoding/franco_ros2_franka_ws/install/effort_controller_base/lib:/home/jiataoding/franco_ros2_franka_ws/install/debug_msg/lib:/opt/openrobots/lib:/opt/ros/humble/opt/rviz_ogre_vendor/lib:/opt/ros/humble/lib/x86_64-linux-gnu:/opt/ros/humble/lib /usr/bin/cmake --build /home/jiataoding/franco_ros2_franka_ws/src/build/franka_ign_ros2_control -- -j24 -l24
[1.391s] DEBUG:colcon.colcon_core.event_handler.log_command:Invoking command in '/home/jiataoding/franco_ros2_franka_ws/src/build/franka_ign_ros2_control': CMAKE_PREFIX_PATH=/home/jiataoding/franco_ros2_franka_ws/src/install/franka_hardware:/home/jiataoding/franco_ros2_franka_ws/src/install/franka_msgs:/home/jiataoding/franco_ros2_franka_ws/src/install/joint_impedance_controller:/home/jiataoding/franco_ros2_franka_ws/src/install/integration_launch_testing:/home/jiataoding/franco_ros2_franka_ws/src/install/idra_franka_launch:/home/jiataoding/franco_ros2_franka_ws/src/install/gravity_compensation:/home/jiataoding/franco_ros2_franka_ws/src/install/franka_task_pipeline:/home/jiataoding/franco_ros2_franka_ws/src/install/franka_ros2:/home/jiataoding/franco_ros2_franka_ws/src/install/franka_bringup:/home/jiataoding/franco_ros2_franka_ws/src/install/franka_robot_state_broadcaster:/home/jiataoding/franco_ros2_franka_ws/src/install/franka_example_controllers:/home/jiataoding/franco_ros2_franka_ws/src/install/franka_semantic_components:/home/jiataoding/franco_ros2_franka_ws/src/install/franka_gazebo_bringup:/home/jiataoding/franco_ros2_franka_ws/src/install/franka_ign_ros2_control:/home/jiataoding/franco_ros2_franka_ws/src/install/franka_fr3_moveit_config:/home/jiataoding/franco_ros2_franka_ws/src/install/franka_gripper:/home/jiataoding/franco_ros2_franka_ws/src/install/franka_description:/home/jiataoding/franco_ros2_franka_ws/src/install/cartesian_impedance_controller:/opt/ros/humble:/home/jiataoding/franco_ros2_franka_ws/src/install/effort_controller_base:/home/jiataoding/franco_ros2_franka_ws/src/install/debug_msg:/home/jiataoding/ros2_franka_ws/install/joint_impedance_controller:/home/jiataoding/ros2_franka_ws/install/integration_launch_testing:/home/jiataoding/ros2_franka_ws/install/idra_franka_launch:/home/jiataoding/ros2_franka_ws/install/gravity_compensation:/home/jiataoding/ros2_franka_ws/install/franka_task_pipeline:/home/jiataoding/ros2_franka_ws/install/franka_ros2:/home/jiataoding/ros2_franka_ws/install/franka_bringup:/home/jiataoding/ros2_franka_ws/install/franka_robot_state_broadcaster:/home/jiataoding/ros2_franka_ws/install/franka_example_controllers:/home/jiataoding/ros2_franka_ws/install/franka_semantic_components:/home/jiataoding/ros2_franka_ws/install/franka_gazebo_bringup:/home/jiataoding/ros2_franka_ws/install/franka_ign_ros2_control:/home/jiataoding/ros2_franka_ws/install/franka_fr3_moveit_config:/home/jiataoding/ros2_franka_ws/install/franka_hardware:/home/jiataoding/ros2_franka_ws/install/franka_gripper:/home/jiataoding/ros2_franka_ws/install/franka_msgs:/home/jiataoding/ros2_franka_ws/install/franka_description:/home/jiataoding/ros2_franka_ws/install/cartesian_impedance_controller:/home/jiataoding/ros2_franka_ws/install/effort_controller_base:/home/jiataoding/ros2_franka_ws/install/debug_msg:/home/jiataoding/franco_ros2_franka_ws/install/joint_impedance_controller:/home/jiataoding/franco_ros2_franka_ws/install/integration_launch_testing:/home/jiataoding/franco_ros2_franka_ws/install/idra_franka_launch:/home/jiataoding/franco_ros2_franka_ws/install/gravity_compensation:/home/jiataoding/franco_ros2_franka_ws/install/franka_task_pipeline:/home/jiataoding/franco_ros2_franka_ws/install/franka_ros2:/home/jiataoding/franco_ros2_franka_ws/install/franka_bringup:/home/jiataoding/franco_ros2_franka_ws/install/franka_robot_state_broadcaster:/home/jiataoding/franco_ros2_franka_ws/install/franka_example_controllers:/home/jiataoding/franco_ros2_franka_ws/install/franka_semantic_components:/home/jiataoding/franco_ros2_franka_ws/install/franka_gazebo_bringup:/home/jiataoding/franco_ros2_franka_ws/install/franka_ign_ros2_control:/home/jiataoding/franco_ros2_franka_ws/install/franka_fr3_moveit_config:/home/jiataoding/franco_ros2_franka_ws/install/franka_hardware:/home/jiataoding/franco_ros2_franka_ws/install/franka_gripper:/home/jiataoding/franco_ros2_franka_ws/install/franka_msgs:/home/jiataoding/franco_ros2_franka_ws/install/franka_description:/home/jiataoding/franco_ros2_franka_ws/install/cartesian_impedance_controller:/home/jiataoding/franco_ros2_franka_ws/install/effort_controller_base:/home/jiataoding/franco_ros2_franka_ws/install/debug_msg:/opt/openrobots LD_LIBRARY_PATH=/home/jiataoding/franco_ros2_franka_ws/src/install/franka_hardware/lib:/home/jiataoding/franco_ros2_franka_ws/src/install/franka_msgs/lib:/home/jiataoding/franco_ros2_franka_ws/src/install/joint_impedance_controller/lib:/home/jiataoding/franco_ros2_franka_ws/src/install/integration_launch_testing/lib:/home/jiataoding/franco_ros2_franka_ws/src/install/gravity_compensation/lib:/home/jiataoding/franco_ros2_franka_ws/src/install/franka_robot_state_broadcaster/lib:/home/jiataoding/franco_ros2_franka_ws/src/install/franka_example_controllers/lib:/home/jiataoding/franco_ros2_franka_ws/src/install/franka_semantic_components/lib:/home/jiataoding/franco_ros2_franka_ws/src/install/franka_ign_ros2_control/lib:/home/jiataoding/franco_ros2_franka_ws/src/install/franka_gripper/lib:/home/jiataoding/franco_ros2_franka_ws/src/install/cartesian_impedance_controller/lib:/home/jiataoding/franco_ros2_franka_ws/src/install/effort_controller_base/lib:/home/jiataoding/franco_ros2_franka_ws/src/install/debug_msg/lib:/home/jiataoding/libs/onnxruntime-linux-x64-1.21.0/lib:/home/jiataoding/ros2_franka_ws/install/joint_impedance_controller/lib:/home/jiataoding/ros2_franka_ws/install/integration_launch_testing/lib:/home/jiataoding/ros2_franka_ws/install/gravity_compensation/lib:/home/jiataoding/ros2_franka_ws/install/franka_robot_state_broadcaster/lib:/home/jiataoding/ros2_franka_ws/install/franka_example_controllers/lib:/home/jiataoding/ros2_franka_ws/install/franka_semantic_components/lib:/home/jiataoding/ros2_franka_ws/install/franka_ign_ros2_control/lib:/home/jiataoding/ros2_franka_ws/install/franka_hardware/lib:/home/jiataoding/ros2_franka_ws/install/franka_gripper/lib:/home/jiataoding/ros2_franka_ws/install/franka_msgs/lib:/home/jiataoding/ros2_franka_ws/install/cartesian_impedance_controller/lib:/home/jiataoding/ros2_franka_ws/install/effort_controller_base/lib:/home/jiataoding/ros2_franka_ws/install/debug_msg/lib:/home/jiataoding/franco_ros2_franka_ws/install/joint_impedance_controller/lib:/home/jiataoding/franco_ros2_franka_ws/install/integration_launch_testing/lib:/home/jiataoding/franco_ros2_franka_ws/install/gravity_compensation/lib:/home/jiataoding/franco_ros2_franka_ws/install/franka_robot_state_broadcaster/lib:/home/jiataoding/franco_ros2_franka_ws/install/franka_example_controllers/lib:/home/jiataoding/franco_ros2_franka_ws/install/franka_semantic_components/lib:/home/jiataoding/franco_ros2_franka_ws/install/franka_ign_ros2_control/lib:/home/jiataoding/franco_ros2_franka_ws/install/franka_hardware/lib:/home/jiataoding/franco_ros2_franka_ws/install/franka_gripper/lib:/home/jiataoding/franco_ros2_franka_ws/install/franka_msgs/lib:/home/jiataoding/franco_ros2_franka_ws/install/cartesian_impedance_controller/lib:/home/jiataoding/franco_ros2_franka_ws/install/effort_controller_base/lib:/home/jiataoding/franco_ros2_franka_ws/install/debug_msg/lib:/opt/openrobots/lib:/opt/ros/humble/opt/rviz_ogre_vendor/lib:/opt/ros/humble/lib/x86_64-linux-gnu:/opt/ros/humble/lib /usr/bin/cmake --install /home/jiataoding/franco_ros2_franka_ws/src/build/franka_ign_ros2_control
[1.403s] DEBUG:colcon.colcon_core.event_handler.log_command:Invoked command in '/home/jiataoding/franco_ros2_franka_ws/src/build/franka_gripper' returned '0': CMAKE_PREFIX_PATH=/home/jiataoding/franco_ros2_franka_ws/src/install/franka_msgs:/home/jiataoding/franco_ros2_franka_ws/src/install/joint_impedance_controller:/home/jiataoding/franco_ros2_franka_ws/src/install/integration_launch_testing:/home/jiataoding/franco_ros2_franka_ws/src/install/idra_franka_launch:/home/jiataoding/franco_ros2_franka_ws/src/install/gravity_compensation:/home/jiataoding/franco_ros2_franka_ws/src/install/franka_task_pipeline:/home/jiataoding/franco_ros2_franka_ws/src/install/franka_ros2:/home/jiataoding/franco_ros2_franka_ws/src/install/franka_bringup:/home/jiataoding/franco_ros2_franka_ws/src/install/franka_robot_state_broadcaster:/home/jiataoding/franco_ros2_franka_ws/src/install/franka_example_controllers:/home/jiataoding/franco_ros2_franka_ws/src/install/franka_semantic_components:/home/jiataoding/franco_ros2_franka_ws/src/install/franka_gazebo_bringup:/home/jiataoding/franco_ros2_franka_ws/src/install/franka_ign_ros2_control:/home/jiataoding/franco_ros2_franka_ws/src/install/franka_fr3_moveit_config:/home/jiataoding/franco_ros2_franka_ws/src/install/franka_hardware:/home/jiataoding/franco_ros2_franka_ws/src/install/franka_gripper:/home/jiataoding/franco_ros2_franka_ws/src/install/franka_description:/home/jiataoding/franco_ros2_franka_ws/src/install/cartesian_impedance_controller:/opt/ros/humble:/home/jiataoding/franco_ros2_franka_ws/src/install/effort_controller_base:/home/jiataoding/franco_ros2_franka_ws/src/install/debug_msg:/home/jiataoding/ros2_franka_ws/install/joint_impedance_controller:/home/jiataoding/ros2_franka_ws/install/integration_launch_testing:/home/jiataoding/ros2_franka_ws/install/idra_franka_launch:/home/jiataoding/ros2_franka_ws/install/gravity_compensation:/home/jiataoding/ros2_franka_ws/install/franka_task_pipeline:/home/jiataoding/ros2_franka_ws/install/franka_ros2:/home/jiataoding/ros2_franka_ws/install/franka_bringup:/home/jiataoding/ros2_franka_ws/install/franka_robot_state_broadcaster:/home/jiataoding/ros2_franka_ws/install/franka_example_controllers:/home/jiataoding/ros2_franka_ws/install/franka_semantic_components:/home/jiataoding/ros2_franka_ws/install/franka_gazebo_bringup:/home/jiataoding/ros2_franka_ws/install/franka_ign_ros2_control:/home/jiataoding/ros2_franka_ws/install/franka_fr3_moveit_config:/home/jiataoding/ros2_franka_ws/install/franka_hardware:/home/jiataoding/ros2_franka_ws/install/franka_gripper:/home/jiataoding/ros2_franka_ws/install/franka_msgs:/home/jiataoding/ros2_franka_ws/install/franka_description:/home/jiataoding/ros2_franka_ws/install/cartesian_impedance_controller:/home/jiataoding/ros2_franka_ws/install/effort_controller_base:/home/jiataoding/ros2_franka_ws/install/debug_msg:/home/jiataoding/franco_ros2_franka_ws/install/joint_impedance_controller:/home/jiataoding/franco_ros2_franka_ws/install/integration_launch_testing:/home/jiataoding/franco_ros2_franka_ws/install/idra_franka_launch:/home/jiataoding/franco_ros2_franka_ws/install/gravity_compensation:/home/jiataoding/franco_ros2_franka_ws/install/franka_task_pipeline:/home/jiataoding/franco_ros2_franka_ws/install/franka_ros2:/home/jiataoding/franco_ros2_franka_ws/install/franka_bringup:/home/jiataoding/franco_ros2_franka_ws/install/franka_robot_state_broadcaster:/home/jiataoding/franco_ros2_franka_ws/install/franka_example_controllers:/home/jiataoding/franco_ros2_franka_ws/install/franka_semantic_components:/home/jiataoding/franco_ros2_franka_ws/install/franka_gazebo_bringup:/home/jiataoding/franco_ros2_franka_ws/install/franka_ign_ros2_control:/home/jiataoding/franco_ros2_franka_ws/install/franka_fr3_moveit_config:/home/jiataoding/franco_ros2_franka_ws/install/franka_hardware:/home/jiataoding/franco_ros2_franka_ws/install/franka_gripper:/home/jiataoding/franco_ros2_franka_ws/install/franka_msgs:/home/jiataoding/franco_ros2_franka_ws/install/franka_description:/home/jiataoding/franco_ros2_franka_ws/install/cartesian_impedance_controller:/home/jiataoding/franco_ros2_franka_ws/install/effort_controller_base:/home/jiataoding/franco_ros2_franka_ws/install/debug_msg:/opt/openrobots LD_LIBRARY_PATH=/home/jiataoding/franco_ros2_franka_ws/src/install/franka_msgs/lib:/home/jiataoding/franco_ros2_franka_ws/src/install/joint_impedance_controller/lib:/home/jiataoding/franco_ros2_franka_ws/src/install/integration_launch_testing/lib:/home/jiataoding/franco_ros2_franka_ws/src/install/gravity_compensation/lib:/home/jiataoding/franco_ros2_franka_ws/src/install/franka_robot_state_broadcaster/lib:/home/jiataoding/franco_ros2_franka_ws/src/install/franka_example_controllers/lib:/home/jiataoding/franco_ros2_franka_ws/src/install/franka_semantic_components/lib:/home/jiataoding/franco_ros2_franka_ws/src/install/franka_ign_ros2_control/lib:/home/jiataoding/franco_ros2_franka_ws/src/install/franka_hardware/lib:/home/jiataoding/franco_ros2_franka_ws/src/install/franka_gripper/lib:/home/jiataoding/franco_ros2_franka_ws/src/install/cartesian_impedance_controller/lib:/home/jiataoding/franco_ros2_franka_ws/src/install/effort_controller_base/lib:/home/jiataoding/franco_ros2_franka_ws/src/install/debug_msg/lib:/home/jiataoding/libs/onnxruntime-linux-x64-1.21.0/lib:/home/jiataoding/ros2_franka_ws/install/joint_impedance_controller/lib:/home/jiataoding/ros2_franka_ws/install/integration_launch_testing/lib:/home/jiataoding/ros2_franka_ws/install/gravity_compensation/lib:/home/jiataoding/ros2_franka_ws/install/franka_robot_state_broadcaster/lib:/home/jiataoding/ros2_franka_ws/install/franka_example_controllers/lib:/home/jiataoding/ros2_franka_ws/install/franka_semantic_components/lib:/home/jiataoding/ros2_franka_ws/install/franka_ign_ros2_control/lib:/home/jiataoding/ros2_franka_ws/install/franka_hardware/lib:/home/jiataoding/ros2_franka_ws/install/franka_gripper/lib:/home/jiataoding/ros2_franka_ws/install/franka_msgs/lib:/home/jiataoding/ros2_franka_ws/install/cartesian_impedance_controller/lib:/home/jiataoding/ros2_franka_ws/install/effort_controller_base/lib:/home/jiataoding/ros2_franka_ws/install/debug_msg/lib:/home/jiataoding/franco_ros2_franka_ws/install/joint_impedance_controller/lib:/home/jiataoding/franco_ros2_franka_ws/install/integration_launch_testing/lib:/home/jiataoding/franco_ros2_franka_ws/install/gravity_compensation/lib:/home/jiataoding/franco_ros2_franka_ws/install/franka_robot_state_broadcaster/lib:/home/jiataoding/franco_ros2_franka_ws/install/franka_example_controllers/lib:/home/jiataoding/franco_ros2_franka_ws/install/franka_semantic_components/lib:/home/jiataoding/franco_ros2_franka_ws/install/franka_ign_ros2_control/lib:/home/jiataoding/franco_ros2_franka_ws/install/franka_hardware/lib:/home/jiataoding/franco_ros2_franka_ws/install/franka_gripper/lib:/home/jiataoding/franco_ros2_franka_ws/install/franka_msgs/lib:/home/jiataoding/franco_ros2_franka_ws/install/cartesian_impedance_controller/lib:/home/jiataoding/franco_ros2_franka_ws/install/effort_controller_base/lib:/home/jiataoding/franco_ros2_franka_ws/install/debug_msg/lib:/opt/openrobots/lib:/opt/ros/humble/opt/rviz_ogre_vendor/lib:/opt/ros/humble/lib/x86_64-linux-gnu:/opt/ros/humble/lib /usr/bin/cmake --build /home/jiataoding/franco_ros2_franka_ws/src/build/franka_gripper -- -j24 -l24
[1.406s] DEBUG:colcon.colcon_core.event_handler.log_command:Invoking command in '/home/jiataoding/franco_ros2_franka_ws/src/build/franka_gripper': CMAKE_PREFIX_PATH=/home/jiataoding/franco_ros2_franka_ws/src/install/franka_msgs:/home/jiataoding/franco_ros2_franka_ws/src/install/joint_impedance_controller:/home/jiataoding/franco_ros2_franka_ws/src/install/integration_launch_testing:/home/jiataoding/franco_ros2_franka_ws/src/install/idra_franka_launch:/home/jiataoding/franco_ros2_franka_ws/src/install/gravity_compensation:/home/jiataoding/franco_ros2_franka_ws/src/install/franka_task_pipeline:/home/jiataoding/franco_ros2_franka_ws/src/install/franka_ros2:/home/jiataoding/franco_ros2_franka_ws/src/install/franka_bringup:/home/jiataoding/franco_ros2_franka_ws/src/install/franka_robot_state_broadcaster:/home/jiataoding/franco_ros2_franka_ws/src/install/franka_example_controllers:/home/jiataoding/franco_ros2_franka_ws/src/install/franka_semantic_components:/home/jiataoding/franco_ros2_franka_ws/src/install/franka_gazebo_bringup:/home/jiataoding/franco_ros2_franka_ws/src/install/franka_ign_ros2_control:/home/jiataoding/franco_ros2_franka_ws/src/install/franka_fr3_moveit_config:/home/jiataoding/franco_ros2_franka_ws/src/install/franka_hardware:/home/jiataoding/franco_ros2_franka_ws/src/install/franka_gripper:/home/jiataoding/franco_ros2_franka_ws/src/install/franka_description:/home/jiataoding/franco_ros2_franka_ws/src/install/cartesian_impedance_controller:/opt/ros/humble:/home/jiataoding/franco_ros2_franka_ws/src/install/effort_controller_base:/home/jiataoding/franco_ros2_franka_ws/src/install/debug_msg:/home/jiataoding/ros2_franka_ws/install/joint_impedance_controller:/home/jiataoding/ros2_franka_ws/install/integration_launch_testing:/home/jiataoding/ros2_franka_ws/install/idra_franka_launch:/home/jiataoding/ros2_franka_ws/install/gravity_compensation:/home/jiataoding/ros2_franka_ws/install/franka_task_pipeline:/home/jiataoding/ros2_franka_ws/install/franka_ros2:/home/jiataoding/ros2_franka_ws/install/franka_bringup:/home/jiataoding/ros2_franka_ws/install/franka_robot_state_broadcaster:/home/jiataoding/ros2_franka_ws/install/franka_example_controllers:/home/jiataoding/ros2_franka_ws/install/franka_semantic_components:/home/jiataoding/ros2_franka_ws/install/franka_gazebo_bringup:/home/jiataoding/ros2_franka_ws/install/franka_ign_ros2_control:/home/jiataoding/ros2_franka_ws/install/franka_fr3_moveit_config:/home/jiataoding/ros2_franka_ws/install/franka_hardware:/home/jiataoding/ros2_franka_ws/install/franka_gripper:/home/jiataoding/ros2_franka_ws/install/franka_msgs:/home/jiataoding/ros2_franka_ws/install/franka_description:/home/jiataoding/ros2_franka_ws/install/cartesian_impedance_controller:/home/jiataoding/ros2_franka_ws/install/effort_controller_base:/home/jiataoding/ros2_franka_ws/install/debug_msg:/home/jiataoding/franco_ros2_franka_ws/install/joint_impedance_controller:/home/jiataoding/franco_ros2_franka_ws/install/integration_launch_testing:/home/jiataoding/franco_ros2_franka_ws/install/idra_franka_launch:/home/jiataoding/franco_ros2_franka_ws/install/gravity_compensation:/home/jiataoding/franco_ros2_franka_ws/install/franka_task_pipeline:/home/jiataoding/franco_ros2_franka_ws/install/franka_ros2:/home/jiataoding/franco_ros2_franka_ws/install/franka_bringup:/home/jiataoding/franco_ros2_franka_ws/install/franka_robot_state_broadcaster:/home/jiataoding/franco_ros2_franka_ws/install/franka_example_controllers:/home/jiataoding/franco_ros2_franka_ws/install/franka_semantic_components:/home/jiataoding/franco_ros2_franka_ws/install/franka_gazebo_bringup:/home/jiataoding/franco_ros2_franka_ws/install/franka_ign_ros2_control:/home/jiataoding/franco_ros2_franka_ws/install/franka_fr3_moveit_config:/home/jiataoding/franco_ros2_franka_ws/install/franka_hardware:/home/jiataoding/franco_ros2_franka_ws/install/franka_gripper:/home/jiataoding/franco_ros2_franka_ws/install/franka_msgs:/home/jiataoding/franco_ros2_franka_ws/install/franka_description:/home/jiataoding/franco_ros2_franka_ws/install/cartesian_impedance_controller:/home/jiataoding/franco_ros2_franka_ws/install/effort_controller_base:/home/jiataoding/franco_ros2_franka_ws/install/debug_msg:/opt/openrobots LD_LIBRARY_PATH=/home/jiataoding/franco_ros2_franka_ws/src/install/franka_msgs/lib:/home/jiataoding/franco_ros2_franka_ws/src/install/joint_impedance_controller/lib:/home/jiataoding/franco_ros2_franka_ws/src/install/integration_launch_testing/lib:/home/jiataoding/franco_ros2_franka_ws/src/install/gravity_compensation/lib:/home/jiataoding/franco_ros2_franka_ws/src/install/franka_robot_state_broadcaster/lib:/home/jiataoding/franco_ros2_franka_ws/src/install/franka_example_controllers/lib:/home/jiataoding/franco_ros2_franka_ws/src/install/franka_semantic_components/lib:/home/jiataoding/franco_ros2_franka_ws/src/install/franka_ign_ros2_control/lib:/home/jiataoding/franco_ros2_franka_ws/src/install/franka_hardware/lib:/home/jiataoding/franco_ros2_franka_ws/src/install/franka_gripper/lib:/home/jiataoding/franco_ros2_franka_ws/src/install/cartesian_impedance_controller/lib:/home/jiataoding/franco_ros2_franka_ws/src/install/effort_controller_base/lib:/home/jiataoding/franco_ros2_franka_ws/src/install/debug_msg/lib:/home/jiataoding/libs/onnxruntime-linux-x64-1.21.0/lib:/home/jiataoding/ros2_franka_ws/install/joint_impedance_controller/lib:/home/jiataoding/ros2_franka_ws/install/integration_launch_testing/lib:/home/jiataoding/ros2_franka_ws/install/gravity_compensation/lib:/home/jiataoding/ros2_franka_ws/install/franka_robot_state_broadcaster/lib:/home/jiataoding/ros2_franka_ws/install/franka_example_controllers/lib:/home/jiataoding/ros2_franka_ws/install/franka_semantic_components/lib:/home/jiataoding/ros2_franka_ws/install/franka_ign_ros2_control/lib:/home/jiataoding/ros2_franka_ws/install/franka_hardware/lib:/home/jiataoding/ros2_franka_ws/install/franka_gripper/lib:/home/jiataoding/ros2_franka_ws/install/franka_msgs/lib:/home/jiataoding/ros2_franka_ws/install/cartesian_impedance_controller/lib:/home/jiataoding/ros2_franka_ws/install/effort_controller_base/lib:/home/jiataoding/ros2_franka_ws/install/debug_msg/lib:/home/jiataoding/franco_ros2_franka_ws/install/joint_impedance_controller/lib:/home/jiataoding/franco_ros2_franka_ws/install/integration_launch_testing/lib:/home/jiataoding/franco_ros2_franka_ws/install/gravity_compensation/lib:/home/jiataoding/franco_ros2_franka_ws/install/franka_robot_state_broadcaster/lib:/home/jiataoding/franco_ros2_franka_ws/install/franka_example_controllers/lib:/home/jiataoding/franco_ros2_franka_ws/install/franka_semantic_components/lib:/home/jiataoding/franco_ros2_franka_ws/install/franka_ign_ros2_control/lib:/home/jiataoding/franco_ros2_franka_ws/install/franka_hardware/lib:/home/jiataoding/franco_ros2_franka_ws/install/franka_gripper/lib:/home/jiataoding/franco_ros2_franka_ws/install/franka_msgs/lib:/home/jiataoding/franco_ros2_franka_ws/install/cartesian_impedance_controller/lib:/home/jiataoding/franco_ros2_franka_ws/install/effort_controller_base/lib:/home/jiataoding/franco_ros2_franka_ws/install/debug_msg/lib:/opt/openrobots/lib:/opt/ros/humble/opt/rviz_ogre_vendor/lib:/opt/ros/humble/lib/x86_64-linux-gnu:/opt/ros/humble/lib /usr/bin/cmake --install /home/jiataoding/franco_ros2_franka_ws/src/build/franka_gripper
[1.425s] Level 1:colcon.colcon_core.environment:create_environment_scripts_only(franka_ign_ros2_control)
[1.425s] Level 1:colcon.colcon_core.environment:checking '/home/jiataoding/franco_ros2_franka_ws/src/install/franka_ign_ros2_control' for CMake module files
[1.425s] DEBUG:colcon.colcon_core.event_handler.log_command:Invoked command in '/home/jiataoding/franco_ros2_franka_ws/src/build/franka_semantic_components' returned '0': CMAKE_PREFIX_PATH=/home/jiataoding/franco_ros2_franka_ws/src/install/franka_hardware:/home/jiataoding/franco_ros2_franka_ws/src/install/franka_msgs:/home/jiataoding/franco_ros2_franka_ws/src/install/joint_impedance_controller:/home/jiataoding/franco_ros2_franka_ws/src/install/integration_launch_testing:/home/jiataoding/franco_ros2_franka_ws/src/install/idra_franka_launch:/home/jiataoding/franco_ros2_franka_ws/src/install/gravity_compensation:/home/jiataoding/franco_ros2_franka_ws/src/install/franka_task_pipeline:/home/jiataoding/franco_ros2_franka_ws/src/install/franka_ros2:/home/jiataoding/franco_ros2_franka_ws/src/install/franka_bringup:/home/jiataoding/franco_ros2_franka_ws/src/install/franka_robot_state_broadcaster:/home/jiataoding/franco_ros2_franka_ws/src/install/franka_example_controllers:/home/jiataoding/franco_ros2_franka_ws/src/install/franka_semantic_components:/home/jiataoding/franco_ros2_franka_ws/src/install/franka_gazebo_bringup:/home/jiataoding/franco_ros2_franka_ws/src/install/franka_ign_ros2_control:/home/jiataoding/franco_ros2_franka_ws/src/install/franka_fr3_moveit_config:/home/jiataoding/franco_ros2_franka_ws/src/install/franka_gripper:/home/jiataoding/franco_ros2_franka_ws/src/install/franka_description:/home/jiataoding/franco_ros2_franka_ws/src/install/cartesian_impedance_controller:/opt/ros/humble:/home/jiataoding/franco_ros2_franka_ws/src/install/effort_controller_base:/home/jiataoding/franco_ros2_franka_ws/src/install/debug_msg:/home/jiataoding/ros2_franka_ws/install/joint_impedance_controller:/home/jiataoding/ros2_franka_ws/install/integration_launch_testing:/home/jiataoding/ros2_franka_ws/install/idra_franka_launch:/home/jiataoding/ros2_franka_ws/install/gravity_compensation:/home/jiataoding/ros2_franka_ws/install/franka_task_pipeline:/home/jiataoding/ros2_franka_ws/install/franka_ros2:/home/jiataoding/ros2_franka_ws/install/franka_bringup:/home/jiataoding/ros2_franka_ws/install/franka_robot_state_broadcaster:/home/jiataoding/ros2_franka_ws/install/franka_example_controllers:/home/jiataoding/ros2_franka_ws/install/franka_semantic_components:/home/jiataoding/ros2_franka_ws/install/franka_gazebo_bringup:/home/jiataoding/ros2_franka_ws/install/franka_ign_ros2_control:/home/jiataoding/ros2_franka_ws/install/franka_fr3_moveit_config:/home/jiataoding/ros2_franka_ws/install/franka_hardware:/home/jiataoding/ros2_franka_ws/install/franka_gripper:/home/jiataoding/ros2_franka_ws/install/franka_msgs:/home/jiataoding/ros2_franka_ws/install/franka_description:/home/jiataoding/ros2_franka_ws/install/cartesian_impedance_controller:/home/jiataoding/ros2_franka_ws/install/effort_controller_base:/home/jiataoding/ros2_franka_ws/install/debug_msg:/home/jiataoding/franco_ros2_franka_ws/install/joint_impedance_controller:/home/jiataoding/franco_ros2_franka_ws/install/integration_launch_testing:/home/jiataoding/franco_ros2_franka_ws/install/idra_franka_launch:/home/jiataoding/franco_ros2_franka_ws/install/gravity_compensation:/home/jiataoding/franco_ros2_franka_ws/install/franka_task_pipeline:/home/jiataoding/franco_ros2_franka_ws/install/franka_ros2:/home/jiataoding/franco_ros2_franka_ws/install/franka_bringup:/home/jiataoding/franco_ros2_franka_ws/install/franka_robot_state_broadcaster:/home/jiataoding/franco_ros2_franka_ws/install/franka_example_controllers:/home/jiataoding/franco_ros2_franka_ws/install/franka_semantic_components:/home/jiataoding/franco_ros2_franka_ws/install/franka_gazebo_bringup:/home/jiataoding/franco_ros2_franka_ws/install/franka_ign_ros2_control:/home/jiataoding/franco_ros2_franka_ws/install/franka_fr3_moveit_config:/home/jiataoding/franco_ros2_franka_ws/install/franka_hardware:/home/jiataoding/franco_ros2_franka_ws/install/franka_gripper:/home/jiataoding/franco_ros2_franka_ws/install/franka_msgs:/home/jiataoding/franco_ros2_franka_ws/install/franka_description:/home/jiataoding/franco_ros2_franka_ws/install/cartesian_impedance_controller:/home/jiataoding/franco_ros2_franka_ws/install/effort_controller_base:/home/jiataoding/franco_ros2_franka_ws/install/debug_msg:/opt/openrobots LD_LIBRARY_PATH=/home/jiataoding/franco_ros2_franka_ws/src/install/franka_hardware/lib:/home/jiataoding/franco_ros2_franka_ws/src/install/franka_msgs/lib:/home/jiataoding/franco_ros2_franka_ws/src/install/joint_impedance_controller/lib:/home/jiataoding/franco_ros2_franka_ws/src/install/integration_launch_testing/lib:/home/jiataoding/franco_ros2_franka_ws/src/install/gravity_compensation/lib:/home/jiataoding/franco_ros2_franka_ws/src/install/franka_robot_state_broadcaster/lib:/home/jiataoding/franco_ros2_franka_ws/src/install/franka_example_controllers/lib:/home/jiataoding/franco_ros2_franka_ws/src/install/franka_semantic_components/lib:/home/jiataoding/franco_ros2_franka_ws/src/install/franka_ign_ros2_control/lib:/home/jiataoding/franco_ros2_franka_ws/src/install/franka_gripper/lib:/home/jiataoding/franco_ros2_franka_ws/src/install/cartesian_impedance_controller/lib:/home/jiataoding/franco_ros2_franka_ws/src/install/effort_controller_base/lib:/home/jiataoding/franco_ros2_franka_ws/src/install/debug_msg/lib:/home/jiataoding/libs/onnxruntime-linux-x64-1.21.0/lib:/home/jiataoding/ros2_franka_ws/install/joint_impedance_controller/lib:/home/jiataoding/ros2_franka_ws/install/integration_launch_testing/lib:/home/jiataoding/ros2_franka_ws/install/gravity_compensation/lib:/home/jiataoding/ros2_franka_ws/install/franka_robot_state_broadcaster/lib:/home/jiataoding/ros2_franka_ws/install/franka_example_controllers/lib:/home/jiataoding/ros2_franka_ws/install/franka_semantic_components/lib:/home/jiataoding/ros2_franka_ws/install/franka_ign_ros2_control/lib:/home/jiataoding/ros2_franka_ws/install/franka_hardware/lib:/home/jiataoding/ros2_franka_ws/install/franka_gripper/lib:/home/jiataoding/ros2_franka_ws/install/franka_msgs/lib:/home/jiataoding/ros2_franka_ws/install/cartesian_impedance_controller/lib:/home/jiataoding/ros2_franka_ws/install/effort_controller_base/lib:/home/jiataoding/ros2_franka_ws/install/debug_msg/lib:/home/jiataoding/franco_ros2_franka_ws/install/joint_impedance_controller/lib:/home/jiataoding/franco_ros2_franka_ws/install/integration_launch_testing/lib:/home/jiataoding/franco_ros2_franka_ws/install/gravity_compensation/lib:/home/jiataoding/franco_ros2_franka_ws/install/franka_robot_state_broadcaster/lib:/home/jiataoding/franco_ros2_franka_ws/install/franka_example_controllers/lib:/home/jiataoding/franco_ros2_franka_ws/install/franka_semantic_components/lib:/home/jiataoding/franco_ros2_franka_ws/install/franka_ign_ros2_control/lib:/home/jiataoding/franco_ros2_franka_ws/install/franka_hardware/lib:/home/jiataoding/franco_ros2_franka_ws/install/franka_gripper/lib:/home/jiataoding/franco_ros2_franka_ws/install/franka_msgs/lib:/home/jiataoding/franco_ros2_franka_ws/install/cartesian_impedance_controller/lib:/home/jiataoding/franco_ros2_franka_ws/install/effort_controller_base/lib:/home/jiataoding/franco_ros2_franka_ws/install/debug_msg/lib:/opt/openrobots/lib:/opt/ros/humble/opt/rviz_ogre_vendor/lib:/opt/ros/humble/lib/x86_64-linux-gnu:/opt/ros/humble/lib /usr/bin/cmake --build /home/jiataoding/franco_ros2_franka_ws/src/build/franka_semantic_components -- -j24 -l24
[1.426s] Level 1:colcon.colcon_core.environment:checking '/home/jiataoding/franco_ros2_franka_ws/src/install/franka_ign_ros2_control' for CMake config files
[1.426s] DEBUG:colcon.colcon_core.event_handler.log_command:Invoking command in '/home/jiataoding/franco_ros2_franka_ws/src/build/franka_semantic_components': CMAKE_PREFIX_PATH=/home/jiataoding/franco_ros2_franka_ws/src/install/franka_hardware:/home/jiataoding/franco_ros2_franka_ws/src/install/franka_msgs:/home/jiataoding/franco_ros2_franka_ws/src/install/joint_impedance_controller:/home/jiataoding/franco_ros2_franka_ws/src/install/integration_launch_testing:/home/jiataoding/franco_ros2_franka_ws/src/install/idra_franka_launch:/home/jiataoding/franco_ros2_franka_ws/src/install/gravity_compensation:/home/jiataoding/franco_ros2_franka_ws/src/install/franka_task_pipeline:/home/jiataoding/franco_ros2_franka_ws/src/install/franka_ros2:/home/jiataoding/franco_ros2_franka_ws/src/install/franka_bringup:/home/jiataoding/franco_ros2_franka_ws/src/install/franka_robot_state_broadcaster:/home/jiataoding/franco_ros2_franka_ws/src/install/franka_example_controllers:/home/jiataoding/franco_ros2_franka_ws/src/install/franka_semantic_components:/home/jiataoding/franco_ros2_franka_ws/src/install/franka_gazebo_bringup:/home/jiataoding/franco_ros2_franka_ws/src/install/franka_ign_ros2_control:/home/jiataoding/franco_ros2_franka_ws/src/install/franka_fr3_moveit_config:/home/jiataoding/franco_ros2_franka_ws/src/install/franka_gripper:/home/jiataoding/franco_ros2_franka_ws/src/install/franka_description:/home/jiataoding/franco_ros2_franka_ws/src/install/cartesian_impedance_controller:/opt/ros/humble:/home/jiataoding/franco_ros2_franka_ws/src/install/effort_controller_base:/home/jiataoding/franco_ros2_franka_ws/src/install/debug_msg:/home/jiataoding/ros2_franka_ws/install/joint_impedance_controller:/home/jiataoding/ros2_franka_ws/install/integration_launch_testing:/home/jiataoding/ros2_franka_ws/install/idra_franka_launch:/home/jiataoding/ros2_franka_ws/install/gravity_compensation:/home/jiataoding/ros2_franka_ws/install/franka_task_pipeline:/home/jiataoding/ros2_franka_ws/install/franka_ros2:/home/jiataoding/ros2_franka_ws/install/franka_bringup:/home/jiataoding/ros2_franka_ws/install/franka_robot_state_broadcaster:/home/jiataoding/ros2_franka_ws/install/franka_example_controllers:/home/jiataoding/ros2_franka_ws/install/franka_semantic_components:/home/jiataoding/ros2_franka_ws/install/franka_gazebo_bringup:/home/jiataoding/ros2_franka_ws/install/franka_ign_ros2_control:/home/jiataoding/ros2_franka_ws/install/franka_fr3_moveit_config:/home/jiataoding/ros2_franka_ws/install/franka_hardware:/home/jiataoding/ros2_franka_ws/install/franka_gripper:/home/jiataoding/ros2_franka_ws/install/franka_msgs:/home/jiataoding/ros2_franka_ws/install/franka_description:/home/jiataoding/ros2_franka_ws/install/cartesian_impedance_controller:/home/jiataoding/ros2_franka_ws/install/effort_controller_base:/home/jiataoding/ros2_franka_ws/install/debug_msg:/home/jiataoding/franco_ros2_franka_ws/install/joint_impedance_controller:/home/jiataoding/franco_ros2_franka_ws/install/integration_launch_testing:/home/jiataoding/franco_ros2_franka_ws/install/idra_franka_launch:/home/jiataoding/franco_ros2_franka_ws/install/gravity_compensation:/home/jiataoding/franco_ros2_franka_ws/install/franka_task_pipeline:/home/jiataoding/franco_ros2_franka_ws/install/franka_ros2:/home/jiataoding/franco_ros2_franka_ws/install/franka_bringup:/home/jiataoding/franco_ros2_franka_ws/install/franka_robot_state_broadcaster:/home/jiataoding/franco_ros2_franka_ws/install/franka_example_controllers:/home/jiataoding/franco_ros2_franka_ws/install/franka_semantic_components:/home/jiataoding/franco_ros2_franka_ws/install/franka_gazebo_bringup:/home/jiataoding/franco_ros2_franka_ws/install/franka_ign_ros2_control:/home/jiataoding/franco_ros2_franka_ws/install/franka_fr3_moveit_config:/home/jiataoding/franco_ros2_franka_ws/install/franka_hardware:/home/jiataoding/franco_ros2_franka_ws/install/franka_gripper:/home/jiataoding/franco_ros2_franka_ws/install/franka_msgs:/home/jiataoding/franco_ros2_franka_ws/install/franka_description:/home/jiataoding/franco_ros2_franka_ws/install/cartesian_impedance_controller:/home/jiataoding/franco_ros2_franka_ws/install/effort_controller_base:/home/jiataoding/franco_ros2_franka_ws/install/debug_msg:/opt/openrobots LD_LIBRARY_PATH=/home/jiataoding/franco_ros2_franka_ws/src/install/franka_hardware/lib:/home/jiataoding/franco_ros2_franka_ws/src/install/franka_msgs/lib:/home/jiataoding/franco_ros2_franka_ws/src/install/joint_impedance_controller/lib:/home/jiataoding/franco_ros2_franka_ws/src/install/integration_launch_testing/lib:/home/jiataoding/franco_ros2_franka_ws/src/install/gravity_compensation/lib:/home/jiataoding/franco_ros2_franka_ws/src/install/franka_robot_state_broadcaster/lib:/home/jiataoding/franco_ros2_franka_ws/src/install/franka_example_controllers/lib:/home/jiataoding/franco_ros2_franka_ws/src/install/franka_semantic_components/lib:/home/jiataoding/franco_ros2_franka_ws/src/install/franka_ign_ros2_control/lib:/home/jiataoding/franco_ros2_franka_ws/src/install/franka_gripper/lib:/home/jiataoding/franco_ros2_franka_ws/src/install/cartesian_impedance_controller/lib:/home/jiataoding/franco_ros2_franka_ws/src/install/effort_controller_base/lib:/home/jiataoding/franco_ros2_franka_ws/src/install/debug_msg/lib:/home/jiataoding/libs/onnxruntime-linux-x64-1.21.0/lib:/home/jiataoding/ros2_franka_ws/install/joint_impedance_controller/lib:/home/jiataoding/ros2_franka_ws/install/integration_launch_testing/lib:/home/jiataoding/ros2_franka_ws/install/gravity_compensation/lib:/home/jiataoding/ros2_franka_ws/install/franka_robot_state_broadcaster/lib:/home/jiataoding/ros2_franka_ws/install/franka_example_controllers/lib:/home/jiataoding/ros2_franka_ws/install/franka_semantic_components/lib:/home/jiataoding/ros2_franka_ws/install/franka_ign_ros2_control/lib:/home/jiataoding/ros2_franka_ws/install/franka_hardware/lib:/home/jiataoding/ros2_franka_ws/install/franka_gripper/lib:/home/jiataoding/ros2_franka_ws/install/franka_msgs/lib:/home/jiataoding/ros2_franka_ws/install/cartesian_impedance_controller/lib:/home/jiataoding/ros2_franka_ws/install/effort_controller_base/lib:/home/jiataoding/ros2_franka_ws/install/debug_msg/lib:/home/jiataoding/franco_ros2_franka_ws/install/joint_impedance_controller/lib:/home/jiataoding/franco_ros2_franka_ws/install/integration_launch_testing/lib:/home/jiataoding/franco_ros2_franka_ws/install/gravity_compensation/lib:/home/jiataoding/franco_ros2_franka_ws/install/franka_robot_state_broadcaster/lib:/home/jiataoding/franco_ros2_franka_ws/install/franka_example_controllers/lib:/home/jiataoding/franco_ros2_franka_ws/install/franka_semantic_components/lib:/home/jiataoding/franco_ros2_franka_ws/install/franka_ign_ros2_control/lib:/home/jiataoding/franco_ros2_franka_ws/install/franka_hardware/lib:/home/jiataoding/franco_ros2_franka_ws/install/franka_gripper/lib:/home/jiataoding/franco_ros2_franka_ws/install/franka_msgs/lib:/home/jiataoding/franco_ros2_franka_ws/install/cartesian_impedance_controller/lib:/home/jiataoding/franco_ros2_franka_ws/install/effort_controller_base/lib:/home/jiataoding/franco_ros2_franka_ws/install/debug_msg/lib:/opt/openrobots/lib:/opt/ros/humble/opt/rviz_ogre_vendor/lib:/opt/ros/humble/lib/x86_64-linux-gnu:/opt/ros/humble/lib /usr/bin/cmake --install /home/jiataoding/franco_ros2_franka_ws/src/build/franka_semantic_components
[1.427s] DEBUG:colcon.colcon_core.event_handler.log_command:Invoked command in '/home/jiataoding/franco_ros2_franka_ws/src/build/franka_ign_ros2_control' returned '0': CMAKE_PREFIX_PATH=/home/jiataoding/franco_ros2_franka_ws/src/install/franka_hardware:/home/jiataoding/franco_ros2_franka_ws/src/install/franka_msgs:/home/jiataoding/franco_ros2_franka_ws/src/install/joint_impedance_controller:/home/jiataoding/franco_ros2_franka_ws/src/install/integration_launch_testing:/home/jiataoding/franco_ros2_franka_ws/src/install/idra_franka_launch:/home/jiataoding/franco_ros2_franka_ws/src/install/gravity_compensation:/home/jiataoding/franco_ros2_franka_ws/src/install/franka_task_pipeline:/home/jiataoding/franco_ros2_franka_ws/src/install/franka_ros2:/home/jiataoding/franco_ros2_franka_ws/src/install/franka_bringup:/home/jiataoding/franco_ros2_franka_ws/src/install/franka_robot_state_broadcaster:/home/jiataoding/franco_ros2_franka_ws/src/install/franka_example_controllers:/home/jiataoding/franco_ros2_franka_ws/src/install/franka_semantic_components:/home/jiataoding/franco_ros2_franka_ws/src/install/franka_gazebo_bringup:/home/jiataoding/franco_ros2_franka_ws/src/install/franka_ign_ros2_control:/home/jiataoding/franco_ros2_franka_ws/src/install/franka_fr3_moveit_config:/home/jiataoding/franco_ros2_franka_ws/src/install/franka_gripper:/home/jiataoding/franco_ros2_franka_ws/src/install/franka_description:/home/jiataoding/franco_ros2_franka_ws/src/install/cartesian_impedance_controller:/opt/ros/humble:/home/jiataoding/franco_ros2_franka_ws/src/install/effort_controller_base:/home/jiataoding/franco_ros2_franka_ws/src/install/debug_msg:/home/jiataoding/ros2_franka_ws/install/joint_impedance_controller:/home/jiataoding/ros2_franka_ws/install/integration_launch_testing:/home/jiataoding/ros2_franka_ws/install/idra_franka_launch:/home/jiataoding/ros2_franka_ws/install/gravity_compensation:/home/jiataoding/ros2_franka_ws/install/franka_task_pipeline:/home/jiataoding/ros2_franka_ws/install/franka_ros2:/home/jiataoding/ros2_franka_ws/install/franka_bringup:/home/jiataoding/ros2_franka_ws/install/franka_robot_state_broadcaster:/home/jiataoding/ros2_franka_ws/install/franka_example_controllers:/home/jiataoding/ros2_franka_ws/install/franka_semantic_components:/home/jiataoding/ros2_franka_ws/install/franka_gazebo_bringup:/home/jiataoding/ros2_franka_ws/install/franka_ign_ros2_control:/home/jiataoding/ros2_franka_ws/install/franka_fr3_moveit_config:/home/jiataoding/ros2_franka_ws/install/franka_hardware:/home/jiataoding/ros2_franka_ws/install/franka_gripper:/home/jiataoding/ros2_franka_ws/install/franka_msgs:/home/jiataoding/ros2_franka_ws/install/franka_description:/home/jiataoding/ros2_franka_ws/install/cartesian_impedance_controller:/home/jiataoding/ros2_franka_ws/install/effort_controller_base:/home/jiataoding/ros2_franka_ws/install/debug_msg:/home/jiataoding/franco_ros2_franka_ws/install/joint_impedance_controller:/home/jiataoding/franco_ros2_franka_ws/install/integration_launch_testing:/home/jiataoding/franco_ros2_franka_ws/install/idra_franka_launch:/home/jiataoding/franco_ros2_franka_ws/install/gravity_compensation:/home/jiataoding/franco_ros2_franka_ws/install/franka_task_pipeline:/home/jiataoding/franco_ros2_franka_ws/install/franka_ros2:/home/jiataoding/franco_ros2_franka_ws/install/franka_bringup:/home/jiataoding/franco_ros2_franka_ws/install/franka_robot_state_broadcaster:/home/jiataoding/franco_ros2_franka_ws/install/franka_example_controllers:/home/jiataoding/franco_ros2_franka_ws/install/franka_semantic_components:/home/jiataoding/franco_ros2_franka_ws/install/franka_gazebo_bringup:/home/jiataoding/franco_ros2_franka_ws/install/franka_ign_ros2_control:/home/jiataoding/franco_ros2_franka_ws/install/franka_fr3_moveit_config:/home/jiataoding/franco_ros2_franka_ws/install/franka_hardware:/home/jiataoding/franco_ros2_franka_ws/install/franka_gripper:/home/jiataoding/franco_ros2_franka_ws/install/franka_msgs:/home/jiataoding/franco_ros2_franka_ws/install/franka_description:/home/jiataoding/franco_ros2_franka_ws/install/cartesian_impedance_controller:/home/jiataoding/franco_ros2_franka_ws/install/effort_controller_base:/home/jiataoding/franco_ros2_franka_ws/install/debug_msg:/opt/openrobots LD_LIBRARY_PATH=/home/jiataoding/franco_ros2_franka_ws/src/install/franka_hardware/lib:/home/jiataoding/franco_ros2_franka_ws/src/install/franka_msgs/lib:/home/jiataoding/franco_ros2_franka_ws/src/install/joint_impedance_controller/lib:/home/jiataoding/franco_ros2_franka_ws/src/install/integration_launch_testing/lib:/home/jiataoding/franco_ros2_franka_ws/src/install/gravity_compensation/lib:/home/jiataoding/franco_ros2_franka_ws/src/install/franka_robot_state_broadcaster/lib:/home/jiataoding/franco_ros2_franka_ws/src/install/franka_example_controllers/lib:/home/jiataoding/franco_ros2_franka_ws/src/install/franka_semantic_components/lib:/home/jiataoding/franco_ros2_franka_ws/src/install/franka_ign_ros2_control/lib:/home/jiataoding/franco_ros2_franka_ws/src/install/franka_gripper/lib:/home/jiataoding/franco_ros2_franka_ws/src/install/cartesian_impedance_controller/lib:/home/jiataoding/franco_ros2_franka_ws/src/install/effort_controller_base/lib:/home/jiataoding/franco_ros2_franka_ws/src/install/debug_msg/lib:/home/jiataoding/libs/onnxruntime-linux-x64-1.21.0/lib:/home/jiataoding/ros2_franka_ws/install/joint_impedance_controller/lib:/home/jiataoding/ros2_franka_ws/install/integration_launch_testing/lib:/home/jiataoding/ros2_franka_ws/install/gravity_compensation/lib:/home/jiataoding/ros2_franka_ws/install/franka_robot_state_broadcaster/lib:/home/jiataoding/ros2_franka_ws/install/franka_example_controllers/lib:/home/jiataoding/ros2_franka_ws/install/franka_semantic_components/lib:/home/jiataoding/ros2_franka_ws/install/franka_ign_ros2_control/lib:/home/jiataoding/ros2_franka_ws/install/franka_hardware/lib:/home/jiataoding/ros2_franka_ws/install/franka_gripper/lib:/home/jiataoding/ros2_franka_ws/install/franka_msgs/lib:/home/jiataoding/ros2_franka_ws/install/cartesian_impedance_controller/lib:/home/jiataoding/ros2_franka_ws/install/effort_controller_base/lib:/home/jiataoding/ros2_franka_ws/install/debug_msg/lib:/home/jiataoding/franco_ros2_franka_ws/install/joint_impedance_controller/lib:/home/jiataoding/franco_ros2_franka_ws/install/integration_launch_testing/lib:/home/jiataoding/franco_ros2_franka_ws/install/gravity_compensation/lib:/home/jiataoding/franco_ros2_franka_ws/install/franka_robot_state_broadcaster/lib:/home/jiataoding/franco_ros2_franka_ws/install/franka_example_controllers/lib:/home/jiataoding/franco_ros2_franka_ws/install/franka_semantic_components/lib:/home/jiataoding/franco_ros2_franka_ws/install/franka_ign_ros2_control/lib:/home/jiataoding/franco_ros2_franka_ws/install/franka_hardware/lib:/home/jiataoding/franco_ros2_franka_ws/install/franka_gripper/lib:/home/jiataoding/franco_ros2_franka_ws/install/franka_msgs/lib:/home/jiataoding/franco_ros2_franka_ws/install/cartesian_impedance_controller/lib:/home/jiataoding/franco_ros2_franka_ws/install/effort_controller_base/lib:/home/jiataoding/franco_ros2_franka_ws/install/debug_msg/lib:/opt/openrobots/lib:/opt/ros/humble/opt/rviz_ogre_vendor/lib:/opt/ros/humble/lib/x86_64-linux-gnu:/opt/ros/humble/lib /usr/bin/cmake --install /home/jiataoding/franco_ros2_franka_ws/src/build/franka_ign_ros2_control
[1.428s] Level 1:colcon.colcon_core.shell:create_environment_hook('franka_ign_ros2_control', 'cmake_prefix_path')
[1.428s] INFO:colcon.colcon_core.shell:Creating environment hook '/home/jiataoding/franco_ros2_franka_ws/src/install/franka_ign_ros2_control/share/franka_ign_ros2_control/hook/cmake_prefix_path.ps1'
[1.429s] INFO:colcon.colcon_core.shell:Creating environment descriptor '/home/jiataoding/franco_ros2_franka_ws/src/install/franka_ign_ros2_control/share/franka_ign_ros2_control/hook/cmake_prefix_path.dsv'
[1.430s] INFO:colcon.colcon_core.shell:Creating environment hook '/home/jiataoding/franco_ros2_franka_ws/src/install/franka_ign_ros2_control/share/franka_ign_ros2_control/hook/cmake_prefix_path.sh'
[1.430s] Level 1:colcon.colcon_core.environment:checking '/home/jiataoding/franco_ros2_franka_ws/src/install/franka_ign_ros2_control/lib'
[1.431s] Level 1:colcon.colcon_core.shell:create_environment_hook('franka_ign_ros2_control', 'ld_library_path_lib')
[1.431s] INFO:colcon.colcon_core.shell:Creating environment hook '/home/jiataoding/franco_ros2_franka_ws/src/install/franka_ign_ros2_control/share/franka_ign_ros2_control/hook/ld_library_path_lib.ps1'
[1.431s] INFO:colcon.colcon_core.shell:Creating environment descriptor '/home/jiataoding/franco_ros2_franka_ws/src/install/franka_ign_ros2_control/share/franka_ign_ros2_control/hook/ld_library_path_lib.dsv'
[1.432s] INFO:colcon.colcon_core.shell:Creating environment hook '/home/jiataoding/franco_ros2_franka_ws/src/install/franka_ign_ros2_control/share/franka_ign_ros2_control/hook/ld_library_path_lib.sh'
[1.433s] Level 1:colcon.colcon_core.environment:checking '/home/jiataoding/franco_ros2_franka_ws/src/install/franka_ign_ros2_control/bin'
[1.433s] Level 1:colcon.colcon_core.environment:checking '/home/jiataoding/franco_ros2_franka_ws/src/install/franka_ign_ros2_control/lib/pkgconfig/franka_ign_ros2_control.pc'
[1.433s] Level 1:colcon.colcon_core.environment:checking '/home/jiataoding/franco_ros2_franka_ws/src/install/franka_ign_ros2_control/lib/python3.10/site-packages'
[1.433s] Level 1:colcon.colcon_core.environment:checking '/home/jiataoding/franco_ros2_franka_ws/src/install/franka_ign_ros2_control/bin'
[1.434s] INFO:colcon.colcon_core.shell:Creating package script '/home/jiataoding/franco_ros2_franka_ws/src/install/franka_ign_ros2_control/share/franka_ign_ros2_control/package.ps1'
[1.435s] INFO:colcon.colcon_core.shell:Creating package descriptor '/home/jiataoding/franco_ros2_franka_ws/src/install/franka_ign_ros2_control/share/franka_ign_ros2_control/package.dsv'
[1.435s] INFO:colcon.colcon_core.shell:Creating package script '/home/jiataoding/franco_ros2_franka_ws/src/install/franka_ign_ros2_control/share/franka_ign_ros2_control/package.sh'
[1.436s] INFO:colcon.colcon_core.shell:Creating package script '/home/jiataoding/franco_ros2_franka_ws/src/install/franka_ign_ros2_control/share/franka_ign_ros2_control/package.bash'
[1.436s] INFO:colcon.colcon_core.shell:Creating package script '/home/jiataoding/franco_ros2_franka_ws/src/install/franka_ign_ros2_control/share/franka_ign_ros2_control/package.zsh'
[1.437s] Level 1:colcon.colcon_core.environment:create_file_with_runtime_dependencies(/home/jiataoding/franco_ros2_franka_ws/src/install/franka_ign_ros2_control/share/colcon-core/packages/franka_ign_ros2_control)
[1.438s] Level 1:colcon.colcon_core.environment:create_environment_scripts_only(franka_ign_ros2_control)
[1.438s] Level 1:colcon.colcon_core.environment:checking '/home/jiataoding/franco_ros2_franka_ws/src/install/franka_ign_ros2_control' for CMake module files
[1.439s] Level 1:colcon.colcon_core.environment:checking '/home/jiataoding/franco_ros2_franka_ws/src/install/franka_ign_ros2_control' for CMake config files
[1.441s] Level 1:colcon.colcon_core.shell:create_environment_hook('franka_ign_ros2_control', 'cmake_prefix_path')
[1.441s] INFO:colcon.colcon_core.shell:Creating environment hook '/home/jiataoding/franco_ros2_franka_ws/src/install/franka_ign_ros2_control/share/franka_ign_ros2_control/hook/cmake_prefix_path.ps1'
[1.442s] INFO:colcon.colcon_core.shell:Creating environment descriptor '/home/jiataoding/franco_ros2_franka_ws/src/install/franka_ign_ros2_control/share/franka_ign_ros2_control/hook/cmake_prefix_path.dsv'
[1.442s] INFO:colcon.colcon_core.shell:Creating environment hook '/home/jiataoding/franco_ros2_franka_ws/src/install/franka_ign_ros2_control/share/franka_ign_ros2_control/hook/cmake_prefix_path.sh'
[1.443s] Level 1:colcon.colcon_core.environment:checking '/home/jiataoding/franco_ros2_franka_ws/src/install/franka_ign_ros2_control/lib'
[1.443s] Level 1:colcon.colcon_core.shell:create_environment_hook('franka_ign_ros2_control', 'ld_library_path_lib')
[1.443s] INFO:colcon.colcon_core.shell:Creating environment hook '/home/jiataoding/franco_ros2_franka_ws/src/install/franka_ign_ros2_control/share/franka_ign_ros2_control/hook/ld_library_path_lib.ps1'
[1.443s] INFO:colcon.colcon_core.shell:Creating environment descriptor '/home/jiataoding/franco_ros2_franka_ws/src/install/franka_ign_ros2_control/share/franka_ign_ros2_control/hook/ld_library_path_lib.dsv'
[1.443s] INFO:colcon.colcon_core.shell:Creating environment hook '/home/jiataoding/franco_ros2_franka_ws/src/install/franka_ign_ros2_control/share/franka_ign_ros2_control/hook/ld_library_path_lib.sh'
[1.444s] Level 1:colcon.colcon_core.environment:checking '/home/jiataoding/franco_ros2_franka_ws/src/install/franka_ign_ros2_control/bin'
[1.444s] Level 1:colcon.colcon_core.environment:checking '/home/jiataoding/franco_ros2_franka_ws/src/install/franka_ign_ros2_control/lib/pkgconfig/franka_ign_ros2_control.pc'
[1.444s] Level 1:colcon.colcon_core.environment:checking '/home/jiataoding/franco_ros2_franka_ws/src/install/franka_ign_ros2_control/lib/python3.10/site-packages'
[1.445s] Level 1:colcon.colcon_core.environment:checking '/home/jiataoding/franco_ros2_franka_ws/src/install/franka_ign_ros2_control/bin'
[1.445s] INFO:colcon.colcon_core.shell:Creating package script '/home/jiataoding/franco_ros2_franka_ws/src/install/franka_ign_ros2_control/share/franka_ign_ros2_control/package.ps1'
[1.445s] INFO:colcon.colcon_core.shell:Creating package descriptor '/home/jiataoding/franco_ros2_franka_ws/src/install/franka_ign_ros2_control/share/franka_ign_ros2_control/package.dsv'
[1.446s] INFO:colcon.colcon_core.shell:Creating package script '/home/jiataoding/franco_ros2_franka_ws/src/install/franka_ign_ros2_control/share/franka_ign_ros2_control/package.sh'
[1.447s] INFO:colcon.colcon_core.shell:Creating package script '/home/jiataoding/franco_ros2_franka_ws/src/install/franka_ign_ros2_control/share/franka_ign_ros2_control/package.bash'
[1.447s] INFO:colcon.colcon_core.shell:Creating package script '/home/jiataoding/franco_ros2_franka_ws/src/install/franka_ign_ros2_control/share/franka_ign_ros2_control/package.zsh'
[1.447s] Level 1:colcon.colcon_core.environment:create_file_with_runtime_dependencies(/home/jiataoding/franco_ros2_franka_ws/src/install/franka_ign_ros2_control/share/colcon-core/packages/franka_ign_ros2_control)
[1.448s] INFO:colcon.colcon_ros.task.ament_cmake.build:Building ROS package in '/home/jiataoding/franco_ros2_franka_ws/src/franka_ros2/franka_gazebo/franka_gazebo_bringup' with build type 'ament_cmake'
[1.448s] INFO:colcon.colcon_cmake.task.cmake.build:Building CMake package in '/home/jiataoding/franco_ros2_franka_ws/src/franka_ros2/franka_gazebo/franka_gazebo_bringup'
[1.448s] INFO:colcon.colcon_core.shell:Skip shell extension 'powershell' for command environment: Not usable outside of PowerShell
[1.448s] DEBUG:colcon.colcon_core.shell:Skip shell extension 'dsv' for command environment
[1.464s] Level 1:colcon.colcon_core.environment:create_environment_scripts_only(franka_semantic_components)
[1.465s] Level 1:colcon.colcon_core.environment:checking '/home/jiataoding/franco_ros2_franka_ws/src/install/franka_semantic_components' for CMake module files
[1.466s] DEBUG:colcon.colcon_core.event_handler.log_command:Invoked command in '/home/jiataoding/franco_ros2_franka_ws/src/build/franka_semantic_components' returned '0': CMAKE_PREFIX_PATH=/home/jiataoding/franco_ros2_franka_ws/src/install/franka_hardware:/home/jiataoding/franco_ros2_franka_ws/src/install/franka_msgs:/home/jiataoding/franco_ros2_franka_ws/src/install/joint_impedance_controller:/home/jiataoding/franco_ros2_franka_ws/src/install/integration_launch_testing:/home/jiataoding/franco_ros2_franka_ws/src/install/idra_franka_launch:/home/jiataoding/franco_ros2_franka_ws/src/install/gravity_compensation:/home/jiataoding/franco_ros2_franka_ws/src/install/franka_task_pipeline:/home/jiataoding/franco_ros2_franka_ws/src/install/franka_ros2:/home/jiataoding/franco_ros2_franka_ws/src/install/franka_bringup:/home/jiataoding/franco_ros2_franka_ws/src/install/franka_robot_state_broadcaster:/home/jiataoding/franco_ros2_franka_ws/src/install/franka_example_controllers:/home/jiataoding/franco_ros2_franka_ws/src/install/franka_semantic_components:/home/jiataoding/franco_ros2_franka_ws/src/install/franka_gazebo_bringup:/home/jiataoding/franco_ros2_franka_ws/src/install/franka_ign_ros2_control:/home/jiataoding/franco_ros2_franka_ws/src/install/franka_fr3_moveit_config:/home/jiataoding/franco_ros2_franka_ws/src/install/franka_gripper:/home/jiataoding/franco_ros2_franka_ws/src/install/franka_description:/home/jiataoding/franco_ros2_franka_ws/src/install/cartesian_impedance_controller:/opt/ros/humble:/home/jiataoding/franco_ros2_franka_ws/src/install/effort_controller_base:/home/jiataoding/franco_ros2_franka_ws/src/install/debug_msg:/home/jiataoding/ros2_franka_ws/install/joint_impedance_controller:/home/jiataoding/ros2_franka_ws/install/integration_launch_testing:/home/jiataoding/ros2_franka_ws/install/idra_franka_launch:/home/jiataoding/ros2_franka_ws/install/gravity_compensation:/home/jiataoding/ros2_franka_ws/install/franka_task_pipeline:/home/jiataoding/ros2_franka_ws/install/franka_ros2:/home/jiataoding/ros2_franka_ws/install/franka_bringup:/home/jiataoding/ros2_franka_ws/install/franka_robot_state_broadcaster:/home/jiataoding/ros2_franka_ws/install/franka_example_controllers:/home/jiataoding/ros2_franka_ws/install/franka_semantic_components:/home/jiataoding/ros2_franka_ws/install/franka_gazebo_bringup:/home/jiataoding/ros2_franka_ws/install/franka_ign_ros2_control:/home/jiataoding/ros2_franka_ws/install/franka_fr3_moveit_config:/home/jiataoding/ros2_franka_ws/install/franka_hardware:/home/jiataoding/ros2_franka_ws/install/franka_gripper:/home/jiataoding/ros2_franka_ws/install/franka_msgs:/home/jiataoding/ros2_franka_ws/install/franka_description:/home/jiataoding/ros2_franka_ws/install/cartesian_impedance_controller:/home/jiataoding/ros2_franka_ws/install/effort_controller_base:/home/jiataoding/ros2_franka_ws/install/debug_msg:/home/jiataoding/franco_ros2_franka_ws/install/joint_impedance_controller:/home/jiataoding/franco_ros2_franka_ws/install/integration_launch_testing:/home/jiataoding/franco_ros2_franka_ws/install/idra_franka_launch:/home/jiataoding/franco_ros2_franka_ws/install/gravity_compensation:/home/jiataoding/franco_ros2_franka_ws/install/franka_task_pipeline:/home/jiataoding/franco_ros2_franka_ws/install/franka_ros2:/home/jiataoding/franco_ros2_franka_ws/install/franka_bringup:/home/jiataoding/franco_ros2_franka_ws/install/franka_robot_state_broadcaster:/home/jiataoding/franco_ros2_franka_ws/install/franka_example_controllers:/home/jiataoding/franco_ros2_franka_ws/install/franka_semantic_components:/home/jiataoding/franco_ros2_franka_ws/install/franka_gazebo_bringup:/home/jiataoding/franco_ros2_franka_ws/install/franka_ign_ros2_control:/home/jiataoding/franco_ros2_franka_ws/install/franka_fr3_moveit_config:/home/jiataoding/franco_ros2_franka_ws/install/franka_hardware:/home/jiataoding/franco_ros2_franka_ws/install/franka_gripper:/home/jiataoding/franco_ros2_franka_ws/install/franka_msgs:/home/jiataoding/franco_ros2_franka_ws/install/franka_description:/home/jiataoding/franco_ros2_franka_ws/install/cartesian_impedance_controller:/home/jiataoding/franco_ros2_franka_ws/install/effort_controller_base:/home/jiataoding/franco_ros2_franka_ws/install/debug_msg:/opt/openrobots LD_LIBRARY_PATH=/home/jiataoding/franco_ros2_franka_ws/src/install/franka_hardware/lib:/home/jiataoding/franco_ros2_franka_ws/src/install/franka_msgs/lib:/home/jiataoding/franco_ros2_franka_ws/src/install/joint_impedance_controller/lib:/home/jiataoding/franco_ros2_franka_ws/src/install/integration_launch_testing/lib:/home/jiataoding/franco_ros2_franka_ws/src/install/gravity_compensation/lib:/home/jiataoding/franco_ros2_franka_ws/src/install/franka_robot_state_broadcaster/lib:/home/jiataoding/franco_ros2_franka_ws/src/install/franka_example_controllers/lib:/home/jiataoding/franco_ros2_franka_ws/src/install/franka_semantic_components/lib:/home/jiataoding/franco_ros2_franka_ws/src/install/franka_ign_ros2_control/lib:/home/jiataoding/franco_ros2_franka_ws/src/install/franka_gripper/lib:/home/jiataoding/franco_ros2_franka_ws/src/install/cartesian_impedance_controller/lib:/home/jiataoding/franco_ros2_franka_ws/src/install/effort_controller_base/lib:/home/jiataoding/franco_ros2_franka_ws/src/install/debug_msg/lib:/home/jiataoding/libs/onnxruntime-linux-x64-1.21.0/lib:/home/jiataoding/ros2_franka_ws/install/joint_impedance_controller/lib:/home/jiataoding/ros2_franka_ws/install/integration_launch_testing/lib:/home/jiataoding/ros2_franka_ws/install/gravity_compensation/lib:/home/jiataoding/ros2_franka_ws/install/franka_robot_state_broadcaster/lib:/home/jiataoding/ros2_franka_ws/install/franka_example_controllers/lib:/home/jiataoding/ros2_franka_ws/install/franka_semantic_components/lib:/home/jiataoding/ros2_franka_ws/install/franka_ign_ros2_control/lib:/home/jiataoding/ros2_franka_ws/install/franka_hardware/lib:/home/jiataoding/ros2_franka_ws/install/franka_gripper/lib:/home/jiataoding/ros2_franka_ws/install/franka_msgs/lib:/home/jiataoding/ros2_franka_ws/install/cartesian_impedance_controller/lib:/home/jiataoding/ros2_franka_ws/install/effort_controller_base/lib:/home/jiataoding/ros2_franka_ws/install/debug_msg/lib:/home/jiataoding/franco_ros2_franka_ws/install/joint_impedance_controller/lib:/home/jiataoding/franco_ros2_franka_ws/install/integration_launch_testing/lib:/home/jiataoding/franco_ros2_franka_ws/install/gravity_compensation/lib:/home/jiataoding/franco_ros2_franka_ws/install/franka_robot_state_broadcaster/lib:/home/jiataoding/franco_ros2_franka_ws/install/franka_example_controllers/lib:/home/jiataoding/franco_ros2_franka_ws/install/franka_semantic_components/lib:/home/jiataoding/franco_ros2_franka_ws/install/franka_ign_ros2_control/lib:/home/jiataoding/franco_ros2_franka_ws/install/franka_hardware/lib:/home/jiataoding/franco_ros2_franka_ws/install/franka_gripper/lib:/home/jiataoding/franco_ros2_franka_ws/install/franka_msgs/lib:/home/jiataoding/franco_ros2_franka_ws/install/cartesian_impedance_controller/lib:/home/jiataoding/franco_ros2_franka_ws/install/effort_controller_base/lib:/home/jiataoding/franco_ros2_franka_ws/install/debug_msg/lib:/opt/openrobots/lib:/opt/ros/humble/opt/rviz_ogre_vendor/lib:/opt/ros/humble/lib/x86_64-linux-gnu:/opt/ros/humble/lib /usr/bin/cmake --install /home/jiataoding/franco_ros2_franka_ws/src/build/franka_semantic_components
[1.466s] Level 1:colcon.colcon_core.environment:checking '/home/jiataoding/franco_ros2_franka_ws/src/install/franka_semantic_components' for CMake config files
[1.467s] Level 1:colcon.colcon_core.shell:create_environment_hook('franka_semantic_components', 'cmake_prefix_path')
[1.467s] INFO:colcon.colcon_core.shell:Creating environment hook '/home/jiataoding/franco_ros2_franka_ws/src/install/franka_semantic_components/share/franka_semantic_components/hook/cmake_prefix_path.ps1'
[1.468s] INFO:colcon.colcon_core.shell:Creating environment descriptor '/home/jiataoding/franco_ros2_franka_ws/src/install/franka_semantic_components/share/franka_semantic_components/hook/cmake_prefix_path.dsv'
[1.468s] INFO:colcon.colcon_core.shell:Creating environment hook '/home/jiataoding/franco_ros2_franka_ws/src/install/franka_semantic_components/share/franka_semantic_components/hook/cmake_prefix_path.sh'
[1.469s] Level 1:colcon.colcon_core.environment:checking '/home/jiataoding/franco_ros2_franka_ws/src/install/franka_semantic_components/lib'
[1.469s] Level 1:colcon.colcon_core.shell:create_environment_hook('franka_semantic_components', 'ld_library_path_lib')
[1.470s] INFO:colcon.colcon_core.shell:Creating environment hook '/home/jiataoding/franco_ros2_franka_ws/src/install/franka_semantic_components/share/franka_semantic_components/hook/ld_library_path_lib.ps1'
[1.470s] INFO:colcon.colcon_core.shell:Creating environment descriptor '/home/jiataoding/franco_ros2_franka_ws/src/install/franka_semantic_components/share/franka_semantic_components/hook/ld_library_path_lib.dsv'
[1.471s] INFO:colcon.colcon_core.shell:Creating environment hook '/home/jiataoding/franco_ros2_franka_ws/src/install/franka_semantic_components/share/franka_semantic_components/hook/ld_library_path_lib.sh'
[1.471s] Level 1:colcon.colcon_core.environment:checking '/home/jiataoding/franco_ros2_franka_ws/src/install/franka_semantic_components/bin'
[1.471s] Level 1:colcon.colcon_core.environment:checking '/home/jiataoding/franco_ros2_franka_ws/src/install/franka_semantic_components/lib/pkgconfig/franka_semantic_components.pc'
[1.472s] Level 1:colcon.colcon_core.environment:checking '/home/jiataoding/franco_ros2_franka_ws/src/install/franka_semantic_components/lib/python3.10/site-packages'
[1.472s] Level 1:colcon.colcon_core.environment:checking '/home/jiataoding/franco_ros2_franka_ws/src/install/franka_semantic_components/bin'
[1.473s] INFO:colcon.colcon_core.shell:Creating package script '/home/jiataoding/franco_ros2_franka_ws/src/install/franka_semantic_components/share/franka_semantic_components/package.ps1'
[1.473s] INFO:colcon.colcon_core.shell:Creating package descriptor '/home/jiataoding/franco_ros2_franka_ws/src/install/franka_semantic_components/share/franka_semantic_components/package.dsv'
[1.474s] INFO:colcon.colcon_core.shell:Creating package script '/home/jiataoding/franco_ros2_franka_ws/src/install/franka_semantic_components/share/franka_semantic_components/package.sh'
[1.475s] INFO:colcon.colcon_core.shell:Creating package script '/home/jiataoding/franco_ros2_franka_ws/src/install/franka_semantic_components/share/franka_semantic_components/package.bash'
[1.475s] INFO:colcon.colcon_core.shell:Creating package script '/home/jiataoding/franco_ros2_franka_ws/src/install/franka_semantic_components/share/franka_semantic_components/package.zsh'
[1.476s] Level 1:colcon.colcon_core.environment:create_file_with_runtime_dependencies(/home/jiataoding/franco_ros2_franka_ws/src/install/franka_semantic_components/share/colcon-core/packages/franka_semantic_components)
[1.477s] Level 1:colcon.colcon_core.environment:create_environment_scripts_only(franka_semantic_components)
[1.477s] Level 1:colcon.colcon_core.environment:checking '/home/jiataoding/franco_ros2_franka_ws/src/install/franka_semantic_components' for CMake module files
[1.478s] Level 1:colcon.colcon_core.environment:checking '/home/jiataoding/franco_ros2_franka_ws/src/install/franka_semantic_components' for CMake config files
[1.478s] Level 1:colcon.colcon_core.shell:create_environment_hook('franka_semantic_components', 'cmake_prefix_path')
[1.478s] INFO:colcon.colcon_core.shell:Creating environment hook '/home/jiataoding/franco_ros2_franka_ws/src/install/franka_semantic_components/share/franka_semantic_components/hook/cmake_prefix_path.ps1'
[1.479s] INFO:colcon.colcon_core.shell:Creating environment descriptor '/home/jiataoding/franco_ros2_franka_ws/src/install/franka_semantic_components/share/franka_semantic_components/hook/cmake_prefix_path.dsv'
[1.480s] INFO:colcon.colcon_core.shell:Creating environment hook '/home/jiataoding/franco_ros2_franka_ws/src/install/franka_semantic_components/share/franka_semantic_components/hook/cmake_prefix_path.sh'
[1.480s] Level 1:colcon.colcon_core.environment:checking '/home/jiataoding/franco_ros2_franka_ws/src/install/franka_semantic_components/lib'
[1.480s] Level 1:colcon.colcon_core.shell:create_environment_hook('franka_semantic_components', 'ld_library_path_lib')
[1.481s] INFO:colcon.colcon_core.shell:Creating environment hook '/home/jiataoding/franco_ros2_franka_ws/src/install/franka_semantic_components/share/franka_semantic_components/hook/ld_library_path_lib.ps1'
[1.481s] INFO:colcon.colcon_core.shell:Creating environment descriptor '/home/jiataoding/franco_ros2_franka_ws/src/install/franka_semantic_components/share/franka_semantic_components/hook/ld_library_path_lib.dsv'
[1.482s] INFO:colcon.colcon_core.shell:Creating environment hook '/home/jiataoding/franco_ros2_franka_ws/src/install/franka_semantic_components/share/franka_semantic_components/hook/ld_library_path_lib.sh'
[1.482s] Level 1:colcon.colcon_core.environment:checking '/home/jiataoding/franco_ros2_franka_ws/src/install/franka_semantic_components/bin'
[1.483s] Level 1:colcon.colcon_core.environment:checking '/home/jiataoding/franco_ros2_franka_ws/src/install/franka_semantic_components/lib/pkgconfig/franka_semantic_components.pc'
[1.483s] Level 1:colcon.colcon_core.environment:checking '/home/jiataoding/franco_ros2_franka_ws/src/install/franka_semantic_components/lib/python3.10/site-packages'
[1.483s] Level 1:colcon.colcon_core.environment:checking '/home/jiataoding/franco_ros2_franka_ws/src/install/franka_semantic_components/bin'
[1.483s] INFO:colcon.colcon_core.shell:Creating package script '/home/jiataoding/franco_ros2_franka_ws/src/install/franka_semantic_components/share/franka_semantic_components/package.ps1'
[1.484s] INFO:colcon.colcon_core.shell:Creating package descriptor '/home/jiataoding/franco_ros2_franka_ws/src/install/franka_semantic_components/share/franka_semantic_components/package.dsv'
[1.485s] INFO:colcon.colcon_core.shell:Creating package script '/home/jiataoding/franco_ros2_franka_ws/src/install/franka_semantic_components/share/franka_semantic_components/package.sh'
[1.485s] INFO:colcon.colcon_core.shell:Creating package script '/home/jiataoding/franco_ros2_franka_ws/src/install/franka_semantic_components/share/franka_semantic_components/package.bash'
[1.486s] INFO:colcon.colcon_core.shell:Creating package script '/home/jiataoding/franco_ros2_franka_ws/src/install/franka_semantic_components/share/franka_semantic_components/package.zsh'
[1.486s] Level 1:colcon.colcon_core.environment:create_file_with_runtime_dependencies(/home/jiataoding/franco_ros2_franka_ws/src/install/franka_semantic_components/share/colcon-core/packages/franka_semantic_components)
[1.487s] INFO:colcon.colcon_ros.task.ament_cmake.build:Building ROS package in '/home/jiataoding/franco_ros2_franka_ws/src/franka_ros2/franka_robot_state_broadcaster' with build type 'ament_cmake'
[1.487s] INFO:colcon.colcon_cmake.task.cmake.build:Building CMake package in '/home/jiataoding/franco_ros2_franka_ws/src/franka_ros2/franka_robot_state_broadcaster'
[1.487s] INFO:colcon.colcon_core.shell:Skip shell extension 'powershell' for command environment: Not usable outside of PowerShell
[1.487s] DEBUG:colcon.colcon_core.shell:Skip shell extension 'dsv' for command environment
[1.496s] INFO:colcon.colcon_ros.task.ament_cmake.build:Building ROS package in '/home/jiataoding/franco_ros2_franka_ws/src/franka_ros2/franka_example_controllers' with build type 'ament_cmake'
[1.496s] INFO:colcon.colcon_cmake.task.cmake.build:Building CMake package in '/home/jiataoding/franco_ros2_franka_ws/src/franka_ros2/franka_example_controllers'
[1.496s] INFO:colcon.colcon_core.shell:Skip shell extension 'powershell' for command environment: Not usable outside of PowerShell
[1.496s] DEBUG:colcon.colcon_core.shell:Skip shell extension 'dsv' for command environment
[1.503s] Level 1:colcon.colcon_core.environment:create_environment_scripts_only(franka_gripper)
[1.504s] Level 1:colcon.colcon_core.environment:checking '/home/jiataoding/franco_ros2_franka_ws/src/install/franka_gripper' for CMake module files
[1.504s] DEBUG:colcon.colcon_core.event_handler.log_command:Invoking command in '/home/jiataoding/franco_ros2_franka_ws/src/build/franka_gazebo_bringup': CMAKE_PREFIX_PATH=/home/jiataoding/franco_ros2_franka_ws/src/install/franka_ign_ros2_control:/home/jiataoding/franco_ros2_franka_ws/src/install/franka_hardware:/home/jiataoding/franco_ros2_franka_ws/src/install/franka_msgs:/home/jiataoding/franco_ros2_franka_ws/src/install/franka_description:/home/jiataoding/franco_ros2_franka_ws/src/install/joint_impedance_controller:/home/jiataoding/franco_ros2_franka_ws/src/install/integration_launch_testing:/home/jiataoding/franco_ros2_franka_ws/src/install/idra_franka_launch:/home/jiataoding/franco_ros2_franka_ws/src/install/gravity_compensation:/home/jiataoding/franco_ros2_franka_ws/src/install/franka_task_pipeline:/home/jiataoding/franco_ros2_franka_ws/src/install/franka_ros2:/home/jiataoding/franco_ros2_franka_ws/src/install/franka_bringup:/home/jiataoding/franco_ros2_franka_ws/src/install/franka_robot_state_broadcaster:/home/jiataoding/franco_ros2_franka_ws/src/install/franka_example_controllers:/home/jiataoding/franco_ros2_franka_ws/src/install/franka_semantic_components:/home/jiataoding/franco_ros2_franka_ws/src/install/franka_gazebo_bringup:/home/jiataoding/franco_ros2_franka_ws/src/install/franka_fr3_moveit_config:/home/jiataoding/franco_ros2_franka_ws/src/install/franka_gripper:/home/jiataoding/franco_ros2_franka_ws/src/install/cartesian_impedance_controller:/opt/ros/humble:/home/jiataoding/franco_ros2_franka_ws/src/install/effort_controller_base:/home/jiataoding/franco_ros2_franka_ws/src/install/debug_msg:/home/jiataoding/ros2_franka_ws/install/joint_impedance_controller:/home/jiataoding/ros2_franka_ws/install/integration_launch_testing:/home/jiataoding/ros2_franka_ws/install/idra_franka_launch:/home/jiataoding/ros2_franka_ws/install/gravity_compensation:/home/jiataoding/ros2_franka_ws/install/franka_task_pipeline:/home/jiataoding/ros2_franka_ws/install/franka_ros2:/home/jiataoding/ros2_franka_ws/install/franka_bringup:/home/jiataoding/ros2_franka_ws/install/franka_robot_state_broadcaster:/home/jiataoding/ros2_franka_ws/install/franka_example_controllers:/home/jiataoding/ros2_franka_ws/install/franka_semantic_components:/home/jiataoding/ros2_franka_ws/install/franka_gazebo_bringup:/home/jiataoding/ros2_franka_ws/install/franka_ign_ros2_control:/home/jiataoding/ros2_franka_ws/install/franka_fr3_moveit_config:/home/jiataoding/ros2_franka_ws/install/franka_hardware:/home/jiataoding/ros2_franka_ws/install/franka_gripper:/home/jiataoding/ros2_franka_ws/install/franka_msgs:/home/jiataoding/ros2_franka_ws/install/franka_description:/home/jiataoding/ros2_franka_ws/install/cartesian_impedance_controller:/home/jiataoding/ros2_franka_ws/install/effort_controller_base:/home/jiataoding/ros2_franka_ws/install/debug_msg:/home/jiataoding/franco_ros2_franka_ws/install/joint_impedance_controller:/home/jiataoding/franco_ros2_franka_ws/install/integration_launch_testing:/home/jiataoding/franco_ros2_franka_ws/install/idra_franka_launch:/home/jiataoding/franco_ros2_franka_ws/install/gravity_compensation:/home/jiataoding/franco_ros2_franka_ws/install/franka_task_pipeline:/home/jiataoding/franco_ros2_franka_ws/install/franka_ros2:/home/jiataoding/franco_ros2_franka_ws/install/franka_bringup:/home/jiataoding/franco_ros2_franka_ws/install/franka_robot_state_broadcaster:/home/jiataoding/franco_ros2_franka_ws/install/franka_example_controllers:/home/jiataoding/franco_ros2_franka_ws/install/franka_semantic_components:/home/jiataoding/franco_ros2_franka_ws/install/franka_gazebo_bringup:/home/jiataoding/franco_ros2_franka_ws/install/franka_ign_ros2_control:/home/jiataoding/franco_ros2_franka_ws/install/franka_fr3_moveit_config:/home/jiataoding/franco_ros2_franka_ws/install/franka_hardware:/home/jiataoding/franco_ros2_franka_ws/install/franka_gripper:/home/jiataoding/franco_ros2_franka_ws/install/franka_msgs:/home/jiataoding/franco_ros2_franka_ws/install/franka_description:/home/jiataoding/franco_ros2_franka_ws/install/cartesian_impedance_controller:/home/jiataoding/franco_ros2_franka_ws/install/effort_controller_base:/home/jiataoding/franco_ros2_franka_ws/install/debug_msg:/opt/openrobots LD_LIBRARY_PATH=/home/jiataoding/franco_ros2_franka_ws/src/install/franka_ign_ros2_control/lib:/home/jiataoding/franco_ros2_franka_ws/src/install/franka_hardware/lib:/home/jiataoding/franco_ros2_franka_ws/src/install/franka_msgs/lib:/home/jiataoding/franco_ros2_franka_ws/src/install/joint_impedance_controller/lib:/home/jiataoding/franco_ros2_franka_ws/src/install/integration_launch_testing/lib:/home/jiataoding/franco_ros2_franka_ws/src/install/gravity_compensation/lib:/home/jiataoding/franco_ros2_franka_ws/src/install/franka_robot_state_broadcaster/lib:/home/jiataoding/franco_ros2_franka_ws/src/install/franka_example_controllers/lib:/home/jiataoding/franco_ros2_franka_ws/src/install/franka_semantic_components/lib:/home/jiataoding/franco_ros2_franka_ws/src/install/franka_gripper/lib:/home/jiataoding/franco_ros2_franka_ws/src/install/cartesian_impedance_controller/lib:/home/jiataoding/franco_ros2_franka_ws/src/install/effort_controller_base/lib:/home/jiataoding/franco_ros2_franka_ws/src/install/debug_msg/lib:/home/jiataoding/libs/onnxruntime-linux-x64-1.21.0/lib:/home/jiataoding/ros2_franka_ws/install/joint_impedance_controller/lib:/home/jiataoding/ros2_franka_ws/install/integration_launch_testing/lib:/home/jiataoding/ros2_franka_ws/install/gravity_compensation/lib:/home/jiataoding/ros2_franka_ws/install/franka_robot_state_broadcaster/lib:/home/jiataoding/ros2_franka_ws/install/franka_example_controllers/lib:/home/jiataoding/ros2_franka_ws/install/franka_semantic_components/lib:/home/jiataoding/ros2_franka_ws/install/franka_ign_ros2_control/lib:/home/jiataoding/ros2_franka_ws/install/franka_hardware/lib:/home/jiataoding/ros2_franka_ws/install/franka_gripper/lib:/home/jiataoding/ros2_franka_ws/install/franka_msgs/lib:/home/jiataoding/ros2_franka_ws/install/cartesian_impedance_controller/lib:/home/jiataoding/ros2_franka_ws/install/effort_controller_base/lib:/home/jiataoding/ros2_franka_ws/install/debug_msg/lib:/home/jiataoding/franco_ros2_franka_ws/install/joint_impedance_controller/lib:/home/jiataoding/franco_ros2_franka_ws/install/integration_launch_testing/lib:/home/jiataoding/franco_ros2_franka_ws/install/gravity_compensation/lib:/home/jiataoding/franco_ros2_franka_ws/install/franka_robot_state_broadcaster/lib:/home/jiataoding/franco_ros2_franka_ws/install/franka_example_controllers/lib:/home/jiataoding/franco_ros2_franka_ws/install/franka_semantic_components/lib:/home/jiataoding/franco_ros2_franka_ws/install/franka_ign_ros2_control/lib:/home/jiataoding/franco_ros2_franka_ws/install/franka_hardware/lib:/home/jiataoding/franco_ros2_franka_ws/install/franka_gripper/lib:/home/jiataoding/franco_ros2_franka_ws/install/franka_msgs/lib:/home/jiataoding/franco_ros2_franka_ws/install/cartesian_impedance_controller/lib:/home/jiataoding/franco_ros2_franka_ws/install/effort_controller_base/lib:/home/jiataoding/franco_ros2_franka_ws/install/debug_msg/lib:/opt/openrobots/lib:/opt/ros/humble/opt/rviz_ogre_vendor/lib:/opt/ros/humble/lib/x86_64-linux-gnu:/opt/ros/humble/lib /usr/bin/cmake --build /home/jiataoding/franco_ros2_franka_ws/src/build/franka_gazebo_bringup -- -j24 -l24
[1.505s] DEBUG:colcon.colcon_core.event_handler.log_command:Invoked command in '/home/jiataoding/franco_ros2_franka_ws/src/build/franka_gripper' returned '0': CMAKE_PREFIX_PATH=/home/jiataoding/franco_ros2_franka_ws/src/install/franka_msgs:/home/jiataoding/franco_ros2_franka_ws/src/install/joint_impedance_controller:/home/jiataoding/franco_ros2_franka_ws/src/install/integration_launch_testing:/home/jiataoding/franco_ros2_franka_ws/src/install/idra_franka_launch:/home/jiataoding/franco_ros2_franka_ws/src/install/gravity_compensation:/home/jiataoding/franco_ros2_franka_ws/src/install/franka_task_pipeline:/home/jiataoding/franco_ros2_franka_ws/src/install/franka_ros2:/home/jiataoding/franco_ros2_franka_ws/src/install/franka_bringup:/home/jiataoding/franco_ros2_franka_ws/src/install/franka_robot_state_broadcaster:/home/jiataoding/franco_ros2_franka_ws/src/install/franka_example_controllers:/home/jiataoding/franco_ros2_franka_ws/src/install/franka_semantic_components:/home/jiataoding/franco_ros2_franka_ws/src/install/franka_gazebo_bringup:/home/jiataoding/franco_ros2_franka_ws/src/install/franka_ign_ros2_control:/home/jiataoding/franco_ros2_franka_ws/src/install/franka_fr3_moveit_config:/home/jiataoding/franco_ros2_franka_ws/src/install/franka_hardware:/home/jiataoding/franco_ros2_franka_ws/src/install/franka_gripper:/home/jiataoding/franco_ros2_franka_ws/src/install/franka_description:/home/jiataoding/franco_ros2_franka_ws/src/install/cartesian_impedance_controller:/opt/ros/humble:/home/jiataoding/franco_ros2_franka_ws/src/install/effort_controller_base:/home/jiataoding/franco_ros2_franka_ws/src/install/debug_msg:/home/jiataoding/ros2_franka_ws/install/joint_impedance_controller:/home/jiataoding/ros2_franka_ws/install/integration_launch_testing:/home/jiataoding/ros2_franka_ws/install/idra_franka_launch:/home/jiataoding/ros2_franka_ws/install/gravity_compensation:/home/jiataoding/ros2_franka_ws/install/franka_task_pipeline:/home/jiataoding/ros2_franka_ws/install/franka_ros2:/home/jiataoding/ros2_franka_ws/install/franka_bringup:/home/jiataoding/ros2_franka_ws/install/franka_robot_state_broadcaster:/home/jiataoding/ros2_franka_ws/install/franka_example_controllers:/home/jiataoding/ros2_franka_ws/install/franka_semantic_components:/home/jiataoding/ros2_franka_ws/install/franka_gazebo_bringup:/home/jiataoding/ros2_franka_ws/install/franka_ign_ros2_control:/home/jiataoding/ros2_franka_ws/install/franka_fr3_moveit_config:/home/jiataoding/ros2_franka_ws/install/franka_hardware:/home/jiataoding/ros2_franka_ws/install/franka_gripper:/home/jiataoding/ros2_franka_ws/install/franka_msgs:/home/jiataoding/ros2_franka_ws/install/franka_description:/home/jiataoding/ros2_franka_ws/install/cartesian_impedance_controller:/home/jiataoding/ros2_franka_ws/install/effort_controller_base:/home/jiataoding/ros2_franka_ws/install/debug_msg:/home/jiataoding/franco_ros2_franka_ws/install/joint_impedance_controller:/home/jiataoding/franco_ros2_franka_ws/install/integration_launch_testing:/home/jiataoding/franco_ros2_franka_ws/install/idra_franka_launch:/home/jiataoding/franco_ros2_franka_ws/install/gravity_compensation:/home/jiataoding/franco_ros2_franka_ws/install/franka_task_pipeline:/home/jiataoding/franco_ros2_franka_ws/install/franka_ros2:/home/jiataoding/franco_ros2_franka_ws/install/franka_bringup:/home/jiataoding/franco_ros2_franka_ws/install/franka_robot_state_broadcaster:/home/jiataoding/franco_ros2_franka_ws/install/franka_example_controllers:/home/jiataoding/franco_ros2_franka_ws/install/franka_semantic_components:/home/jiataoding/franco_ros2_franka_ws/install/franka_gazebo_bringup:/home/jiataoding/franco_ros2_franka_ws/install/franka_ign_ros2_control:/home/jiataoding/franco_ros2_franka_ws/install/franka_fr3_moveit_config:/home/jiataoding/franco_ros2_franka_ws/install/franka_hardware:/home/jiataoding/franco_ros2_franka_ws/install/franka_gripper:/home/jiataoding/franco_ros2_franka_ws/install/franka_msgs:/home/jiataoding/franco_ros2_franka_ws/install/franka_description:/home/jiataoding/franco_ros2_franka_ws/install/cartesian_impedance_controller:/home/jiataoding/franco_ros2_franka_ws/install/effort_controller_base:/home/jiataoding/franco_ros2_franka_ws/install/debug_msg:/opt/openrobots LD_LIBRARY_PATH=/home/jiataoding/franco_ros2_franka_ws/src/install/franka_msgs/lib:/home/jiataoding/franco_ros2_franka_ws/src/install/joint_impedance_controller/lib:/home/jiataoding/franco_ros2_franka_ws/src/install/integration_launch_testing/lib:/home/jiataoding/franco_ros2_franka_ws/src/install/gravity_compensation/lib:/home/jiataoding/franco_ros2_franka_ws/src/install/franka_robot_state_broadcaster/lib:/home/jiataoding/franco_ros2_franka_ws/src/install/franka_example_controllers/lib:/home/jiataoding/franco_ros2_franka_ws/src/install/franka_semantic_components/lib:/home/jiataoding/franco_ros2_franka_ws/src/install/franka_ign_ros2_control/lib:/home/jiataoding/franco_ros2_franka_ws/src/install/franka_hardware/lib:/home/jiataoding/franco_ros2_franka_ws/src/install/franka_gripper/lib:/home/jiataoding/franco_ros2_franka_ws/src/install/cartesian_impedance_controller/lib:/home/jiataoding/franco_ros2_franka_ws/src/install/effort_controller_base/lib:/home/jiataoding/franco_ros2_franka_ws/src/install/debug_msg/lib:/home/jiataoding/libs/onnxruntime-linux-x64-1.21.0/lib:/home/jiataoding/ros2_franka_ws/install/joint_impedance_controller/lib:/home/jiataoding/ros2_franka_ws/install/integration_launch_testing/lib:/home/jiataoding/ros2_franka_ws/install/gravity_compensation/lib:/home/jiataoding/ros2_franka_ws/install/franka_robot_state_broadcaster/lib:/home/jiataoding/ros2_franka_ws/install/franka_example_controllers/lib:/home/jiataoding/ros2_franka_ws/install/franka_semantic_components/lib:/home/jiataoding/ros2_franka_ws/install/franka_ign_ros2_control/lib:/home/jiataoding/ros2_franka_ws/install/franka_hardware/lib:/home/jiataoding/ros2_franka_ws/install/franka_gripper/lib:/home/jiataoding/ros2_franka_ws/install/franka_msgs/lib:/home/jiataoding/ros2_franka_ws/install/cartesian_impedance_controller/lib:/home/jiataoding/ros2_franka_ws/install/effort_controller_base/lib:/home/jiataoding/ros2_franka_ws/install/debug_msg/lib:/home/jiataoding/franco_ros2_franka_ws/install/joint_impedance_controller/lib:/home/jiataoding/franco_ros2_franka_ws/install/integration_launch_testing/lib:/home/jiataoding/franco_ros2_franka_ws/install/gravity_compensation/lib:/home/jiataoding/franco_ros2_franka_ws/install/franka_robot_state_broadcaster/lib:/home/jiataoding/franco_ros2_franka_ws/install/franka_example_controllers/lib:/home/jiataoding/franco_ros2_franka_ws/install/franka_semantic_components/lib:/home/jiataoding/franco_ros2_franka_ws/install/franka_ign_ros2_control/lib:/home/jiataoding/franco_ros2_franka_ws/install/franka_hardware/lib:/home/jiataoding/franco_ros2_franka_ws/install/franka_gripper/lib:/home/jiataoding/franco_ros2_franka_ws/install/franka_msgs/lib:/home/jiataoding/franco_ros2_franka_ws/install/cartesian_impedance_controller/lib:/home/jiataoding/franco_ros2_franka_ws/install/effort_controller_base/lib:/home/jiataoding/franco_ros2_franka_ws/install/debug_msg/lib:/opt/openrobots/lib:/opt/ros/humble/opt/rviz_ogre_vendor/lib:/opt/ros/humble/lib/x86_64-linux-gnu:/opt/ros/humble/lib /usr/bin/cmake --install /home/jiataoding/franco_ros2_franka_ws/src/build/franka_gripper
[1.505s] Level 1:colcon.colcon_core.environment:checking '/home/jiataoding/franco_ros2_franka_ws/src/install/franka_gripper' for CMake config files
[1.505s] Level 1:colcon.colcon_core.shell:create_environment_hook('franka_gripper', 'cmake_prefix_path')
[1.505s] INFO:colcon.colcon_core.shell:Creating environment hook '/home/jiataoding/franco_ros2_franka_ws/src/install/franka_gripper/share/franka_gripper/hook/cmake_prefix_path.ps1'
[1.505s] INFO:colcon.colcon_core.shell:Creating environment descriptor '/home/jiataoding/franco_ros2_franka_ws/src/install/franka_gripper/share/franka_gripper/hook/cmake_prefix_path.dsv'
[1.506s] INFO:colcon.colcon_core.shell:Creating environment hook '/home/jiataoding/franco_ros2_franka_ws/src/install/franka_gripper/share/franka_gripper/hook/cmake_prefix_path.sh'
[1.506s] Level 1:colcon.colcon_core.environment:checking '/home/jiataoding/franco_ros2_franka_ws/src/install/franka_gripper/lib'
[1.506s] Level 1:colcon.colcon_core.shell:create_environment_hook('franka_gripper', 'ld_library_path_lib')
[1.506s] INFO:colcon.colcon_core.shell:Creating environment hook '/home/jiataoding/franco_ros2_franka_ws/src/install/franka_gripper/share/franka_gripper/hook/ld_library_path_lib.ps1'
[1.507s] INFO:colcon.colcon_core.shell:Creating environment descriptor '/home/jiataoding/franco_ros2_franka_ws/src/install/franka_gripper/share/franka_gripper/hook/ld_library_path_lib.dsv'
[1.507s] INFO:colcon.colcon_core.shell:Creating environment hook '/home/jiataoding/franco_ros2_franka_ws/src/install/franka_gripper/share/franka_gripper/hook/ld_library_path_lib.sh'
[1.507s] Level 1:colcon.colcon_core.environment:checking '/home/jiataoding/franco_ros2_franka_ws/src/install/franka_gripper/bin'
[1.507s] Level 1:colcon.colcon_core.environment:checking '/home/jiataoding/franco_ros2_franka_ws/src/install/franka_gripper/lib/pkgconfig/franka_gripper.pc'
[1.507s] Level 1:colcon.colcon_core.environment:checking '/home/jiataoding/franco_ros2_franka_ws/src/install/franka_gripper/lib/python3.10/site-packages'
[1.507s] Level 1:colcon.colcon_core.environment:checking '/home/jiataoding/franco_ros2_franka_ws/src/install/franka_gripper/bin'
[1.508s] INFO:colcon.colcon_core.shell:Creating package script '/home/jiataoding/franco_ros2_franka_ws/src/install/franka_gripper/share/franka_gripper/package.ps1'
[1.508s] INFO:colcon.colcon_core.shell:Creating package descriptor '/home/jiataoding/franco_ros2_franka_ws/src/install/franka_gripper/share/franka_gripper/package.dsv'
[1.508s] INFO:colcon.colcon_core.shell:Creating package script '/home/jiataoding/franco_ros2_franka_ws/src/install/franka_gripper/share/franka_gripper/package.sh'
[1.509s] INFO:colcon.colcon_core.shell:Creating package script '/home/jiataoding/franco_ros2_franka_ws/src/install/franka_gripper/share/franka_gripper/package.bash'
[1.509s] INFO:colcon.colcon_core.shell:Creating package script '/home/jiataoding/franco_ros2_franka_ws/src/install/franka_gripper/share/franka_gripper/package.zsh'
[1.509s] Level 1:colcon.colcon_core.environment:create_file_with_runtime_dependencies(/home/jiataoding/franco_ros2_franka_ws/src/install/franka_gripper/share/colcon-core/packages/franka_gripper)
[1.509s] Level 1:colcon.colcon_core.environment:create_environment_scripts_only(franka_gripper)
[1.510s] Level 1:colcon.colcon_core.environment:checking '/home/jiataoding/franco_ros2_franka_ws/src/install/franka_gripper' for CMake module files
[1.510s] Level 1:colcon.colcon_core.environment:checking '/home/jiataoding/franco_ros2_franka_ws/src/install/franka_gripper' for CMake config files
[1.510s] Level 1:colcon.colcon_core.shell:create_environment_hook('franka_gripper', 'cmake_prefix_path')
[1.510s] INFO:colcon.colcon_core.shell:Creating environment hook '/home/jiataoding/franco_ros2_franka_ws/src/install/franka_gripper/share/franka_gripper/hook/cmake_prefix_path.ps1'
[1.510s] INFO:colcon.colcon_core.shell:Creating environment descriptor '/home/jiataoding/franco_ros2_franka_ws/src/install/franka_gripper/share/franka_gripper/hook/cmake_prefix_path.dsv'
[1.511s] INFO:colcon.colcon_core.shell:Creating environment hook '/home/jiataoding/franco_ros2_franka_ws/src/install/franka_gripper/share/franka_gripper/hook/cmake_prefix_path.sh'
[1.511s] Level 1:colcon.colcon_core.environment:checking '/home/jiataoding/franco_ros2_franka_ws/src/install/franka_gripper/lib'
[1.511s] Level 1:colcon.colcon_core.shell:create_environment_hook('franka_gripper', 'ld_library_path_lib')
[1.511s] INFO:colcon.colcon_core.shell:Creating environment hook '/home/jiataoding/franco_ros2_franka_ws/src/install/franka_gripper/share/franka_gripper/hook/ld_library_path_lib.ps1'
[1.511s] INFO:colcon.colcon_core.shell:Creating environment descriptor '/home/jiataoding/franco_ros2_franka_ws/src/install/franka_gripper/share/franka_gripper/hook/ld_library_path_lib.dsv'
[1.512s] INFO:colcon.colcon_core.shell:Creating environment hook '/home/jiataoding/franco_ros2_franka_ws/src/install/franka_gripper/share/franka_gripper/hook/ld_library_path_lib.sh'
[1.512s] Level 1:colcon.colcon_core.environment:checking '/home/jiataoding/franco_ros2_franka_ws/src/install/franka_gripper/bin'
[1.512s] Level 1:colcon.colcon_core.environment:checking '/home/jiataoding/franco_ros2_franka_ws/src/install/franka_gripper/lib/pkgconfig/franka_gripper.pc'
[1.512s] Level 1:colcon.colcon_core.environment:checking '/home/jiataoding/franco_ros2_franka_ws/src/install/franka_gripper/lib/python3.10/site-packages'
[1.512s] Level 1:colcon.colcon_core.environment:checking '/home/jiataoding/franco_ros2_franka_ws/src/install/franka_gripper/bin'
[1.513s] INFO:colcon.colcon_core.shell:Creating package script '/home/jiataoding/franco_ros2_franka_ws/src/install/franka_gripper/share/franka_gripper/package.ps1'
[1.513s] INFO:colcon.colcon_core.shell:Creating package descriptor '/home/jiataoding/franco_ros2_franka_ws/src/install/franka_gripper/share/franka_gripper/package.dsv'
[1.513s] INFO:colcon.colcon_core.shell:Creating package script '/home/jiataoding/franco_ros2_franka_ws/src/install/franka_gripper/share/franka_gripper/package.sh'
[1.514s] INFO:colcon.colcon_core.shell:Creating package script '/home/jiataoding/franco_ros2_franka_ws/src/install/franka_gripper/share/franka_gripper/package.bash'
[1.514s] INFO:colcon.colcon_core.shell:Creating package script '/home/jiataoding/franco_ros2_franka_ws/src/install/franka_gripper/share/franka_gripper/package.zsh'
[1.515s] Level 1:colcon.colcon_core.environment:create_file_with_runtime_dependencies(/home/jiataoding/franco_ros2_franka_ws/src/install/franka_gripper/share/colcon-core/packages/franka_gripper)
[1.515s] INFO:colcon.colcon_ros.task.ament_cmake.build:Building ROS package in '/home/jiataoding/franco_ros2_franka_ws/src/franka_ros2/franka_fr3_moveit_config' with build type 'ament_cmake'
[1.515s] INFO:colcon.colcon_cmake.task.cmake.build:Building CMake package in '/home/jiataoding/franco_ros2_franka_ws/src/franka_ros2/franka_fr3_moveit_config'
[1.515s] INFO:colcon.colcon_core.shell:Skip shell extension 'powershell' for command environment: Not usable outside of PowerShell
[1.516s] DEBUG:colcon.colcon_core.shell:Skip shell extension 'dsv' for command environment
[1.529s] DEBUG:colcon.colcon_core.event_handler.log_command:Invoking command in '/home/jiataoding/franco_ros2_franka_ws/src/build/franka_robot_state_broadcaster': CMAKE_PREFIX_PATH=/home/jiataoding/franco_ros2_franka_ws/src/install/franka_semantic_components:/home/jiataoding/franco_ros2_franka_ws/src/install/franka_hardware:/home/jiataoding/franco_ros2_franka_ws/src/install/franka_msgs:/home/jiataoding/franco_ros2_franka_ws/src/install/joint_impedance_controller:/home/jiataoding/franco_ros2_franka_ws/src/install/integration_launch_testing:/home/jiataoding/franco_ros2_franka_ws/src/install/idra_franka_launch:/home/jiataoding/franco_ros2_franka_ws/src/install/gravity_compensation:/home/jiataoding/franco_ros2_franka_ws/src/install/franka_task_pipeline:/home/jiataoding/franco_ros2_franka_ws/src/install/franka_ros2:/home/jiataoding/franco_ros2_franka_ws/src/install/franka_bringup:/home/jiataoding/franco_ros2_franka_ws/src/install/franka_robot_state_broadcaster:/home/jiataoding/franco_ros2_franka_ws/src/install/franka_example_controllers:/home/jiataoding/franco_ros2_franka_ws/src/install/franka_gazebo_bringup:/home/jiataoding/franco_ros2_franka_ws/src/install/franka_ign_ros2_control:/home/jiataoding/franco_ros2_franka_ws/src/install/franka_fr3_moveit_config:/home/jiataoding/franco_ros2_franka_ws/src/install/franka_gripper:/home/jiataoding/franco_ros2_franka_ws/src/install/franka_description:/home/jiataoding/franco_ros2_franka_ws/src/install/cartesian_impedance_controller:/opt/ros/humble:/home/jiataoding/franco_ros2_franka_ws/src/install/effort_controller_base:/home/jiataoding/franco_ros2_franka_ws/src/install/debug_msg:/home/jiataoding/ros2_franka_ws/install/joint_impedance_controller:/home/jiataoding/ros2_franka_ws/install/integration_launch_testing:/home/jiataoding/ros2_franka_ws/install/idra_franka_launch:/home/jiataoding/ros2_franka_ws/install/gravity_compensation:/home/jiataoding/ros2_franka_ws/install/franka_task_pipeline:/home/jiataoding/ros2_franka_ws/install/franka_ros2:/home/jiataoding/ros2_franka_ws/install/franka_bringup:/home/jiataoding/ros2_franka_ws/install/franka_robot_state_broadcaster:/home/jiataoding/ros2_franka_ws/install/franka_example_controllers:/home/jiataoding/ros2_franka_ws/install/franka_semantic_components:/home/jiataoding/ros2_franka_ws/install/franka_gazebo_bringup:/home/jiataoding/ros2_franka_ws/install/franka_ign_ros2_control:/home/jiataoding/ros2_franka_ws/install/franka_fr3_moveit_config:/home/jiataoding/ros2_franka_ws/install/franka_hardware:/home/jiataoding/ros2_franka_ws/install/franka_gripper:/home/jiataoding/ros2_franka_ws/install/franka_msgs:/home/jiataoding/ros2_franka_ws/install/franka_description:/home/jiataoding/ros2_franka_ws/install/cartesian_impedance_controller:/home/jiataoding/ros2_franka_ws/install/effort_controller_base:/home/jiataoding/ros2_franka_ws/install/debug_msg:/home/jiataoding/franco_ros2_franka_ws/install/joint_impedance_controller:/home/jiataoding/franco_ros2_franka_ws/install/integration_launch_testing:/home/jiataoding/franco_ros2_franka_ws/install/idra_franka_launch:/home/jiataoding/franco_ros2_franka_ws/install/gravity_compensation:/home/jiataoding/franco_ros2_franka_ws/install/franka_task_pipeline:/home/jiataoding/franco_ros2_franka_ws/install/franka_ros2:/home/jiataoding/franco_ros2_franka_ws/install/franka_bringup:/home/jiataoding/franco_ros2_franka_ws/install/franka_robot_state_broadcaster:/home/jiataoding/franco_ros2_franka_ws/install/franka_example_controllers:/home/jiataoding/franco_ros2_franka_ws/install/franka_semantic_components:/home/jiataoding/franco_ros2_franka_ws/install/franka_gazebo_bringup:/home/jiataoding/franco_ros2_franka_ws/install/franka_ign_ros2_control:/home/jiataoding/franco_ros2_franka_ws/install/franka_fr3_moveit_config:/home/jiataoding/franco_ros2_franka_ws/install/franka_hardware:/home/jiataoding/franco_ros2_franka_ws/install/franka_gripper:/home/jiataoding/franco_ros2_franka_ws/install/franka_msgs:/home/jiataoding/franco_ros2_franka_ws/install/franka_description:/home/jiataoding/franco_ros2_franka_ws/install/cartesian_impedance_controller:/home/jiataoding/franco_ros2_franka_ws/install/effort_controller_base:/home/jiataoding/franco_ros2_franka_ws/install/debug_msg:/opt/openrobots LD_LIBRARY_PATH=/home/jiataoding/franco_ros2_franka_ws/src/install/franka_semantic_components/lib:/home/jiataoding/franco_ros2_franka_ws/src/install/franka_hardware/lib:/home/jiataoding/franco_ros2_franka_ws/src/install/franka_msgs/lib:/home/jiataoding/franco_ros2_franka_ws/src/install/joint_impedance_controller/lib:/home/jiataoding/franco_ros2_franka_ws/src/install/integration_launch_testing/lib:/home/jiataoding/franco_ros2_franka_ws/src/install/gravity_compensation/lib:/home/jiataoding/franco_ros2_franka_ws/src/install/franka_robot_state_broadcaster/lib:/home/jiataoding/franco_ros2_franka_ws/src/install/franka_example_controllers/lib:/home/jiataoding/franco_ros2_franka_ws/src/install/franka_ign_ros2_control/lib:/home/jiataoding/franco_ros2_franka_ws/src/install/franka_gripper/lib:/home/jiataoding/franco_ros2_franka_ws/src/install/cartesian_impedance_controller/lib:/home/jiataoding/franco_ros2_franka_ws/src/install/effort_controller_base/lib:/home/jiataoding/franco_ros2_franka_ws/src/install/debug_msg/lib:/home/jiataoding/libs/onnxruntime-linux-x64-1.21.0/lib:/home/jiataoding/ros2_franka_ws/install/joint_impedance_controller/lib:/home/jiataoding/ros2_franka_ws/install/integration_launch_testing/lib:/home/jiataoding/ros2_franka_ws/install/gravity_compensation/lib:/home/jiataoding/ros2_franka_ws/install/franka_robot_state_broadcaster/lib:/home/jiataoding/ros2_franka_ws/install/franka_example_controllers/lib:/home/jiataoding/ros2_franka_ws/install/franka_semantic_components/lib:/home/jiataoding/ros2_franka_ws/install/franka_ign_ros2_control/lib:/home/jiataoding/ros2_franka_ws/install/franka_hardware/lib:/home/jiataoding/ros2_franka_ws/install/franka_gripper/lib:/home/jiataoding/ros2_franka_ws/install/franka_msgs/lib:/home/jiataoding/ros2_franka_ws/install/cartesian_impedance_controller/lib:/home/jiataoding/ros2_franka_ws/install/effort_controller_base/lib:/home/jiataoding/ros2_franka_ws/install/debug_msg/lib:/home/jiataoding/franco_ros2_franka_ws/install/joint_impedance_controller/lib:/home/jiataoding/franco_ros2_franka_ws/install/integration_launch_testing/lib:/home/jiataoding/franco_ros2_franka_ws/install/gravity_compensation/lib:/home/jiataoding/franco_ros2_franka_ws/install/franka_robot_state_broadcaster/lib:/home/jiataoding/franco_ros2_franka_ws/install/franka_example_controllers/lib:/home/jiataoding/franco_ros2_franka_ws/install/franka_semantic_components/lib:/home/jiataoding/franco_ros2_franka_ws/install/franka_ign_ros2_control/lib:/home/jiataoding/franco_ros2_franka_ws/install/franka_hardware/lib:/home/jiataoding/franco_ros2_franka_ws/install/franka_gripper/lib:/home/jiataoding/franco_ros2_franka_ws/install/franka_msgs/lib:/home/jiataoding/franco_ros2_franka_ws/install/cartesian_impedance_controller/lib:/home/jiataoding/franco_ros2_franka_ws/install/effort_controller_base/lib:/home/jiataoding/franco_ros2_franka_ws/install/debug_msg/lib:/opt/openrobots/lib:/opt/ros/humble/opt/rviz_ogre_vendor/lib:/opt/ros/humble/lib/x86_64-linux-gnu:/opt/ros/humble/lib /usr/bin/cmake --build /home/jiataoding/franco_ros2_franka_ws/src/build/franka_robot_state_broadcaster -- -j24 -l24
[1.533s] DEBUG:colcon.colcon_core.event_handler.log_command:Invoking command in '/home/jiataoding/franco_ros2_franka_ws/src/build/franka_example_controllers': CMAKE_PREFIX_PATH=/home/jiataoding/franco_ros2_franka_ws/src/install/franka_semantic_components:/home/jiataoding/franco_ros2_franka_ws/src/install/franka_hardware:/home/jiataoding/franco_ros2_franka_ws/src/install/franka_msgs:/home/jiataoding/franco_ros2_franka_ws/src/install/joint_impedance_controller:/home/jiataoding/franco_ros2_franka_ws/src/install/integration_launch_testing:/home/jiataoding/franco_ros2_franka_ws/src/install/idra_franka_launch:/home/jiataoding/franco_ros2_franka_ws/src/install/gravity_compensation:/home/jiataoding/franco_ros2_franka_ws/src/install/franka_task_pipeline:/home/jiataoding/franco_ros2_franka_ws/src/install/franka_ros2:/home/jiataoding/franco_ros2_franka_ws/src/install/franka_bringup:/home/jiataoding/franco_ros2_franka_ws/src/install/franka_robot_state_broadcaster:/home/jiataoding/franco_ros2_franka_ws/src/install/franka_example_controllers:/home/jiataoding/franco_ros2_franka_ws/src/install/franka_gazebo_bringup:/home/jiataoding/franco_ros2_franka_ws/src/install/franka_ign_ros2_control:/home/jiataoding/franco_ros2_franka_ws/src/install/franka_fr3_moveit_config:/home/jiataoding/franco_ros2_franka_ws/src/install/franka_gripper:/home/jiataoding/franco_ros2_franka_ws/src/install/franka_description:/home/jiataoding/franco_ros2_franka_ws/src/install/cartesian_impedance_controller:/opt/ros/humble:/home/jiataoding/franco_ros2_franka_ws/src/install/effort_controller_base:/home/jiataoding/franco_ros2_franka_ws/src/install/debug_msg:/home/jiataoding/ros2_franka_ws/install/joint_impedance_controller:/home/jiataoding/ros2_franka_ws/install/integration_launch_testing:/home/jiataoding/ros2_franka_ws/install/idra_franka_launch:/home/jiataoding/ros2_franka_ws/install/gravity_compensation:/home/jiataoding/ros2_franka_ws/install/franka_task_pipeline:/home/jiataoding/ros2_franka_ws/install/franka_ros2:/home/jiataoding/ros2_franka_ws/install/franka_bringup:/home/jiataoding/ros2_franka_ws/install/franka_robot_state_broadcaster:/home/jiataoding/ros2_franka_ws/install/franka_example_controllers:/home/jiataoding/ros2_franka_ws/install/franka_semantic_components:/home/jiataoding/ros2_franka_ws/install/franka_gazebo_bringup:/home/jiataoding/ros2_franka_ws/install/franka_ign_ros2_control:/home/jiataoding/ros2_franka_ws/install/franka_fr3_moveit_config:/home/jiataoding/ros2_franka_ws/install/franka_hardware:/home/jiataoding/ros2_franka_ws/install/franka_gripper:/home/jiataoding/ros2_franka_ws/install/franka_msgs:/home/jiataoding/ros2_franka_ws/install/franka_description:/home/jiataoding/ros2_franka_ws/install/cartesian_impedance_controller:/home/jiataoding/ros2_franka_ws/install/effort_controller_base:/home/jiataoding/ros2_franka_ws/install/debug_msg:/home/jiataoding/franco_ros2_franka_ws/install/joint_impedance_controller:/home/jiataoding/franco_ros2_franka_ws/install/integration_launch_testing:/home/jiataoding/franco_ros2_franka_ws/install/idra_franka_launch:/home/jiataoding/franco_ros2_franka_ws/install/gravity_compensation:/home/jiataoding/franco_ros2_franka_ws/install/franka_task_pipeline:/home/jiataoding/franco_ros2_franka_ws/install/franka_ros2:/home/jiataoding/franco_ros2_franka_ws/install/franka_bringup:/home/jiataoding/franco_ros2_franka_ws/install/franka_robot_state_broadcaster:/home/jiataoding/franco_ros2_franka_ws/install/franka_example_controllers:/home/jiataoding/franco_ros2_franka_ws/install/franka_semantic_components:/home/jiataoding/franco_ros2_franka_ws/install/franka_gazebo_bringup:/home/jiataoding/franco_ros2_franka_ws/install/franka_ign_ros2_control:/home/jiataoding/franco_ros2_franka_ws/install/franka_fr3_moveit_config:/home/jiataoding/franco_ros2_franka_ws/install/franka_hardware:/home/jiataoding/franco_ros2_franka_ws/install/franka_gripper:/home/jiataoding/franco_ros2_franka_ws/install/franka_msgs:/home/jiataoding/franco_ros2_franka_ws/install/franka_description:/home/jiataoding/franco_ros2_franka_ws/install/cartesian_impedance_controller:/home/jiataoding/franco_ros2_franka_ws/install/effort_controller_base:/home/jiataoding/franco_ros2_franka_ws/install/debug_msg:/opt/openrobots LD_LIBRARY_PATH=/home/jiataoding/franco_ros2_franka_ws/src/install/franka_semantic_components/lib:/home/jiataoding/franco_ros2_franka_ws/src/install/franka_hardware/lib:/home/jiataoding/franco_ros2_franka_ws/src/install/franka_msgs/lib:/home/jiataoding/franco_ros2_franka_ws/src/install/joint_impedance_controller/lib:/home/jiataoding/franco_ros2_franka_ws/src/install/integration_launch_testing/lib:/home/jiataoding/franco_ros2_franka_ws/src/install/gravity_compensation/lib:/home/jiataoding/franco_ros2_franka_ws/src/install/franka_robot_state_broadcaster/lib:/home/jiataoding/franco_ros2_franka_ws/src/install/franka_example_controllers/lib:/home/jiataoding/franco_ros2_franka_ws/src/install/franka_ign_ros2_control/lib:/home/jiataoding/franco_ros2_franka_ws/src/install/franka_gripper/lib:/home/jiataoding/franco_ros2_franka_ws/src/install/cartesian_impedance_controller/lib:/home/jiataoding/franco_ros2_franka_ws/src/install/effort_controller_base/lib:/home/jiataoding/franco_ros2_franka_ws/src/install/debug_msg/lib:/home/jiataoding/libs/onnxruntime-linux-x64-1.21.0/lib:/home/jiataoding/ros2_franka_ws/install/joint_impedance_controller/lib:/home/jiataoding/ros2_franka_ws/install/integration_launch_testing/lib:/home/jiataoding/ros2_franka_ws/install/gravity_compensation/lib:/home/jiataoding/ros2_franka_ws/install/franka_robot_state_broadcaster/lib:/home/jiataoding/ros2_franka_ws/install/franka_example_controllers/lib:/home/jiataoding/ros2_franka_ws/install/franka_semantic_components/lib:/home/jiataoding/ros2_franka_ws/install/franka_ign_ros2_control/lib:/home/jiataoding/ros2_franka_ws/install/franka_hardware/lib:/home/jiataoding/ros2_franka_ws/install/franka_gripper/lib:/home/jiataoding/ros2_franka_ws/install/franka_msgs/lib:/home/jiataoding/ros2_franka_ws/install/cartesian_impedance_controller/lib:/home/jiataoding/ros2_franka_ws/install/effort_controller_base/lib:/home/jiataoding/ros2_franka_ws/install/debug_msg/lib:/home/jiataoding/franco_ros2_franka_ws/install/joint_impedance_controller/lib:/home/jiataoding/franco_ros2_franka_ws/install/integration_launch_testing/lib:/home/jiataoding/franco_ros2_franka_ws/install/gravity_compensation/lib:/home/jiataoding/franco_ros2_franka_ws/install/franka_robot_state_broadcaster/lib:/home/jiataoding/franco_ros2_franka_ws/install/franka_example_controllers/lib:/home/jiataoding/franco_ros2_franka_ws/install/franka_semantic_components/lib:/home/jiataoding/franco_ros2_franka_ws/install/franka_ign_ros2_control/lib:/home/jiataoding/franco_ros2_franka_ws/install/franka_hardware/lib:/home/jiataoding/franco_ros2_franka_ws/install/franka_gripper/lib:/home/jiataoding/franco_ros2_franka_ws/install/franka_msgs/lib:/home/jiataoding/franco_ros2_franka_ws/install/cartesian_impedance_controller/lib:/home/jiataoding/franco_ros2_franka_ws/install/effort_controller_base/lib:/home/jiataoding/franco_ros2_franka_ws/install/debug_msg/lib:/opt/openrobots/lib:/opt/ros/humble/opt/rviz_ogre_vendor/lib:/opt/ros/humble/lib/x86_64-linux-gnu:/opt/ros/humble/lib /usr/bin/cmake --build /home/jiataoding/franco_ros2_franka_ws/src/build/franka_example_controllers -- -j24 -l24
[1.552s] DEBUG:colcon.colcon_core.event_handler.log_command:Invoking command in '/home/jiataoding/franco_ros2_franka_ws/src/build/franka_fr3_moveit_config': CMAKE_PREFIX_PATH=/home/jiataoding/franco_ros2_franka_ws/src/install/franka_hardware:/home/jiataoding/franco_ros2_franka_ws/src/install/franka_gripper:/home/jiataoding/franco_ros2_franka_ws/src/install/franka_msgs:/home/jiataoding/franco_ros2_franka_ws/src/install/franka_description:/home/jiataoding/franco_ros2_franka_ws/src/install/joint_impedance_controller:/home/jiataoding/franco_ros2_franka_ws/src/install/integration_launch_testing:/home/jiataoding/franco_ros2_franka_ws/src/install/idra_franka_launch:/home/jiataoding/franco_ros2_franka_ws/src/install/gravity_compensation:/home/jiataoding/franco_ros2_franka_ws/src/install/franka_task_pipeline:/home/jiataoding/franco_ros2_franka_ws/src/install/franka_ros2:/home/jiataoding/franco_ros2_franka_ws/src/install/franka_bringup:/home/jiataoding/franco_ros2_franka_ws/src/install/franka_robot_state_broadcaster:/home/jiataoding/franco_ros2_franka_ws/src/install/franka_example_controllers:/home/jiataoding/franco_ros2_franka_ws/src/install/franka_semantic_components:/home/jiataoding/franco_ros2_franka_ws/src/install/franka_gazebo_bringup:/home/jiataoding/franco_ros2_franka_ws/src/install/franka_ign_ros2_control:/home/jiataoding/franco_ros2_franka_ws/src/install/franka_fr3_moveit_config:/home/jiataoding/franco_ros2_franka_ws/src/install/cartesian_impedance_controller:/opt/ros/humble:/home/jiataoding/franco_ros2_franka_ws/src/install/effort_controller_base:/home/jiataoding/franco_ros2_franka_ws/src/install/debug_msg:/home/jiataoding/ros2_franka_ws/install/joint_impedance_controller:/home/jiataoding/ros2_franka_ws/install/integration_launch_testing:/home/jiataoding/ros2_franka_ws/install/idra_franka_launch:/home/jiataoding/ros2_franka_ws/install/gravity_compensation:/home/jiataoding/ros2_franka_ws/install/franka_task_pipeline:/home/jiataoding/ros2_franka_ws/install/franka_ros2:/home/jiataoding/ros2_franka_ws/install/franka_bringup:/home/jiataoding/ros2_franka_ws/install/franka_robot_state_broadcaster:/home/jiataoding/ros2_franka_ws/install/franka_example_controllers:/home/jiataoding/ros2_franka_ws/install/franka_semantic_components:/home/jiataoding/ros2_franka_ws/install/franka_gazebo_bringup:/home/jiataoding/ros2_franka_ws/install/franka_ign_ros2_control:/home/jiataoding/ros2_franka_ws/install/franka_fr3_moveit_config:/home/jiataoding/ros2_franka_ws/install/franka_hardware:/home/jiataoding/ros2_franka_ws/install/franka_gripper:/home/jiataoding/ros2_franka_ws/install/franka_msgs:/home/jiataoding/ros2_franka_ws/install/franka_description:/home/jiataoding/ros2_franka_ws/install/cartesian_impedance_controller:/home/jiataoding/ros2_franka_ws/install/effort_controller_base:/home/jiataoding/ros2_franka_ws/install/debug_msg:/home/jiataoding/franco_ros2_franka_ws/install/joint_impedance_controller:/home/jiataoding/franco_ros2_franka_ws/install/integration_launch_testing:/home/jiataoding/franco_ros2_franka_ws/install/idra_franka_launch:/home/jiataoding/franco_ros2_franka_ws/install/gravity_compensation:/home/jiataoding/franco_ros2_franka_ws/install/franka_task_pipeline:/home/jiataoding/franco_ros2_franka_ws/install/franka_ros2:/home/jiataoding/franco_ros2_franka_ws/install/franka_bringup:/home/jiataoding/franco_ros2_franka_ws/install/franka_robot_state_broadcaster:/home/jiataoding/franco_ros2_franka_ws/install/franka_example_controllers:/home/jiataoding/franco_ros2_franka_ws/install/franka_semantic_components:/home/jiataoding/franco_ros2_franka_ws/install/franka_gazebo_bringup:/home/jiataoding/franco_ros2_franka_ws/install/franka_ign_ros2_control:/home/jiataoding/franco_ros2_franka_ws/install/franka_fr3_moveit_config:/home/jiataoding/franco_ros2_franka_ws/install/franka_hardware:/home/jiataoding/franco_ros2_franka_ws/install/franka_gripper:/home/jiataoding/franco_ros2_franka_ws/install/franka_msgs:/home/jiataoding/franco_ros2_franka_ws/install/franka_description:/home/jiataoding/franco_ros2_franka_ws/install/cartesian_impedance_controller:/home/jiataoding/franco_ros2_franka_ws/install/effort_controller_base:/home/jiataoding/franco_ros2_franka_ws/install/debug_msg:/opt/openrobots LD_LIBRARY_PATH=/home/jiataoding/franco_ros2_franka_ws/src/install/franka_hardware/lib:/home/jiataoding/franco_ros2_franka_ws/src/install/franka_gripper/lib:/home/jiataoding/franco_ros2_franka_ws/src/install/franka_msgs/lib:/home/jiataoding/franco_ros2_franka_ws/src/install/joint_impedance_controller/lib:/home/jiataoding/franco_ros2_franka_ws/src/install/integration_launch_testing/lib:/home/jiataoding/franco_ros2_franka_ws/src/install/gravity_compensation/lib:/home/jiataoding/franco_ros2_franka_ws/src/install/franka_robot_state_broadcaster/lib:/home/jiataoding/franco_ros2_franka_ws/src/install/franka_example_controllers/lib:/home/jiataoding/franco_ros2_franka_ws/src/install/franka_semantic_components/lib:/home/jiataoding/franco_ros2_franka_ws/src/install/franka_ign_ros2_control/lib:/home/jiataoding/franco_ros2_franka_ws/src/install/cartesian_impedance_controller/lib:/home/jiataoding/franco_ros2_franka_ws/src/install/effort_controller_base/lib:/home/jiataoding/franco_ros2_franka_ws/src/install/debug_msg/lib:/home/jiataoding/libs/onnxruntime-linux-x64-1.21.0/lib:/home/jiataoding/ros2_franka_ws/install/joint_impedance_controller/lib:/home/jiataoding/ros2_franka_ws/install/integration_launch_testing/lib:/home/jiataoding/ros2_franka_ws/install/gravity_compensation/lib:/home/jiataoding/ros2_franka_ws/install/franka_robot_state_broadcaster/lib:/home/jiataoding/ros2_franka_ws/install/franka_example_controllers/lib:/home/jiataoding/ros2_franka_ws/install/franka_semantic_components/lib:/home/jiataoding/ros2_franka_ws/install/franka_ign_ros2_control/lib:/home/jiataoding/ros2_franka_ws/install/franka_hardware/lib:/home/jiataoding/ros2_franka_ws/install/franka_gripper/lib:/home/jiataoding/ros2_franka_ws/install/franka_msgs/lib:/home/jiataoding/ros2_franka_ws/install/cartesian_impedance_controller/lib:/home/jiataoding/ros2_franka_ws/install/effort_controller_base/lib:/home/jiataoding/ros2_franka_ws/install/debug_msg/lib:/home/jiataoding/franco_ros2_franka_ws/install/joint_impedance_controller/lib:/home/jiataoding/franco_ros2_franka_ws/install/integration_launch_testing/lib:/home/jiataoding/franco_ros2_franka_ws/install/gravity_compensation/lib:/home/jiataoding/franco_ros2_franka_ws/install/franka_robot_state_broadcaster/lib:/home/jiataoding/franco_ros2_franka_ws/install/franka_example_controllers/lib:/home/jiataoding/franco_ros2_franka_ws/install/franka_semantic_components/lib:/home/jiataoding/franco_ros2_franka_ws/install/franka_ign_ros2_control/lib:/home/jiataoding/franco_ros2_franka_ws/install/franka_hardware/lib:/home/jiataoding/franco_ros2_franka_ws/install/franka_gripper/lib:/home/jiataoding/franco_ros2_franka_ws/install/franka_msgs/lib:/home/jiataoding/franco_ros2_franka_ws/install/cartesian_impedance_controller/lib:/home/jiataoding/franco_ros2_franka_ws/install/effort_controller_base/lib:/home/jiataoding/franco_ros2_franka_ws/install/debug_msg/lib:/opt/openrobots/lib:/opt/ros/humble/opt/rviz_ogre_vendor/lib:/opt/ros/humble/lib/x86_64-linux-gnu:/opt/ros/humble/lib /usr/bin/cmake --build /home/jiataoding/franco_ros2_franka_ws/src/build/franka_fr3_moveit_config -- -j24 -l24
[1.576s] DEBUG:colcon.colcon_core.event_handler.log_command:Invoked command in '/home/jiataoding/franco_ros2_franka_ws/src/build/franka_gazebo_bringup' returned '0': CMAKE_PREFIX_PATH=/home/jiataoding/franco_ros2_franka_ws/src/install/franka_ign_ros2_control:/home/jiataoding/franco_ros2_franka_ws/src/install/franka_hardware:/home/jiataoding/franco_ros2_franka_ws/src/install/franka_msgs:/home/jiataoding/franco_ros2_franka_ws/src/install/franka_description:/home/jiataoding/franco_ros2_franka_ws/src/install/joint_impedance_controller:/home/jiataoding/franco_ros2_franka_ws/src/install/integration_launch_testing:/home/jiataoding/franco_ros2_franka_ws/src/install/idra_franka_launch:/home/jiataoding/franco_ros2_franka_ws/src/install/gravity_compensation:/home/jiataoding/franco_ros2_franka_ws/src/install/franka_task_pipeline:/home/jiataoding/franco_ros2_franka_ws/src/install/franka_ros2:/home/jiataoding/franco_ros2_franka_ws/src/install/franka_bringup:/home/jiataoding/franco_ros2_franka_ws/src/install/franka_robot_state_broadcaster:/home/jiataoding/franco_ros2_franka_ws/src/install/franka_example_controllers:/home/jiataoding/franco_ros2_franka_ws/src/install/franka_semantic_components:/home/jiataoding/franco_ros2_franka_ws/src/install/franka_gazebo_bringup:/home/jiataoding/franco_ros2_franka_ws/src/install/franka_fr3_moveit_config:/home/jiataoding/franco_ros2_franka_ws/src/install/franka_gripper:/home/jiataoding/franco_ros2_franka_ws/src/install/cartesian_impedance_controller:/opt/ros/humble:/home/jiataoding/franco_ros2_franka_ws/src/install/effort_controller_base:/home/jiataoding/franco_ros2_franka_ws/src/install/debug_msg:/home/jiataoding/ros2_franka_ws/install/joint_impedance_controller:/home/jiataoding/ros2_franka_ws/install/integration_launch_testing:/home/jiataoding/ros2_franka_ws/install/idra_franka_launch:/home/jiataoding/ros2_franka_ws/install/gravity_compensation:/home/jiataoding/ros2_franka_ws/install/franka_task_pipeline:/home/jiataoding/ros2_franka_ws/install/franka_ros2:/home/jiataoding/ros2_franka_ws/install/franka_bringup:/home/jiataoding/ros2_franka_ws/install/franka_robot_state_broadcaster:/home/jiataoding/ros2_franka_ws/install/franka_example_controllers:/home/jiataoding/ros2_franka_ws/install/franka_semantic_components:/home/jiataoding/ros2_franka_ws/install/franka_gazebo_bringup:/home/jiataoding/ros2_franka_ws/install/franka_ign_ros2_control:/home/jiataoding/ros2_franka_ws/install/franka_fr3_moveit_config:/home/jiataoding/ros2_franka_ws/install/franka_hardware:/home/jiataoding/ros2_franka_ws/install/franka_gripper:/home/jiataoding/ros2_franka_ws/install/franka_msgs:/home/jiataoding/ros2_franka_ws/install/franka_description:/home/jiataoding/ros2_franka_ws/install/cartesian_impedance_controller:/home/jiataoding/ros2_franka_ws/install/effort_controller_base:/home/jiataoding/ros2_franka_ws/install/debug_msg:/home/jiataoding/franco_ros2_franka_ws/install/joint_impedance_controller:/home/jiataoding/franco_ros2_franka_ws/install/integration_launch_testing:/home/jiataoding/franco_ros2_franka_ws/install/idra_franka_launch:/home/jiataoding/franco_ros2_franka_ws/install/gravity_compensation:/home/jiataoding/franco_ros2_franka_ws/install/franka_task_pipeline:/home/jiataoding/franco_ros2_franka_ws/install/franka_ros2:/home/jiataoding/franco_ros2_franka_ws/install/franka_bringup:/home/jiataoding/franco_ros2_franka_ws/install/franka_robot_state_broadcaster:/home/jiataoding/franco_ros2_franka_ws/install/franka_example_controllers:/home/jiataoding/franco_ros2_franka_ws/install/franka_semantic_components:/home/jiataoding/franco_ros2_franka_ws/install/franka_gazebo_bringup:/home/jiataoding/franco_ros2_franka_ws/install/franka_ign_ros2_control:/home/jiataoding/franco_ros2_franka_ws/install/franka_fr3_moveit_config:/home/jiataoding/franco_ros2_franka_ws/install/franka_hardware:/home/jiataoding/franco_ros2_franka_ws/install/franka_gripper:/home/jiataoding/franco_ros2_franka_ws/install/franka_msgs:/home/jiataoding/franco_ros2_franka_ws/install/franka_description:/home/jiataoding/franco_ros2_franka_ws/install/cartesian_impedance_controller:/home/jiataoding/franco_ros2_franka_ws/install/effort_controller_base:/home/jiataoding/franco_ros2_franka_ws/install/debug_msg:/opt/openrobots LD_LIBRARY_PATH=/home/jiataoding/franco_ros2_franka_ws/src/install/franka_ign_ros2_control/lib:/home/jiataoding/franco_ros2_franka_ws/src/install/franka_hardware/lib:/home/jiataoding/franco_ros2_franka_ws/src/install/franka_msgs/lib:/home/jiataoding/franco_ros2_franka_ws/src/install/joint_impedance_controller/lib:/home/jiataoding/franco_ros2_franka_ws/src/install/integration_launch_testing/lib:/home/jiataoding/franco_ros2_franka_ws/src/install/gravity_compensation/lib:/home/jiataoding/franco_ros2_franka_ws/src/install/franka_robot_state_broadcaster/lib:/home/jiataoding/franco_ros2_franka_ws/src/install/franka_example_controllers/lib:/home/jiataoding/franco_ros2_franka_ws/src/install/franka_semantic_components/lib:/home/jiataoding/franco_ros2_franka_ws/src/install/franka_gripper/lib:/home/jiataoding/franco_ros2_franka_ws/src/install/cartesian_impedance_controller/lib:/home/jiataoding/franco_ros2_franka_ws/src/install/effort_controller_base/lib:/home/jiataoding/franco_ros2_franka_ws/src/install/debug_msg/lib:/home/jiataoding/libs/onnxruntime-linux-x64-1.21.0/lib:/home/jiataoding/ros2_franka_ws/install/joint_impedance_controller/lib:/home/jiataoding/ros2_franka_ws/install/integration_launch_testing/lib:/home/jiataoding/ros2_franka_ws/install/gravity_compensation/lib:/home/jiataoding/ros2_franka_ws/install/franka_robot_state_broadcaster/lib:/home/jiataoding/ros2_franka_ws/install/franka_example_controllers/lib:/home/jiataoding/ros2_franka_ws/install/franka_semantic_components/lib:/home/jiataoding/ros2_franka_ws/install/franka_ign_ros2_control/lib:/home/jiataoding/ros2_franka_ws/install/franka_hardware/lib:/home/jiataoding/ros2_franka_ws/install/franka_gripper/lib:/home/jiataoding/ros2_franka_ws/install/franka_msgs/lib:/home/jiataoding/ros2_franka_ws/install/cartesian_impedance_controller/lib:/home/jiataoding/ros2_franka_ws/install/effort_controller_base/lib:/home/jiataoding/ros2_franka_ws/install/debug_msg/lib:/home/jiataoding/franco_ros2_franka_ws/install/joint_impedance_controller/lib:/home/jiataoding/franco_ros2_franka_ws/install/integration_launch_testing/lib:/home/jiataoding/franco_ros2_franka_ws/install/gravity_compensation/lib:/home/jiataoding/franco_ros2_franka_ws/install/franka_robot_state_broadcaster/lib:/home/jiataoding/franco_ros2_franka_ws/install/franka_example_controllers/lib:/home/jiataoding/franco_ros2_franka_ws/install/franka_semantic_components/lib:/home/jiataoding/franco_ros2_franka_ws/install/franka_ign_ros2_control/lib:/home/jiataoding/franco_ros2_franka_ws/install/franka_hardware/lib:/home/jiataoding/franco_ros2_franka_ws/install/franka_gripper/lib:/home/jiataoding/franco_ros2_franka_ws/install/franka_msgs/lib:/home/jiataoding/franco_ros2_franka_ws/install/cartesian_impedance_controller/lib:/home/jiataoding/franco_ros2_franka_ws/install/effort_controller_base/lib:/home/jiataoding/franco_ros2_franka_ws/install/debug_msg/lib:/opt/openrobots/lib:/opt/ros/humble/opt/rviz_ogre_vendor/lib:/opt/ros/humble/lib/x86_64-linux-gnu:/opt/ros/humble/lib /usr/bin/cmake --build /home/jiataoding/franco_ros2_franka_ws/src/build/franka_gazebo_bringup -- -j24 -l24
[1.578s] DEBUG:colcon.colcon_core.event_handler.log_command:Invoking command in '/home/jiataoding/franco_ros2_franka_ws/src/build/franka_gazebo_bringup': CMAKE_PREFIX_PATH=/home/jiataoding/franco_ros2_franka_ws/src/install/franka_ign_ros2_control:/home/jiataoding/franco_ros2_franka_ws/src/install/franka_hardware:/home/jiataoding/franco_ros2_franka_ws/src/install/franka_msgs:/home/jiataoding/franco_ros2_franka_ws/src/install/franka_description:/home/jiataoding/franco_ros2_franka_ws/src/install/joint_impedance_controller:/home/jiataoding/franco_ros2_franka_ws/src/install/integration_launch_testing:/home/jiataoding/franco_ros2_franka_ws/src/install/idra_franka_launch:/home/jiataoding/franco_ros2_franka_ws/src/install/gravity_compensation:/home/jiataoding/franco_ros2_franka_ws/src/install/franka_task_pipeline:/home/jiataoding/franco_ros2_franka_ws/src/install/franka_ros2:/home/jiataoding/franco_ros2_franka_ws/src/install/franka_bringup:/home/jiataoding/franco_ros2_franka_ws/src/install/franka_robot_state_broadcaster:/home/jiataoding/franco_ros2_franka_ws/src/install/franka_example_controllers:/home/jiataoding/franco_ros2_franka_ws/src/install/franka_semantic_components:/home/jiataoding/franco_ros2_franka_ws/src/install/franka_gazebo_bringup:/home/jiataoding/franco_ros2_franka_ws/src/install/franka_fr3_moveit_config:/home/jiataoding/franco_ros2_franka_ws/src/install/franka_gripper:/home/jiataoding/franco_ros2_franka_ws/src/install/cartesian_impedance_controller:/opt/ros/humble:/home/jiataoding/franco_ros2_franka_ws/src/install/effort_controller_base:/home/jiataoding/franco_ros2_franka_ws/src/install/debug_msg:/home/jiataoding/ros2_franka_ws/install/joint_impedance_controller:/home/jiataoding/ros2_franka_ws/install/integration_launch_testing:/home/jiataoding/ros2_franka_ws/install/idra_franka_launch:/home/jiataoding/ros2_franka_ws/install/gravity_compensation:/home/jiataoding/ros2_franka_ws/install/franka_task_pipeline:/home/jiataoding/ros2_franka_ws/install/franka_ros2:/home/jiataoding/ros2_franka_ws/install/franka_bringup:/home/jiataoding/ros2_franka_ws/install/franka_robot_state_broadcaster:/home/jiataoding/ros2_franka_ws/install/franka_example_controllers:/home/jiataoding/ros2_franka_ws/install/franka_semantic_components:/home/jiataoding/ros2_franka_ws/install/franka_gazebo_bringup:/home/jiataoding/ros2_franka_ws/install/franka_ign_ros2_control:/home/jiataoding/ros2_franka_ws/install/franka_fr3_moveit_config:/home/jiataoding/ros2_franka_ws/install/franka_hardware:/home/jiataoding/ros2_franka_ws/install/franka_gripper:/home/jiataoding/ros2_franka_ws/install/franka_msgs:/home/jiataoding/ros2_franka_ws/install/franka_description:/home/jiataoding/ros2_franka_ws/install/cartesian_impedance_controller:/home/jiataoding/ros2_franka_ws/install/effort_controller_base:/home/jiataoding/ros2_franka_ws/install/debug_msg:/home/jiataoding/franco_ros2_franka_ws/install/joint_impedance_controller:/home/jiataoding/franco_ros2_franka_ws/install/integration_launch_testing:/home/jiataoding/franco_ros2_franka_ws/install/idra_franka_launch:/home/jiataoding/franco_ros2_franka_ws/install/gravity_compensation:/home/jiataoding/franco_ros2_franka_ws/install/franka_task_pipeline:/home/jiataoding/franco_ros2_franka_ws/install/franka_ros2:/home/jiataoding/franco_ros2_franka_ws/install/franka_bringup:/home/jiataoding/franco_ros2_franka_ws/install/franka_robot_state_broadcaster:/home/jiataoding/franco_ros2_franka_ws/install/franka_example_controllers:/home/jiataoding/franco_ros2_franka_ws/install/franka_semantic_components:/home/jiataoding/franco_ros2_franka_ws/install/franka_gazebo_bringup:/home/jiataoding/franco_ros2_franka_ws/install/franka_ign_ros2_control:/home/jiataoding/franco_ros2_franka_ws/install/franka_fr3_moveit_config:/home/jiataoding/franco_ros2_franka_ws/install/franka_hardware:/home/jiataoding/franco_ros2_franka_ws/install/franka_gripper:/home/jiataoding/franco_ros2_franka_ws/install/franka_msgs:/home/jiataoding/franco_ros2_franka_ws/install/franka_description:/home/jiataoding/franco_ros2_franka_ws/install/cartesian_impedance_controller:/home/jiataoding/franco_ros2_franka_ws/install/effort_controller_base:/home/jiataoding/franco_ros2_franka_ws/install/debug_msg:/opt/openrobots LD_LIBRARY_PATH=/home/jiataoding/franco_ros2_franka_ws/src/install/franka_ign_ros2_control/lib:/home/jiataoding/franco_ros2_franka_ws/src/install/franka_hardware/lib:/home/jiataoding/franco_ros2_franka_ws/src/install/franka_msgs/lib:/home/jiataoding/franco_ros2_franka_ws/src/install/joint_impedance_controller/lib:/home/jiataoding/franco_ros2_franka_ws/src/install/integration_launch_testing/lib:/home/jiataoding/franco_ros2_franka_ws/src/install/gravity_compensation/lib:/home/jiataoding/franco_ros2_franka_ws/src/install/franka_robot_state_broadcaster/lib:/home/jiataoding/franco_ros2_franka_ws/src/install/franka_example_controllers/lib:/home/jiataoding/franco_ros2_franka_ws/src/install/franka_semantic_components/lib:/home/jiataoding/franco_ros2_franka_ws/src/install/franka_gripper/lib:/home/jiataoding/franco_ros2_franka_ws/src/install/cartesian_impedance_controller/lib:/home/jiataoding/franco_ros2_franka_ws/src/install/effort_controller_base/lib:/home/jiataoding/franco_ros2_franka_ws/src/install/debug_msg/lib:/home/jiataoding/libs/onnxruntime-linux-x64-1.21.0/lib:/home/jiataoding/ros2_franka_ws/install/joint_impedance_controller/lib:/home/jiataoding/ros2_franka_ws/install/integration_launch_testing/lib:/home/jiataoding/ros2_franka_ws/install/gravity_compensation/lib:/home/jiataoding/ros2_franka_ws/install/franka_robot_state_broadcaster/lib:/home/jiataoding/ros2_franka_ws/install/franka_example_controllers/lib:/home/jiataoding/ros2_franka_ws/install/franka_semantic_components/lib:/home/jiataoding/ros2_franka_ws/install/franka_ign_ros2_control/lib:/home/jiataoding/ros2_franka_ws/install/franka_hardware/lib:/home/jiataoding/ros2_franka_ws/install/franka_gripper/lib:/home/jiataoding/ros2_franka_ws/install/franka_msgs/lib:/home/jiataoding/ros2_franka_ws/install/cartesian_impedance_controller/lib:/home/jiataoding/ros2_franka_ws/install/effort_controller_base/lib:/home/jiataoding/ros2_franka_ws/install/debug_msg/lib:/home/jiataoding/franco_ros2_franka_ws/install/joint_impedance_controller/lib:/home/jiataoding/franco_ros2_franka_ws/install/integration_launch_testing/lib:/home/jiataoding/franco_ros2_franka_ws/install/gravity_compensation/lib:/home/jiataoding/franco_ros2_franka_ws/install/franka_robot_state_broadcaster/lib:/home/jiataoding/franco_ros2_franka_ws/install/franka_example_controllers/lib:/home/jiataoding/franco_ros2_franka_ws/install/franka_semantic_components/lib:/home/jiataoding/franco_ros2_franka_ws/install/franka_ign_ros2_control/lib:/home/jiataoding/franco_ros2_franka_ws/install/franka_hardware/lib:/home/jiataoding/franco_ros2_franka_ws/install/franka_gripper/lib:/home/jiataoding/franco_ros2_franka_ws/install/franka_msgs/lib:/home/jiataoding/franco_ros2_franka_ws/install/cartesian_impedance_controller/lib:/home/jiataoding/franco_ros2_franka_ws/install/effort_controller_base/lib:/home/jiataoding/franco_ros2_franka_ws/install/debug_msg/lib:/opt/openrobots/lib:/opt/ros/humble/opt/rviz_ogre_vendor/lib:/opt/ros/humble/lib/x86_64-linux-gnu:/opt/ros/humble/lib /usr/bin/cmake --install /home/jiataoding/franco_ros2_franka_ws/src/build/franka_gazebo_bringup
[1.612s] Level 1:colcon.colcon_core.environment:create_environment_scripts_only(franka_gazebo_bringup)
[1.613s] Level 1:colcon.colcon_core.environment:checking '/home/jiataoding/franco_ros2_franka_ws/src/install/franka_gazebo_bringup' for CMake module files
[1.613s] DEBUG:colcon.colcon_core.event_handler.log_command:Invoked command in '/home/jiataoding/franco_ros2_franka_ws/src/build/franka_gazebo_bringup' returned '0': CMAKE_PREFIX_PATH=/home/jiataoding/franco_ros2_franka_ws/src/install/franka_ign_ros2_control:/home/jiataoding/franco_ros2_franka_ws/src/install/franka_hardware:/home/jiataoding/franco_ros2_franka_ws/src/install/franka_msgs:/home/jiataoding/franco_ros2_franka_ws/src/install/franka_description:/home/jiataoding/franco_ros2_franka_ws/src/install/joint_impedance_controller:/home/jiataoding/franco_ros2_franka_ws/src/install/integration_launch_testing:/home/jiataoding/franco_ros2_franka_ws/src/install/idra_franka_launch:/home/jiataoding/franco_ros2_franka_ws/src/install/gravity_compensation:/home/jiataoding/franco_ros2_franka_ws/src/install/franka_task_pipeline:/home/jiataoding/franco_ros2_franka_ws/src/install/franka_ros2:/home/jiataoding/franco_ros2_franka_ws/src/install/franka_bringup:/home/jiataoding/franco_ros2_franka_ws/src/install/franka_robot_state_broadcaster:/home/jiataoding/franco_ros2_franka_ws/src/install/franka_example_controllers:/home/jiataoding/franco_ros2_franka_ws/src/install/franka_semantic_components:/home/jiataoding/franco_ros2_franka_ws/src/install/franka_gazebo_bringup:/home/jiataoding/franco_ros2_franka_ws/src/install/franka_fr3_moveit_config:/home/jiataoding/franco_ros2_franka_ws/src/install/franka_gripper:/home/jiataoding/franco_ros2_franka_ws/src/install/cartesian_impedance_controller:/opt/ros/humble:/home/jiataoding/franco_ros2_franka_ws/src/install/effort_controller_base:/home/jiataoding/franco_ros2_franka_ws/src/install/debug_msg:/home/jiataoding/ros2_franka_ws/install/joint_impedance_controller:/home/jiataoding/ros2_franka_ws/install/integration_launch_testing:/home/jiataoding/ros2_franka_ws/install/idra_franka_launch:/home/jiataoding/ros2_franka_ws/install/gravity_compensation:/home/jiataoding/ros2_franka_ws/install/franka_task_pipeline:/home/jiataoding/ros2_franka_ws/install/franka_ros2:/home/jiataoding/ros2_franka_ws/install/franka_bringup:/home/jiataoding/ros2_franka_ws/install/franka_robot_state_broadcaster:/home/jiataoding/ros2_franka_ws/install/franka_example_controllers:/home/jiataoding/ros2_franka_ws/install/franka_semantic_components:/home/jiataoding/ros2_franka_ws/install/franka_gazebo_bringup:/home/jiataoding/ros2_franka_ws/install/franka_ign_ros2_control:/home/jiataoding/ros2_franka_ws/install/franka_fr3_moveit_config:/home/jiataoding/ros2_franka_ws/install/franka_hardware:/home/jiataoding/ros2_franka_ws/install/franka_gripper:/home/jiataoding/ros2_franka_ws/install/franka_msgs:/home/jiataoding/ros2_franka_ws/install/franka_description:/home/jiataoding/ros2_franka_ws/install/cartesian_impedance_controller:/home/jiataoding/ros2_franka_ws/install/effort_controller_base:/home/jiataoding/ros2_franka_ws/install/debug_msg:/home/jiataoding/franco_ros2_franka_ws/install/joint_impedance_controller:/home/jiataoding/franco_ros2_franka_ws/install/integration_launch_testing:/home/jiataoding/franco_ros2_franka_ws/install/idra_franka_launch:/home/jiataoding/franco_ros2_franka_ws/install/gravity_compensation:/home/jiataoding/franco_ros2_franka_ws/install/franka_task_pipeline:/home/jiataoding/franco_ros2_franka_ws/install/franka_ros2:/home/jiataoding/franco_ros2_franka_ws/install/franka_bringup:/home/jiataoding/franco_ros2_franka_ws/install/franka_robot_state_broadcaster:/home/jiataoding/franco_ros2_franka_ws/install/franka_example_controllers:/home/jiataoding/franco_ros2_franka_ws/install/franka_semantic_components:/home/jiataoding/franco_ros2_franka_ws/install/franka_gazebo_bringup:/home/jiataoding/franco_ros2_franka_ws/install/franka_ign_ros2_control:/home/jiataoding/franco_ros2_franka_ws/install/franka_fr3_moveit_config:/home/jiataoding/franco_ros2_franka_ws/install/franka_hardware:/home/jiataoding/franco_ros2_franka_ws/install/franka_gripper:/home/jiataoding/franco_ros2_franka_ws/install/franka_msgs:/home/jiataoding/franco_ros2_franka_ws/install/franka_description:/home/jiataoding/franco_ros2_franka_ws/install/cartesian_impedance_controller:/home/jiataoding/franco_ros2_franka_ws/install/effort_controller_base:/home/jiataoding/franco_ros2_franka_ws/install/debug_msg:/opt/openrobots LD_LIBRARY_PATH=/home/jiataoding/franco_ros2_franka_ws/src/install/franka_ign_ros2_control/lib:/home/jiataoding/franco_ros2_franka_ws/src/install/franka_hardware/lib:/home/jiataoding/franco_ros2_franka_ws/src/install/franka_msgs/lib:/home/jiataoding/franco_ros2_franka_ws/src/install/joint_impedance_controller/lib:/home/jiataoding/franco_ros2_franka_ws/src/install/integration_launch_testing/lib:/home/jiataoding/franco_ros2_franka_ws/src/install/gravity_compensation/lib:/home/jiataoding/franco_ros2_franka_ws/src/install/franka_robot_state_broadcaster/lib:/home/jiataoding/franco_ros2_franka_ws/src/install/franka_example_controllers/lib:/home/jiataoding/franco_ros2_franka_ws/src/install/franka_semantic_components/lib:/home/jiataoding/franco_ros2_franka_ws/src/install/franka_gripper/lib:/home/jiataoding/franco_ros2_franka_ws/src/install/cartesian_impedance_controller/lib:/home/jiataoding/franco_ros2_franka_ws/src/install/effort_controller_base/lib:/home/jiataoding/franco_ros2_franka_ws/src/install/debug_msg/lib:/home/jiataoding/libs/onnxruntime-linux-x64-1.21.0/lib:/home/jiataoding/ros2_franka_ws/install/joint_impedance_controller/lib:/home/jiataoding/ros2_franka_ws/install/integration_launch_testing/lib:/home/jiataoding/ros2_franka_ws/install/gravity_compensation/lib:/home/jiataoding/ros2_franka_ws/install/franka_robot_state_broadcaster/lib:/home/jiataoding/ros2_franka_ws/install/franka_example_controllers/lib:/home/jiataoding/ros2_franka_ws/install/franka_semantic_components/lib:/home/jiataoding/ros2_franka_ws/install/franka_ign_ros2_control/lib:/home/jiataoding/ros2_franka_ws/install/franka_hardware/lib:/home/jiataoding/ros2_franka_ws/install/franka_gripper/lib:/home/jiataoding/ros2_franka_ws/install/franka_msgs/lib:/home/jiataoding/ros2_franka_ws/install/cartesian_impedance_controller/lib:/home/jiataoding/ros2_franka_ws/install/effort_controller_base/lib:/home/jiataoding/ros2_franka_ws/install/debug_msg/lib:/home/jiataoding/franco_ros2_franka_ws/install/joint_impedance_controller/lib:/home/jiataoding/franco_ros2_franka_ws/install/integration_launch_testing/lib:/home/jiataoding/franco_ros2_franka_ws/install/gravity_compensation/lib:/home/jiataoding/franco_ros2_franka_ws/install/franka_robot_state_broadcaster/lib:/home/jiataoding/franco_ros2_franka_ws/install/franka_example_controllers/lib:/home/jiataoding/franco_ros2_franka_ws/install/franka_semantic_components/lib:/home/jiataoding/franco_ros2_franka_ws/install/franka_ign_ros2_control/lib:/home/jiataoding/franco_ros2_franka_ws/install/franka_hardware/lib:/home/jiataoding/franco_ros2_franka_ws/install/franka_gripper/lib:/home/jiataoding/franco_ros2_franka_ws/install/franka_msgs/lib:/home/jiataoding/franco_ros2_franka_ws/install/cartesian_impedance_controller/lib:/home/jiataoding/franco_ros2_franka_ws/install/effort_controller_base/lib:/home/jiataoding/franco_ros2_franka_ws/install/debug_msg/lib:/opt/openrobots/lib:/opt/ros/humble/opt/rviz_ogre_vendor/lib:/opt/ros/humble/lib/x86_64-linux-gnu:/opt/ros/humble/lib /usr/bin/cmake --install /home/jiataoding/franco_ros2_franka_ws/src/build/franka_gazebo_bringup
[1.614s] Level 1:colcon.colcon_core.environment:checking '/home/jiataoding/franco_ros2_franka_ws/src/install/franka_gazebo_bringup' for CMake config files
[1.615s] Level 1:colcon.colcon_core.shell:create_environment_hook('franka_gazebo_bringup', 'cmake_prefix_path')
[1.615s] INFO:colcon.colcon_core.shell:Creating environment hook '/home/jiataoding/franco_ros2_franka_ws/src/install/franka_gazebo_bringup/share/franka_gazebo_bringup/hook/cmake_prefix_path.ps1'
[1.615s] INFO:colcon.colcon_core.shell:Creating environment descriptor '/home/jiataoding/franco_ros2_franka_ws/src/install/franka_gazebo_bringup/share/franka_gazebo_bringup/hook/cmake_prefix_path.dsv'
[1.616s] INFO:colcon.colcon_core.shell:Creating environment hook '/home/jiataoding/franco_ros2_franka_ws/src/install/franka_gazebo_bringup/share/franka_gazebo_bringup/hook/cmake_prefix_path.sh'
[1.616s] Level 1:colcon.colcon_core.environment:checking '/home/jiataoding/franco_ros2_franka_ws/src/install/franka_gazebo_bringup/bin'
[1.616s] Level 1:colcon.colcon_core.environment:checking '/home/jiataoding/franco_ros2_franka_ws/src/install/franka_gazebo_bringup/lib/pkgconfig/franka_gazebo_bringup.pc'
[1.617s] Level 1:colcon.colcon_core.environment:checking '/home/jiataoding/franco_ros2_franka_ws/src/install/franka_gazebo_bringup/lib/python3.10/site-packages'
[1.617s] Level 1:colcon.colcon_core.environment:checking '/home/jiataoding/franco_ros2_franka_ws/src/install/franka_gazebo_bringup/bin'
[1.617s] INFO:colcon.colcon_core.shell:Creating package script '/home/jiataoding/franco_ros2_franka_ws/src/install/franka_gazebo_bringup/share/franka_gazebo_bringup/package.ps1'
[1.618s] INFO:colcon.colcon_core.shell:Creating package descriptor '/home/jiataoding/franco_ros2_franka_ws/src/install/franka_gazebo_bringup/share/franka_gazebo_bringup/package.dsv'
[1.618s] INFO:colcon.colcon_core.shell:Creating package script '/home/jiataoding/franco_ros2_franka_ws/src/install/franka_gazebo_bringup/share/franka_gazebo_bringup/package.sh'
[1.618s] INFO:colcon.colcon_core.shell:Creating package script '/home/jiataoding/franco_ros2_franka_ws/src/install/franka_gazebo_bringup/share/franka_gazebo_bringup/package.bash'
[1.619s] INFO:colcon.colcon_core.shell:Creating package script '/home/jiataoding/franco_ros2_franka_ws/src/install/franka_gazebo_bringup/share/franka_gazebo_bringup/package.zsh'
[1.619s] Level 1:colcon.colcon_core.environment:create_file_with_runtime_dependencies(/home/jiataoding/franco_ros2_franka_ws/src/install/franka_gazebo_bringup/share/colcon-core/packages/franka_gazebo_bringup)
[1.620s] Level 1:colcon.colcon_core.environment:create_environment_scripts_only(franka_gazebo_bringup)
[1.620s] Level 1:colcon.colcon_core.environment:checking '/home/jiataoding/franco_ros2_franka_ws/src/install/franka_gazebo_bringup' for CMake module files
[1.620s] Level 1:colcon.colcon_core.environment:checking '/home/jiataoding/franco_ros2_franka_ws/src/install/franka_gazebo_bringup' for CMake config files
[1.621s] Level 1:colcon.colcon_core.shell:create_environment_hook('franka_gazebo_bringup', 'cmake_prefix_path')
[1.621s] INFO:colcon.colcon_core.shell:Creating environment hook '/home/jiataoding/franco_ros2_franka_ws/src/install/franka_gazebo_bringup/share/franka_gazebo_bringup/hook/cmake_prefix_path.ps1'
[1.621s] INFO:colcon.colcon_core.shell:Creating environment descriptor '/home/jiataoding/franco_ros2_franka_ws/src/install/franka_gazebo_bringup/share/franka_gazebo_bringup/hook/cmake_prefix_path.dsv'
[1.622s] INFO:colcon.colcon_core.shell:Creating environment hook '/home/jiataoding/franco_ros2_franka_ws/src/install/franka_gazebo_bringup/share/franka_gazebo_bringup/hook/cmake_prefix_path.sh'
[1.622s] Level 1:colcon.colcon_core.environment:checking '/home/jiataoding/franco_ros2_franka_ws/src/install/franka_gazebo_bringup/bin'
[1.622s] Level 1:colcon.colcon_core.environment:checking '/home/jiataoding/franco_ros2_franka_ws/src/install/franka_gazebo_bringup/lib/pkgconfig/franka_gazebo_bringup.pc'
[1.622s] Level 1:colcon.colcon_core.environment:checking '/home/jiataoding/franco_ros2_franka_ws/src/install/franka_gazebo_bringup/lib/python3.10/site-packages'
[1.623s] Level 1:colcon.colcon_core.environment:checking '/home/jiataoding/franco_ros2_franka_ws/src/install/franka_gazebo_bringup/bin'
[1.623s] INFO:colcon.colcon_core.shell:Creating package script '/home/jiataoding/franco_ros2_franka_ws/src/install/franka_gazebo_bringup/share/franka_gazebo_bringup/package.ps1'
[1.623s] INFO:colcon.colcon_core.shell:Creating package descriptor '/home/jiataoding/franco_ros2_franka_ws/src/install/franka_gazebo_bringup/share/franka_gazebo_bringup/package.dsv'
[1.624s] INFO:colcon.colcon_core.shell:Creating package script '/home/jiataoding/franco_ros2_franka_ws/src/install/franka_gazebo_bringup/share/franka_gazebo_bringup/package.sh'
[1.624s] INFO:colcon.colcon_core.shell:Creating package script '/home/jiataoding/franco_ros2_franka_ws/src/install/franka_gazebo_bringup/share/franka_gazebo_bringup/package.bash'
[1.625s] INFO:colcon.colcon_core.shell:Creating package script '/home/jiataoding/franco_ros2_franka_ws/src/install/franka_gazebo_bringup/share/franka_gazebo_bringup/package.zsh'
[1.625s] Level 1:colcon.colcon_core.environment:create_file_with_runtime_dependencies(/home/jiataoding/franco_ros2_franka_ws/src/install/franka_gazebo_bringup/share/colcon-core/packages/franka_gazebo_bringup)
[1.628s] DEBUG:colcon.colcon_core.event_handler.log_command:Invoked command in '/home/jiataoding/franco_ros2_franka_ws/src/build/franka_fr3_moveit_config' returned '0': CMAKE_PREFIX_PATH=/home/jiataoding/franco_ros2_franka_ws/src/install/franka_hardware:/home/jiataoding/franco_ros2_franka_ws/src/install/franka_gripper:/home/jiataoding/franco_ros2_franka_ws/src/install/franka_msgs:/home/jiataoding/franco_ros2_franka_ws/src/install/franka_description:/home/jiataoding/franco_ros2_franka_ws/src/install/joint_impedance_controller:/home/jiataoding/franco_ros2_franka_ws/src/install/integration_launch_testing:/home/jiataoding/franco_ros2_franka_ws/src/install/idra_franka_launch:/home/jiataoding/franco_ros2_franka_ws/src/install/gravity_compensation:/home/jiataoding/franco_ros2_franka_ws/src/install/franka_task_pipeline:/home/jiataoding/franco_ros2_franka_ws/src/install/franka_ros2:/home/jiataoding/franco_ros2_franka_ws/src/install/franka_bringup:/home/jiataoding/franco_ros2_franka_ws/src/install/franka_robot_state_broadcaster:/home/jiataoding/franco_ros2_franka_ws/src/install/franka_example_controllers:/home/jiataoding/franco_ros2_franka_ws/src/install/franka_semantic_components:/home/jiataoding/franco_ros2_franka_ws/src/install/franka_gazebo_bringup:/home/jiataoding/franco_ros2_franka_ws/src/install/franka_ign_ros2_control:/home/jiataoding/franco_ros2_franka_ws/src/install/franka_fr3_moveit_config:/home/jiataoding/franco_ros2_franka_ws/src/install/cartesian_impedance_controller:/opt/ros/humble:/home/jiataoding/franco_ros2_franka_ws/src/install/effort_controller_base:/home/jiataoding/franco_ros2_franka_ws/src/install/debug_msg:/home/jiataoding/ros2_franka_ws/install/joint_impedance_controller:/home/jiataoding/ros2_franka_ws/install/integration_launch_testing:/home/jiataoding/ros2_franka_ws/install/idra_franka_launch:/home/jiataoding/ros2_franka_ws/install/gravity_compensation:/home/jiataoding/ros2_franka_ws/install/franka_task_pipeline:/home/jiataoding/ros2_franka_ws/install/franka_ros2:/home/jiataoding/ros2_franka_ws/install/franka_bringup:/home/jiataoding/ros2_franka_ws/install/franka_robot_state_broadcaster:/home/jiataoding/ros2_franka_ws/install/franka_example_controllers:/home/jiataoding/ros2_franka_ws/install/franka_semantic_components:/home/jiataoding/ros2_franka_ws/install/franka_gazebo_bringup:/home/jiataoding/ros2_franka_ws/install/franka_ign_ros2_control:/home/jiataoding/ros2_franka_ws/install/franka_fr3_moveit_config:/home/jiataoding/ros2_franka_ws/install/franka_hardware:/home/jiataoding/ros2_franka_ws/install/franka_gripper:/home/jiataoding/ros2_franka_ws/install/franka_msgs:/home/jiataoding/ros2_franka_ws/install/franka_description:/home/jiataoding/ros2_franka_ws/install/cartesian_impedance_controller:/home/jiataoding/ros2_franka_ws/install/effort_controller_base:/home/jiataoding/ros2_franka_ws/install/debug_msg:/home/jiataoding/franco_ros2_franka_ws/install/joint_impedance_controller:/home/jiataoding/franco_ros2_franka_ws/install/integration_launch_testing:/home/jiataoding/franco_ros2_franka_ws/install/idra_franka_launch:/home/jiataoding/franco_ros2_franka_ws/install/gravity_compensation:/home/jiataoding/franco_ros2_franka_ws/install/franka_task_pipeline:/home/jiataoding/franco_ros2_franka_ws/install/franka_ros2:/home/jiataoding/franco_ros2_franka_ws/install/franka_bringup:/home/jiataoding/franco_ros2_franka_ws/install/franka_robot_state_broadcaster:/home/jiataoding/franco_ros2_franka_ws/install/franka_example_controllers:/home/jiataoding/franco_ros2_franka_ws/install/franka_semantic_components:/home/jiataoding/franco_ros2_franka_ws/install/franka_gazebo_bringup:/home/jiataoding/franco_ros2_franka_ws/install/franka_ign_ros2_control:/home/jiataoding/franco_ros2_franka_ws/install/franka_fr3_moveit_config:/home/jiataoding/franco_ros2_franka_ws/install/franka_hardware:/home/jiataoding/franco_ros2_franka_ws/install/franka_gripper:/home/jiataoding/franco_ros2_franka_ws/install/franka_msgs:/home/jiataoding/franco_ros2_franka_ws/install/franka_description:/home/jiataoding/franco_ros2_franka_ws/install/cartesian_impedance_controller:/home/jiataoding/franco_ros2_franka_ws/install/effort_controller_base:/home/jiataoding/franco_ros2_franka_ws/install/debug_msg:/opt/openrobots LD_LIBRARY_PATH=/home/jiataoding/franco_ros2_franka_ws/src/install/franka_hardware/lib:/home/jiataoding/franco_ros2_franka_ws/src/install/franka_gripper/lib:/home/jiataoding/franco_ros2_franka_ws/src/install/franka_msgs/lib:/home/jiataoding/franco_ros2_franka_ws/src/install/joint_impedance_controller/lib:/home/jiataoding/franco_ros2_franka_ws/src/install/integration_launch_testing/lib:/home/jiataoding/franco_ros2_franka_ws/src/install/gravity_compensation/lib:/home/jiataoding/franco_ros2_franka_ws/src/install/franka_robot_state_broadcaster/lib:/home/jiataoding/franco_ros2_franka_ws/src/install/franka_example_controllers/lib:/home/jiataoding/franco_ros2_franka_ws/src/install/franka_semantic_components/lib:/home/jiataoding/franco_ros2_franka_ws/src/install/franka_ign_ros2_control/lib:/home/jiataoding/franco_ros2_franka_ws/src/install/cartesian_impedance_controller/lib:/home/jiataoding/franco_ros2_franka_ws/src/install/effort_controller_base/lib:/home/jiataoding/franco_ros2_franka_ws/src/install/debug_msg/lib:/home/jiataoding/libs/onnxruntime-linux-x64-1.21.0/lib:/home/jiataoding/ros2_franka_ws/install/joint_impedance_controller/lib:/home/jiataoding/ros2_franka_ws/install/integration_launch_testing/lib:/home/jiataoding/ros2_franka_ws/install/gravity_compensation/lib:/home/jiataoding/ros2_franka_ws/install/franka_robot_state_broadcaster/lib:/home/jiataoding/ros2_franka_ws/install/franka_example_controllers/lib:/home/jiataoding/ros2_franka_ws/install/franka_semantic_components/lib:/home/jiataoding/ros2_franka_ws/install/franka_ign_ros2_control/lib:/home/jiataoding/ros2_franka_ws/install/franka_hardware/lib:/home/jiataoding/ros2_franka_ws/install/franka_gripper/lib:/home/jiataoding/ros2_franka_ws/install/franka_msgs/lib:/home/jiataoding/ros2_franka_ws/install/cartesian_impedance_controller/lib:/home/jiataoding/ros2_franka_ws/install/effort_controller_base/lib:/home/jiataoding/ros2_franka_ws/install/debug_msg/lib:/home/jiataoding/franco_ros2_franka_ws/install/joint_impedance_controller/lib:/home/jiataoding/franco_ros2_franka_ws/install/integration_launch_testing/lib:/home/jiataoding/franco_ros2_franka_ws/install/gravity_compensation/lib:/home/jiataoding/franco_ros2_franka_ws/install/franka_robot_state_broadcaster/lib:/home/jiataoding/franco_ros2_franka_ws/install/franka_example_controllers/lib:/home/jiataoding/franco_ros2_franka_ws/install/franka_semantic_components/lib:/home/jiataoding/franco_ros2_franka_ws/install/franka_ign_ros2_control/lib:/home/jiataoding/franco_ros2_franka_ws/install/franka_hardware/lib:/home/jiataoding/franco_ros2_franka_ws/install/franka_gripper/lib:/home/jiataoding/franco_ros2_franka_ws/install/franka_msgs/lib:/home/jiataoding/franco_ros2_franka_ws/install/cartesian_impedance_controller/lib:/home/jiataoding/franco_ros2_franka_ws/install/effort_controller_base/lib:/home/jiataoding/franco_ros2_franka_ws/install/debug_msg/lib:/opt/openrobots/lib:/opt/ros/humble/opt/rviz_ogre_vendor/lib:/opt/ros/humble/lib/x86_64-linux-gnu:/opt/ros/humble/lib /usr/bin/cmake --build /home/jiataoding/franco_ros2_franka_ws/src/build/franka_fr3_moveit_config -- -j24 -l24
[1.628s] DEBUG:colcon.colcon_core.event_handler.log_command:Invoking command in '/home/jiataoding/franco_ros2_franka_ws/src/build/franka_fr3_moveit_config': CMAKE_PREFIX_PATH=/home/jiataoding/franco_ros2_franka_ws/src/install/franka_hardware:/home/jiataoding/franco_ros2_franka_ws/src/install/franka_gripper:/home/jiataoding/franco_ros2_franka_ws/src/install/franka_msgs:/home/jiataoding/franco_ros2_franka_ws/src/install/franka_description:/home/jiataoding/franco_ros2_franka_ws/src/install/joint_impedance_controller:/home/jiataoding/franco_ros2_franka_ws/src/install/integration_launch_testing:/home/jiataoding/franco_ros2_franka_ws/src/install/idra_franka_launch:/home/jiataoding/franco_ros2_franka_ws/src/install/gravity_compensation:/home/jiataoding/franco_ros2_franka_ws/src/install/franka_task_pipeline:/home/jiataoding/franco_ros2_franka_ws/src/install/franka_ros2:/home/jiataoding/franco_ros2_franka_ws/src/install/franka_bringup:/home/jiataoding/franco_ros2_franka_ws/src/install/franka_robot_state_broadcaster:/home/jiataoding/franco_ros2_franka_ws/src/install/franka_example_controllers:/home/jiataoding/franco_ros2_franka_ws/src/install/franka_semantic_components:/home/jiataoding/franco_ros2_franka_ws/src/install/franka_gazebo_bringup:/home/jiataoding/franco_ros2_franka_ws/src/install/franka_ign_ros2_control:/home/jiataoding/franco_ros2_franka_ws/src/install/franka_fr3_moveit_config:/home/jiataoding/franco_ros2_franka_ws/src/install/cartesian_impedance_controller:/opt/ros/humble:/home/jiataoding/franco_ros2_franka_ws/src/install/effort_controller_base:/home/jiataoding/franco_ros2_franka_ws/src/install/debug_msg:/home/jiataoding/ros2_franka_ws/install/joint_impedance_controller:/home/jiataoding/ros2_franka_ws/install/integration_launch_testing:/home/jiataoding/ros2_franka_ws/install/idra_franka_launch:/home/jiataoding/ros2_franka_ws/install/gravity_compensation:/home/jiataoding/ros2_franka_ws/install/franka_task_pipeline:/home/jiataoding/ros2_franka_ws/install/franka_ros2:/home/jiataoding/ros2_franka_ws/install/franka_bringup:/home/jiataoding/ros2_franka_ws/install/franka_robot_state_broadcaster:/home/jiataoding/ros2_franka_ws/install/franka_example_controllers:/home/jiataoding/ros2_franka_ws/install/franka_semantic_components:/home/jiataoding/ros2_franka_ws/install/franka_gazebo_bringup:/home/jiataoding/ros2_franka_ws/install/franka_ign_ros2_control:/home/jiataoding/ros2_franka_ws/install/franka_fr3_moveit_config:/home/jiataoding/ros2_franka_ws/install/franka_hardware:/home/jiataoding/ros2_franka_ws/install/franka_gripper:/home/jiataoding/ros2_franka_ws/install/franka_msgs:/home/jiataoding/ros2_franka_ws/install/franka_description:/home/jiataoding/ros2_franka_ws/install/cartesian_impedance_controller:/home/jiataoding/ros2_franka_ws/install/effort_controller_base:/home/jiataoding/ros2_franka_ws/install/debug_msg:/home/jiataoding/franco_ros2_franka_ws/install/joint_impedance_controller:/home/jiataoding/franco_ros2_franka_ws/install/integration_launch_testing:/home/jiataoding/franco_ros2_franka_ws/install/idra_franka_launch:/home/jiataoding/franco_ros2_franka_ws/install/gravity_compensation:/home/jiataoding/franco_ros2_franka_ws/install/franka_task_pipeline:/home/jiataoding/franco_ros2_franka_ws/install/franka_ros2:/home/jiataoding/franco_ros2_franka_ws/install/franka_bringup:/home/jiataoding/franco_ros2_franka_ws/install/franka_robot_state_broadcaster:/home/jiataoding/franco_ros2_franka_ws/install/franka_example_controllers:/home/jiataoding/franco_ros2_franka_ws/install/franka_semantic_components:/home/jiataoding/franco_ros2_franka_ws/install/franka_gazebo_bringup:/home/jiataoding/franco_ros2_franka_ws/install/franka_ign_ros2_control:/home/jiataoding/franco_ros2_franka_ws/install/franka_fr3_moveit_config:/home/jiataoding/franco_ros2_franka_ws/install/franka_hardware:/home/jiataoding/franco_ros2_franka_ws/install/franka_gripper:/home/jiataoding/franco_ros2_franka_ws/install/franka_msgs:/home/jiataoding/franco_ros2_franka_ws/install/franka_description:/home/jiataoding/franco_ros2_franka_ws/install/cartesian_impedance_controller:/home/jiataoding/franco_ros2_franka_ws/install/effort_controller_base:/home/jiataoding/franco_ros2_franka_ws/install/debug_msg:/opt/openrobots LD_LIBRARY_PATH=/home/jiataoding/franco_ros2_franka_ws/src/install/franka_hardware/lib:/home/jiataoding/franco_ros2_franka_ws/src/install/franka_gripper/lib:/home/jiataoding/franco_ros2_franka_ws/src/install/franka_msgs/lib:/home/jiataoding/franco_ros2_franka_ws/src/install/joint_impedance_controller/lib:/home/jiataoding/franco_ros2_franka_ws/src/install/integration_launch_testing/lib:/home/jiataoding/franco_ros2_franka_ws/src/install/gravity_compensation/lib:/home/jiataoding/franco_ros2_franka_ws/src/install/franka_robot_state_broadcaster/lib:/home/jiataoding/franco_ros2_franka_ws/src/install/franka_example_controllers/lib:/home/jiataoding/franco_ros2_franka_ws/src/install/franka_semantic_components/lib:/home/jiataoding/franco_ros2_franka_ws/src/install/franka_ign_ros2_control/lib:/home/jiataoding/franco_ros2_franka_ws/src/install/cartesian_impedance_controller/lib:/home/jiataoding/franco_ros2_franka_ws/src/install/effort_controller_base/lib:/home/jiataoding/franco_ros2_franka_ws/src/install/debug_msg/lib:/home/jiataoding/libs/onnxruntime-linux-x64-1.21.0/lib:/home/jiataoding/ros2_franka_ws/install/joint_impedance_controller/lib:/home/jiataoding/ros2_franka_ws/install/integration_launch_testing/lib:/home/jiataoding/ros2_franka_ws/install/gravity_compensation/lib:/home/jiataoding/ros2_franka_ws/install/franka_robot_state_broadcaster/lib:/home/jiataoding/ros2_franka_ws/install/franka_example_controllers/lib:/home/jiataoding/ros2_franka_ws/install/franka_semantic_components/lib:/home/jiataoding/ros2_franka_ws/install/franka_ign_ros2_control/lib:/home/jiataoding/ros2_franka_ws/install/franka_hardware/lib:/home/jiataoding/ros2_franka_ws/install/franka_gripper/lib:/home/jiataoding/ros2_franka_ws/install/franka_msgs/lib:/home/jiataoding/ros2_franka_ws/install/cartesian_impedance_controller/lib:/home/jiataoding/ros2_franka_ws/install/effort_controller_base/lib:/home/jiataoding/ros2_franka_ws/install/debug_msg/lib:/home/jiataoding/franco_ros2_franka_ws/install/joint_impedance_controller/lib:/home/jiataoding/franco_ros2_franka_ws/install/integration_launch_testing/lib:/home/jiataoding/franco_ros2_franka_ws/install/gravity_compensation/lib:/home/jiataoding/franco_ros2_franka_ws/install/franka_robot_state_broadcaster/lib:/home/jiataoding/franco_ros2_franka_ws/install/franka_example_controllers/lib:/home/jiataoding/franco_ros2_franka_ws/install/franka_semantic_components/lib:/home/jiataoding/franco_ros2_franka_ws/install/franka_ign_ros2_control/lib:/home/jiataoding/franco_ros2_franka_ws/install/franka_hardware/lib:/home/jiataoding/franco_ros2_franka_ws/install/franka_gripper/lib:/home/jiataoding/franco_ros2_franka_ws/install/franka_msgs/lib:/home/jiataoding/franco_ros2_franka_ws/install/cartesian_impedance_controller/lib:/home/jiataoding/franco_ros2_franka_ws/install/effort_controller_base/lib:/home/jiataoding/franco_ros2_franka_ws/install/debug_msg/lib:/opt/openrobots/lib:/opt/ros/humble/opt/rviz_ogre_vendor/lib:/opt/ros/humble/lib/x86_64-linux-gnu:/opt/ros/humble/lib /usr/bin/cmake --install /home/jiataoding/franco_ros2_franka_ws/src/build/franka_fr3_moveit_config
[1.657s] Level 1:colcon.colcon_core.environment:create_environment_scripts_only(franka_fr3_moveit_config)
[1.657s] Level 1:colcon.colcon_core.environment:checking '/home/jiataoding/franco_ros2_franka_ws/src/install/franka_fr3_moveit_config' for CMake module files
[1.658s] DEBUG:colcon.colcon_core.event_handler.log_command:Invoked command in '/home/jiataoding/franco_ros2_franka_ws/src/build/franka_fr3_moveit_config' returned '0': CMAKE_PREFIX_PATH=/home/jiataoding/franco_ros2_franka_ws/src/install/franka_hardware:/home/jiataoding/franco_ros2_franka_ws/src/install/franka_gripper:/home/jiataoding/franco_ros2_franka_ws/src/install/franka_msgs:/home/jiataoding/franco_ros2_franka_ws/src/install/franka_description:/home/jiataoding/franco_ros2_franka_ws/src/install/joint_impedance_controller:/home/jiataoding/franco_ros2_franka_ws/src/install/integration_launch_testing:/home/jiataoding/franco_ros2_franka_ws/src/install/idra_franka_launch:/home/jiataoding/franco_ros2_franka_ws/src/install/gravity_compensation:/home/jiataoding/franco_ros2_franka_ws/src/install/franka_task_pipeline:/home/jiataoding/franco_ros2_franka_ws/src/install/franka_ros2:/home/jiataoding/franco_ros2_franka_ws/src/install/franka_bringup:/home/jiataoding/franco_ros2_franka_ws/src/install/franka_robot_state_broadcaster:/home/jiataoding/franco_ros2_franka_ws/src/install/franka_example_controllers:/home/jiataoding/franco_ros2_franka_ws/src/install/franka_semantic_components:/home/jiataoding/franco_ros2_franka_ws/src/install/franka_gazebo_bringup:/home/jiataoding/franco_ros2_franka_ws/src/install/franka_ign_ros2_control:/home/jiataoding/franco_ros2_franka_ws/src/install/franka_fr3_moveit_config:/home/jiataoding/franco_ros2_franka_ws/src/install/cartesian_impedance_controller:/opt/ros/humble:/home/jiataoding/franco_ros2_franka_ws/src/install/effort_controller_base:/home/jiataoding/franco_ros2_franka_ws/src/install/debug_msg:/home/jiataoding/ros2_franka_ws/install/joint_impedance_controller:/home/jiataoding/ros2_franka_ws/install/integration_launch_testing:/home/jiataoding/ros2_franka_ws/install/idra_franka_launch:/home/jiataoding/ros2_franka_ws/install/gravity_compensation:/home/jiataoding/ros2_franka_ws/install/franka_task_pipeline:/home/jiataoding/ros2_franka_ws/install/franka_ros2:/home/jiataoding/ros2_franka_ws/install/franka_bringup:/home/jiataoding/ros2_franka_ws/install/franka_robot_state_broadcaster:/home/jiataoding/ros2_franka_ws/install/franka_example_controllers:/home/jiataoding/ros2_franka_ws/install/franka_semantic_components:/home/jiataoding/ros2_franka_ws/install/franka_gazebo_bringup:/home/jiataoding/ros2_franka_ws/install/franka_ign_ros2_control:/home/jiataoding/ros2_franka_ws/install/franka_fr3_moveit_config:/home/jiataoding/ros2_franka_ws/install/franka_hardware:/home/jiataoding/ros2_franka_ws/install/franka_gripper:/home/jiataoding/ros2_franka_ws/install/franka_msgs:/home/jiataoding/ros2_franka_ws/install/franka_description:/home/jiataoding/ros2_franka_ws/install/cartesian_impedance_controller:/home/jiataoding/ros2_franka_ws/install/effort_controller_base:/home/jiataoding/ros2_franka_ws/install/debug_msg:/home/jiataoding/franco_ros2_franka_ws/install/joint_impedance_controller:/home/jiataoding/franco_ros2_franka_ws/install/integration_launch_testing:/home/jiataoding/franco_ros2_franka_ws/install/idra_franka_launch:/home/jiataoding/franco_ros2_franka_ws/install/gravity_compensation:/home/jiataoding/franco_ros2_franka_ws/install/franka_task_pipeline:/home/jiataoding/franco_ros2_franka_ws/install/franka_ros2:/home/jiataoding/franco_ros2_franka_ws/install/franka_bringup:/home/jiataoding/franco_ros2_franka_ws/install/franka_robot_state_broadcaster:/home/jiataoding/franco_ros2_franka_ws/install/franka_example_controllers:/home/jiataoding/franco_ros2_franka_ws/install/franka_semantic_components:/home/jiataoding/franco_ros2_franka_ws/install/franka_gazebo_bringup:/home/jiataoding/franco_ros2_franka_ws/install/franka_ign_ros2_control:/home/jiataoding/franco_ros2_franka_ws/install/franka_fr3_moveit_config:/home/jiataoding/franco_ros2_franka_ws/install/franka_hardware:/home/jiataoding/franco_ros2_franka_ws/install/franka_gripper:/home/jiataoding/franco_ros2_franka_ws/install/franka_msgs:/home/jiataoding/franco_ros2_franka_ws/install/franka_description:/home/jiataoding/franco_ros2_franka_ws/install/cartesian_impedance_controller:/home/jiataoding/franco_ros2_franka_ws/install/effort_controller_base:/home/jiataoding/franco_ros2_franka_ws/install/debug_msg:/opt/openrobots LD_LIBRARY_PATH=/home/jiataoding/franco_ros2_franka_ws/src/install/franka_hardware/lib:/home/jiataoding/franco_ros2_franka_ws/src/install/franka_gripper/lib:/home/jiataoding/franco_ros2_franka_ws/src/install/franka_msgs/lib:/home/jiataoding/franco_ros2_franka_ws/src/install/joint_impedance_controller/lib:/home/jiataoding/franco_ros2_franka_ws/src/install/integration_launch_testing/lib:/home/jiataoding/franco_ros2_franka_ws/src/install/gravity_compensation/lib:/home/jiataoding/franco_ros2_franka_ws/src/install/franka_robot_state_broadcaster/lib:/home/jiataoding/franco_ros2_franka_ws/src/install/franka_example_controllers/lib:/home/jiataoding/franco_ros2_franka_ws/src/install/franka_semantic_components/lib:/home/jiataoding/franco_ros2_franka_ws/src/install/franka_ign_ros2_control/lib:/home/jiataoding/franco_ros2_franka_ws/src/install/cartesian_impedance_controller/lib:/home/jiataoding/franco_ros2_franka_ws/src/install/effort_controller_base/lib:/home/jiataoding/franco_ros2_franka_ws/src/install/debug_msg/lib:/home/jiataoding/libs/onnxruntime-linux-x64-1.21.0/lib:/home/jiataoding/ros2_franka_ws/install/joint_impedance_controller/lib:/home/jiataoding/ros2_franka_ws/install/integration_launch_testing/lib:/home/jiataoding/ros2_franka_ws/install/gravity_compensation/lib:/home/jiataoding/ros2_franka_ws/install/franka_robot_state_broadcaster/lib:/home/jiataoding/ros2_franka_ws/install/franka_example_controllers/lib:/home/jiataoding/ros2_franka_ws/install/franka_semantic_components/lib:/home/jiataoding/ros2_franka_ws/install/franka_ign_ros2_control/lib:/home/jiataoding/ros2_franka_ws/install/franka_hardware/lib:/home/jiataoding/ros2_franka_ws/install/franka_gripper/lib:/home/jiataoding/ros2_franka_ws/install/franka_msgs/lib:/home/jiataoding/ros2_franka_ws/install/cartesian_impedance_controller/lib:/home/jiataoding/ros2_franka_ws/install/effort_controller_base/lib:/home/jiataoding/ros2_franka_ws/install/debug_msg/lib:/home/jiataoding/franco_ros2_franka_ws/install/joint_impedance_controller/lib:/home/jiataoding/franco_ros2_franka_ws/install/integration_launch_testing/lib:/home/jiataoding/franco_ros2_franka_ws/install/gravity_compensation/lib:/home/jiataoding/franco_ros2_franka_ws/install/franka_robot_state_broadcaster/lib:/home/jiataoding/franco_ros2_franka_ws/install/franka_example_controllers/lib:/home/jiataoding/franco_ros2_franka_ws/install/franka_semantic_components/lib:/home/jiataoding/franco_ros2_franka_ws/install/franka_ign_ros2_control/lib:/home/jiataoding/franco_ros2_franka_ws/install/franka_hardware/lib:/home/jiataoding/franco_ros2_franka_ws/install/franka_gripper/lib:/home/jiataoding/franco_ros2_franka_ws/install/franka_msgs/lib:/home/jiataoding/franco_ros2_franka_ws/install/cartesian_impedance_controller/lib:/home/jiataoding/franco_ros2_franka_ws/install/effort_controller_base/lib:/home/jiataoding/franco_ros2_franka_ws/install/debug_msg/lib:/opt/openrobots/lib:/opt/ros/humble/opt/rviz_ogre_vendor/lib:/opt/ros/humble/lib/x86_64-linux-gnu:/opt/ros/humble/lib /usr/bin/cmake --install /home/jiataoding/franco_ros2_franka_ws/src/build/franka_fr3_moveit_config
[1.658s] Level 1:colcon.colcon_core.environment:checking '/home/jiataoding/franco_ros2_franka_ws/src/install/franka_fr3_moveit_config' for CMake config files
[1.659s] Level 1:colcon.colcon_core.shell:create_environment_hook('franka_fr3_moveit_config', 'cmake_prefix_path')
[1.659s] INFO:colcon.colcon_core.shell:Creating environment hook '/home/jiataoding/franco_ros2_franka_ws/src/install/franka_fr3_moveit_config/share/franka_fr3_moveit_config/hook/cmake_prefix_path.ps1'
[1.660s] INFO:colcon.colcon_core.shell:Creating environment descriptor '/home/jiataoding/franco_ros2_franka_ws/src/install/franka_fr3_moveit_config/share/franka_fr3_moveit_config/hook/cmake_prefix_path.dsv'
[1.660s] INFO:colcon.colcon_core.shell:Creating environment hook '/home/jiataoding/franco_ros2_franka_ws/src/install/franka_fr3_moveit_config/share/franka_fr3_moveit_config/hook/cmake_prefix_path.sh'
[1.661s] Level 1:colcon.colcon_core.environment:checking '/home/jiataoding/franco_ros2_franka_ws/src/install/franka_fr3_moveit_config/bin'
[1.661s] Level 1:colcon.colcon_core.environment:checking '/home/jiataoding/franco_ros2_franka_ws/src/install/franka_fr3_moveit_config/lib/pkgconfig/franka_fr3_moveit_config.pc'
[1.661s] Level 1:colcon.colcon_core.environment:checking '/home/jiataoding/franco_ros2_franka_ws/src/install/franka_fr3_moveit_config/lib/python3.10/site-packages'
[1.661s] Level 1:colcon.colcon_core.environment:checking '/home/jiataoding/franco_ros2_franka_ws/src/install/franka_fr3_moveit_config/bin'
[1.662s] INFO:colcon.colcon_core.shell:Creating package script '/home/jiataoding/franco_ros2_franka_ws/src/install/franka_fr3_moveit_config/share/franka_fr3_moveit_config/package.ps1'
[1.662s] INFO:colcon.colcon_core.shell:Creating package descriptor '/home/jiataoding/franco_ros2_franka_ws/src/install/franka_fr3_moveit_config/share/franka_fr3_moveit_config/package.dsv'
[1.663s] INFO:colcon.colcon_core.shell:Creating package script '/home/jiataoding/franco_ros2_franka_ws/src/install/franka_fr3_moveit_config/share/franka_fr3_moveit_config/package.sh'
[1.663s] INFO:colcon.colcon_core.shell:Creating package script '/home/jiataoding/franco_ros2_franka_ws/src/install/franka_fr3_moveit_config/share/franka_fr3_moveit_config/package.bash'
[1.663s] INFO:colcon.colcon_core.shell:Creating package script '/home/jiataoding/franco_ros2_franka_ws/src/install/franka_fr3_moveit_config/share/franka_fr3_moveit_config/package.zsh'
[1.664s] Level 1:colcon.colcon_core.environment:create_file_with_runtime_dependencies(/home/jiataoding/franco_ros2_franka_ws/src/install/franka_fr3_moveit_config/share/colcon-core/packages/franka_fr3_moveit_config)
[1.665s] Level 1:colcon.colcon_core.environment:create_environment_scripts_only(franka_fr3_moveit_config)
[1.665s] Level 1:colcon.colcon_core.environment:checking '/home/jiataoding/franco_ros2_franka_ws/src/install/franka_fr3_moveit_config' for CMake module files
[1.665s] Level 1:colcon.colcon_core.environment:checking '/home/jiataoding/franco_ros2_franka_ws/src/install/franka_fr3_moveit_config' for CMake config files
[1.666s] Level 1:colcon.colcon_core.shell:create_environment_hook('franka_fr3_moveit_config', 'cmake_prefix_path')
[1.666s] INFO:colcon.colcon_core.shell:Creating environment hook '/home/jiataoding/franco_ros2_franka_ws/src/install/franka_fr3_moveit_config/share/franka_fr3_moveit_config/hook/cmake_prefix_path.ps1'
[1.666s] INFO:colcon.colcon_core.shell:Creating environment descriptor '/home/jiataoding/franco_ros2_franka_ws/src/install/franka_fr3_moveit_config/share/franka_fr3_moveit_config/hook/cmake_prefix_path.dsv'
[1.666s] INFO:colcon.colcon_core.shell:Creating environment hook '/home/jiataoding/franco_ros2_franka_ws/src/install/franka_fr3_moveit_config/share/franka_fr3_moveit_config/hook/cmake_prefix_path.sh'
[1.667s] Level 1:colcon.colcon_core.environment:checking '/home/jiataoding/franco_ros2_franka_ws/src/install/franka_fr3_moveit_config/bin'
[1.667s] Level 1:colcon.colcon_core.environment:checking '/home/jiataoding/franco_ros2_franka_ws/src/install/franka_fr3_moveit_config/lib/pkgconfig/franka_fr3_moveit_config.pc'
[1.667s] Level 1:colcon.colcon_core.environment:checking '/home/jiataoding/franco_ros2_franka_ws/src/install/franka_fr3_moveit_config/lib/python3.10/site-packages'
[1.667s] Level 1:colcon.colcon_core.environment:checking '/home/jiataoding/franco_ros2_franka_ws/src/install/franka_fr3_moveit_config/bin'
[1.668s] INFO:colcon.colcon_core.shell:Creating package script '/home/jiataoding/franco_ros2_franka_ws/src/install/franka_fr3_moveit_config/share/franka_fr3_moveit_config/package.ps1'
[1.668s] INFO:colcon.colcon_core.shell:Creating package descriptor '/home/jiataoding/franco_ros2_franka_ws/src/install/franka_fr3_moveit_config/share/franka_fr3_moveit_config/package.dsv'
[1.668s] INFO:colcon.colcon_core.shell:Creating package script '/home/jiataoding/franco_ros2_franka_ws/src/install/franka_fr3_moveit_config/share/franka_fr3_moveit_config/package.sh'
[1.669s] INFO:colcon.colcon_core.shell:Creating package script '/home/jiataoding/franco_ros2_franka_ws/src/install/franka_fr3_moveit_config/share/franka_fr3_moveit_config/package.bash'
[1.669s] INFO:colcon.colcon_core.shell:Creating package script '/home/jiataoding/franco_ros2_franka_ws/src/install/franka_fr3_moveit_config/share/franka_fr3_moveit_config/package.zsh'
[1.670s] Level 1:colcon.colcon_core.environment:create_file_with_runtime_dependencies(/home/jiataoding/franco_ros2_franka_ws/src/install/franka_fr3_moveit_config/share/colcon-core/packages/franka_fr3_moveit_config)
[1.743s] DEBUG:colcon.colcon_core.event_handler.log_command:Invoked command in '/home/jiataoding/franco_ros2_franka_ws/src/build/franka_robot_state_broadcaster' returned '0': CMAKE_PREFIX_PATH=/home/jiataoding/franco_ros2_franka_ws/src/install/franka_semantic_components:/home/jiataoding/franco_ros2_franka_ws/src/install/franka_hardware:/home/jiataoding/franco_ros2_franka_ws/src/install/franka_msgs:/home/jiataoding/franco_ros2_franka_ws/src/install/joint_impedance_controller:/home/jiataoding/franco_ros2_franka_ws/src/install/integration_launch_testing:/home/jiataoding/franco_ros2_franka_ws/src/install/idra_franka_launch:/home/jiataoding/franco_ros2_franka_ws/src/install/gravity_compensation:/home/jiataoding/franco_ros2_franka_ws/src/install/franka_task_pipeline:/home/jiataoding/franco_ros2_franka_ws/src/install/franka_ros2:/home/jiataoding/franco_ros2_franka_ws/src/install/franka_bringup:/home/jiataoding/franco_ros2_franka_ws/src/install/franka_robot_state_broadcaster:/home/jiataoding/franco_ros2_franka_ws/src/install/franka_example_controllers:/home/jiataoding/franco_ros2_franka_ws/src/install/franka_gazebo_bringup:/home/jiataoding/franco_ros2_franka_ws/src/install/franka_ign_ros2_control:/home/jiataoding/franco_ros2_franka_ws/src/install/franka_fr3_moveit_config:/home/jiataoding/franco_ros2_franka_ws/src/install/franka_gripper:/home/jiataoding/franco_ros2_franka_ws/src/install/franka_description:/home/jiataoding/franco_ros2_franka_ws/src/install/cartesian_impedance_controller:/opt/ros/humble:/home/jiataoding/franco_ros2_franka_ws/src/install/effort_controller_base:/home/jiataoding/franco_ros2_franka_ws/src/install/debug_msg:/home/jiataoding/ros2_franka_ws/install/joint_impedance_controller:/home/jiataoding/ros2_franka_ws/install/integration_launch_testing:/home/jiataoding/ros2_franka_ws/install/idra_franka_launch:/home/jiataoding/ros2_franka_ws/install/gravity_compensation:/home/jiataoding/ros2_franka_ws/install/franka_task_pipeline:/home/jiataoding/ros2_franka_ws/install/franka_ros2:/home/jiataoding/ros2_franka_ws/install/franka_bringup:/home/jiataoding/ros2_franka_ws/install/franka_robot_state_broadcaster:/home/jiataoding/ros2_franka_ws/install/franka_example_controllers:/home/jiataoding/ros2_franka_ws/install/franka_semantic_components:/home/jiataoding/ros2_franka_ws/install/franka_gazebo_bringup:/home/jiataoding/ros2_franka_ws/install/franka_ign_ros2_control:/home/jiataoding/ros2_franka_ws/install/franka_fr3_moveit_config:/home/jiataoding/ros2_franka_ws/install/franka_hardware:/home/jiataoding/ros2_franka_ws/install/franka_gripper:/home/jiataoding/ros2_franka_ws/install/franka_msgs:/home/jiataoding/ros2_franka_ws/install/franka_description:/home/jiataoding/ros2_franka_ws/install/cartesian_impedance_controller:/home/jiataoding/ros2_franka_ws/install/effort_controller_base:/home/jiataoding/ros2_franka_ws/install/debug_msg:/home/jiataoding/franco_ros2_franka_ws/install/joint_impedance_controller:/home/jiataoding/franco_ros2_franka_ws/install/integration_launch_testing:/home/jiataoding/franco_ros2_franka_ws/install/idra_franka_launch:/home/jiataoding/franco_ros2_franka_ws/install/gravity_compensation:/home/jiataoding/franco_ros2_franka_ws/install/franka_task_pipeline:/home/jiataoding/franco_ros2_franka_ws/install/franka_ros2:/home/jiataoding/franco_ros2_franka_ws/install/franka_bringup:/home/jiataoding/franco_ros2_franka_ws/install/franka_robot_state_broadcaster:/home/jiataoding/franco_ros2_franka_ws/install/franka_example_controllers:/home/jiataoding/franco_ros2_franka_ws/install/franka_semantic_components:/home/jiataoding/franco_ros2_franka_ws/install/franka_gazebo_bringup:/home/jiataoding/franco_ros2_franka_ws/install/franka_ign_ros2_control:/home/jiataoding/franco_ros2_franka_ws/install/franka_fr3_moveit_config:/home/jiataoding/franco_ros2_franka_ws/install/franka_hardware:/home/jiataoding/franco_ros2_franka_ws/install/franka_gripper:/home/jiataoding/franco_ros2_franka_ws/install/franka_msgs:/home/jiataoding/franco_ros2_franka_ws/install/franka_description:/home/jiataoding/franco_ros2_franka_ws/install/cartesian_impedance_controller:/home/jiataoding/franco_ros2_franka_ws/install/effort_controller_base:/home/jiataoding/franco_ros2_franka_ws/install/debug_msg:/opt/openrobots LD_LIBRARY_PATH=/home/jiataoding/franco_ros2_franka_ws/src/install/franka_semantic_components/lib:/home/jiataoding/franco_ros2_franka_ws/src/install/franka_hardware/lib:/home/jiataoding/franco_ros2_franka_ws/src/install/franka_msgs/lib:/home/jiataoding/franco_ros2_franka_ws/src/install/joint_impedance_controller/lib:/home/jiataoding/franco_ros2_franka_ws/src/install/integration_launch_testing/lib:/home/jiataoding/franco_ros2_franka_ws/src/install/gravity_compensation/lib:/home/jiataoding/franco_ros2_franka_ws/src/install/franka_robot_state_broadcaster/lib:/home/jiataoding/franco_ros2_franka_ws/src/install/franka_example_controllers/lib:/home/jiataoding/franco_ros2_franka_ws/src/install/franka_ign_ros2_control/lib:/home/jiataoding/franco_ros2_franka_ws/src/install/franka_gripper/lib:/home/jiataoding/franco_ros2_franka_ws/src/install/cartesian_impedance_controller/lib:/home/jiataoding/franco_ros2_franka_ws/src/install/effort_controller_base/lib:/home/jiataoding/franco_ros2_franka_ws/src/install/debug_msg/lib:/home/jiataoding/libs/onnxruntime-linux-x64-1.21.0/lib:/home/jiataoding/ros2_franka_ws/install/joint_impedance_controller/lib:/home/jiataoding/ros2_franka_ws/install/integration_launch_testing/lib:/home/jiataoding/ros2_franka_ws/install/gravity_compensation/lib:/home/jiataoding/ros2_franka_ws/install/franka_robot_state_broadcaster/lib:/home/jiataoding/ros2_franka_ws/install/franka_example_controllers/lib:/home/jiataoding/ros2_franka_ws/install/franka_semantic_components/lib:/home/jiataoding/ros2_franka_ws/install/franka_ign_ros2_control/lib:/home/jiataoding/ros2_franka_ws/install/franka_hardware/lib:/home/jiataoding/ros2_franka_ws/install/franka_gripper/lib:/home/jiataoding/ros2_franka_ws/install/franka_msgs/lib:/home/jiataoding/ros2_franka_ws/install/cartesian_impedance_controller/lib:/home/jiataoding/ros2_franka_ws/install/effort_controller_base/lib:/home/jiataoding/ros2_franka_ws/install/debug_msg/lib:/home/jiataoding/franco_ros2_franka_ws/install/joint_impedance_controller/lib:/home/jiataoding/franco_ros2_franka_ws/install/integration_launch_testing/lib:/home/jiataoding/franco_ros2_franka_ws/install/gravity_compensation/lib:/home/jiataoding/franco_ros2_franka_ws/install/franka_robot_state_broadcaster/lib:/home/jiataoding/franco_ros2_franka_ws/install/franka_example_controllers/lib:/home/jiataoding/franco_ros2_franka_ws/install/franka_semantic_components/lib:/home/jiataoding/franco_ros2_franka_ws/install/franka_ign_ros2_control/lib:/home/jiataoding/franco_ros2_franka_ws/install/franka_hardware/lib:/home/jiataoding/franco_ros2_franka_ws/install/franka_gripper/lib:/home/jiataoding/franco_ros2_franka_ws/install/franka_msgs/lib:/home/jiataoding/franco_ros2_franka_ws/install/cartesian_impedance_controller/lib:/home/jiataoding/franco_ros2_franka_ws/install/effort_controller_base/lib:/home/jiataoding/franco_ros2_franka_ws/install/debug_msg/lib:/opt/openrobots/lib:/opt/ros/humble/opt/rviz_ogre_vendor/lib:/opt/ros/humble/lib/x86_64-linux-gnu:/opt/ros/humble/lib /usr/bin/cmake --build /home/jiataoding/franco_ros2_franka_ws/src/build/franka_robot_state_broadcaster -- -j24 -l24
[1.745s] DEBUG:colcon.colcon_core.event_handler.log_command:Invoking command in '/home/jiataoding/franco_ros2_franka_ws/src/build/franka_robot_state_broadcaster': CMAKE_PREFIX_PATH=/home/jiataoding/franco_ros2_franka_ws/src/install/franka_semantic_components:/home/jiataoding/franco_ros2_franka_ws/src/install/franka_hardware:/home/jiataoding/franco_ros2_franka_ws/src/install/franka_msgs:/home/jiataoding/franco_ros2_franka_ws/src/install/joint_impedance_controller:/home/jiataoding/franco_ros2_franka_ws/src/install/integration_launch_testing:/home/jiataoding/franco_ros2_franka_ws/src/install/idra_franka_launch:/home/jiataoding/franco_ros2_franka_ws/src/install/gravity_compensation:/home/jiataoding/franco_ros2_franka_ws/src/install/franka_task_pipeline:/home/jiataoding/franco_ros2_franka_ws/src/install/franka_ros2:/home/jiataoding/franco_ros2_franka_ws/src/install/franka_bringup:/home/jiataoding/franco_ros2_franka_ws/src/install/franka_robot_state_broadcaster:/home/jiataoding/franco_ros2_franka_ws/src/install/franka_example_controllers:/home/jiataoding/franco_ros2_franka_ws/src/install/franka_gazebo_bringup:/home/jiataoding/franco_ros2_franka_ws/src/install/franka_ign_ros2_control:/home/jiataoding/franco_ros2_franka_ws/src/install/franka_fr3_moveit_config:/home/jiataoding/franco_ros2_franka_ws/src/install/franka_gripper:/home/jiataoding/franco_ros2_franka_ws/src/install/franka_description:/home/jiataoding/franco_ros2_franka_ws/src/install/cartesian_impedance_controller:/opt/ros/humble:/home/jiataoding/franco_ros2_franka_ws/src/install/effort_controller_base:/home/jiataoding/franco_ros2_franka_ws/src/install/debug_msg:/home/jiataoding/ros2_franka_ws/install/joint_impedance_controller:/home/jiataoding/ros2_franka_ws/install/integration_launch_testing:/home/jiataoding/ros2_franka_ws/install/idra_franka_launch:/home/jiataoding/ros2_franka_ws/install/gravity_compensation:/home/jiataoding/ros2_franka_ws/install/franka_task_pipeline:/home/jiataoding/ros2_franka_ws/install/franka_ros2:/home/jiataoding/ros2_franka_ws/install/franka_bringup:/home/jiataoding/ros2_franka_ws/install/franka_robot_state_broadcaster:/home/jiataoding/ros2_franka_ws/install/franka_example_controllers:/home/jiataoding/ros2_franka_ws/install/franka_semantic_components:/home/jiataoding/ros2_franka_ws/install/franka_gazebo_bringup:/home/jiataoding/ros2_franka_ws/install/franka_ign_ros2_control:/home/jiataoding/ros2_franka_ws/install/franka_fr3_moveit_config:/home/jiataoding/ros2_franka_ws/install/franka_hardware:/home/jiataoding/ros2_franka_ws/install/franka_gripper:/home/jiataoding/ros2_franka_ws/install/franka_msgs:/home/jiataoding/ros2_franka_ws/install/franka_description:/home/jiataoding/ros2_franka_ws/install/cartesian_impedance_controller:/home/jiataoding/ros2_franka_ws/install/effort_controller_base:/home/jiataoding/ros2_franka_ws/install/debug_msg:/home/jiataoding/franco_ros2_franka_ws/install/joint_impedance_controller:/home/jiataoding/franco_ros2_franka_ws/install/integration_launch_testing:/home/jiataoding/franco_ros2_franka_ws/install/idra_franka_launch:/home/jiataoding/franco_ros2_franka_ws/install/gravity_compensation:/home/jiataoding/franco_ros2_franka_ws/install/franka_task_pipeline:/home/jiataoding/franco_ros2_franka_ws/install/franka_ros2:/home/jiataoding/franco_ros2_franka_ws/install/franka_bringup:/home/jiataoding/franco_ros2_franka_ws/install/franka_robot_state_broadcaster:/home/jiataoding/franco_ros2_franka_ws/install/franka_example_controllers:/home/jiataoding/franco_ros2_franka_ws/install/franka_semantic_components:/home/jiataoding/franco_ros2_franka_ws/install/franka_gazebo_bringup:/home/jiataoding/franco_ros2_franka_ws/install/franka_ign_ros2_control:/home/jiataoding/franco_ros2_franka_ws/install/franka_fr3_moveit_config:/home/jiataoding/franco_ros2_franka_ws/install/franka_hardware:/home/jiataoding/franco_ros2_franka_ws/install/franka_gripper:/home/jiataoding/franco_ros2_franka_ws/install/franka_msgs:/home/jiataoding/franco_ros2_franka_ws/install/franka_description:/home/jiataoding/franco_ros2_franka_ws/install/cartesian_impedance_controller:/home/jiataoding/franco_ros2_franka_ws/install/effort_controller_base:/home/jiataoding/franco_ros2_franka_ws/install/debug_msg:/opt/openrobots LD_LIBRARY_PATH=/home/jiataoding/franco_ros2_franka_ws/src/install/franka_semantic_components/lib:/home/jiataoding/franco_ros2_franka_ws/src/install/franka_hardware/lib:/home/jiataoding/franco_ros2_franka_ws/src/install/franka_msgs/lib:/home/jiataoding/franco_ros2_franka_ws/src/install/joint_impedance_controller/lib:/home/jiataoding/franco_ros2_franka_ws/src/install/integration_launch_testing/lib:/home/jiataoding/franco_ros2_franka_ws/src/install/gravity_compensation/lib:/home/jiataoding/franco_ros2_franka_ws/src/install/franka_robot_state_broadcaster/lib:/home/jiataoding/franco_ros2_franka_ws/src/install/franka_example_controllers/lib:/home/jiataoding/franco_ros2_franka_ws/src/install/franka_ign_ros2_control/lib:/home/jiataoding/franco_ros2_franka_ws/src/install/franka_gripper/lib:/home/jiataoding/franco_ros2_franka_ws/src/install/cartesian_impedance_controller/lib:/home/jiataoding/franco_ros2_franka_ws/src/install/effort_controller_base/lib:/home/jiataoding/franco_ros2_franka_ws/src/install/debug_msg/lib:/home/jiataoding/libs/onnxruntime-linux-x64-1.21.0/lib:/home/jiataoding/ros2_franka_ws/install/joint_impedance_controller/lib:/home/jiataoding/ros2_franka_ws/install/integration_launch_testing/lib:/home/jiataoding/ros2_franka_ws/install/gravity_compensation/lib:/home/jiataoding/ros2_franka_ws/install/franka_robot_state_broadcaster/lib:/home/jiataoding/ros2_franka_ws/install/franka_example_controllers/lib:/home/jiataoding/ros2_franka_ws/install/franka_semantic_components/lib:/home/jiataoding/ros2_franka_ws/install/franka_ign_ros2_control/lib:/home/jiataoding/ros2_franka_ws/install/franka_hardware/lib:/home/jiataoding/ros2_franka_ws/install/franka_gripper/lib:/home/jiataoding/ros2_franka_ws/install/franka_msgs/lib:/home/jiataoding/ros2_franka_ws/install/cartesian_impedance_controller/lib:/home/jiataoding/ros2_franka_ws/install/effort_controller_base/lib:/home/jiataoding/ros2_franka_ws/install/debug_msg/lib:/home/jiataoding/franco_ros2_franka_ws/install/joint_impedance_controller/lib:/home/jiataoding/franco_ros2_franka_ws/install/integration_launch_testing/lib:/home/jiataoding/franco_ros2_franka_ws/install/gravity_compensation/lib:/home/jiataoding/franco_ros2_franka_ws/install/franka_robot_state_broadcaster/lib:/home/jiataoding/franco_ros2_franka_ws/install/franka_example_controllers/lib:/home/jiataoding/franco_ros2_franka_ws/install/franka_semantic_components/lib:/home/jiataoding/franco_ros2_franka_ws/install/franka_ign_ros2_control/lib:/home/jiataoding/franco_ros2_franka_ws/install/franka_hardware/lib:/home/jiataoding/franco_ros2_franka_ws/install/franka_gripper/lib:/home/jiataoding/franco_ros2_franka_ws/install/franka_msgs/lib:/home/jiataoding/franco_ros2_franka_ws/install/cartesian_impedance_controller/lib:/home/jiataoding/franco_ros2_franka_ws/install/effort_controller_base/lib:/home/jiataoding/franco_ros2_franka_ws/install/debug_msg/lib:/opt/openrobots/lib:/opt/ros/humble/opt/rviz_ogre_vendor/lib:/opt/ros/humble/lib/x86_64-linux-gnu:/opt/ros/humble/lib /usr/bin/cmake --install /home/jiataoding/franco_ros2_franka_ws/src/build/franka_robot_state_broadcaster
[1.785s] Level 1:colcon.colcon_core.environment:create_environment_scripts_only(franka_robot_state_broadcaster)
[1.785s] Level 1:colcon.colcon_core.environment:checking '/home/jiataoding/franco_ros2_franka_ws/src/install/franka_robot_state_broadcaster' for CMake module files
[1.786s] DEBUG:colcon.colcon_core.event_handler.log_command:Invoked command in '/home/jiataoding/franco_ros2_franka_ws/src/build/franka_robot_state_broadcaster' returned '0': CMAKE_PREFIX_PATH=/home/jiataoding/franco_ros2_franka_ws/src/install/franka_semantic_components:/home/jiataoding/franco_ros2_franka_ws/src/install/franka_hardware:/home/jiataoding/franco_ros2_franka_ws/src/install/franka_msgs:/home/jiataoding/franco_ros2_franka_ws/src/install/joint_impedance_controller:/home/jiataoding/franco_ros2_franka_ws/src/install/integration_launch_testing:/home/jiataoding/franco_ros2_franka_ws/src/install/idra_franka_launch:/home/jiataoding/franco_ros2_franka_ws/src/install/gravity_compensation:/home/jiataoding/franco_ros2_franka_ws/src/install/franka_task_pipeline:/home/jiataoding/franco_ros2_franka_ws/src/install/franka_ros2:/home/jiataoding/franco_ros2_franka_ws/src/install/franka_bringup:/home/jiataoding/franco_ros2_franka_ws/src/install/franka_robot_state_broadcaster:/home/jiataoding/franco_ros2_franka_ws/src/install/franka_example_controllers:/home/jiataoding/franco_ros2_franka_ws/src/install/franka_gazebo_bringup:/home/jiataoding/franco_ros2_franka_ws/src/install/franka_ign_ros2_control:/home/jiataoding/franco_ros2_franka_ws/src/install/franka_fr3_moveit_config:/home/jiataoding/franco_ros2_franka_ws/src/install/franka_gripper:/home/jiataoding/franco_ros2_franka_ws/src/install/franka_description:/home/jiataoding/franco_ros2_franka_ws/src/install/cartesian_impedance_controller:/opt/ros/humble:/home/jiataoding/franco_ros2_franka_ws/src/install/effort_controller_base:/home/jiataoding/franco_ros2_franka_ws/src/install/debug_msg:/home/jiataoding/ros2_franka_ws/install/joint_impedance_controller:/home/jiataoding/ros2_franka_ws/install/integration_launch_testing:/home/jiataoding/ros2_franka_ws/install/idra_franka_launch:/home/jiataoding/ros2_franka_ws/install/gravity_compensation:/home/jiataoding/ros2_franka_ws/install/franka_task_pipeline:/home/jiataoding/ros2_franka_ws/install/franka_ros2:/home/jiataoding/ros2_franka_ws/install/franka_bringup:/home/jiataoding/ros2_franka_ws/install/franka_robot_state_broadcaster:/home/jiataoding/ros2_franka_ws/install/franka_example_controllers:/home/jiataoding/ros2_franka_ws/install/franka_semantic_components:/home/jiataoding/ros2_franka_ws/install/franka_gazebo_bringup:/home/jiataoding/ros2_franka_ws/install/franka_ign_ros2_control:/home/jiataoding/ros2_franka_ws/install/franka_fr3_moveit_config:/home/jiataoding/ros2_franka_ws/install/franka_hardware:/home/jiataoding/ros2_franka_ws/install/franka_gripper:/home/jiataoding/ros2_franka_ws/install/franka_msgs:/home/jiataoding/ros2_franka_ws/install/franka_description:/home/jiataoding/ros2_franka_ws/install/cartesian_impedance_controller:/home/jiataoding/ros2_franka_ws/install/effort_controller_base:/home/jiataoding/ros2_franka_ws/install/debug_msg:/home/jiataoding/franco_ros2_franka_ws/install/joint_impedance_controller:/home/jiataoding/franco_ros2_franka_ws/install/integration_launch_testing:/home/jiataoding/franco_ros2_franka_ws/install/idra_franka_launch:/home/jiataoding/franco_ros2_franka_ws/install/gravity_compensation:/home/jiataoding/franco_ros2_franka_ws/install/franka_task_pipeline:/home/jiataoding/franco_ros2_franka_ws/install/franka_ros2:/home/jiataoding/franco_ros2_franka_ws/install/franka_bringup:/home/jiataoding/franco_ros2_franka_ws/install/franka_robot_state_broadcaster:/home/jiataoding/franco_ros2_franka_ws/install/franka_example_controllers:/home/jiataoding/franco_ros2_franka_ws/install/franka_semantic_components:/home/jiataoding/franco_ros2_franka_ws/install/franka_gazebo_bringup:/home/jiataoding/franco_ros2_franka_ws/install/franka_ign_ros2_control:/home/jiataoding/franco_ros2_franka_ws/install/franka_fr3_moveit_config:/home/jiataoding/franco_ros2_franka_ws/install/franka_hardware:/home/jiataoding/franco_ros2_franka_ws/install/franka_gripper:/home/jiataoding/franco_ros2_franka_ws/install/franka_msgs:/home/jiataoding/franco_ros2_franka_ws/install/franka_description:/home/jiataoding/franco_ros2_franka_ws/install/cartesian_impedance_controller:/home/jiataoding/franco_ros2_franka_ws/install/effort_controller_base:/home/jiataoding/franco_ros2_franka_ws/install/debug_msg:/opt/openrobots LD_LIBRARY_PATH=/home/jiataoding/franco_ros2_franka_ws/src/install/franka_semantic_components/lib:/home/jiataoding/franco_ros2_franka_ws/src/install/franka_hardware/lib:/home/jiataoding/franco_ros2_franka_ws/src/install/franka_msgs/lib:/home/jiataoding/franco_ros2_franka_ws/src/install/joint_impedance_controller/lib:/home/jiataoding/franco_ros2_franka_ws/src/install/integration_launch_testing/lib:/home/jiataoding/franco_ros2_franka_ws/src/install/gravity_compensation/lib:/home/jiataoding/franco_ros2_franka_ws/src/install/franka_robot_state_broadcaster/lib:/home/jiataoding/franco_ros2_franka_ws/src/install/franka_example_controllers/lib:/home/jiataoding/franco_ros2_franka_ws/src/install/franka_ign_ros2_control/lib:/home/jiataoding/franco_ros2_franka_ws/src/install/franka_gripper/lib:/home/jiataoding/franco_ros2_franka_ws/src/install/cartesian_impedance_controller/lib:/home/jiataoding/franco_ros2_franka_ws/src/install/effort_controller_base/lib:/home/jiataoding/franco_ros2_franka_ws/src/install/debug_msg/lib:/home/jiataoding/libs/onnxruntime-linux-x64-1.21.0/lib:/home/jiataoding/ros2_franka_ws/install/joint_impedance_controller/lib:/home/jiataoding/ros2_franka_ws/install/integration_launch_testing/lib:/home/jiataoding/ros2_franka_ws/install/gravity_compensation/lib:/home/jiataoding/ros2_franka_ws/install/franka_robot_state_broadcaster/lib:/home/jiataoding/ros2_franka_ws/install/franka_example_controllers/lib:/home/jiataoding/ros2_franka_ws/install/franka_semantic_components/lib:/home/jiataoding/ros2_franka_ws/install/franka_ign_ros2_control/lib:/home/jiataoding/ros2_franka_ws/install/franka_hardware/lib:/home/jiataoding/ros2_franka_ws/install/franka_gripper/lib:/home/jiataoding/ros2_franka_ws/install/franka_msgs/lib:/home/jiataoding/ros2_franka_ws/install/cartesian_impedance_controller/lib:/home/jiataoding/ros2_franka_ws/install/effort_controller_base/lib:/home/jiataoding/ros2_franka_ws/install/debug_msg/lib:/home/jiataoding/franco_ros2_franka_ws/install/joint_impedance_controller/lib:/home/jiataoding/franco_ros2_franka_ws/install/integration_launch_testing/lib:/home/jiataoding/franco_ros2_franka_ws/install/gravity_compensation/lib:/home/jiataoding/franco_ros2_franka_ws/install/franka_robot_state_broadcaster/lib:/home/jiataoding/franco_ros2_franka_ws/install/franka_example_controllers/lib:/home/jiataoding/franco_ros2_franka_ws/install/franka_semantic_components/lib:/home/jiataoding/franco_ros2_franka_ws/install/franka_ign_ros2_control/lib:/home/jiataoding/franco_ros2_franka_ws/install/franka_hardware/lib:/home/jiataoding/franco_ros2_franka_ws/install/franka_gripper/lib:/home/jiataoding/franco_ros2_franka_ws/install/franka_msgs/lib:/home/jiataoding/franco_ros2_franka_ws/install/cartesian_impedance_controller/lib:/home/jiataoding/franco_ros2_franka_ws/install/effort_controller_base/lib:/home/jiataoding/franco_ros2_franka_ws/install/debug_msg/lib:/opt/openrobots/lib:/opt/ros/humble/opt/rviz_ogre_vendor/lib:/opt/ros/humble/lib/x86_64-linux-gnu:/opt/ros/humble/lib /usr/bin/cmake --install /home/jiataoding/franco_ros2_franka_ws/src/build/franka_robot_state_broadcaster
[1.786s] Level 1:colcon.colcon_core.environment:checking '/home/jiataoding/franco_ros2_franka_ws/src/install/franka_robot_state_broadcaster' for CMake config files
[1.787s] Level 1:colcon.colcon_core.shell:create_environment_hook('franka_robot_state_broadcaster', 'cmake_prefix_path')
[1.787s] INFO:colcon.colcon_core.shell:Creating environment hook '/home/jiataoding/franco_ros2_franka_ws/src/install/franka_robot_state_broadcaster/share/franka_robot_state_broadcaster/hook/cmake_prefix_path.ps1'
[1.787s] INFO:colcon.colcon_core.shell:Creating environment descriptor '/home/jiataoding/franco_ros2_franka_ws/src/install/franka_robot_state_broadcaster/share/franka_robot_state_broadcaster/hook/cmake_prefix_path.dsv'
[1.788s] INFO:colcon.colcon_core.shell:Creating environment hook '/home/jiataoding/franco_ros2_franka_ws/src/install/franka_robot_state_broadcaster/share/franka_robot_state_broadcaster/hook/cmake_prefix_path.sh'
[1.789s] Level 1:colcon.colcon_core.environment:checking '/home/jiataoding/franco_ros2_franka_ws/src/install/franka_robot_state_broadcaster/lib'
[1.789s] Level 1:colcon.colcon_core.shell:create_environment_hook('franka_robot_state_broadcaster', 'ld_library_path_lib')
[1.789s] INFO:colcon.colcon_core.shell:Creating environment hook '/home/jiataoding/franco_ros2_franka_ws/src/install/franka_robot_state_broadcaster/share/franka_robot_state_broadcaster/hook/ld_library_path_lib.ps1'
[1.789s] INFO:colcon.colcon_core.shell:Creating environment descriptor '/home/jiataoding/franco_ros2_franka_ws/src/install/franka_robot_state_broadcaster/share/franka_robot_state_broadcaster/hook/ld_library_path_lib.dsv'
[1.790s] INFO:colcon.colcon_core.shell:Creating environment hook '/home/jiataoding/franco_ros2_franka_ws/src/install/franka_robot_state_broadcaster/share/franka_robot_state_broadcaster/hook/ld_library_path_lib.sh'
[1.790s] Level 1:colcon.colcon_core.environment:checking '/home/jiataoding/franco_ros2_franka_ws/src/install/franka_robot_state_broadcaster/bin'
[1.790s] Level 1:colcon.colcon_core.environment:checking '/home/jiataoding/franco_ros2_franka_ws/src/install/franka_robot_state_broadcaster/lib/pkgconfig/franka_robot_state_broadcaster.pc'
[1.791s] Level 1:colcon.colcon_core.environment:checking '/home/jiataoding/franco_ros2_franka_ws/src/install/franka_robot_state_broadcaster/lib/python3.10/site-packages'
[1.791s] Level 1:colcon.colcon_core.environment:checking '/home/jiataoding/franco_ros2_franka_ws/src/install/franka_robot_state_broadcaster/bin'
[1.792s] INFO:colcon.colcon_core.shell:Creating package script '/home/jiataoding/franco_ros2_franka_ws/src/install/franka_robot_state_broadcaster/share/franka_robot_state_broadcaster/package.ps1'
[1.792s] INFO:colcon.colcon_core.shell:Creating package descriptor '/home/jiataoding/franco_ros2_franka_ws/src/install/franka_robot_state_broadcaster/share/franka_robot_state_broadcaster/package.dsv'
[1.793s] INFO:colcon.colcon_core.shell:Creating package script '/home/jiataoding/franco_ros2_franka_ws/src/install/franka_robot_state_broadcaster/share/franka_robot_state_broadcaster/package.sh'
[1.794s] INFO:colcon.colcon_core.shell:Creating package script '/home/jiataoding/franco_ros2_franka_ws/src/install/franka_robot_state_broadcaster/share/franka_robot_state_broadcaster/package.bash'
[1.794s] INFO:colcon.colcon_core.shell:Creating package script '/home/jiataoding/franco_ros2_franka_ws/src/install/franka_robot_state_broadcaster/share/franka_robot_state_broadcaster/package.zsh'
[1.795s] Level 1:colcon.colcon_core.environment:create_file_with_runtime_dependencies(/home/jiataoding/franco_ros2_franka_ws/src/install/franka_robot_state_broadcaster/share/colcon-core/packages/franka_robot_state_broadcaster)
[1.795s] Level 1:colcon.colcon_core.environment:create_environment_scripts_only(franka_robot_state_broadcaster)
[1.796s] Level 1:colcon.colcon_core.environment:checking '/home/jiataoding/franco_ros2_franka_ws/src/install/franka_robot_state_broadcaster' for CMake module files
[1.796s] Level 1:colcon.colcon_core.environment:checking '/home/jiataoding/franco_ros2_franka_ws/src/install/franka_robot_state_broadcaster' for CMake config files
[1.797s] Level 1:colcon.colcon_core.shell:create_environment_hook('franka_robot_state_broadcaster', 'cmake_prefix_path')
[1.797s] INFO:colcon.colcon_core.shell:Creating environment hook '/home/jiataoding/franco_ros2_franka_ws/src/install/franka_robot_state_broadcaster/share/franka_robot_state_broadcaster/hook/cmake_prefix_path.ps1'
[1.798s] INFO:colcon.colcon_core.shell:Creating environment descriptor '/home/jiataoding/franco_ros2_franka_ws/src/install/franka_robot_state_broadcaster/share/franka_robot_state_broadcaster/hook/cmake_prefix_path.dsv'
[1.798s] INFO:colcon.colcon_core.shell:Creating environment hook '/home/jiataoding/franco_ros2_franka_ws/src/install/franka_robot_state_broadcaster/share/franka_robot_state_broadcaster/hook/cmake_prefix_path.sh'
[1.799s] Level 1:colcon.colcon_core.environment:checking '/home/jiataoding/franco_ros2_franka_ws/src/install/franka_robot_state_broadcaster/lib'
[1.799s] Level 1:colcon.colcon_core.shell:create_environment_hook('franka_robot_state_broadcaster', 'ld_library_path_lib')
[1.799s] INFO:colcon.colcon_core.shell:Creating environment hook '/home/jiataoding/franco_ros2_franka_ws/src/install/franka_robot_state_broadcaster/share/franka_robot_state_broadcaster/hook/ld_library_path_lib.ps1'
[1.799s] INFO:colcon.colcon_core.shell:Creating environment descriptor '/home/jiataoding/franco_ros2_franka_ws/src/install/franka_robot_state_broadcaster/share/franka_robot_state_broadcaster/hook/ld_library_path_lib.dsv'
[1.800s] INFO:colcon.colcon_core.shell:Creating environment hook '/home/jiataoding/franco_ros2_franka_ws/src/install/franka_robot_state_broadcaster/share/franka_robot_state_broadcaster/hook/ld_library_path_lib.sh'
[1.800s] Level 1:colcon.colcon_core.environment:checking '/home/jiataoding/franco_ros2_franka_ws/src/install/franka_robot_state_broadcaster/bin'
[1.800s] Level 1:colcon.colcon_core.environment:checking '/home/jiataoding/franco_ros2_franka_ws/src/install/franka_robot_state_broadcaster/lib/pkgconfig/franka_robot_state_broadcaster.pc'
[1.800s] Level 1:colcon.colcon_core.environment:checking '/home/jiataoding/franco_ros2_franka_ws/src/install/franka_robot_state_broadcaster/lib/python3.10/site-packages'
[1.801s] Level 1:colcon.colcon_core.environment:checking '/home/jiataoding/franco_ros2_franka_ws/src/install/franka_robot_state_broadcaster/bin'
[1.801s] INFO:colcon.colcon_core.shell:Creating package script '/home/jiataoding/franco_ros2_franka_ws/src/install/franka_robot_state_broadcaster/share/franka_robot_state_broadcaster/package.ps1'
[1.802s] INFO:colcon.colcon_core.shell:Creating package descriptor '/home/jiataoding/franco_ros2_franka_ws/src/install/franka_robot_state_broadcaster/share/franka_robot_state_broadcaster/package.dsv'
[1.802s] INFO:colcon.colcon_core.shell:Creating package script '/home/jiataoding/franco_ros2_franka_ws/src/install/franka_robot_state_broadcaster/share/franka_robot_state_broadcaster/package.sh'
[1.803s] INFO:colcon.colcon_core.shell:Creating package script '/home/jiataoding/franco_ros2_franka_ws/src/install/franka_robot_state_broadcaster/share/franka_robot_state_broadcaster/package.bash'
[1.803s] INFO:colcon.colcon_core.shell:Creating package script '/home/jiataoding/franco_ros2_franka_ws/src/install/franka_robot_state_broadcaster/share/franka_robot_state_broadcaster/package.zsh'
[1.804s] Level 1:colcon.colcon_core.environment:create_file_with_runtime_dependencies(/home/jiataoding/franco_ros2_franka_ws/src/install/franka_robot_state_broadcaster/share/colcon-core/packages/franka_robot_state_broadcaster)
[1.804s] INFO:colcon.colcon_ros.task.ament_cmake.build:Building ROS package in '/home/jiataoding/franco_ros2_franka_ws/src/franka_ros2/franka_bringup' with build type 'ament_cmake'
[1.804s] INFO:colcon.colcon_cmake.task.cmake.build:Building CMake package in '/home/jiataoding/franco_ros2_franka_ws/src/franka_ros2/franka_bringup'
[1.805s] INFO:colcon.colcon_core.shell:Skip shell extension 'powershell' for command environment: Not usable outside of PowerShell
[1.805s] DEBUG:colcon.colcon_core.shell:Skip shell extension 'dsv' for command environment
[1.848s] DEBUG:colcon.colcon_core.event_handler.log_command:Invoking command in '/home/jiataoding/franco_ros2_franka_ws/src/build/franka_bringup': CMAKE_PREFIX_PATH=/home/jiataoding/franco_ros2_franka_ws/src/install/franka_robot_state_broadcaster:/home/jiataoding/franco_ros2_franka_ws/src/install/franka_semantic_components:/home/jiataoding/franco_ros2_franka_ws/src/install/franka_hardware:/home/jiataoding/franco_ros2_franka_ws/src/install/franka_msgs:/home/jiataoding/franco_ros2_franka_ws/src/install/franka_description:/home/jiataoding/franco_ros2_franka_ws/src/install/joint_impedance_controller:/home/jiataoding/franco_ros2_franka_ws/src/install/integration_launch_testing:/home/jiataoding/franco_ros2_franka_ws/src/install/idra_franka_launch:/home/jiataoding/franco_ros2_franka_ws/src/install/gravity_compensation:/home/jiataoding/franco_ros2_franka_ws/src/install/franka_task_pipeline:/home/jiataoding/franco_ros2_franka_ws/src/install/franka_ros2:/home/jiataoding/franco_ros2_franka_ws/src/install/franka_bringup:/home/jiataoding/franco_ros2_franka_ws/src/install/franka_example_controllers:/home/jiataoding/franco_ros2_franka_ws/src/install/franka_gazebo_bringup:/home/jiataoding/franco_ros2_franka_ws/src/install/franka_ign_ros2_control:/home/jiataoding/franco_ros2_franka_ws/src/install/franka_fr3_moveit_config:/home/jiataoding/franco_ros2_franka_ws/src/install/franka_gripper:/home/jiataoding/franco_ros2_franka_ws/src/install/cartesian_impedance_controller:/opt/ros/humble:/home/jiataoding/franco_ros2_franka_ws/src/install/effort_controller_base:/home/jiataoding/franco_ros2_franka_ws/src/install/debug_msg:/home/jiataoding/ros2_franka_ws/install/joint_impedance_controller:/home/jiataoding/ros2_franka_ws/install/integration_launch_testing:/home/jiataoding/ros2_franka_ws/install/idra_franka_launch:/home/jiataoding/ros2_franka_ws/install/gravity_compensation:/home/jiataoding/ros2_franka_ws/install/franka_task_pipeline:/home/jiataoding/ros2_franka_ws/install/franka_ros2:/home/jiataoding/ros2_franka_ws/install/franka_bringup:/home/jiataoding/ros2_franka_ws/install/franka_robot_state_broadcaster:/home/jiataoding/ros2_franka_ws/install/franka_example_controllers:/home/jiataoding/ros2_franka_ws/install/franka_semantic_components:/home/jiataoding/ros2_franka_ws/install/franka_gazebo_bringup:/home/jiataoding/ros2_franka_ws/install/franka_ign_ros2_control:/home/jiataoding/ros2_franka_ws/install/franka_fr3_moveit_config:/home/jiataoding/ros2_franka_ws/install/franka_hardware:/home/jiataoding/ros2_franka_ws/install/franka_gripper:/home/jiataoding/ros2_franka_ws/install/franka_msgs:/home/jiataoding/ros2_franka_ws/install/franka_description:/home/jiataoding/ros2_franka_ws/install/cartesian_impedance_controller:/home/jiataoding/ros2_franka_ws/install/effort_controller_base:/home/jiataoding/ros2_franka_ws/install/debug_msg:/home/jiataoding/franco_ros2_franka_ws/install/joint_impedance_controller:/home/jiataoding/franco_ros2_franka_ws/install/integration_launch_testing:/home/jiataoding/franco_ros2_franka_ws/install/idra_franka_launch:/home/jiataoding/franco_ros2_franka_ws/install/gravity_compensation:/home/jiataoding/franco_ros2_franka_ws/install/franka_task_pipeline:/home/jiataoding/franco_ros2_franka_ws/install/franka_ros2:/home/jiataoding/franco_ros2_franka_ws/install/franka_bringup:/home/jiataoding/franco_ros2_franka_ws/install/franka_robot_state_broadcaster:/home/jiataoding/franco_ros2_franka_ws/install/franka_example_controllers:/home/jiataoding/franco_ros2_franka_ws/install/franka_semantic_components:/home/jiataoding/franco_ros2_franka_ws/install/franka_gazebo_bringup:/home/jiataoding/franco_ros2_franka_ws/install/franka_ign_ros2_control:/home/jiataoding/franco_ros2_franka_ws/install/franka_fr3_moveit_config:/home/jiataoding/franco_ros2_franka_ws/install/franka_hardware:/home/jiataoding/franco_ros2_franka_ws/install/franka_gripper:/home/jiataoding/franco_ros2_franka_ws/install/franka_msgs:/home/jiataoding/franco_ros2_franka_ws/install/franka_description:/home/jiataoding/franco_ros2_franka_ws/install/cartesian_impedance_controller:/home/jiataoding/franco_ros2_franka_ws/install/effort_controller_base:/home/jiataoding/franco_ros2_franka_ws/install/debug_msg:/opt/openrobots LD_LIBRARY_PATH=/home/jiataoding/franco_ros2_franka_ws/src/install/franka_robot_state_broadcaster/lib:/home/jiataoding/franco_ros2_franka_ws/src/install/franka_semantic_components/lib:/home/jiataoding/franco_ros2_franka_ws/src/install/franka_hardware/lib:/home/jiataoding/franco_ros2_franka_ws/src/install/franka_msgs/lib:/home/jiataoding/franco_ros2_franka_ws/src/install/joint_impedance_controller/lib:/home/jiataoding/franco_ros2_franka_ws/src/install/integration_launch_testing/lib:/home/jiataoding/franco_ros2_franka_ws/src/install/gravity_compensation/lib:/home/jiataoding/franco_ros2_franka_ws/src/install/franka_example_controllers/lib:/home/jiataoding/franco_ros2_franka_ws/src/install/franka_ign_ros2_control/lib:/home/jiataoding/franco_ros2_franka_ws/src/install/franka_gripper/lib:/home/jiataoding/franco_ros2_franka_ws/src/install/cartesian_impedance_controller/lib:/home/jiataoding/franco_ros2_franka_ws/src/install/effort_controller_base/lib:/home/jiataoding/franco_ros2_franka_ws/src/install/debug_msg/lib:/home/jiataoding/libs/onnxruntime-linux-x64-1.21.0/lib:/home/jiataoding/ros2_franka_ws/install/joint_impedance_controller/lib:/home/jiataoding/ros2_franka_ws/install/integration_launch_testing/lib:/home/jiataoding/ros2_franka_ws/install/gravity_compensation/lib:/home/jiataoding/ros2_franka_ws/install/franka_robot_state_broadcaster/lib:/home/jiataoding/ros2_franka_ws/install/franka_example_controllers/lib:/home/jiataoding/ros2_franka_ws/install/franka_semantic_components/lib:/home/jiataoding/ros2_franka_ws/install/franka_ign_ros2_control/lib:/home/jiataoding/ros2_franka_ws/install/franka_hardware/lib:/home/jiataoding/ros2_franka_ws/install/franka_gripper/lib:/home/jiataoding/ros2_franka_ws/install/franka_msgs/lib:/home/jiataoding/ros2_franka_ws/install/cartesian_impedance_controller/lib:/home/jiataoding/ros2_franka_ws/install/effort_controller_base/lib:/home/jiataoding/ros2_franka_ws/install/debug_msg/lib:/home/jiataoding/franco_ros2_franka_ws/install/joint_impedance_controller/lib:/home/jiataoding/franco_ros2_franka_ws/install/integration_launch_testing/lib:/home/jiataoding/franco_ros2_franka_ws/install/gravity_compensation/lib:/home/jiataoding/franco_ros2_franka_ws/install/franka_robot_state_broadcaster/lib:/home/jiataoding/franco_ros2_franka_ws/install/franka_example_controllers/lib:/home/jiataoding/franco_ros2_franka_ws/install/franka_semantic_components/lib:/home/jiataoding/franco_ros2_franka_ws/install/franka_ign_ros2_control/lib:/home/jiataoding/franco_ros2_franka_ws/install/franka_hardware/lib:/home/jiataoding/franco_ros2_franka_ws/install/franka_gripper/lib:/home/jiataoding/franco_ros2_franka_ws/install/franka_msgs/lib:/home/jiataoding/franco_ros2_franka_ws/install/cartesian_impedance_controller/lib:/home/jiataoding/franco_ros2_franka_ws/install/effort_controller_base/lib:/home/jiataoding/franco_ros2_franka_ws/install/debug_msg/lib:/opt/openrobots/lib:/opt/ros/humble/opt/rviz_ogre_vendor/lib:/opt/ros/humble/lib/x86_64-linux-gnu:/opt/ros/humble/lib /usr/bin/cmake --build /home/jiataoding/franco_ros2_franka_ws/src/build/franka_bringup -- -j24 -l24
[1.925s] DEBUG:colcon.colcon_core.event_handler.log_command:Invoked command in '/home/jiataoding/franco_ros2_franka_ws/src/build/franka_bringup' returned '0': CMAKE_PREFIX_PATH=/home/jiataoding/franco_ros2_franka_ws/src/install/franka_robot_state_broadcaster:/home/jiataoding/franco_ros2_franka_ws/src/install/franka_semantic_components:/home/jiataoding/franco_ros2_franka_ws/src/install/franka_hardware:/home/jiataoding/franco_ros2_franka_ws/src/install/franka_msgs:/home/jiataoding/franco_ros2_franka_ws/src/install/franka_description:/home/jiataoding/franco_ros2_franka_ws/src/install/joint_impedance_controller:/home/jiataoding/franco_ros2_franka_ws/src/install/integration_launch_testing:/home/jiataoding/franco_ros2_franka_ws/src/install/idra_franka_launch:/home/jiataoding/franco_ros2_franka_ws/src/install/gravity_compensation:/home/jiataoding/franco_ros2_franka_ws/src/install/franka_task_pipeline:/home/jiataoding/franco_ros2_franka_ws/src/install/franka_ros2:/home/jiataoding/franco_ros2_franka_ws/src/install/franka_bringup:/home/jiataoding/franco_ros2_franka_ws/src/install/franka_example_controllers:/home/jiataoding/franco_ros2_franka_ws/src/install/franka_gazebo_bringup:/home/jiataoding/franco_ros2_franka_ws/src/install/franka_ign_ros2_control:/home/jiataoding/franco_ros2_franka_ws/src/install/franka_fr3_moveit_config:/home/jiataoding/franco_ros2_franka_ws/src/install/franka_gripper:/home/jiataoding/franco_ros2_franka_ws/src/install/cartesian_impedance_controller:/opt/ros/humble:/home/jiataoding/franco_ros2_franka_ws/src/install/effort_controller_base:/home/jiataoding/franco_ros2_franka_ws/src/install/debug_msg:/home/jiataoding/ros2_franka_ws/install/joint_impedance_controller:/home/jiataoding/ros2_franka_ws/install/integration_launch_testing:/home/jiataoding/ros2_franka_ws/install/idra_franka_launch:/home/jiataoding/ros2_franka_ws/install/gravity_compensation:/home/jiataoding/ros2_franka_ws/install/franka_task_pipeline:/home/jiataoding/ros2_franka_ws/install/franka_ros2:/home/jiataoding/ros2_franka_ws/install/franka_bringup:/home/jiataoding/ros2_franka_ws/install/franka_robot_state_broadcaster:/home/jiataoding/ros2_franka_ws/install/franka_example_controllers:/home/jiataoding/ros2_franka_ws/install/franka_semantic_components:/home/jiataoding/ros2_franka_ws/install/franka_gazebo_bringup:/home/jiataoding/ros2_franka_ws/install/franka_ign_ros2_control:/home/jiataoding/ros2_franka_ws/install/franka_fr3_moveit_config:/home/jiataoding/ros2_franka_ws/install/franka_hardware:/home/jiataoding/ros2_franka_ws/install/franka_gripper:/home/jiataoding/ros2_franka_ws/install/franka_msgs:/home/jiataoding/ros2_franka_ws/install/franka_description:/home/jiataoding/ros2_franka_ws/install/cartesian_impedance_controller:/home/jiataoding/ros2_franka_ws/install/effort_controller_base:/home/jiataoding/ros2_franka_ws/install/debug_msg:/home/jiataoding/franco_ros2_franka_ws/install/joint_impedance_controller:/home/jiataoding/franco_ros2_franka_ws/install/integration_launch_testing:/home/jiataoding/franco_ros2_franka_ws/install/idra_franka_launch:/home/jiataoding/franco_ros2_franka_ws/install/gravity_compensation:/home/jiataoding/franco_ros2_franka_ws/install/franka_task_pipeline:/home/jiataoding/franco_ros2_franka_ws/install/franka_ros2:/home/jiataoding/franco_ros2_franka_ws/install/franka_bringup:/home/jiataoding/franco_ros2_franka_ws/install/franka_robot_state_broadcaster:/home/jiataoding/franco_ros2_franka_ws/install/franka_example_controllers:/home/jiataoding/franco_ros2_franka_ws/install/franka_semantic_components:/home/jiataoding/franco_ros2_franka_ws/install/franka_gazebo_bringup:/home/jiataoding/franco_ros2_franka_ws/install/franka_ign_ros2_control:/home/jiataoding/franco_ros2_franka_ws/install/franka_fr3_moveit_config:/home/jiataoding/franco_ros2_franka_ws/install/franka_hardware:/home/jiataoding/franco_ros2_franka_ws/install/franka_gripper:/home/jiataoding/franco_ros2_franka_ws/install/franka_msgs:/home/jiataoding/franco_ros2_franka_ws/install/franka_description:/home/jiataoding/franco_ros2_franka_ws/install/cartesian_impedance_controller:/home/jiataoding/franco_ros2_franka_ws/install/effort_controller_base:/home/jiataoding/franco_ros2_franka_ws/install/debug_msg:/opt/openrobots LD_LIBRARY_PATH=/home/jiataoding/franco_ros2_franka_ws/src/install/franka_robot_state_broadcaster/lib:/home/jiataoding/franco_ros2_franka_ws/src/install/franka_semantic_components/lib:/home/jiataoding/franco_ros2_franka_ws/src/install/franka_hardware/lib:/home/jiataoding/franco_ros2_franka_ws/src/install/franka_msgs/lib:/home/jiataoding/franco_ros2_franka_ws/src/install/joint_impedance_controller/lib:/home/jiataoding/franco_ros2_franka_ws/src/install/integration_launch_testing/lib:/home/jiataoding/franco_ros2_franka_ws/src/install/gravity_compensation/lib:/home/jiataoding/franco_ros2_franka_ws/src/install/franka_example_controllers/lib:/home/jiataoding/franco_ros2_franka_ws/src/install/franka_ign_ros2_control/lib:/home/jiataoding/franco_ros2_franka_ws/src/install/franka_gripper/lib:/home/jiataoding/franco_ros2_franka_ws/src/install/cartesian_impedance_controller/lib:/home/jiataoding/franco_ros2_franka_ws/src/install/effort_controller_base/lib:/home/jiataoding/franco_ros2_franka_ws/src/install/debug_msg/lib:/home/jiataoding/libs/onnxruntime-linux-x64-1.21.0/lib:/home/jiataoding/ros2_franka_ws/install/joint_impedance_controller/lib:/home/jiataoding/ros2_franka_ws/install/integration_launch_testing/lib:/home/jiataoding/ros2_franka_ws/install/gravity_compensation/lib:/home/jiataoding/ros2_franka_ws/install/franka_robot_state_broadcaster/lib:/home/jiataoding/ros2_franka_ws/install/franka_example_controllers/lib:/home/jiataoding/ros2_franka_ws/install/franka_semantic_components/lib:/home/jiataoding/ros2_franka_ws/install/franka_ign_ros2_control/lib:/home/jiataoding/ros2_franka_ws/install/franka_hardware/lib:/home/jiataoding/ros2_franka_ws/install/franka_gripper/lib:/home/jiataoding/ros2_franka_ws/install/franka_msgs/lib:/home/jiataoding/ros2_franka_ws/install/cartesian_impedance_controller/lib:/home/jiataoding/ros2_franka_ws/install/effort_controller_base/lib:/home/jiataoding/ros2_franka_ws/install/debug_msg/lib:/home/jiataoding/franco_ros2_franka_ws/install/joint_impedance_controller/lib:/home/jiataoding/franco_ros2_franka_ws/install/integration_launch_testing/lib:/home/jiataoding/franco_ros2_franka_ws/install/gravity_compensation/lib:/home/jiataoding/franco_ros2_franka_ws/install/franka_robot_state_broadcaster/lib:/home/jiataoding/franco_ros2_franka_ws/install/franka_example_controllers/lib:/home/jiataoding/franco_ros2_franka_ws/install/franka_semantic_components/lib:/home/jiataoding/franco_ros2_franka_ws/install/franka_ign_ros2_control/lib:/home/jiataoding/franco_ros2_franka_ws/install/franka_hardware/lib:/home/jiataoding/franco_ros2_franka_ws/install/franka_gripper/lib:/home/jiataoding/franco_ros2_franka_ws/install/franka_msgs/lib:/home/jiataoding/franco_ros2_franka_ws/install/cartesian_impedance_controller/lib:/home/jiataoding/franco_ros2_franka_ws/install/effort_controller_base/lib:/home/jiataoding/franco_ros2_franka_ws/install/debug_msg/lib:/opt/openrobots/lib:/opt/ros/humble/opt/rviz_ogre_vendor/lib:/opt/ros/humble/lib/x86_64-linux-gnu:/opt/ros/humble/lib /usr/bin/cmake --build /home/jiataoding/franco_ros2_franka_ws/src/build/franka_bringup -- -j24 -l24
[1.927s] DEBUG:colcon.colcon_core.event_handler.log_command:Invoking command in '/home/jiataoding/franco_ros2_franka_ws/src/build/franka_bringup': CMAKE_PREFIX_PATH=/home/jiataoding/franco_ros2_franka_ws/src/install/franka_robot_state_broadcaster:/home/jiataoding/franco_ros2_franka_ws/src/install/franka_semantic_components:/home/jiataoding/franco_ros2_franka_ws/src/install/franka_hardware:/home/jiataoding/franco_ros2_franka_ws/src/install/franka_msgs:/home/jiataoding/franco_ros2_franka_ws/src/install/franka_description:/home/jiataoding/franco_ros2_franka_ws/src/install/joint_impedance_controller:/home/jiataoding/franco_ros2_franka_ws/src/install/integration_launch_testing:/home/jiataoding/franco_ros2_franka_ws/src/install/idra_franka_launch:/home/jiataoding/franco_ros2_franka_ws/src/install/gravity_compensation:/home/jiataoding/franco_ros2_franka_ws/src/install/franka_task_pipeline:/home/jiataoding/franco_ros2_franka_ws/src/install/franka_ros2:/home/jiataoding/franco_ros2_franka_ws/src/install/franka_bringup:/home/jiataoding/franco_ros2_franka_ws/src/install/franka_example_controllers:/home/jiataoding/franco_ros2_franka_ws/src/install/franka_gazebo_bringup:/home/jiataoding/franco_ros2_franka_ws/src/install/franka_ign_ros2_control:/home/jiataoding/franco_ros2_franka_ws/src/install/franka_fr3_moveit_config:/home/jiataoding/franco_ros2_franka_ws/src/install/franka_gripper:/home/jiataoding/franco_ros2_franka_ws/src/install/cartesian_impedance_controller:/opt/ros/humble:/home/jiataoding/franco_ros2_franka_ws/src/install/effort_controller_base:/home/jiataoding/franco_ros2_franka_ws/src/install/debug_msg:/home/jiataoding/ros2_franka_ws/install/joint_impedance_controller:/home/jiataoding/ros2_franka_ws/install/integration_launch_testing:/home/jiataoding/ros2_franka_ws/install/idra_franka_launch:/home/jiataoding/ros2_franka_ws/install/gravity_compensation:/home/jiataoding/ros2_franka_ws/install/franka_task_pipeline:/home/jiataoding/ros2_franka_ws/install/franka_ros2:/home/jiataoding/ros2_franka_ws/install/franka_bringup:/home/jiataoding/ros2_franka_ws/install/franka_robot_state_broadcaster:/home/jiataoding/ros2_franka_ws/install/franka_example_controllers:/home/jiataoding/ros2_franka_ws/install/franka_semantic_components:/home/jiataoding/ros2_franka_ws/install/franka_gazebo_bringup:/home/jiataoding/ros2_franka_ws/install/franka_ign_ros2_control:/home/jiataoding/ros2_franka_ws/install/franka_fr3_moveit_config:/home/jiataoding/ros2_franka_ws/install/franka_hardware:/home/jiataoding/ros2_franka_ws/install/franka_gripper:/home/jiataoding/ros2_franka_ws/install/franka_msgs:/home/jiataoding/ros2_franka_ws/install/franka_description:/home/jiataoding/ros2_franka_ws/install/cartesian_impedance_controller:/home/jiataoding/ros2_franka_ws/install/effort_controller_base:/home/jiataoding/ros2_franka_ws/install/debug_msg:/home/jiataoding/franco_ros2_franka_ws/install/joint_impedance_controller:/home/jiataoding/franco_ros2_franka_ws/install/integration_launch_testing:/home/jiataoding/franco_ros2_franka_ws/install/idra_franka_launch:/home/jiataoding/franco_ros2_franka_ws/install/gravity_compensation:/home/jiataoding/franco_ros2_franka_ws/install/franka_task_pipeline:/home/jiataoding/franco_ros2_franka_ws/install/franka_ros2:/home/jiataoding/franco_ros2_franka_ws/install/franka_bringup:/home/jiataoding/franco_ros2_franka_ws/install/franka_robot_state_broadcaster:/home/jiataoding/franco_ros2_franka_ws/install/franka_example_controllers:/home/jiataoding/franco_ros2_franka_ws/install/franka_semantic_components:/home/jiataoding/franco_ros2_franka_ws/install/franka_gazebo_bringup:/home/jiataoding/franco_ros2_franka_ws/install/franka_ign_ros2_control:/home/jiataoding/franco_ros2_franka_ws/install/franka_fr3_moveit_config:/home/jiataoding/franco_ros2_franka_ws/install/franka_hardware:/home/jiataoding/franco_ros2_franka_ws/install/franka_gripper:/home/jiataoding/franco_ros2_franka_ws/install/franka_msgs:/home/jiataoding/franco_ros2_franka_ws/install/franka_description:/home/jiataoding/franco_ros2_franka_ws/install/cartesian_impedance_controller:/home/jiataoding/franco_ros2_franka_ws/install/effort_controller_base:/home/jiataoding/franco_ros2_franka_ws/install/debug_msg:/opt/openrobots LD_LIBRARY_PATH=/home/jiataoding/franco_ros2_franka_ws/src/install/franka_robot_state_broadcaster/lib:/home/jiataoding/franco_ros2_franka_ws/src/install/franka_semantic_components/lib:/home/jiataoding/franco_ros2_franka_ws/src/install/franka_hardware/lib:/home/jiataoding/franco_ros2_franka_ws/src/install/franka_msgs/lib:/home/jiataoding/franco_ros2_franka_ws/src/install/joint_impedance_controller/lib:/home/jiataoding/franco_ros2_franka_ws/src/install/integration_launch_testing/lib:/home/jiataoding/franco_ros2_franka_ws/src/install/gravity_compensation/lib:/home/jiataoding/franco_ros2_franka_ws/src/install/franka_example_controllers/lib:/home/jiataoding/franco_ros2_franka_ws/src/install/franka_ign_ros2_control/lib:/home/jiataoding/franco_ros2_franka_ws/src/install/franka_gripper/lib:/home/jiataoding/franco_ros2_franka_ws/src/install/cartesian_impedance_controller/lib:/home/jiataoding/franco_ros2_franka_ws/src/install/effort_controller_base/lib:/home/jiataoding/franco_ros2_franka_ws/src/install/debug_msg/lib:/home/jiataoding/libs/onnxruntime-linux-x64-1.21.0/lib:/home/jiataoding/ros2_franka_ws/install/joint_impedance_controller/lib:/home/jiataoding/ros2_franka_ws/install/integration_launch_testing/lib:/home/jiataoding/ros2_franka_ws/install/gravity_compensation/lib:/home/jiataoding/ros2_franka_ws/install/franka_robot_state_broadcaster/lib:/home/jiataoding/ros2_franka_ws/install/franka_example_controllers/lib:/home/jiataoding/ros2_franka_ws/install/franka_semantic_components/lib:/home/jiataoding/ros2_franka_ws/install/franka_ign_ros2_control/lib:/home/jiataoding/ros2_franka_ws/install/franka_hardware/lib:/home/jiataoding/ros2_franka_ws/install/franka_gripper/lib:/home/jiataoding/ros2_franka_ws/install/franka_msgs/lib:/home/jiataoding/ros2_franka_ws/install/cartesian_impedance_controller/lib:/home/jiataoding/ros2_franka_ws/install/effort_controller_base/lib:/home/jiataoding/ros2_franka_ws/install/debug_msg/lib:/home/jiataoding/franco_ros2_franka_ws/install/joint_impedance_controller/lib:/home/jiataoding/franco_ros2_franka_ws/install/integration_launch_testing/lib:/home/jiataoding/franco_ros2_franka_ws/install/gravity_compensation/lib:/home/jiataoding/franco_ros2_franka_ws/install/franka_robot_state_broadcaster/lib:/home/jiataoding/franco_ros2_franka_ws/install/franka_example_controllers/lib:/home/jiataoding/franco_ros2_franka_ws/install/franka_semantic_components/lib:/home/jiataoding/franco_ros2_franka_ws/install/franka_ign_ros2_control/lib:/home/jiataoding/franco_ros2_franka_ws/install/franka_hardware/lib:/home/jiataoding/franco_ros2_franka_ws/install/franka_gripper/lib:/home/jiataoding/franco_ros2_franka_ws/install/franka_msgs/lib:/home/jiataoding/franco_ros2_franka_ws/install/cartesian_impedance_controller/lib:/home/jiataoding/franco_ros2_franka_ws/install/effort_controller_base/lib:/home/jiataoding/franco_ros2_franka_ws/install/debug_msg/lib:/opt/openrobots/lib:/opt/ros/humble/opt/rviz_ogre_vendor/lib:/opt/ros/humble/lib/x86_64-linux-gnu:/opt/ros/humble/lib /usr/bin/cmake --install /home/jiataoding/franco_ros2_franka_ws/src/build/franka_bringup
[1.969s] Level 1:colcon.colcon_core.environment:create_environment_scripts_only(franka_bringup)
[1.969s] Level 1:colcon.colcon_core.environment:checking '/home/jiataoding/franco_ros2_franka_ws/src/install/franka_bringup' for CMake module files
[1.969s] DEBUG:colcon.colcon_core.event_handler.log_command:Invoked command in '/home/jiataoding/franco_ros2_franka_ws/src/build/franka_bringup' returned '0': CMAKE_PREFIX_PATH=/home/jiataoding/franco_ros2_franka_ws/src/install/franka_robot_state_broadcaster:/home/jiataoding/franco_ros2_franka_ws/src/install/franka_semantic_components:/home/jiataoding/franco_ros2_franka_ws/src/install/franka_hardware:/home/jiataoding/franco_ros2_franka_ws/src/install/franka_msgs:/home/jiataoding/franco_ros2_franka_ws/src/install/franka_description:/home/jiataoding/franco_ros2_franka_ws/src/install/joint_impedance_controller:/home/jiataoding/franco_ros2_franka_ws/src/install/integration_launch_testing:/home/jiataoding/franco_ros2_franka_ws/src/install/idra_franka_launch:/home/jiataoding/franco_ros2_franka_ws/src/install/gravity_compensation:/home/jiataoding/franco_ros2_franka_ws/src/install/franka_task_pipeline:/home/jiataoding/franco_ros2_franka_ws/src/install/franka_ros2:/home/jiataoding/franco_ros2_franka_ws/src/install/franka_bringup:/home/jiataoding/franco_ros2_franka_ws/src/install/franka_example_controllers:/home/jiataoding/franco_ros2_franka_ws/src/install/franka_gazebo_bringup:/home/jiataoding/franco_ros2_franka_ws/src/install/franka_ign_ros2_control:/home/jiataoding/franco_ros2_franka_ws/src/install/franka_fr3_moveit_config:/home/jiataoding/franco_ros2_franka_ws/src/install/franka_gripper:/home/jiataoding/franco_ros2_franka_ws/src/install/cartesian_impedance_controller:/opt/ros/humble:/home/jiataoding/franco_ros2_franka_ws/src/install/effort_controller_base:/home/jiataoding/franco_ros2_franka_ws/src/install/debug_msg:/home/jiataoding/ros2_franka_ws/install/joint_impedance_controller:/home/jiataoding/ros2_franka_ws/install/integration_launch_testing:/home/jiataoding/ros2_franka_ws/install/idra_franka_launch:/home/jiataoding/ros2_franka_ws/install/gravity_compensation:/home/jiataoding/ros2_franka_ws/install/franka_task_pipeline:/home/jiataoding/ros2_franka_ws/install/franka_ros2:/home/jiataoding/ros2_franka_ws/install/franka_bringup:/home/jiataoding/ros2_franka_ws/install/franka_robot_state_broadcaster:/home/jiataoding/ros2_franka_ws/install/franka_example_controllers:/home/jiataoding/ros2_franka_ws/install/franka_semantic_components:/home/jiataoding/ros2_franka_ws/install/franka_gazebo_bringup:/home/jiataoding/ros2_franka_ws/install/franka_ign_ros2_control:/home/jiataoding/ros2_franka_ws/install/franka_fr3_moveit_config:/home/jiataoding/ros2_franka_ws/install/franka_hardware:/home/jiataoding/ros2_franka_ws/install/franka_gripper:/home/jiataoding/ros2_franka_ws/install/franka_msgs:/home/jiataoding/ros2_franka_ws/install/franka_description:/home/jiataoding/ros2_franka_ws/install/cartesian_impedance_controller:/home/jiataoding/ros2_franka_ws/install/effort_controller_base:/home/jiataoding/ros2_franka_ws/install/debug_msg:/home/jiataoding/franco_ros2_franka_ws/install/joint_impedance_controller:/home/jiataoding/franco_ros2_franka_ws/install/integration_launch_testing:/home/jiataoding/franco_ros2_franka_ws/install/idra_franka_launch:/home/jiataoding/franco_ros2_franka_ws/install/gravity_compensation:/home/jiataoding/franco_ros2_franka_ws/install/franka_task_pipeline:/home/jiataoding/franco_ros2_franka_ws/install/franka_ros2:/home/jiataoding/franco_ros2_franka_ws/install/franka_bringup:/home/jiataoding/franco_ros2_franka_ws/install/franka_robot_state_broadcaster:/home/jiataoding/franco_ros2_franka_ws/install/franka_example_controllers:/home/jiataoding/franco_ros2_franka_ws/install/franka_semantic_components:/home/jiataoding/franco_ros2_franka_ws/install/franka_gazebo_bringup:/home/jiataoding/franco_ros2_franka_ws/install/franka_ign_ros2_control:/home/jiataoding/franco_ros2_franka_ws/install/franka_fr3_moveit_config:/home/jiataoding/franco_ros2_franka_ws/install/franka_hardware:/home/jiataoding/franco_ros2_franka_ws/install/franka_gripper:/home/jiataoding/franco_ros2_franka_ws/install/franka_msgs:/home/jiataoding/franco_ros2_franka_ws/install/franka_description:/home/jiataoding/franco_ros2_franka_ws/install/cartesian_impedance_controller:/home/jiataoding/franco_ros2_franka_ws/install/effort_controller_base:/home/jiataoding/franco_ros2_franka_ws/install/debug_msg:/opt/openrobots LD_LIBRARY_PATH=/home/jiataoding/franco_ros2_franka_ws/src/install/franka_robot_state_broadcaster/lib:/home/jiataoding/franco_ros2_franka_ws/src/install/franka_semantic_components/lib:/home/jiataoding/franco_ros2_franka_ws/src/install/franka_hardware/lib:/home/jiataoding/franco_ros2_franka_ws/src/install/franka_msgs/lib:/home/jiataoding/franco_ros2_franka_ws/src/install/joint_impedance_controller/lib:/home/jiataoding/franco_ros2_franka_ws/src/install/integration_launch_testing/lib:/home/jiataoding/franco_ros2_franka_ws/src/install/gravity_compensation/lib:/home/jiataoding/franco_ros2_franka_ws/src/install/franka_example_controllers/lib:/home/jiataoding/franco_ros2_franka_ws/src/install/franka_ign_ros2_control/lib:/home/jiataoding/franco_ros2_franka_ws/src/install/franka_gripper/lib:/home/jiataoding/franco_ros2_franka_ws/src/install/cartesian_impedance_controller/lib:/home/jiataoding/franco_ros2_franka_ws/src/install/effort_controller_base/lib:/home/jiataoding/franco_ros2_franka_ws/src/install/debug_msg/lib:/home/jiataoding/libs/onnxruntime-linux-x64-1.21.0/lib:/home/jiataoding/ros2_franka_ws/install/joint_impedance_controller/lib:/home/jiataoding/ros2_franka_ws/install/integration_launch_testing/lib:/home/jiataoding/ros2_franka_ws/install/gravity_compensation/lib:/home/jiataoding/ros2_franka_ws/install/franka_robot_state_broadcaster/lib:/home/jiataoding/ros2_franka_ws/install/franka_example_controllers/lib:/home/jiataoding/ros2_franka_ws/install/franka_semantic_components/lib:/home/jiataoding/ros2_franka_ws/install/franka_ign_ros2_control/lib:/home/jiataoding/ros2_franka_ws/install/franka_hardware/lib:/home/jiataoding/ros2_franka_ws/install/franka_gripper/lib:/home/jiataoding/ros2_franka_ws/install/franka_msgs/lib:/home/jiataoding/ros2_franka_ws/install/cartesian_impedance_controller/lib:/home/jiataoding/ros2_franka_ws/install/effort_controller_base/lib:/home/jiataoding/ros2_franka_ws/install/debug_msg/lib:/home/jiataoding/franco_ros2_franka_ws/install/joint_impedance_controller/lib:/home/jiataoding/franco_ros2_franka_ws/install/integration_launch_testing/lib:/home/jiataoding/franco_ros2_franka_ws/install/gravity_compensation/lib:/home/jiataoding/franco_ros2_franka_ws/install/franka_robot_state_broadcaster/lib:/home/jiataoding/franco_ros2_franka_ws/install/franka_example_controllers/lib:/home/jiataoding/franco_ros2_franka_ws/install/franka_semantic_components/lib:/home/jiataoding/franco_ros2_franka_ws/install/franka_ign_ros2_control/lib:/home/jiataoding/franco_ros2_franka_ws/install/franka_hardware/lib:/home/jiataoding/franco_ros2_franka_ws/install/franka_gripper/lib:/home/jiataoding/franco_ros2_franka_ws/install/franka_msgs/lib:/home/jiataoding/franco_ros2_franka_ws/install/cartesian_impedance_controller/lib:/home/jiataoding/franco_ros2_franka_ws/install/effort_controller_base/lib:/home/jiataoding/franco_ros2_franka_ws/install/debug_msg/lib:/opt/openrobots/lib:/opt/ros/humble/opt/rviz_ogre_vendor/lib:/opt/ros/humble/lib/x86_64-linux-gnu:/opt/ros/humble/lib /usr/bin/cmake --install /home/jiataoding/franco_ros2_franka_ws/src/build/franka_bringup
[1.970s] Level 1:colcon.colcon_core.environment:checking '/home/jiataoding/franco_ros2_franka_ws/src/install/franka_bringup' for CMake config files
[1.970s] Level 1:colcon.colcon_core.shell:create_environment_hook('franka_bringup', 'cmake_prefix_path')
[1.970s] INFO:colcon.colcon_core.shell:Creating environment hook '/home/jiataoding/franco_ros2_franka_ws/src/install/franka_bringup/share/franka_bringup/hook/cmake_prefix_path.ps1'
[1.971s] INFO:colcon.colcon_core.shell:Creating environment descriptor '/home/jiataoding/franco_ros2_franka_ws/src/install/franka_bringup/share/franka_bringup/hook/cmake_prefix_path.dsv'
[1.971s] INFO:colcon.colcon_core.shell:Creating environment hook '/home/jiataoding/franco_ros2_franka_ws/src/install/franka_bringup/share/franka_bringup/hook/cmake_prefix_path.sh'
[1.972s] Level 1:colcon.colcon_core.environment:checking '/home/jiataoding/franco_ros2_franka_ws/src/install/franka_bringup/lib'
[1.972s] Level 1:colcon.colcon_core.environment:checking '/home/jiataoding/franco_ros2_franka_ws/src/install/franka_bringup/bin'
[1.972s] Level 1:colcon.colcon_core.environment:checking '/home/jiataoding/franco_ros2_franka_ws/src/install/franka_bringup/lib/pkgconfig/franka_bringup.pc'
[1.972s] Level 1:colcon.colcon_core.environment:checking '/home/jiataoding/franco_ros2_franka_ws/src/install/franka_bringup/lib/python3.10/site-packages'
[1.972s] Level 1:colcon.colcon_core.environment:checking '/home/jiataoding/franco_ros2_franka_ws/src/install/franka_bringup/bin'
[1.973s] INFO:colcon.colcon_core.shell:Creating package script '/home/jiataoding/franco_ros2_franka_ws/src/install/franka_bringup/share/franka_bringup/package.ps1'
[1.973s] INFO:colcon.colcon_core.shell:Creating package descriptor '/home/jiataoding/franco_ros2_franka_ws/src/install/franka_bringup/share/franka_bringup/package.dsv'
[1.974s] INFO:colcon.colcon_core.shell:Creating package script '/home/jiataoding/franco_ros2_franka_ws/src/install/franka_bringup/share/franka_bringup/package.sh'
[1.974s] INFO:colcon.colcon_core.shell:Creating package script '/home/jiataoding/franco_ros2_franka_ws/src/install/franka_bringup/share/franka_bringup/package.bash'
[1.975s] INFO:colcon.colcon_core.shell:Creating package script '/home/jiataoding/franco_ros2_franka_ws/src/install/franka_bringup/share/franka_bringup/package.zsh'
[1.975s] Level 1:colcon.colcon_core.environment:create_file_with_runtime_dependencies(/home/jiataoding/franco_ros2_franka_ws/src/install/franka_bringup/share/colcon-core/packages/franka_bringup)
[1.976s] Level 1:colcon.colcon_core.environment:create_environment_scripts_only(franka_bringup)
[1.976s] Level 1:colcon.colcon_core.environment:checking '/home/jiataoding/franco_ros2_franka_ws/src/install/franka_bringup' for CMake module files
[1.976s] Level 1:colcon.colcon_core.environment:checking '/home/jiataoding/franco_ros2_franka_ws/src/install/franka_bringup' for CMake config files
[1.977s] Level 1:colcon.colcon_core.shell:create_environment_hook('franka_bringup', 'cmake_prefix_path')
[1.977s] INFO:colcon.colcon_core.shell:Creating environment hook '/home/jiataoding/franco_ros2_franka_ws/src/install/franka_bringup/share/franka_bringup/hook/cmake_prefix_path.ps1'
[1.978s] INFO:colcon.colcon_core.shell:Creating environment descriptor '/home/jiataoding/franco_ros2_franka_ws/src/install/franka_bringup/share/franka_bringup/hook/cmake_prefix_path.dsv'
[1.978s] INFO:colcon.colcon_core.shell:Creating environment hook '/home/jiataoding/franco_ros2_franka_ws/src/install/franka_bringup/share/franka_bringup/hook/cmake_prefix_path.sh'
[1.979s] Level 1:colcon.colcon_core.environment:checking '/home/jiataoding/franco_ros2_franka_ws/src/install/franka_bringup/lib'
[1.979s] Level 1:colcon.colcon_core.environment:checking '/home/jiataoding/franco_ros2_franka_ws/src/install/franka_bringup/bin'
[1.979s] Level 1:colcon.colcon_core.environment:checking '/home/jiataoding/franco_ros2_franka_ws/src/install/franka_bringup/lib/pkgconfig/franka_bringup.pc'
[1.979s] Level 1:colcon.colcon_core.environment:checking '/home/jiataoding/franco_ros2_franka_ws/src/install/franka_bringup/lib/python3.10/site-packages'
[1.979s] Level 1:colcon.colcon_core.environment:checking '/home/jiataoding/franco_ros2_franka_ws/src/install/franka_bringup/bin'
[1.980s] INFO:colcon.colcon_core.shell:Creating package script '/home/jiataoding/franco_ros2_franka_ws/src/install/franka_bringup/share/franka_bringup/package.ps1'
[1.980s] INFO:colcon.colcon_core.shell:Creating package descriptor '/home/jiataoding/franco_ros2_franka_ws/src/install/franka_bringup/share/franka_bringup/package.dsv'
[1.981s] INFO:colcon.colcon_core.shell:Creating package script '/home/jiataoding/franco_ros2_franka_ws/src/install/franka_bringup/share/franka_bringup/package.sh'
[1.982s] INFO:colcon.colcon_core.shell:Creating package script '/home/jiataoding/franco_ros2_franka_ws/src/install/franka_bringup/share/franka_bringup/package.bash'
[1.982s] INFO:colcon.colcon_core.shell:Creating package script '/home/jiataoding/franco_ros2_franka_ws/src/install/franka_bringup/share/franka_bringup/package.zsh'
[1.983s] Level 1:colcon.colcon_core.environment:create_file_with_runtime_dependencies(/home/jiataoding/franco_ros2_franka_ws/src/install/franka_bringup/share/colcon-core/packages/franka_bringup)
[1.983s] INFO:colcon.colcon_ros.task.ament_cmake.build:Building ROS package in '/home/jiataoding/franco_ros2_franka_ws/src/idra_franka_launch' with build type 'ament_cmake'
[1.983s] INFO:colcon.colcon_cmake.task.cmake.build:Building CMake package in '/home/jiataoding/franco_ros2_franka_ws/src/idra_franka_launch'
[1.984s] INFO:colcon.colcon_core.shell:Skip shell extension 'powershell' for command environment: Not usable outside of PowerShell
[1.984s] DEBUG:colcon.colcon_core.shell:Skip shell extension 'dsv' for command environment
[2.035s] DEBUG:colcon.colcon_core.event_handler.log_command:Invoking command in '/home/jiataoding/franco_ros2_franka_ws/src/build/idra_franka_launch': CMAKE_PREFIX_PATH=/home/jiataoding/franco_ros2_franka_ws/src/install/franka_bringup:/home/jiataoding/franco_ros2_franka_ws/src/install/franka_robot_state_broadcaster:/home/jiataoding/franco_ros2_franka_ws/src/install/franka_semantic_components:/home/jiataoding/franco_ros2_franka_ws/src/install/franka_hardware:/home/jiataoding/franco_ros2_franka_ws/src/install/franka_msgs:/home/jiataoding/franco_ros2_franka_ws/src/install/franka_description:/home/jiataoding/franco_ros2_franka_ws/src/install/joint_impedance_controller:/home/jiataoding/franco_ros2_franka_ws/src/install/integration_launch_testing:/home/jiataoding/franco_ros2_franka_ws/src/install/idra_franka_launch:/home/jiataoding/franco_ros2_franka_ws/src/install/gravity_compensation:/home/jiataoding/franco_ros2_franka_ws/src/install/franka_task_pipeline:/home/jiataoding/franco_ros2_franka_ws/src/install/franka_ros2:/home/jiataoding/franco_ros2_franka_ws/src/install/franka_example_controllers:/home/jiataoding/franco_ros2_franka_ws/src/install/franka_gazebo_bringup:/home/jiataoding/franco_ros2_franka_ws/src/install/franka_ign_ros2_control:/home/jiataoding/franco_ros2_franka_ws/src/install/franka_fr3_moveit_config:/home/jiataoding/franco_ros2_franka_ws/src/install/franka_gripper:/home/jiataoding/franco_ros2_franka_ws/src/install/cartesian_impedance_controller:/opt/ros/humble:/home/jiataoding/franco_ros2_franka_ws/src/install/effort_controller_base:/home/jiataoding/franco_ros2_franka_ws/src/install/debug_msg:/home/jiataoding/ros2_franka_ws/install/joint_impedance_controller:/home/jiataoding/ros2_franka_ws/install/integration_launch_testing:/home/jiataoding/ros2_franka_ws/install/idra_franka_launch:/home/jiataoding/ros2_franka_ws/install/gravity_compensation:/home/jiataoding/ros2_franka_ws/install/franka_task_pipeline:/home/jiataoding/ros2_franka_ws/install/franka_ros2:/home/jiataoding/ros2_franka_ws/install/franka_bringup:/home/jiataoding/ros2_franka_ws/install/franka_robot_state_broadcaster:/home/jiataoding/ros2_franka_ws/install/franka_example_controllers:/home/jiataoding/ros2_franka_ws/install/franka_semantic_components:/home/jiataoding/ros2_franka_ws/install/franka_gazebo_bringup:/home/jiataoding/ros2_franka_ws/install/franka_ign_ros2_control:/home/jiataoding/ros2_franka_ws/install/franka_fr3_moveit_config:/home/jiataoding/ros2_franka_ws/install/franka_hardware:/home/jiataoding/ros2_franka_ws/install/franka_gripper:/home/jiataoding/ros2_franka_ws/install/franka_msgs:/home/jiataoding/ros2_franka_ws/install/franka_description:/home/jiataoding/ros2_franka_ws/install/cartesian_impedance_controller:/home/jiataoding/ros2_franka_ws/install/effort_controller_base:/home/jiataoding/ros2_franka_ws/install/debug_msg:/home/jiataoding/franco_ros2_franka_ws/install/joint_impedance_controller:/home/jiataoding/franco_ros2_franka_ws/install/integration_launch_testing:/home/jiataoding/franco_ros2_franka_ws/install/idra_franka_launch:/home/jiataoding/franco_ros2_franka_ws/install/gravity_compensation:/home/jiataoding/franco_ros2_franka_ws/install/franka_task_pipeline:/home/jiataoding/franco_ros2_franka_ws/install/franka_ros2:/home/jiataoding/franco_ros2_franka_ws/install/franka_bringup:/home/jiataoding/franco_ros2_franka_ws/install/franka_robot_state_broadcaster:/home/jiataoding/franco_ros2_franka_ws/install/franka_example_controllers:/home/jiataoding/franco_ros2_franka_ws/install/franka_semantic_components:/home/jiataoding/franco_ros2_franka_ws/install/franka_gazebo_bringup:/home/jiataoding/franco_ros2_franka_ws/install/franka_ign_ros2_control:/home/jiataoding/franco_ros2_franka_ws/install/franka_fr3_moveit_config:/home/jiataoding/franco_ros2_franka_ws/install/franka_hardware:/home/jiataoding/franco_ros2_franka_ws/install/franka_gripper:/home/jiataoding/franco_ros2_franka_ws/install/franka_msgs:/home/jiataoding/franco_ros2_franka_ws/install/franka_description:/home/jiataoding/franco_ros2_franka_ws/install/cartesian_impedance_controller:/home/jiataoding/franco_ros2_franka_ws/install/effort_controller_base:/home/jiataoding/franco_ros2_franka_ws/install/debug_msg:/opt/openrobots LD_LIBRARY_PATH=/home/jiataoding/franco_ros2_franka_ws/src/install/franka_robot_state_broadcaster/lib:/home/jiataoding/franco_ros2_franka_ws/src/install/franka_semantic_components/lib:/home/jiataoding/franco_ros2_franka_ws/src/install/franka_hardware/lib:/home/jiataoding/franco_ros2_franka_ws/src/install/franka_msgs/lib:/home/jiataoding/franco_ros2_franka_ws/src/install/joint_impedance_controller/lib:/home/jiataoding/franco_ros2_franka_ws/src/install/integration_launch_testing/lib:/home/jiataoding/franco_ros2_franka_ws/src/install/gravity_compensation/lib:/home/jiataoding/franco_ros2_franka_ws/src/install/franka_example_controllers/lib:/home/jiataoding/franco_ros2_franka_ws/src/install/franka_ign_ros2_control/lib:/home/jiataoding/franco_ros2_franka_ws/src/install/franka_gripper/lib:/home/jiataoding/franco_ros2_franka_ws/src/install/cartesian_impedance_controller/lib:/home/jiataoding/franco_ros2_franka_ws/src/install/effort_controller_base/lib:/home/jiataoding/franco_ros2_franka_ws/src/install/debug_msg/lib:/home/jiataoding/libs/onnxruntime-linux-x64-1.21.0/lib:/home/jiataoding/ros2_franka_ws/install/joint_impedance_controller/lib:/home/jiataoding/ros2_franka_ws/install/integration_launch_testing/lib:/home/jiataoding/ros2_franka_ws/install/gravity_compensation/lib:/home/jiataoding/ros2_franka_ws/install/franka_robot_state_broadcaster/lib:/home/jiataoding/ros2_franka_ws/install/franka_example_controllers/lib:/home/jiataoding/ros2_franka_ws/install/franka_semantic_components/lib:/home/jiataoding/ros2_franka_ws/install/franka_ign_ros2_control/lib:/home/jiataoding/ros2_franka_ws/install/franka_hardware/lib:/home/jiataoding/ros2_franka_ws/install/franka_gripper/lib:/home/jiataoding/ros2_franka_ws/install/franka_msgs/lib:/home/jiataoding/ros2_franka_ws/install/cartesian_impedance_controller/lib:/home/jiataoding/ros2_franka_ws/install/effort_controller_base/lib:/home/jiataoding/ros2_franka_ws/install/debug_msg/lib:/home/jiataoding/franco_ros2_franka_ws/install/joint_impedance_controller/lib:/home/jiataoding/franco_ros2_franka_ws/install/integration_launch_testing/lib:/home/jiataoding/franco_ros2_franka_ws/install/gravity_compensation/lib:/home/jiataoding/franco_ros2_franka_ws/install/franka_robot_state_broadcaster/lib:/home/jiataoding/franco_ros2_franka_ws/install/franka_example_controllers/lib:/home/jiataoding/franco_ros2_franka_ws/install/franka_semantic_components/lib:/home/jiataoding/franco_ros2_franka_ws/install/franka_ign_ros2_control/lib:/home/jiataoding/franco_ros2_franka_ws/install/franka_hardware/lib:/home/jiataoding/franco_ros2_franka_ws/install/franka_gripper/lib:/home/jiataoding/franco_ros2_franka_ws/install/franka_msgs/lib:/home/jiataoding/franco_ros2_franka_ws/install/cartesian_impedance_controller/lib:/home/jiataoding/franco_ros2_franka_ws/install/effort_controller_base/lib:/home/jiataoding/franco_ros2_franka_ws/install/debug_msg/lib:/opt/openrobots/lib:/opt/ros/humble/opt/rviz_ogre_vendor/lib:/opt/ros/humble/lib/x86_64-linux-gnu:/opt/ros/humble/lib /usr/bin/cmake --build /home/jiataoding/franco_ros2_franka_ws/src/build/idra_franka_launch -- -j24 -l24
[2.109s] DEBUG:colcon.colcon_core.event_handler.log_command:Invoked command in '/home/jiataoding/franco_ros2_franka_ws/src/build/idra_franka_launch' returned '0': CMAKE_PREFIX_PATH=/home/jiataoding/franco_ros2_franka_ws/src/install/franka_bringup:/home/jiataoding/franco_ros2_franka_ws/src/install/franka_robot_state_broadcaster:/home/jiataoding/franco_ros2_franka_ws/src/install/franka_semantic_components:/home/jiataoding/franco_ros2_franka_ws/src/install/franka_hardware:/home/jiataoding/franco_ros2_franka_ws/src/install/franka_msgs:/home/jiataoding/franco_ros2_franka_ws/src/install/franka_description:/home/jiataoding/franco_ros2_franka_ws/src/install/joint_impedance_controller:/home/jiataoding/franco_ros2_franka_ws/src/install/integration_launch_testing:/home/jiataoding/franco_ros2_franka_ws/src/install/idra_franka_launch:/home/jiataoding/franco_ros2_franka_ws/src/install/gravity_compensation:/home/jiataoding/franco_ros2_franka_ws/src/install/franka_task_pipeline:/home/jiataoding/franco_ros2_franka_ws/src/install/franka_ros2:/home/jiataoding/franco_ros2_franka_ws/src/install/franka_example_controllers:/home/jiataoding/franco_ros2_franka_ws/src/install/franka_gazebo_bringup:/home/jiataoding/franco_ros2_franka_ws/src/install/franka_ign_ros2_control:/home/jiataoding/franco_ros2_franka_ws/src/install/franka_fr3_moveit_config:/home/jiataoding/franco_ros2_franka_ws/src/install/franka_gripper:/home/jiataoding/franco_ros2_franka_ws/src/install/cartesian_impedance_controller:/opt/ros/humble:/home/jiataoding/franco_ros2_franka_ws/src/install/effort_controller_base:/home/jiataoding/franco_ros2_franka_ws/src/install/debug_msg:/home/jiataoding/ros2_franka_ws/install/joint_impedance_controller:/home/jiataoding/ros2_franka_ws/install/integration_launch_testing:/home/jiataoding/ros2_franka_ws/install/idra_franka_launch:/home/jiataoding/ros2_franka_ws/install/gravity_compensation:/home/jiataoding/ros2_franka_ws/install/franka_task_pipeline:/home/jiataoding/ros2_franka_ws/install/franka_ros2:/home/jiataoding/ros2_franka_ws/install/franka_bringup:/home/jiataoding/ros2_franka_ws/install/franka_robot_state_broadcaster:/home/jiataoding/ros2_franka_ws/install/franka_example_controllers:/home/jiataoding/ros2_franka_ws/install/franka_semantic_components:/home/jiataoding/ros2_franka_ws/install/franka_gazebo_bringup:/home/jiataoding/ros2_franka_ws/install/franka_ign_ros2_control:/home/jiataoding/ros2_franka_ws/install/franka_fr3_moveit_config:/home/jiataoding/ros2_franka_ws/install/franka_hardware:/home/jiataoding/ros2_franka_ws/install/franka_gripper:/home/jiataoding/ros2_franka_ws/install/franka_msgs:/home/jiataoding/ros2_franka_ws/install/franka_description:/home/jiataoding/ros2_franka_ws/install/cartesian_impedance_controller:/home/jiataoding/ros2_franka_ws/install/effort_controller_base:/home/jiataoding/ros2_franka_ws/install/debug_msg:/home/jiataoding/franco_ros2_franka_ws/install/joint_impedance_controller:/home/jiataoding/franco_ros2_franka_ws/install/integration_launch_testing:/home/jiataoding/franco_ros2_franka_ws/install/idra_franka_launch:/home/jiataoding/franco_ros2_franka_ws/install/gravity_compensation:/home/jiataoding/franco_ros2_franka_ws/install/franka_task_pipeline:/home/jiataoding/franco_ros2_franka_ws/install/franka_ros2:/home/jiataoding/franco_ros2_franka_ws/install/franka_bringup:/home/jiataoding/franco_ros2_franka_ws/install/franka_robot_state_broadcaster:/home/jiataoding/franco_ros2_franka_ws/install/franka_example_controllers:/home/jiataoding/franco_ros2_franka_ws/install/franka_semantic_components:/home/jiataoding/franco_ros2_franka_ws/install/franka_gazebo_bringup:/home/jiataoding/franco_ros2_franka_ws/install/franka_ign_ros2_control:/home/jiataoding/franco_ros2_franka_ws/install/franka_fr3_moveit_config:/home/jiataoding/franco_ros2_franka_ws/install/franka_hardware:/home/jiataoding/franco_ros2_franka_ws/install/franka_gripper:/home/jiataoding/franco_ros2_franka_ws/install/franka_msgs:/home/jiataoding/franco_ros2_franka_ws/install/franka_description:/home/jiataoding/franco_ros2_franka_ws/install/cartesian_impedance_controller:/home/jiataoding/franco_ros2_franka_ws/install/effort_controller_base:/home/jiataoding/franco_ros2_franka_ws/install/debug_msg:/opt/openrobots LD_LIBRARY_PATH=/home/jiataoding/franco_ros2_franka_ws/src/install/franka_robot_state_broadcaster/lib:/home/jiataoding/franco_ros2_franka_ws/src/install/franka_semantic_components/lib:/home/jiataoding/franco_ros2_franka_ws/src/install/franka_hardware/lib:/home/jiataoding/franco_ros2_franka_ws/src/install/franka_msgs/lib:/home/jiataoding/franco_ros2_franka_ws/src/install/joint_impedance_controller/lib:/home/jiataoding/franco_ros2_franka_ws/src/install/integration_launch_testing/lib:/home/jiataoding/franco_ros2_franka_ws/src/install/gravity_compensation/lib:/home/jiataoding/franco_ros2_franka_ws/src/install/franka_example_controllers/lib:/home/jiataoding/franco_ros2_franka_ws/src/install/franka_ign_ros2_control/lib:/home/jiataoding/franco_ros2_franka_ws/src/install/franka_gripper/lib:/home/jiataoding/franco_ros2_franka_ws/src/install/cartesian_impedance_controller/lib:/home/jiataoding/franco_ros2_franka_ws/src/install/effort_controller_base/lib:/home/jiataoding/franco_ros2_franka_ws/src/install/debug_msg/lib:/home/jiataoding/libs/onnxruntime-linux-x64-1.21.0/lib:/home/jiataoding/ros2_franka_ws/install/joint_impedance_controller/lib:/home/jiataoding/ros2_franka_ws/install/integration_launch_testing/lib:/home/jiataoding/ros2_franka_ws/install/gravity_compensation/lib:/home/jiataoding/ros2_franka_ws/install/franka_robot_state_broadcaster/lib:/home/jiataoding/ros2_franka_ws/install/franka_example_controllers/lib:/home/jiataoding/ros2_franka_ws/install/franka_semantic_components/lib:/home/jiataoding/ros2_franka_ws/install/franka_ign_ros2_control/lib:/home/jiataoding/ros2_franka_ws/install/franka_hardware/lib:/home/jiataoding/ros2_franka_ws/install/franka_gripper/lib:/home/jiataoding/ros2_franka_ws/install/franka_msgs/lib:/home/jiataoding/ros2_franka_ws/install/cartesian_impedance_controller/lib:/home/jiataoding/ros2_franka_ws/install/effort_controller_base/lib:/home/jiataoding/ros2_franka_ws/install/debug_msg/lib:/home/jiataoding/franco_ros2_franka_ws/install/joint_impedance_controller/lib:/home/jiataoding/franco_ros2_franka_ws/install/integration_launch_testing/lib:/home/jiataoding/franco_ros2_franka_ws/install/gravity_compensation/lib:/home/jiataoding/franco_ros2_franka_ws/install/franka_robot_state_broadcaster/lib:/home/jiataoding/franco_ros2_franka_ws/install/franka_example_controllers/lib:/home/jiataoding/franco_ros2_franka_ws/install/franka_semantic_components/lib:/home/jiataoding/franco_ros2_franka_ws/install/franka_ign_ros2_control/lib:/home/jiataoding/franco_ros2_franka_ws/install/franka_hardware/lib:/home/jiataoding/franco_ros2_franka_ws/install/franka_gripper/lib:/home/jiataoding/franco_ros2_franka_ws/install/franka_msgs/lib:/home/jiataoding/franco_ros2_franka_ws/install/cartesian_impedance_controller/lib:/home/jiataoding/franco_ros2_franka_ws/install/effort_controller_base/lib:/home/jiataoding/franco_ros2_franka_ws/install/debug_msg/lib:/opt/openrobots/lib:/opt/ros/humble/opt/rviz_ogre_vendor/lib:/opt/ros/humble/lib/x86_64-linux-gnu:/opt/ros/humble/lib /usr/bin/cmake --build /home/jiataoding/franco_ros2_franka_ws/src/build/idra_franka_launch -- -j24 -l24
[2.111s] DEBUG:colcon.colcon_core.event_handler.log_command:Invoking command in '/home/jiataoding/franco_ros2_franka_ws/src/build/idra_franka_launch': CMAKE_PREFIX_PATH=/home/jiataoding/franco_ros2_franka_ws/src/install/franka_bringup:/home/jiataoding/franco_ros2_franka_ws/src/install/franka_robot_state_broadcaster:/home/jiataoding/franco_ros2_franka_ws/src/install/franka_semantic_components:/home/jiataoding/franco_ros2_franka_ws/src/install/franka_hardware:/home/jiataoding/franco_ros2_franka_ws/src/install/franka_msgs:/home/jiataoding/franco_ros2_franka_ws/src/install/franka_description:/home/jiataoding/franco_ros2_franka_ws/src/install/joint_impedance_controller:/home/jiataoding/franco_ros2_franka_ws/src/install/integration_launch_testing:/home/jiataoding/franco_ros2_franka_ws/src/install/idra_franka_launch:/home/jiataoding/franco_ros2_franka_ws/src/install/gravity_compensation:/home/jiataoding/franco_ros2_franka_ws/src/install/franka_task_pipeline:/home/jiataoding/franco_ros2_franka_ws/src/install/franka_ros2:/home/jiataoding/franco_ros2_franka_ws/src/install/franka_example_controllers:/home/jiataoding/franco_ros2_franka_ws/src/install/franka_gazebo_bringup:/home/jiataoding/franco_ros2_franka_ws/src/install/franka_ign_ros2_control:/home/jiataoding/franco_ros2_franka_ws/src/install/franka_fr3_moveit_config:/home/jiataoding/franco_ros2_franka_ws/src/install/franka_gripper:/home/jiataoding/franco_ros2_franka_ws/src/install/cartesian_impedance_controller:/opt/ros/humble:/home/jiataoding/franco_ros2_franka_ws/src/install/effort_controller_base:/home/jiataoding/franco_ros2_franka_ws/src/install/debug_msg:/home/jiataoding/ros2_franka_ws/install/joint_impedance_controller:/home/jiataoding/ros2_franka_ws/install/integration_launch_testing:/home/jiataoding/ros2_franka_ws/install/idra_franka_launch:/home/jiataoding/ros2_franka_ws/install/gravity_compensation:/home/jiataoding/ros2_franka_ws/install/franka_task_pipeline:/home/jiataoding/ros2_franka_ws/install/franka_ros2:/home/jiataoding/ros2_franka_ws/install/franka_bringup:/home/jiataoding/ros2_franka_ws/install/franka_robot_state_broadcaster:/home/jiataoding/ros2_franka_ws/install/franka_example_controllers:/home/jiataoding/ros2_franka_ws/install/franka_semantic_components:/home/jiataoding/ros2_franka_ws/install/franka_gazebo_bringup:/home/jiataoding/ros2_franka_ws/install/franka_ign_ros2_control:/home/jiataoding/ros2_franka_ws/install/franka_fr3_moveit_config:/home/jiataoding/ros2_franka_ws/install/franka_hardware:/home/jiataoding/ros2_franka_ws/install/franka_gripper:/home/jiataoding/ros2_franka_ws/install/franka_msgs:/home/jiataoding/ros2_franka_ws/install/franka_description:/home/jiataoding/ros2_franka_ws/install/cartesian_impedance_controller:/home/jiataoding/ros2_franka_ws/install/effort_controller_base:/home/jiataoding/ros2_franka_ws/install/debug_msg:/home/jiataoding/franco_ros2_franka_ws/install/joint_impedance_controller:/home/jiataoding/franco_ros2_franka_ws/install/integration_launch_testing:/home/jiataoding/franco_ros2_franka_ws/install/idra_franka_launch:/home/jiataoding/franco_ros2_franka_ws/install/gravity_compensation:/home/jiataoding/franco_ros2_franka_ws/install/franka_task_pipeline:/home/jiataoding/franco_ros2_franka_ws/install/franka_ros2:/home/jiataoding/franco_ros2_franka_ws/install/franka_bringup:/home/jiataoding/franco_ros2_franka_ws/install/franka_robot_state_broadcaster:/home/jiataoding/franco_ros2_franka_ws/install/franka_example_controllers:/home/jiataoding/franco_ros2_franka_ws/install/franka_semantic_components:/home/jiataoding/franco_ros2_franka_ws/install/franka_gazebo_bringup:/home/jiataoding/franco_ros2_franka_ws/install/franka_ign_ros2_control:/home/jiataoding/franco_ros2_franka_ws/install/franka_fr3_moveit_config:/home/jiataoding/franco_ros2_franka_ws/install/franka_hardware:/home/jiataoding/franco_ros2_franka_ws/install/franka_gripper:/home/jiataoding/franco_ros2_franka_ws/install/franka_msgs:/home/jiataoding/franco_ros2_franka_ws/install/franka_description:/home/jiataoding/franco_ros2_franka_ws/install/cartesian_impedance_controller:/home/jiataoding/franco_ros2_franka_ws/install/effort_controller_base:/home/jiataoding/franco_ros2_franka_ws/install/debug_msg:/opt/openrobots LD_LIBRARY_PATH=/home/jiataoding/franco_ros2_franka_ws/src/install/franka_robot_state_broadcaster/lib:/home/jiataoding/franco_ros2_franka_ws/src/install/franka_semantic_components/lib:/home/jiataoding/franco_ros2_franka_ws/src/install/franka_hardware/lib:/home/jiataoding/franco_ros2_franka_ws/src/install/franka_msgs/lib:/home/jiataoding/franco_ros2_franka_ws/src/install/joint_impedance_controller/lib:/home/jiataoding/franco_ros2_franka_ws/src/install/integration_launch_testing/lib:/home/jiataoding/franco_ros2_franka_ws/src/install/gravity_compensation/lib:/home/jiataoding/franco_ros2_franka_ws/src/install/franka_example_controllers/lib:/home/jiataoding/franco_ros2_franka_ws/src/install/franka_ign_ros2_control/lib:/home/jiataoding/franco_ros2_franka_ws/src/install/franka_gripper/lib:/home/jiataoding/franco_ros2_franka_ws/src/install/cartesian_impedance_controller/lib:/home/jiataoding/franco_ros2_franka_ws/src/install/effort_controller_base/lib:/home/jiataoding/franco_ros2_franka_ws/src/install/debug_msg/lib:/home/jiataoding/libs/onnxruntime-linux-x64-1.21.0/lib:/home/jiataoding/ros2_franka_ws/install/joint_impedance_controller/lib:/home/jiataoding/ros2_franka_ws/install/integration_launch_testing/lib:/home/jiataoding/ros2_franka_ws/install/gravity_compensation/lib:/home/jiataoding/ros2_franka_ws/install/franka_robot_state_broadcaster/lib:/home/jiataoding/ros2_franka_ws/install/franka_example_controllers/lib:/home/jiataoding/ros2_franka_ws/install/franka_semantic_components/lib:/home/jiataoding/ros2_franka_ws/install/franka_ign_ros2_control/lib:/home/jiataoding/ros2_franka_ws/install/franka_hardware/lib:/home/jiataoding/ros2_franka_ws/install/franka_gripper/lib:/home/jiataoding/ros2_franka_ws/install/franka_msgs/lib:/home/jiataoding/ros2_franka_ws/install/cartesian_impedance_controller/lib:/home/jiataoding/ros2_franka_ws/install/effort_controller_base/lib:/home/jiataoding/ros2_franka_ws/install/debug_msg/lib:/home/jiataoding/franco_ros2_franka_ws/install/joint_impedance_controller/lib:/home/jiataoding/franco_ros2_franka_ws/install/integration_launch_testing/lib:/home/jiataoding/franco_ros2_franka_ws/install/gravity_compensation/lib:/home/jiataoding/franco_ros2_franka_ws/install/franka_robot_state_broadcaster/lib:/home/jiataoding/franco_ros2_franka_ws/install/franka_example_controllers/lib:/home/jiataoding/franco_ros2_franka_ws/install/franka_semantic_components/lib:/home/jiataoding/franco_ros2_franka_ws/install/franka_ign_ros2_control/lib:/home/jiataoding/franco_ros2_franka_ws/install/franka_hardware/lib:/home/jiataoding/franco_ros2_franka_ws/install/franka_gripper/lib:/home/jiataoding/franco_ros2_franka_ws/install/franka_msgs/lib:/home/jiataoding/franco_ros2_franka_ws/install/cartesian_impedance_controller/lib:/home/jiataoding/franco_ros2_franka_ws/install/effort_controller_base/lib:/home/jiataoding/franco_ros2_franka_ws/install/debug_msg/lib:/opt/openrobots/lib:/opt/ros/humble/opt/rviz_ogre_vendor/lib:/opt/ros/humble/lib/x86_64-linux-gnu:/opt/ros/humble/lib /usr/bin/cmake --install /home/jiataoding/franco_ros2_franka_ws/src/build/idra_franka_launch
[2.158s] Level 1:colcon.colcon_core.environment:create_environment_scripts_only(idra_franka_launch)
[2.159s] Level 1:colcon.colcon_core.environment:checking '/home/jiataoding/franco_ros2_franka_ws/src/install/idra_franka_launch' for CMake module files
[2.159s] DEBUG:colcon.colcon_core.event_handler.log_command:Invoked command in '/home/jiataoding/franco_ros2_franka_ws/src/build/idra_franka_launch' returned '0': CMAKE_PREFIX_PATH=/home/jiataoding/franco_ros2_franka_ws/src/install/franka_bringup:/home/jiataoding/franco_ros2_franka_ws/src/install/franka_robot_state_broadcaster:/home/jiataoding/franco_ros2_franka_ws/src/install/franka_semantic_components:/home/jiataoding/franco_ros2_franka_ws/src/install/franka_hardware:/home/jiataoding/franco_ros2_franka_ws/src/install/franka_msgs:/home/jiataoding/franco_ros2_franka_ws/src/install/franka_description:/home/jiataoding/franco_ros2_franka_ws/src/install/joint_impedance_controller:/home/jiataoding/franco_ros2_franka_ws/src/install/integration_launch_testing:/home/jiataoding/franco_ros2_franka_ws/src/install/idra_franka_launch:/home/jiataoding/franco_ros2_franka_ws/src/install/gravity_compensation:/home/jiataoding/franco_ros2_franka_ws/src/install/franka_task_pipeline:/home/jiataoding/franco_ros2_franka_ws/src/install/franka_ros2:/home/jiataoding/franco_ros2_franka_ws/src/install/franka_example_controllers:/home/jiataoding/franco_ros2_franka_ws/src/install/franka_gazebo_bringup:/home/jiataoding/franco_ros2_franka_ws/src/install/franka_ign_ros2_control:/home/jiataoding/franco_ros2_franka_ws/src/install/franka_fr3_moveit_config:/home/jiataoding/franco_ros2_franka_ws/src/install/franka_gripper:/home/jiataoding/franco_ros2_franka_ws/src/install/cartesian_impedance_controller:/opt/ros/humble:/home/jiataoding/franco_ros2_franka_ws/src/install/effort_controller_base:/home/jiataoding/franco_ros2_franka_ws/src/install/debug_msg:/home/jiataoding/ros2_franka_ws/install/joint_impedance_controller:/home/jiataoding/ros2_franka_ws/install/integration_launch_testing:/home/jiataoding/ros2_franka_ws/install/idra_franka_launch:/home/jiataoding/ros2_franka_ws/install/gravity_compensation:/home/jiataoding/ros2_franka_ws/install/franka_task_pipeline:/home/jiataoding/ros2_franka_ws/install/franka_ros2:/home/jiataoding/ros2_franka_ws/install/franka_bringup:/home/jiataoding/ros2_franka_ws/install/franka_robot_state_broadcaster:/home/jiataoding/ros2_franka_ws/install/franka_example_controllers:/home/jiataoding/ros2_franka_ws/install/franka_semantic_components:/home/jiataoding/ros2_franka_ws/install/franka_gazebo_bringup:/home/jiataoding/ros2_franka_ws/install/franka_ign_ros2_control:/home/jiataoding/ros2_franka_ws/install/franka_fr3_moveit_config:/home/jiataoding/ros2_franka_ws/install/franka_hardware:/home/jiataoding/ros2_franka_ws/install/franka_gripper:/home/jiataoding/ros2_franka_ws/install/franka_msgs:/home/jiataoding/ros2_franka_ws/install/franka_description:/home/jiataoding/ros2_franka_ws/install/cartesian_impedance_controller:/home/jiataoding/ros2_franka_ws/install/effort_controller_base:/home/jiataoding/ros2_franka_ws/install/debug_msg:/home/jiataoding/franco_ros2_franka_ws/install/joint_impedance_controller:/home/jiataoding/franco_ros2_franka_ws/install/integration_launch_testing:/home/jiataoding/franco_ros2_franka_ws/install/idra_franka_launch:/home/jiataoding/franco_ros2_franka_ws/install/gravity_compensation:/home/jiataoding/franco_ros2_franka_ws/install/franka_task_pipeline:/home/jiataoding/franco_ros2_franka_ws/install/franka_ros2:/home/jiataoding/franco_ros2_franka_ws/install/franka_bringup:/home/jiataoding/franco_ros2_franka_ws/install/franka_robot_state_broadcaster:/home/jiataoding/franco_ros2_franka_ws/install/franka_example_controllers:/home/jiataoding/franco_ros2_franka_ws/install/franka_semantic_components:/home/jiataoding/franco_ros2_franka_ws/install/franka_gazebo_bringup:/home/jiataoding/franco_ros2_franka_ws/install/franka_ign_ros2_control:/home/jiataoding/franco_ros2_franka_ws/install/franka_fr3_moveit_config:/home/jiataoding/franco_ros2_franka_ws/install/franka_hardware:/home/jiataoding/franco_ros2_franka_ws/install/franka_gripper:/home/jiataoding/franco_ros2_franka_ws/install/franka_msgs:/home/jiataoding/franco_ros2_franka_ws/install/franka_description:/home/jiataoding/franco_ros2_franka_ws/install/cartesian_impedance_controller:/home/jiataoding/franco_ros2_franka_ws/install/effort_controller_base:/home/jiataoding/franco_ros2_franka_ws/install/debug_msg:/opt/openrobots LD_LIBRARY_PATH=/home/jiataoding/franco_ros2_franka_ws/src/install/franka_robot_state_broadcaster/lib:/home/jiataoding/franco_ros2_franka_ws/src/install/franka_semantic_components/lib:/home/jiataoding/franco_ros2_franka_ws/src/install/franka_hardware/lib:/home/jiataoding/franco_ros2_franka_ws/src/install/franka_msgs/lib:/home/jiataoding/franco_ros2_franka_ws/src/install/joint_impedance_controller/lib:/home/jiataoding/franco_ros2_franka_ws/src/install/integration_launch_testing/lib:/home/jiataoding/franco_ros2_franka_ws/src/install/gravity_compensation/lib:/home/jiataoding/franco_ros2_franka_ws/src/install/franka_example_controllers/lib:/home/jiataoding/franco_ros2_franka_ws/src/install/franka_ign_ros2_control/lib:/home/jiataoding/franco_ros2_franka_ws/src/install/franka_gripper/lib:/home/jiataoding/franco_ros2_franka_ws/src/install/cartesian_impedance_controller/lib:/home/jiataoding/franco_ros2_franka_ws/src/install/effort_controller_base/lib:/home/jiataoding/franco_ros2_franka_ws/src/install/debug_msg/lib:/home/jiataoding/libs/onnxruntime-linux-x64-1.21.0/lib:/home/jiataoding/ros2_franka_ws/install/joint_impedance_controller/lib:/home/jiataoding/ros2_franka_ws/install/integration_launch_testing/lib:/home/jiataoding/ros2_franka_ws/install/gravity_compensation/lib:/home/jiataoding/ros2_franka_ws/install/franka_robot_state_broadcaster/lib:/home/jiataoding/ros2_franka_ws/install/franka_example_controllers/lib:/home/jiataoding/ros2_franka_ws/install/franka_semantic_components/lib:/home/jiataoding/ros2_franka_ws/install/franka_ign_ros2_control/lib:/home/jiataoding/ros2_franka_ws/install/franka_hardware/lib:/home/jiataoding/ros2_franka_ws/install/franka_gripper/lib:/home/jiataoding/ros2_franka_ws/install/franka_msgs/lib:/home/jiataoding/ros2_franka_ws/install/cartesian_impedance_controller/lib:/home/jiataoding/ros2_franka_ws/install/effort_controller_base/lib:/home/jiataoding/ros2_franka_ws/install/debug_msg/lib:/home/jiataoding/franco_ros2_franka_ws/install/joint_impedance_controller/lib:/home/jiataoding/franco_ros2_franka_ws/install/integration_launch_testing/lib:/home/jiataoding/franco_ros2_franka_ws/install/gravity_compensation/lib:/home/jiataoding/franco_ros2_franka_ws/install/franka_robot_state_broadcaster/lib:/home/jiataoding/franco_ros2_franka_ws/install/franka_example_controllers/lib:/home/jiataoding/franco_ros2_franka_ws/install/franka_semantic_components/lib:/home/jiataoding/franco_ros2_franka_ws/install/franka_ign_ros2_control/lib:/home/jiataoding/franco_ros2_franka_ws/install/franka_hardware/lib:/home/jiataoding/franco_ros2_franka_ws/install/franka_gripper/lib:/home/jiataoding/franco_ros2_franka_ws/install/franka_msgs/lib:/home/jiataoding/franco_ros2_franka_ws/install/cartesian_impedance_controller/lib:/home/jiataoding/franco_ros2_franka_ws/install/effort_controller_base/lib:/home/jiataoding/franco_ros2_franka_ws/install/debug_msg/lib:/opt/openrobots/lib:/opt/ros/humble/opt/rviz_ogre_vendor/lib:/opt/ros/humble/lib/x86_64-linux-gnu:/opt/ros/humble/lib /usr/bin/cmake --install /home/jiataoding/franco_ros2_franka_ws/src/build/idra_franka_launch
[2.160s] Level 1:colcon.colcon_core.environment:checking '/home/jiataoding/franco_ros2_franka_ws/src/install/idra_franka_launch' for CMake config files
[2.160s] Level 1:colcon.colcon_core.shell:create_environment_hook('idra_franka_launch', 'cmake_prefix_path')
[2.161s] INFO:colcon.colcon_core.shell:Creating environment hook '/home/jiataoding/franco_ros2_franka_ws/src/install/idra_franka_launch/share/idra_franka_launch/hook/cmake_prefix_path.ps1'
[2.161s] INFO:colcon.colcon_core.shell:Creating environment descriptor '/home/jiataoding/franco_ros2_franka_ws/src/install/idra_franka_launch/share/idra_franka_launch/hook/cmake_prefix_path.dsv'
[2.162s] INFO:colcon.colcon_core.shell:Creating environment hook '/home/jiataoding/franco_ros2_franka_ws/src/install/idra_franka_launch/share/idra_franka_launch/hook/cmake_prefix_path.sh'
[2.162s] Level 1:colcon.colcon_core.environment:checking '/home/jiataoding/franco_ros2_franka_ws/src/install/idra_franka_launch/lib'
[2.162s] Level 1:colcon.colcon_core.environment:checking '/home/jiataoding/franco_ros2_franka_ws/src/install/idra_franka_launch/bin'
[2.163s] Level 1:colcon.colcon_core.environment:checking '/home/jiataoding/franco_ros2_franka_ws/src/install/idra_franka_launch/lib/pkgconfig/idra_franka_launch.pc'
[2.163s] Level 1:colcon.colcon_core.environment:checking '/home/jiataoding/franco_ros2_franka_ws/src/install/idra_franka_launch/lib/python3.10/site-packages'
[2.163s] Level 1:colcon.colcon_core.environment:checking '/home/jiataoding/franco_ros2_franka_ws/src/install/idra_franka_launch/bin'
[2.163s] INFO:colcon.colcon_core.shell:Creating package script '/home/jiataoding/franco_ros2_franka_ws/src/install/idra_franka_launch/share/idra_franka_launch/package.ps1'
[2.164s] INFO:colcon.colcon_core.shell:Creating package descriptor '/home/jiataoding/franco_ros2_franka_ws/src/install/idra_franka_launch/share/idra_franka_launch/package.dsv'
[2.164s] INFO:colcon.colcon_core.shell:Creating package script '/home/jiataoding/franco_ros2_franka_ws/src/install/idra_franka_launch/share/idra_franka_launch/package.sh'
[2.165s] INFO:colcon.colcon_core.shell:Creating package script '/home/jiataoding/franco_ros2_franka_ws/src/install/idra_franka_launch/share/idra_franka_launch/package.bash'
[2.165s] INFO:colcon.colcon_core.shell:Creating package script '/home/jiataoding/franco_ros2_franka_ws/src/install/idra_franka_launch/share/idra_franka_launch/package.zsh'
[2.165s] Level 1:colcon.colcon_core.environment:create_file_with_runtime_dependencies(/home/jiataoding/franco_ros2_franka_ws/src/install/idra_franka_launch/share/colcon-core/packages/idra_franka_launch)
[2.166s] Level 1:colcon.colcon_core.environment:create_environment_scripts_only(idra_franka_launch)
[2.166s] Level 1:colcon.colcon_core.environment:checking '/home/jiataoding/franco_ros2_franka_ws/src/install/idra_franka_launch' for CMake module files
[2.166s] Level 1:colcon.colcon_core.environment:checking '/home/jiataoding/franco_ros2_franka_ws/src/install/idra_franka_launch' for CMake config files
[2.166s] Level 1:colcon.colcon_core.shell:create_environment_hook('idra_franka_launch', 'cmake_prefix_path')
[2.167s] INFO:colcon.colcon_core.shell:Creating environment hook '/home/jiataoding/franco_ros2_franka_ws/src/install/idra_franka_launch/share/idra_franka_launch/hook/cmake_prefix_path.ps1'
[2.170s] INFO:colcon.colcon_core.shell:Creating environment descriptor '/home/jiataoding/franco_ros2_franka_ws/src/install/idra_franka_launch/share/idra_franka_launch/hook/cmake_prefix_path.dsv'
[2.170s] INFO:colcon.colcon_core.shell:Creating environment hook '/home/jiataoding/franco_ros2_franka_ws/src/install/idra_franka_launch/share/idra_franka_launch/hook/cmake_prefix_path.sh'
[2.171s] Level 1:colcon.colcon_core.environment:checking '/home/jiataoding/franco_ros2_franka_ws/src/install/idra_franka_launch/lib'
[2.171s] Level 1:colcon.colcon_core.environment:checking '/home/jiataoding/franco_ros2_franka_ws/src/install/idra_franka_launch/bin'
[2.171s] Level 1:colcon.colcon_core.environment:checking '/home/jiataoding/franco_ros2_franka_ws/src/install/idra_franka_launch/lib/pkgconfig/idra_franka_launch.pc'
[2.171s] Level 1:colcon.colcon_core.environment:checking '/home/jiataoding/franco_ros2_franka_ws/src/install/idra_franka_launch/lib/python3.10/site-packages'
[2.171s] Level 1:colcon.colcon_core.environment:checking '/home/jiataoding/franco_ros2_franka_ws/src/install/idra_franka_launch/bin'
[2.171s] INFO:colcon.colcon_core.shell:Creating package script '/home/jiataoding/franco_ros2_franka_ws/src/install/idra_franka_launch/share/idra_franka_launch/package.ps1'
[2.172s] INFO:colcon.colcon_core.shell:Creating package descriptor '/home/jiataoding/franco_ros2_franka_ws/src/install/idra_franka_launch/share/idra_franka_launch/package.dsv'
[2.172s] INFO:colcon.colcon_core.shell:Creating package script '/home/jiataoding/franco_ros2_franka_ws/src/install/idra_franka_launch/share/idra_franka_launch/package.sh'
[2.173s] INFO:colcon.colcon_core.shell:Creating package script '/home/jiataoding/franco_ros2_franka_ws/src/install/idra_franka_launch/share/idra_franka_launch/package.bash'
[2.173s] INFO:colcon.colcon_core.shell:Creating package script '/home/jiataoding/franco_ros2_franka_ws/src/install/idra_franka_launch/share/idra_franka_launch/package.zsh'
[2.174s] Level 1:colcon.colcon_core.environment:create_file_with_runtime_dependencies(/home/jiataoding/franco_ros2_franka_ws/src/install/idra_franka_launch/share/colcon-core/packages/idra_franka_launch)
[12.796s] DEBUG:colcon.colcon_core.event_handler.log_command:Invoked command in '/home/jiataoding/franco_ros2_franka_ws/src/build/franka_example_controllers' returned '2': CMAKE_PREFIX_PATH=/home/jiataoding/franco_ros2_franka_ws/src/install/franka_semantic_components:/home/jiataoding/franco_ros2_franka_ws/src/install/franka_hardware:/home/jiataoding/franco_ros2_franka_ws/src/install/franka_msgs:/home/jiataoding/franco_ros2_franka_ws/src/install/joint_impedance_controller:/home/jiataoding/franco_ros2_franka_ws/src/install/integration_launch_testing:/home/jiataoding/franco_ros2_franka_ws/src/install/idra_franka_launch:/home/jiataoding/franco_ros2_franka_ws/src/install/gravity_compensation:/home/jiataoding/franco_ros2_franka_ws/src/install/franka_task_pipeline:/home/jiataoding/franco_ros2_franka_ws/src/install/franka_ros2:/home/jiataoding/franco_ros2_franka_ws/src/install/franka_bringup:/home/jiataoding/franco_ros2_franka_ws/src/install/franka_robot_state_broadcaster:/home/jiataoding/franco_ros2_franka_ws/src/install/franka_example_controllers:/home/jiataoding/franco_ros2_franka_ws/src/install/franka_gazebo_bringup:/home/jiataoding/franco_ros2_franka_ws/src/install/franka_ign_ros2_control:/home/jiataoding/franco_ros2_franka_ws/src/install/franka_fr3_moveit_config:/home/jiataoding/franco_ros2_franka_ws/src/install/franka_gripper:/home/jiataoding/franco_ros2_franka_ws/src/install/franka_description:/home/jiataoding/franco_ros2_franka_ws/src/install/cartesian_impedance_controller:/opt/ros/humble:/home/jiataoding/franco_ros2_franka_ws/src/install/effort_controller_base:/home/jiataoding/franco_ros2_franka_ws/src/install/debug_msg:/home/jiataoding/ros2_franka_ws/install/joint_impedance_controller:/home/jiataoding/ros2_franka_ws/install/integration_launch_testing:/home/jiataoding/ros2_franka_ws/install/idra_franka_launch:/home/jiataoding/ros2_franka_ws/install/gravity_compensation:/home/jiataoding/ros2_franka_ws/install/franka_task_pipeline:/home/jiataoding/ros2_franka_ws/install/franka_ros2:/home/jiataoding/ros2_franka_ws/install/franka_bringup:/home/jiataoding/ros2_franka_ws/install/franka_robot_state_broadcaster:/home/jiataoding/ros2_franka_ws/install/franka_example_controllers:/home/jiataoding/ros2_franka_ws/install/franka_semantic_components:/home/jiataoding/ros2_franka_ws/install/franka_gazebo_bringup:/home/jiataoding/ros2_franka_ws/install/franka_ign_ros2_control:/home/jiataoding/ros2_franka_ws/install/franka_fr3_moveit_config:/home/jiataoding/ros2_franka_ws/install/franka_hardware:/home/jiataoding/ros2_franka_ws/install/franka_gripper:/home/jiataoding/ros2_franka_ws/install/franka_msgs:/home/jiataoding/ros2_franka_ws/install/franka_description:/home/jiataoding/ros2_franka_ws/install/cartesian_impedance_controller:/home/jiataoding/ros2_franka_ws/install/effort_controller_base:/home/jiataoding/ros2_franka_ws/install/debug_msg:/home/jiataoding/franco_ros2_franka_ws/install/joint_impedance_controller:/home/jiataoding/franco_ros2_franka_ws/install/integration_launch_testing:/home/jiataoding/franco_ros2_franka_ws/install/idra_franka_launch:/home/jiataoding/franco_ros2_franka_ws/install/gravity_compensation:/home/jiataoding/franco_ros2_franka_ws/install/franka_task_pipeline:/home/jiataoding/franco_ros2_franka_ws/install/franka_ros2:/home/jiataoding/franco_ros2_franka_ws/install/franka_bringup:/home/jiataoding/franco_ros2_franka_ws/install/franka_robot_state_broadcaster:/home/jiataoding/franco_ros2_franka_ws/install/franka_example_controllers:/home/jiataoding/franco_ros2_franka_ws/install/franka_semantic_components:/home/jiataoding/franco_ros2_franka_ws/install/franka_gazebo_bringup:/home/jiataoding/franco_ros2_franka_ws/install/franka_ign_ros2_control:/home/jiataoding/franco_ros2_franka_ws/install/franka_fr3_moveit_config:/home/jiataoding/franco_ros2_franka_ws/install/franka_hardware:/home/jiataoding/franco_ros2_franka_ws/install/franka_gripper:/home/jiataoding/franco_ros2_franka_ws/install/franka_msgs:/home/jiataoding/franco_ros2_franka_ws/install/franka_description:/home/jiataoding/franco_ros2_franka_ws/install/cartesian_impedance_controller:/home/jiataoding/franco_ros2_franka_ws/install/effort_controller_base:/home/jiataoding/franco_ros2_franka_ws/install/debug_msg:/opt/openrobots LD_LIBRARY_PATH=/home/jiataoding/franco_ros2_franka_ws/src/install/franka_semantic_components/lib:/home/jiataoding/franco_ros2_franka_ws/src/install/franka_hardware/lib:/home/jiataoding/franco_ros2_franka_ws/src/install/franka_msgs/lib:/home/jiataoding/franco_ros2_franka_ws/src/install/joint_impedance_controller/lib:/home/jiataoding/franco_ros2_franka_ws/src/install/integration_launch_testing/lib:/home/jiataoding/franco_ros2_franka_ws/src/install/gravity_compensation/lib:/home/jiataoding/franco_ros2_franka_ws/src/install/franka_robot_state_broadcaster/lib:/home/jiataoding/franco_ros2_franka_ws/src/install/franka_example_controllers/lib:/home/jiataoding/franco_ros2_franka_ws/src/install/franka_ign_ros2_control/lib:/home/jiataoding/franco_ros2_franka_ws/src/install/franka_gripper/lib:/home/jiataoding/franco_ros2_franka_ws/src/install/cartesian_impedance_controller/lib:/home/jiataoding/franco_ros2_franka_ws/src/install/effort_controller_base/lib:/home/jiataoding/franco_ros2_franka_ws/src/install/debug_msg/lib:/home/jiataoding/libs/onnxruntime-linux-x64-1.21.0/lib:/home/jiataoding/ros2_franka_ws/install/joint_impedance_controller/lib:/home/jiataoding/ros2_franka_ws/install/integration_launch_testing/lib:/home/jiataoding/ros2_franka_ws/install/gravity_compensation/lib:/home/jiataoding/ros2_franka_ws/install/franka_robot_state_broadcaster/lib:/home/jiataoding/ros2_franka_ws/install/franka_example_controllers/lib:/home/jiataoding/ros2_franka_ws/install/franka_semantic_components/lib:/home/jiataoding/ros2_franka_ws/install/franka_ign_ros2_control/lib:/home/jiataoding/ros2_franka_ws/install/franka_hardware/lib:/home/jiataoding/ros2_franka_ws/install/franka_gripper/lib:/home/jiataoding/ros2_franka_ws/install/franka_msgs/lib:/home/jiataoding/ros2_franka_ws/install/cartesian_impedance_controller/lib:/home/jiataoding/ros2_franka_ws/install/effort_controller_base/lib:/home/jiataoding/ros2_franka_ws/install/debug_msg/lib:/home/jiataoding/franco_ros2_franka_ws/install/joint_impedance_controller/lib:/home/jiataoding/franco_ros2_franka_ws/install/integration_launch_testing/lib:/home/jiataoding/franco_ros2_franka_ws/install/gravity_compensation/lib:/home/jiataoding/franco_ros2_franka_ws/install/franka_robot_state_broadcaster/lib:/home/jiataoding/franco_ros2_franka_ws/install/franka_example_controllers/lib:/home/jiataoding/franco_ros2_franka_ws/install/franka_semantic_components/lib:/home/jiataoding/franco_ros2_franka_ws/install/franka_ign_ros2_control/lib:/home/jiataoding/franco_ros2_franka_ws/install/franka_hardware/lib:/home/jiataoding/franco_ros2_franka_ws/install/franka_gripper/lib:/home/jiataoding/franco_ros2_franka_ws/install/franka_msgs/lib:/home/jiataoding/franco_ros2_franka_ws/install/cartesian_impedance_controller/lib:/home/jiataoding/franco_ros2_franka_ws/install/effort_controller_base/lib:/home/jiataoding/franco_ros2_franka_ws/install/debug_msg/lib:/opt/openrobots/lib:/opt/ros/humble/opt/rviz_ogre_vendor/lib:/opt/ros/humble/lib/x86_64-linux-gnu:/opt/ros/humble/lib /usr/bin/cmake --build /home/jiataoding/franco_ros2_franka_ws/src/build/franka_example_controllers -- -j24 -l24
[12.797s] Level 1:colcon.colcon_core.environment:create_environment_scripts_only(franka_example_controllers)
[12.797s] Level 1:colcon.colcon_core.environment:checking '/home/jiataoding/franco_ros2_franka_ws/src/install/franka_example_controllers' for CMake module files
[12.798s] Level 1:colcon.colcon_core.environment:checking '/home/jiataoding/franco_ros2_franka_ws/src/install/franka_example_controllers' for CMake config files
[12.799s] Level 1:colcon.colcon_core.shell:create_environment_hook('franka_example_controllers', 'cmake_prefix_path')
[12.799s] INFO:colcon.colcon_core.shell:Creating environment hook '/home/jiataoding/franco_ros2_franka_ws/src/install/franka_example_controllers/share/franka_example_controllers/hook/cmake_prefix_path.ps1'
[12.800s] INFO:colcon.colcon_core.shell:Creating environment descriptor '/home/jiataoding/franco_ros2_franka_ws/src/install/franka_example_controllers/share/franka_example_controllers/hook/cmake_prefix_path.dsv'
[12.800s] INFO:colcon.colcon_core.shell:Creating environment hook '/home/jiataoding/franco_ros2_franka_ws/src/install/franka_example_controllers/share/franka_example_controllers/hook/cmake_prefix_path.sh'
[12.801s] Level 1:colcon.colcon_core.environment:checking '/home/jiataoding/franco_ros2_franka_ws/src/install/franka_example_controllers/lib'
[12.801s] Level 1:colcon.colcon_core.shell:create_environment_hook('franka_example_controllers', 'ld_library_path_lib')
[12.802s] INFO:colcon.colcon_core.shell:Creating environment hook '/home/jiataoding/franco_ros2_franka_ws/src/install/franka_example_controllers/share/franka_example_controllers/hook/ld_library_path_lib.ps1'
[12.802s] INFO:colcon.colcon_core.shell:Creating environment descriptor '/home/jiataoding/franco_ros2_franka_ws/src/install/franka_example_controllers/share/franka_example_controllers/hook/ld_library_path_lib.dsv'
[12.803s] INFO:colcon.colcon_core.shell:Creating environment hook '/home/jiataoding/franco_ros2_franka_ws/src/install/franka_example_controllers/share/franka_example_controllers/hook/ld_library_path_lib.sh'
[12.803s] Level 1:colcon.colcon_core.environment:checking '/home/jiataoding/franco_ros2_franka_ws/src/install/franka_example_controllers/bin'
[12.803s] Level 1:colcon.colcon_core.environment:checking '/home/jiataoding/franco_ros2_franka_ws/src/install/franka_example_controllers/lib/pkgconfig/franka_example_controllers.pc'
[12.804s] Level 1:colcon.colcon_core.environment:checking '/home/jiataoding/franco_ros2_franka_ws/src/install/franka_example_controllers/lib/python3.10/site-packages'
[12.804s] Level 1:colcon.colcon_core.environment:checking '/home/jiataoding/franco_ros2_franka_ws/src/install/franka_example_controllers/bin'
[12.805s] INFO:colcon.colcon_core.shell:Creating package script '/home/jiataoding/franco_ros2_franka_ws/src/install/franka_example_controllers/share/franka_example_controllers/package.ps1'
[12.806s] INFO:colcon.colcon_core.shell:Creating package descriptor '/home/jiataoding/franco_ros2_franka_ws/src/install/franka_example_controllers/share/franka_example_controllers/package.dsv'
[12.806s] INFO:colcon.colcon_core.shell:Creating package script '/home/jiataoding/franco_ros2_franka_ws/src/install/franka_example_controllers/share/franka_example_controllers/package.sh'
[12.807s] INFO:colcon.colcon_core.shell:Creating package script '/home/jiataoding/franco_ros2_franka_ws/src/install/franka_example_controllers/share/franka_example_controllers/package.bash'
[12.808s] INFO:colcon.colcon_core.shell:Creating package script '/home/jiataoding/franco_ros2_franka_ws/src/install/franka_example_controllers/share/franka_example_controllers/package.zsh'
[12.808s] Level 1:colcon.colcon_core.environment:create_file_with_runtime_dependencies(/home/jiataoding/franco_ros2_franka_ws/src/install/franka_example_controllers/share/colcon-core/packages/franka_example_controllers)
[12.819s] DEBUG:colcon.colcon_parallel_executor.executor.parallel:closing loop
[12.819s] DEBUG:colcon.colcon_parallel_executor.executor.parallel:loop closed
[12.819s] DEBUG:colcon.colcon_parallel_executor.executor.parallel:run_until_complete finished with '2'
[12.819s] DEBUG:colcon.colcon_core.event_reactor:joining thread
[12.828s] INFO:colcon.colcon_core.plugin_system:Skipping extension 'colcon_notification.desktop_notification.terminal_notifier': Not used on non-Darwin systems
[12.829s] INFO:colcon.colcon_core.plugin_system:Skipping extension 'colcon_notification.desktop_notification.win32': Not used on non-Windows systems
[12.829s] INFO:colcon.colcon_notification.desktop_notification:Sending desktop notification using 'notify2'
[12.842s] DEBUG:colcon.colcon_core.event_reactor:joined thread
[12.843s] INFO:colcon.colcon_core.shell:Creating prefix script '/home/jiataoding/franco_ros2_franka_ws/src/install/local_setup.ps1'
[12.844s] INFO:colcon.colcon_core.shell:Creating prefix util module '/home/jiataoding/franco_ros2_franka_ws/src/install/_local_setup_util_ps1.py'
[12.847s] INFO:colcon.colcon_core.shell:Creating prefix chain script '/home/jiataoding/franco_ros2_franka_ws/src/install/setup.ps1'
[12.852s] INFO:colcon.colcon_core.shell:Creating prefix script '/home/jiataoding/franco_ros2_franka_ws/src/install/local_setup.sh'
[12.853s] INFO:colcon.colcon_core.shell:Creating prefix util module '/home/jiataoding/franco_ros2_franka_ws/src/install/_local_setup_util_sh.py'
[12.854s] INFO:colcon.colcon_core.shell:Creating prefix chain script '/home/jiataoding/franco_ros2_franka_ws/src/install/setup.sh'
[12.857s] INFO:colcon.colcon_core.shell:Creating prefix script '/home/jiataoding/franco_ros2_franka_ws/src/install/local_setup.bash'
[12.858s] INFO:colcon.colcon_core.shell:Creating prefix chain script '/home/jiataoding/franco_ros2_franka_ws/src/install/setup.bash'
[12.862s] INFO:colcon.colcon_core.shell:Creating prefix script '/home/jiataoding/franco_ros2_franka_ws/src/install/local_setup.zsh'
[12.863s] INFO:colcon.colcon_core.shell:Creating prefix chain script '/home/jiataoding/franco_ros2_franka_ws/src/install/setup.zsh'
