[0.078s] DEBUG:colcon:Command line arguments: ['/usr/bin/colcon', 'build', '--symlink-install', '--cmake-args', '-DCMAKE_BUILD_TYPE=Release']
[0.078s] DEBUG:colcon:Parsed command line arguments: Namespace(log_base=None, log_level=None, verb_name='build', build_base='build', install_base='install', merge_install=False, symlink_install=True, test_result_base=None, continue_on_error=False, executor='parallel', parallel_workers=24, event_handlers=None, ignore_user_meta=False, metas=['./colcon.meta'], base_paths=['.'], packages_ignore=None, packages_ignore_regex=None, paths=None, packages_up_to=None, packages_up_to_regex=None, packages_above=None, packages_above_and_dependencies=None, packages_above_depth=None, packages_select_by_dep=None, packages_skip_by_dep=None, packages_skip_up_to=None, packages_select_build_failed=False, packages_skip_build_finished=False, packages_select_test_failures=False, packages_skip_test_passed=False, packages_select=None, packages_skip=None, packages_select_regex=None, packages_skip_regex=None, packages_start=None, packages_end=None, allow_overriding=[], cmake_args=['-DCMAKE_BUILD_TYPE=Release'], cmake_target=None, cmake_target_skip_unavailable=False, cmake_clean_cache=False, cmake_clean_first=False, cmake_force_configure=False, ament_cmake_args=None, catkin_cmake_args=None, catkin_skip_building_tests=False, mixin_files=None, mixin=None, verb_parser=<colcon_mixin.mixin.mixin_argument.MixinArgumentDecorator object at 0x723e4baa9d50>, verb_extension=<colcon_core.verb.build.BuildVerb object at 0x723e4baa98a0>, main=<bound method BuildVerb.main of <colcon_core.verb.build.BuildVerb object at 0x723e4baa98a0>>, mixin_verb=('build',))
[0.226s] Level 1:colcon.colcon_core.package_discovery:discover_packages(colcon_meta) check parameters
[0.226s] Level 1:colcon.colcon_core.package_discovery:discover_packages(recursive) check parameters
[0.226s] Level 1:colcon.colcon_core.package_discovery:discover_packages(ignore) check parameters
[0.226s] Level 1:colcon.colcon_core.package_discovery:discover_packages(path) check parameters
[0.226s] Level 1:colcon.colcon_core.package_discovery:discover_packages(colcon_meta) discover
[0.226s] Level 1:colcon.colcon_core.package_discovery:discover_packages(recursive) discover
[0.226s] INFO:colcon.colcon_core.package_discovery:Crawling recursively for packages in '/home/jiataoding/franco_ros2_franka_ws/src'
[0.226s] Level 1:colcon.colcon_core.package_identification:_identify(.) by extensions ['ignore', 'ignore_ament_install']
[0.226s] Level 1:colcon.colcon_core.package_identification:_identify(.) by extension 'ignore'
[0.226s] Level 1:colcon.colcon_core.package_identification:_identify(.) by extension 'ignore_ament_install'
[0.226s] Level 1:colcon.colcon_core.package_identification:_identify(.) by extensions ['colcon_pkg']
[0.226s] Level 1:colcon.colcon_core.package_identification:_identify(.) by extension 'colcon_pkg'
[0.227s] Level 1:colcon.colcon_core.package_identification:_identify(.) by extensions ['colcon_meta']
[0.227s] Level 1:colcon.colcon_core.package_identification:_identify(.) by extension 'colcon_meta'
[0.227s] Level 1:colcon.colcon_core.package_identification:_identify(.) by extensions ['ros']
[0.227s] Level 1:colcon.colcon_core.package_identification:_identify(.) by extension 'ros'
[0.238s] Level 1:colcon.colcon_core.package_identification:_identify(.) by extensions ['cmake', 'python']
[0.239s] Level 1:colcon.colcon_core.package_identification:_identify(.) by extension 'cmake'
[0.239s] Level 1:colcon.colcon_core.package_identification:_identify(.) by extension 'python'
[0.239s] Level 1:colcon.colcon_core.package_identification:_identify(.) by extensions ['python_setup_py']
[0.239s] Level 1:colcon.colcon_core.package_identification:_identify(.) by extension 'python_setup_py'
[0.239s] Level 1:colcon.colcon_core.package_identification:_identify(build) by extensions ['ignore', 'ignore_ament_install']
[0.239s] Level 1:colcon.colcon_core.package_identification:_identify(build) by extension 'ignore'
[0.239s] Level 1:colcon.colcon_core.package_identification:_identify(build) ignored
[0.239s] Level 1:colcon.colcon_core.package_identification:_identify(franka_description) by extensions ['ignore', 'ignore_ament_install']
[0.239s] Level 1:colcon.colcon_core.package_identification:_identify(franka_description) by extension 'ignore'
[0.239s] Level 1:colcon.colcon_core.package_identification:_identify(franka_description) by extension 'ignore_ament_install'
[0.239s] Level 1:colcon.colcon_core.package_identification:_identify(franka_description) by extensions ['colcon_pkg']
[0.239s] Level 1:colcon.colcon_core.package_identification:_identify(franka_description) by extension 'colcon_pkg'
[0.239s] Level 1:colcon.colcon_core.package_identification:_identify(franka_description) by extensions ['colcon_meta']
[0.239s] Level 1:colcon.colcon_core.package_identification:_identify(franka_description) by extension 'colcon_meta'
[0.239s] Level 1:colcon.colcon_core.package_identification:_identify(franka_description) by extensions ['ros']
[0.239s] Level 1:colcon.colcon_core.package_identification:_identify(franka_description) by extension 'ros'
[0.241s] DEBUG:colcon.colcon_core.package_identification:Package 'franka_description' with type 'ros.ament_cmake' and name 'franka_description'
[0.241s] Level 1:colcon.colcon_core.package_identification:_identify(franka_ros2) by extensions ['ignore', 'ignore_ament_install']
[0.241s] Level 1:colcon.colcon_core.package_identification:_identify(franka_ros2) by extension 'ignore'
[0.241s] Level 1:colcon.colcon_core.package_identification:_identify(franka_ros2) by extension 'ignore_ament_install'
[0.241s] Level 1:colcon.colcon_core.package_identification:_identify(franka_ros2) by extensions ['colcon_pkg']
[0.241s] Level 1:colcon.colcon_core.package_identification:_identify(franka_ros2) by extension 'colcon_pkg'
[0.241s] Level 1:colcon.colcon_core.package_identification:_identify(franka_ros2) by extensions ['colcon_meta']
[0.241s] Level 1:colcon.colcon_core.package_identification:_identify(franka_ros2) by extension 'colcon_meta'
[0.241s] Level 1:colcon.colcon_core.package_identification:_identify(franka_ros2) by extensions ['ros']
[0.241s] Level 1:colcon.colcon_core.package_identification:_identify(franka_ros2) by extension 'ros'
[0.241s] Level 1:colcon.colcon_core.package_identification:_identify(franka_ros2) by extensions ['cmake', 'python']
[0.241s] Level 1:colcon.colcon_core.package_identification:_identify(franka_ros2) by extension 'cmake'
[0.241s] Level 1:colcon.colcon_core.package_identification:_identify(franka_ros2) by extension 'python'
[0.241s] Level 1:colcon.colcon_core.package_identification:_identify(franka_ros2) by extensions ['python_setup_py']
[0.241s] Level 1:colcon.colcon_core.package_identification:_identify(franka_ros2) by extension 'python_setup_py'
[0.241s] Level 1:colcon.colcon_core.package_identification:_identify(franka_ros2/docs) by extensions ['ignore', 'ignore_ament_install']
[0.241s] Level 1:colcon.colcon_core.package_identification:_identify(franka_ros2/docs) by extension 'ignore'
[0.241s] Level 1:colcon.colcon_core.package_identification:_identify(franka_ros2/docs) by extension 'ignore_ament_install'
[0.242s] Level 1:colcon.colcon_core.package_identification:_identify(franka_ros2/docs) by extensions ['colcon_pkg']
[0.242s] Level 1:colcon.colcon_core.package_identification:_identify(franka_ros2/docs) by extension 'colcon_pkg'
[0.242s] Level 1:colcon.colcon_core.package_identification:_identify(franka_ros2/docs) by extensions ['colcon_meta']
[0.242s] Level 1:colcon.colcon_core.package_identification:_identify(franka_ros2/docs) by extension 'colcon_meta'
[0.242s] Level 1:colcon.colcon_core.package_identification:_identify(franka_ros2/docs) by extensions ['ros']
[0.242s] Level 1:colcon.colcon_core.package_identification:_identify(franka_ros2/docs) by extension 'ros'
[0.242s] Level 1:colcon.colcon_core.package_identification:_identify(franka_ros2/docs) by extensions ['cmake', 'python']
[0.242s] Level 1:colcon.colcon_core.package_identification:_identify(franka_ros2/docs) by extension 'cmake'
[0.242s] Level 1:colcon.colcon_core.package_identification:_identify(franka_ros2/docs) by extension 'python'
[0.242s] Level 1:colcon.colcon_core.package_identification:_identify(franka_ros2/docs) by extensions ['python_setup_py']
[0.242s] Level 1:colcon.colcon_core.package_identification:_identify(franka_ros2/docs) by extension 'python_setup_py'
[0.242s] Level 1:colcon.colcon_core.package_identification:_identify(franka_ros2/docs/assets) by extensions ['ignore', 'ignore_ament_install']
[0.242s] Level 1:colcon.colcon_core.package_identification:_identify(franka_ros2/docs/assets) by extension 'ignore'
[0.242s] Level 1:colcon.colcon_core.package_identification:_identify(franka_ros2/docs/assets) by extension 'ignore_ament_install'
[0.242s] Level 1:colcon.colcon_core.package_identification:_identify(franka_ros2/docs/assets) by extensions ['colcon_pkg']
[0.242s] Level 1:colcon.colcon_core.package_identification:_identify(franka_ros2/docs/assets) by extension 'colcon_pkg'
[0.242s] Level 1:colcon.colcon_core.package_identification:_identify(franka_ros2/docs/assets) by extensions ['colcon_meta']
[0.242s] Level 1:colcon.colcon_core.package_identification:_identify(franka_ros2/docs/assets) by extension 'colcon_meta'
[0.242s] Level 1:colcon.colcon_core.package_identification:_identify(franka_ros2/docs/assets) by extensions ['ros']
[0.242s] Level 1:colcon.colcon_core.package_identification:_identify(franka_ros2/docs/assets) by extension 'ros'
[0.242s] Level 1:colcon.colcon_core.package_identification:_identify(franka_ros2/docs/assets) by extensions ['cmake', 'python']
[0.242s] Level 1:colcon.colcon_core.package_identification:_identify(franka_ros2/docs/assets) by extension 'cmake'
[0.242s] Level 1:colcon.colcon_core.package_identification:_identify(franka_ros2/docs/assets) by extension 'python'
[0.242s] Level 1:colcon.colcon_core.package_identification:_identify(franka_ros2/docs/assets) by extensions ['python_setup_py']
[0.242s] Level 1:colcon.colcon_core.package_identification:_identify(franka_ros2/docs/assets) by extension 'python_setup_py'
[0.242s] Level 1:colcon.colcon_core.package_identification:_identify(franka_ros2/franka_bringup) by extensions ['ignore', 'ignore_ament_install']
[0.242s] Level 1:colcon.colcon_core.package_identification:_identify(franka_ros2/franka_bringup) by extension 'ignore'
[0.243s] Level 1:colcon.colcon_core.package_identification:_identify(franka_ros2/franka_bringup) by extension 'ignore_ament_install'
[0.243s] Level 1:colcon.colcon_core.package_identification:_identify(franka_ros2/franka_bringup) by extensions ['colcon_pkg']
[0.243s] Level 1:colcon.colcon_core.package_identification:_identify(franka_ros2/franka_bringup) by extension 'colcon_pkg'
[0.243s] Level 1:colcon.colcon_core.package_identification:_identify(franka_ros2/franka_bringup) by extensions ['colcon_meta']
[0.243s] Level 1:colcon.colcon_core.package_identification:_identify(franka_ros2/franka_bringup) by extension 'colcon_meta'
[0.243s] Level 1:colcon.colcon_core.package_identification:_identify(franka_ros2/franka_bringup) by extensions ['ros']
[0.243s] Level 1:colcon.colcon_core.package_identification:_identify(franka_ros2/franka_bringup) by extension 'ros'
[0.243s] DEBUG:colcon.colcon_core.package_identification:Package 'franka_ros2/franka_bringup' with type 'ros.ament_cmake' and name 'franka_bringup'
[0.243s] Level 1:colcon.colcon_core.package_identification:_identify(franka_ros2/franka_example_controllers) by extensions ['ignore', 'ignore_ament_install']
[0.243s] Level 1:colcon.colcon_core.package_identification:_identify(franka_ros2/franka_example_controllers) by extension 'ignore'
[0.243s] Level 1:colcon.colcon_core.package_identification:_identify(franka_ros2/franka_example_controllers) by extension 'ignore_ament_install'
[0.243s] Level 1:colcon.colcon_core.package_identification:_identify(franka_ros2/franka_example_controllers) by extensions ['colcon_pkg']
[0.243s] Level 1:colcon.colcon_core.package_identification:_identify(franka_ros2/franka_example_controllers) by extension 'colcon_pkg'
[0.243s] Level 1:colcon.colcon_core.package_identification:_identify(franka_ros2/franka_example_controllers) by extensions ['colcon_meta']
[0.243s] Level 1:colcon.colcon_core.package_identification:_identify(franka_ros2/franka_example_controllers) by extension 'colcon_meta'
[0.243s] Level 1:colcon.colcon_core.package_identification:_identify(franka_ros2/franka_example_controllers) by extensions ['ros']
[0.243s] Level 1:colcon.colcon_core.package_identification:_identify(franka_ros2/franka_example_controllers) by extension 'ros'
[0.244s] DEBUG:colcon.colcon_core.package_identification:Package 'franka_ros2/franka_example_controllers' with type 'ros.ament_cmake' and name 'franka_example_controllers'
[0.244s] Level 1:colcon.colcon_core.package_identification:_identify(franka_ros2/franka_fr3_moveit_config) by extensions ['ignore', 'ignore_ament_install']
[0.244s] Level 1:colcon.colcon_core.package_identification:_identify(franka_ros2/franka_fr3_moveit_config) by extension 'ignore'
[0.244s] Level 1:colcon.colcon_core.package_identification:_identify(franka_ros2/franka_fr3_moveit_config) by extension 'ignore_ament_install'
[0.244s] Level 1:colcon.colcon_core.package_identification:_identify(franka_ros2/franka_fr3_moveit_config) by extensions ['colcon_pkg']
[0.244s] Level 1:colcon.colcon_core.package_identification:_identify(franka_ros2/franka_fr3_moveit_config) by extension 'colcon_pkg'
[0.245s] Level 1:colcon.colcon_core.package_identification:_identify(franka_ros2/franka_fr3_moveit_config) by extensions ['colcon_meta']
[0.245s] Level 1:colcon.colcon_core.package_identification:_identify(franka_ros2/franka_fr3_moveit_config) by extension 'colcon_meta'
[0.245s] Level 1:colcon.colcon_core.package_identification:_identify(franka_ros2/franka_fr3_moveit_config) by extensions ['ros']
[0.245s] Level 1:colcon.colcon_core.package_identification:_identify(franka_ros2/franka_fr3_moveit_config) by extension 'ros'
[0.245s] DEBUG:colcon.colcon_core.package_identification:Package 'franka_ros2/franka_fr3_moveit_config' with type 'ros.ament_cmake' and name 'franka_fr3_moveit_config'
[0.245s] Level 1:colcon.colcon_core.package_identification:_identify(franka_ros2/franka_gazebo) by extensions ['ignore', 'ignore_ament_install']
[0.245s] Level 1:colcon.colcon_core.package_identification:_identify(franka_ros2/franka_gazebo) by extension 'ignore'
[0.245s] Level 1:colcon.colcon_core.package_identification:_identify(franka_ros2/franka_gazebo) by extension 'ignore_ament_install'
[0.245s] Level 1:colcon.colcon_core.package_identification:_identify(franka_ros2/franka_gazebo) by extensions ['colcon_pkg']
[0.245s] Level 1:colcon.colcon_core.package_identification:_identify(franka_ros2/franka_gazebo) by extension 'colcon_pkg'
[0.245s] Level 1:colcon.colcon_core.package_identification:_identify(franka_ros2/franka_gazebo) by extensions ['colcon_meta']
[0.245s] Level 1:colcon.colcon_core.package_identification:_identify(franka_ros2/franka_gazebo) by extension 'colcon_meta'
[0.245s] Level 1:colcon.colcon_core.package_identification:_identify(franka_ros2/franka_gazebo) by extensions ['ros']
[0.245s] Level 1:colcon.colcon_core.package_identification:_identify(franka_ros2/franka_gazebo) by extension 'ros'
[0.245s] Level 1:colcon.colcon_core.package_identification:_identify(franka_ros2/franka_gazebo) by extensions ['cmake', 'python']
[0.245s] Level 1:colcon.colcon_core.package_identification:_identify(franka_ros2/franka_gazebo) by extension 'cmake'
[0.245s] Level 1:colcon.colcon_core.package_identification:_identify(franka_ros2/franka_gazebo) by extension 'python'
[0.246s] Level 1:colcon.colcon_core.package_identification:_identify(franka_ros2/franka_gazebo) by extensions ['python_setup_py']
[0.246s] Level 1:colcon.colcon_core.package_identification:_identify(franka_ros2/franka_gazebo) by extension 'python_setup_py'
[0.246s] Level 1:colcon.colcon_core.package_identification:_identify(franka_ros2/franka_gazebo/doc) by extensions ['ignore', 'ignore_ament_install']
[0.246s] Level 1:colcon.colcon_core.package_identification:_identify(franka_ros2/franka_gazebo/doc) by extension 'ignore'
[0.246s] Level 1:colcon.colcon_core.package_identification:_identify(franka_ros2/franka_gazebo/doc) by extension 'ignore_ament_install'
[0.246s] Level 1:colcon.colcon_core.package_identification:_identify(franka_ros2/franka_gazebo/doc) by extensions ['colcon_pkg']
[0.246s] Level 1:colcon.colcon_core.package_identification:_identify(franka_ros2/franka_gazebo/doc) by extension 'colcon_pkg'
[0.246s] Level 1:colcon.colcon_core.package_identification:_identify(franka_ros2/franka_gazebo/doc) by extensions ['colcon_meta']
[0.246s] Level 1:colcon.colcon_core.package_identification:_identify(franka_ros2/franka_gazebo/doc) by extension 'colcon_meta'
[0.246s] Level 1:colcon.colcon_core.package_identification:_identify(franka_ros2/franka_gazebo/doc) by extensions ['ros']
[0.246s] Level 1:colcon.colcon_core.package_identification:_identify(franka_ros2/franka_gazebo/doc) by extension 'ros'
[0.246s] Level 1:colcon.colcon_core.package_identification:_identify(franka_ros2/franka_gazebo/doc) by extensions ['cmake', 'python']
[0.246s] Level 1:colcon.colcon_core.package_identification:_identify(franka_ros2/franka_gazebo/doc) by extension 'cmake'
[0.246s] Level 1:colcon.colcon_core.package_identification:_identify(franka_ros2/franka_gazebo/doc) by extension 'python'
[0.246s] Level 1:colcon.colcon_core.package_identification:_identify(franka_ros2/franka_gazebo/doc) by extensions ['python_setup_py']
[0.246s] Level 1:colcon.colcon_core.package_identification:_identify(franka_ros2/franka_gazebo/doc) by extension 'python_setup_py'
[0.246s] Level 1:colcon.colcon_core.package_identification:_identify(franka_ros2/franka_gazebo/franka_gazebo_bringup) by extensions ['ignore', 'ignore_ament_install']
[0.246s] Level 1:colcon.colcon_core.package_identification:_identify(franka_ros2/franka_gazebo/franka_gazebo_bringup) by extension 'ignore'
[0.246s] Level 1:colcon.colcon_core.package_identification:_identify(franka_ros2/franka_gazebo/franka_gazebo_bringup) by extension 'ignore_ament_install'
[0.246s] Level 1:colcon.colcon_core.package_identification:_identify(franka_ros2/franka_gazebo/franka_gazebo_bringup) by extensions ['colcon_pkg']
[0.246s] Level 1:colcon.colcon_core.package_identification:_identify(franka_ros2/franka_gazebo/franka_gazebo_bringup) by extension 'colcon_pkg'
[0.246s] Level 1:colcon.colcon_core.package_identification:_identify(franka_ros2/franka_gazebo/franka_gazebo_bringup) by extensions ['colcon_meta']
[0.246s] Level 1:colcon.colcon_core.package_identification:_identify(franka_ros2/franka_gazebo/franka_gazebo_bringup) by extension 'colcon_meta'
[0.246s] Level 1:colcon.colcon_core.package_identification:_identify(franka_ros2/franka_gazebo/franka_gazebo_bringup) by extensions ['ros']
[0.246s] Level 1:colcon.colcon_core.package_identification:_identify(franka_ros2/franka_gazebo/franka_gazebo_bringup) by extension 'ros'
[0.247s] DEBUG:colcon.colcon_core.package_identification:Package 'franka_ros2/franka_gazebo/franka_gazebo_bringup' with type 'ros.ament_cmake' and name 'franka_gazebo_bringup'
[0.247s] Level 1:colcon.colcon_core.package_identification:_identify(franka_ros2/franka_gazebo/franka_ign_ros2_control) by extensions ['ignore', 'ignore_ament_install']
[0.247s] Level 1:colcon.colcon_core.package_identification:_identify(franka_ros2/franka_gazebo/franka_ign_ros2_control) by extension 'ignore'
[0.247s] Level 1:colcon.colcon_core.package_identification:_identify(franka_ros2/franka_gazebo/franka_ign_ros2_control) by extension 'ignore_ament_install'
[0.247s] Level 1:colcon.colcon_core.package_identification:_identify(franka_ros2/franka_gazebo/franka_ign_ros2_control) by extensions ['colcon_pkg']
[0.247s] Level 1:colcon.colcon_core.package_identification:_identify(franka_ros2/franka_gazebo/franka_ign_ros2_control) by extension 'colcon_pkg'
[0.247s] Level 1:colcon.colcon_core.package_identification:_identify(franka_ros2/franka_gazebo/franka_ign_ros2_control) by extensions ['colcon_meta']
[0.247s] Level 1:colcon.colcon_core.package_identification:_identify(franka_ros2/franka_gazebo/franka_ign_ros2_control) by extension 'colcon_meta'
[0.247s] Level 1:colcon.colcon_core.package_identification:_identify(franka_ros2/franka_gazebo/franka_ign_ros2_control) by extensions ['ros']
[0.247s] Level 1:colcon.colcon_core.package_identification:_identify(franka_ros2/franka_gazebo/franka_ign_ros2_control) by extension 'ros'
[0.251s] DEBUG:colcon.colcon_core.package_identification:Package 'franka_ros2/franka_gazebo/franka_ign_ros2_control' with type 'ros.ament_cmake' and name 'franka_ign_ros2_control'
[0.251s] Level 1:colcon.colcon_core.package_identification:_identify(franka_ros2/franka_gripper) by extensions ['ignore', 'ignore_ament_install']
[0.251s] Level 1:colcon.colcon_core.package_identification:_identify(franka_ros2/franka_gripper) by extension 'ignore'
[0.251s] Level 1:colcon.colcon_core.package_identification:_identify(franka_ros2/franka_gripper) by extension 'ignore_ament_install'
[0.251s] Level 1:colcon.colcon_core.package_identification:_identify(franka_ros2/franka_gripper) by extensions ['colcon_pkg']
[0.251s] Level 1:colcon.colcon_core.package_identification:_identify(franka_ros2/franka_gripper) by extension 'colcon_pkg'
[0.251s] Level 1:colcon.colcon_core.package_identification:_identify(franka_ros2/franka_gripper) by extensions ['colcon_meta']
[0.251s] Level 1:colcon.colcon_core.package_identification:_identify(franka_ros2/franka_gripper) by extension 'colcon_meta'
[0.251s] Level 1:colcon.colcon_core.package_identification:_identify(franka_ros2/franka_gripper) by extensions ['ros']
[0.251s] Level 1:colcon.colcon_core.package_identification:_identify(franka_ros2/franka_gripper) by extension 'ros'
[0.252s] DEBUG:colcon.colcon_core.package_identification:Package 'franka_ros2/franka_gripper' with type 'ros.ament_cmake' and name 'franka_gripper'
[0.252s] Level 1:colcon.colcon_core.package_identification:_identify(franka_ros2/franka_hardware) by extensions ['ignore', 'ignore_ament_install']
[0.252s] Level 1:colcon.colcon_core.package_identification:_identify(franka_ros2/franka_hardware) by extension 'ignore'
[0.252s] Level 1:colcon.colcon_core.package_identification:_identify(franka_ros2/franka_hardware) by extension 'ignore_ament_install'
[0.252s] Level 1:colcon.colcon_core.package_identification:_identify(franka_ros2/franka_hardware) by extensions ['colcon_pkg']
[0.252s] Level 1:colcon.colcon_core.package_identification:_identify(franka_ros2/franka_hardware) by extension 'colcon_pkg'
[0.252s] Level 1:colcon.colcon_core.package_identification:_identify(franka_ros2/franka_hardware) by extensions ['colcon_meta']
[0.252s] Level 1:colcon.colcon_core.package_identification:_identify(franka_ros2/franka_hardware) by extension 'colcon_meta'
[0.252s] Level 1:colcon.colcon_core.package_identification:_identify(franka_ros2/franka_hardware) by extensions ['ros']
[0.253s] Level 1:colcon.colcon_core.package_identification:_identify(franka_ros2/franka_hardware) by extension 'ros'
[0.253s] DEBUG:colcon.colcon_core.package_identification:Package 'franka_ros2/franka_hardware' with type 'ros.ament_cmake' and name 'franka_hardware'
[0.253s] Level 1:colcon.colcon_core.package_identification:_identify(franka_ros2/franka_msgs) by extensions ['ignore', 'ignore_ament_install']
[0.253s] Level 1:colcon.colcon_core.package_identification:_identify(franka_ros2/franka_msgs) by extension 'ignore'
[0.253s] Level 1:colcon.colcon_core.package_identification:_identify(franka_ros2/franka_msgs) by extension 'ignore_ament_install'
[0.253s] Level 1:colcon.colcon_core.package_identification:_identify(franka_ros2/franka_msgs) by extensions ['colcon_pkg']
[0.253s] Level 1:colcon.colcon_core.package_identification:_identify(franka_ros2/franka_msgs) by extension 'colcon_pkg'
[0.253s] Level 1:colcon.colcon_core.package_identification:_identify(franka_ros2/franka_msgs) by extensions ['colcon_meta']
[0.253s] Level 1:colcon.colcon_core.package_identification:_identify(franka_ros2/franka_msgs) by extension 'colcon_meta'
[0.253s] Level 1:colcon.colcon_core.package_identification:_identify(franka_ros2/franka_msgs) by extensions ['ros']
[0.253s] Level 1:colcon.colcon_core.package_identification:_identify(franka_ros2/franka_msgs) by extension 'ros'
[0.254s] DEBUG:colcon.colcon_core.package_identification:Package 'franka_ros2/franka_msgs' with type 'ros.ament_cmake' and name 'franka_msgs'
[0.254s] Level 1:colcon.colcon_core.package_identification:_identify(franka_ros2/franka_robot_state_broadcaster) by extensions ['ignore', 'ignore_ament_install']
[0.254s] Level 1:colcon.colcon_core.package_identification:_identify(franka_ros2/franka_robot_state_broadcaster) by extension 'ignore'
[0.254s] Level 1:colcon.colcon_core.package_identification:_identify(franka_ros2/franka_robot_state_broadcaster) by extension 'ignore_ament_install'
[0.254s] Level 1:colcon.colcon_core.package_identification:_identify(franka_ros2/franka_robot_state_broadcaster) by extensions ['colcon_pkg']
[0.254s] Level 1:colcon.colcon_core.package_identification:_identify(franka_ros2/franka_robot_state_broadcaster) by extension 'colcon_pkg'
[0.254s] Level 1:colcon.colcon_core.package_identification:_identify(franka_ros2/franka_robot_state_broadcaster) by extensions ['colcon_meta']
[0.254s] Level 1:colcon.colcon_core.package_identification:_identify(franka_ros2/franka_robot_state_broadcaster) by extension 'colcon_meta'
[0.254s] Level 1:colcon.colcon_core.package_identification:_identify(franka_ros2/franka_robot_state_broadcaster) by extensions ['ros']
[0.254s] Level 1:colcon.colcon_core.package_identification:_identify(franka_ros2/franka_robot_state_broadcaster) by extension 'ros'
[0.255s] DEBUG:colcon.colcon_core.package_identification:Package 'franka_ros2/franka_robot_state_broadcaster' with type 'ros.ament_cmake' and name 'franka_robot_state_broadcaster'
[0.255s] Level 1:colcon.colcon_core.package_identification:_identify(franka_ros2/franka_ros2) by extensions ['ignore', 'ignore_ament_install']
[0.255s] Level 1:colcon.colcon_core.package_identification:_identify(franka_ros2/franka_ros2) by extension 'ignore'
[0.255s] Level 1:colcon.colcon_core.package_identification:_identify(franka_ros2/franka_ros2) by extension 'ignore_ament_install'
[0.255s] Level 1:colcon.colcon_core.package_identification:_identify(franka_ros2/franka_ros2) by extensions ['colcon_pkg']
[0.255s] Level 1:colcon.colcon_core.package_identification:_identify(franka_ros2/franka_ros2) by extension 'colcon_pkg'
[0.255s] Level 1:colcon.colcon_core.package_identification:_identify(franka_ros2/franka_ros2) by extensions ['colcon_meta']
[0.255s] Level 1:colcon.colcon_core.package_identification:_identify(franka_ros2/franka_ros2) by extension 'colcon_meta'
[0.255s] Level 1:colcon.colcon_core.package_identification:_identify(franka_ros2/franka_ros2) by extensions ['ros']
[0.255s] Level 1:colcon.colcon_core.package_identification:_identify(franka_ros2/franka_ros2) by extension 'ros'
[0.256s] DEBUG:colcon.colcon_core.package_identification:Package 'franka_ros2/franka_ros2' with type 'ros.ament_cmake' and name 'franka_ros2'
[0.256s] Level 1:colcon.colcon_core.package_identification:_identify(franka_ros2/franka_semantic_components) by extensions ['ignore', 'ignore_ament_install']
[0.256s] Level 1:colcon.colcon_core.package_identification:_identify(franka_ros2/franka_semantic_components) by extension 'ignore'
[0.256s] Level 1:colcon.colcon_core.package_identification:_identify(franka_ros2/franka_semantic_components) by extension 'ignore_ament_install'
[0.257s] Level 1:colcon.colcon_core.package_identification:_identify(franka_ros2/franka_semantic_components) by extensions ['colcon_pkg']
[0.257s] Level 1:colcon.colcon_core.package_identification:_identify(franka_ros2/franka_semantic_components) by extension 'colcon_pkg'
[0.257s] Level 1:colcon.colcon_core.package_identification:_identify(franka_ros2/franka_semantic_components) by extensions ['colcon_meta']
[0.257s] Level 1:colcon.colcon_core.package_identification:_identify(franka_ros2/franka_semantic_components) by extension 'colcon_meta'
[0.257s] Level 1:colcon.colcon_core.package_identification:_identify(franka_ros2/franka_semantic_components) by extensions ['ros']
[0.257s] Level 1:colcon.colcon_core.package_identification:_identify(franka_ros2/franka_semantic_components) by extension 'ros'
[0.257s] DEBUG:colcon.colcon_core.package_identification:Package 'franka_ros2/franka_semantic_components' with type 'ros.ament_cmake' and name 'franka_semantic_components'
[0.257s] Level 1:colcon.colcon_core.package_identification:_identify(franka_ros2/franka_task_pipeline) by extensions ['ignore', 'ignore_ament_install']
[0.257s] Level 1:colcon.colcon_core.package_identification:_identify(franka_ros2/franka_task_pipeline) by extension 'ignore'
[0.257s] Level 1:colcon.colcon_core.package_identification:_identify(franka_ros2/franka_task_pipeline) by extension 'ignore_ament_install'
[0.257s] Level 1:colcon.colcon_core.package_identification:_identify(franka_ros2/franka_task_pipeline) by extensions ['colcon_pkg']
[0.257s] Level 1:colcon.colcon_core.package_identification:_identify(franka_ros2/franka_task_pipeline) by extension 'colcon_pkg'
[0.258s] Level 1:colcon.colcon_core.package_identification:_identify(franka_ros2/franka_task_pipeline) by extensions ['colcon_meta']
[0.258s] Level 1:colcon.colcon_core.package_identification:_identify(franka_ros2/franka_task_pipeline) by extension 'colcon_meta'
[0.258s] Level 1:colcon.colcon_core.package_identification:_identify(franka_ros2/franka_task_pipeline) by extensions ['ros']
[0.258s] Level 1:colcon.colcon_core.package_identification:_identify(franka_ros2/franka_task_pipeline) by extension 'ros'
[0.258s] DEBUG:colcon.colcon_core.package_identification:Package 'franka_ros2/franka_task_pipeline' with type 'ros.ament_cmake' and name 'franka_task_pipeline'
[0.258s] Level 1:colcon.colcon_core.package_identification:_identify(franka_ros2/integration_launch_testing) by extensions ['ignore', 'ignore_ament_install']
[0.258s] Level 1:colcon.colcon_core.package_identification:_identify(franka_ros2/integration_launch_testing) by extension 'ignore'
[0.258s] Level 1:colcon.colcon_core.package_identification:_identify(franka_ros2/integration_launch_testing) by extension 'ignore_ament_install'
[0.258s] Level 1:colcon.colcon_core.package_identification:_identify(franka_ros2/integration_launch_testing) by extensions ['colcon_pkg']
[0.258s] Level 1:colcon.colcon_core.package_identification:_identify(franka_ros2/integration_launch_testing) by extension 'colcon_pkg'
[0.258s] Level 1:colcon.colcon_core.package_identification:_identify(franka_ros2/integration_launch_testing) by extensions ['colcon_meta']
[0.258s] Level 1:colcon.colcon_core.package_identification:_identify(franka_ros2/integration_launch_testing) by extension 'colcon_meta'
[0.258s] Level 1:colcon.colcon_core.package_identification:_identify(franka_ros2/integration_launch_testing) by extensions ['ros']
[0.258s] Level 1:colcon.colcon_core.package_identification:_identify(franka_ros2/integration_launch_testing) by extension 'ros'
[0.259s] DEBUG:colcon.colcon_core.package_identification:Package 'franka_ros2/integration_launch_testing' with type 'ros.ament_cmake' and name 'integration_launch_testing'
[0.259s] Level 1:colcon.colcon_core.package_identification:_identify(idra_franka_launch) by extensions ['ignore', 'ignore_ament_install']
[0.259s] Level 1:colcon.colcon_core.package_identification:_identify(idra_franka_launch) by extension 'ignore'
[0.259s] Level 1:colcon.colcon_core.package_identification:_identify(idra_franka_launch) by extension 'ignore_ament_install'
[0.259s] Level 1:colcon.colcon_core.package_identification:_identify(idra_franka_launch) by extensions ['colcon_pkg']
[0.259s] Level 1:colcon.colcon_core.package_identification:_identify(idra_franka_launch) by extension 'colcon_pkg'
[0.259s] Level 1:colcon.colcon_core.package_identification:_identify(idra_franka_launch) by extensions ['colcon_meta']
[0.259s] Level 1:colcon.colcon_core.package_identification:_identify(idra_franka_launch) by extension 'colcon_meta'
[0.259s] Level 1:colcon.colcon_core.package_identification:_identify(idra_franka_launch) by extensions ['ros']
[0.259s] Level 1:colcon.colcon_core.package_identification:_identify(idra_franka_launch) by extension 'ros'
[0.259s] DEBUG:colcon.colcon_core.package_identification:Package 'idra_franka_launch' with type 'ros.ament_cmake' and name 'idra_franka_launch'
[0.259s] Level 1:colcon.colcon_core.package_identification:_identify(install) by extensions ['ignore', 'ignore_ament_install']
[0.259s] Level 1:colcon.colcon_core.package_identification:_identify(install) by extension 'ignore'
[0.260s] Level 1:colcon.colcon_core.package_identification:_identify(install) ignored
[0.260s] Level 1:colcon.colcon_core.package_identification:_identify(log) by extensions ['ignore', 'ignore_ament_install']
[0.260s] Level 1:colcon.colcon_core.package_identification:_identify(log) by extension 'ignore'
[0.260s] Level 1:colcon.colcon_core.package_identification:_identify(log) ignored
[0.260s] Level 1:colcon.colcon_core.package_identification:_identify(ros2_effort_controller) by extensions ['ignore', 'ignore_ament_install']
[0.260s] Level 1:colcon.colcon_core.package_identification:_identify(ros2_effort_controller) by extension 'ignore'
[0.260s] Level 1:colcon.colcon_core.package_identification:_identify(ros2_effort_controller) by extension 'ignore_ament_install'
[0.260s] Level 1:colcon.colcon_core.package_identification:_identify(ros2_effort_controller) by extensions ['colcon_pkg']
[0.260s] Level 1:colcon.colcon_core.package_identification:_identify(ros2_effort_controller) by extension 'colcon_pkg'
[0.260s] Level 1:colcon.colcon_core.package_identification:_identify(ros2_effort_controller) by extensions ['colcon_meta']
[0.260s] Level 1:colcon.colcon_core.package_identification:_identify(ros2_effort_controller) by extension 'colcon_meta'
[0.260s] Level 1:colcon.colcon_core.package_identification:_identify(ros2_effort_controller) by extensions ['ros']
[0.260s] Level 1:colcon.colcon_core.package_identification:_identify(ros2_effort_controller) by extension 'ros'
[0.260s] Level 1:colcon.colcon_core.package_identification:_identify(ros2_effort_controller) by extensions ['cmake', 'python']
[0.260s] Level 1:colcon.colcon_core.package_identification:_identify(ros2_effort_controller) by extension 'cmake'
[0.260s] Level 1:colcon.colcon_core.package_identification:_identify(ros2_effort_controller) by extension 'python'
[0.260s] Level 1:colcon.colcon_core.package_identification:_identify(ros2_effort_controller) by extensions ['python_setup_py']
[0.260s] Level 1:colcon.colcon_core.package_identification:_identify(ros2_effort_controller) by extension 'python_setup_py'
[0.260s] Level 1:colcon.colcon_core.package_identification:_identify(ros2_effort_controller/cartesian_impedance_controller) by extensions ['ignore', 'ignore_ament_install']
[0.260s] Level 1:colcon.colcon_core.package_identification:_identify(ros2_effort_controller/cartesian_impedance_controller) by extension 'ignore'
[0.260s] Level 1:colcon.colcon_core.package_identification:_identify(ros2_effort_controller/cartesian_impedance_controller) by extension 'ignore_ament_install'
[0.260s] Level 1:colcon.colcon_core.package_identification:_identify(ros2_effort_controller/cartesian_impedance_controller) by extensions ['colcon_pkg']
[0.260s] Level 1:colcon.colcon_core.package_identification:_identify(ros2_effort_controller/cartesian_impedance_controller) by extension 'colcon_pkg'
[0.260s] Level 1:colcon.colcon_core.package_identification:_identify(ros2_effort_controller/cartesian_impedance_controller) by extensions ['colcon_meta']
[0.260s] Level 1:colcon.colcon_core.package_identification:_identify(ros2_effort_controller/cartesian_impedance_controller) by extension 'colcon_meta'
[0.261s] Level 1:colcon.colcon_core.package_identification:_identify(ros2_effort_controller/cartesian_impedance_controller) by extensions ['ros']
[0.261s] Level 1:colcon.colcon_core.package_identification:_identify(ros2_effort_controller/cartesian_impedance_controller) by extension 'ros'
[0.261s] DEBUG:colcon.colcon_core.package_identification:Package 'ros2_effort_controller/cartesian_impedance_controller' with type 'ros.ament_cmake' and name 'cartesian_impedance_controller'
[0.261s] Level 1:colcon.colcon_core.package_identification:_identify(ros2_effort_controller/debug_msg) by extensions ['ignore', 'ignore_ament_install']
[0.261s] Level 1:colcon.colcon_core.package_identification:_identify(ros2_effort_controller/debug_msg) by extension 'ignore'
[0.261s] Level 1:colcon.colcon_core.package_identification:_identify(ros2_effort_controller/debug_msg) by extension 'ignore_ament_install'
[0.261s] Level 1:colcon.colcon_core.package_identification:_identify(ros2_effort_controller/debug_msg) by extensions ['colcon_pkg']
[0.261s] Level 1:colcon.colcon_core.package_identification:_identify(ros2_effort_controller/debug_msg) by extension 'colcon_pkg'
[0.261s] Level 1:colcon.colcon_core.package_identification:_identify(ros2_effort_controller/debug_msg) by extensions ['colcon_meta']
[0.261s] Level 1:colcon.colcon_core.package_identification:_identify(ros2_effort_controller/debug_msg) by extension 'colcon_meta'
[0.261s] Level 1:colcon.colcon_core.package_identification:_identify(ros2_effort_controller/debug_msg) by extensions ['ros']
[0.261s] Level 1:colcon.colcon_core.package_identification:_identify(ros2_effort_controller/debug_msg) by extension 'ros'
[0.262s] DEBUG:colcon.colcon_core.package_identification:Package 'ros2_effort_controller/debug_msg' with type 'ros.ament_cmake' and name 'debug_msg'
[0.262s] Level 1:colcon.colcon_core.package_identification:_identify(ros2_effort_controller/effort_controller_base) by extensions ['ignore', 'ignore_ament_install']
[0.262s] Level 1:colcon.colcon_core.package_identification:_identify(ros2_effort_controller/effort_controller_base) by extension 'ignore'
[0.262s] Level 1:colcon.colcon_core.package_identification:_identify(ros2_effort_controller/effort_controller_base) by extension 'ignore_ament_install'
[0.262s] Level 1:colcon.colcon_core.package_identification:_identify(ros2_effort_controller/effort_controller_base) by extensions ['colcon_pkg']
[0.262s] Level 1:colcon.colcon_core.package_identification:_identify(ros2_effort_controller/effort_controller_base) by extension 'colcon_pkg'
[0.262s] Level 1:colcon.colcon_core.package_identification:_identify(ros2_effort_controller/effort_controller_base) by extensions ['colcon_meta']
[0.262s] Level 1:colcon.colcon_core.package_identification:_identify(ros2_effort_controller/effort_controller_base) by extension 'colcon_meta'
[0.262s] Level 1:colcon.colcon_core.package_identification:_identify(ros2_effort_controller/effort_controller_base) by extensions ['ros']
[0.262s] Level 1:colcon.colcon_core.package_identification:_identify(ros2_effort_controller/effort_controller_base) by extension 'ros'
[0.263s] DEBUG:colcon.colcon_core.package_identification:Package 'ros2_effort_controller/effort_controller_base' with type 'ros.catkin' and name 'effort_controller_base'
[0.263s] Level 1:colcon.colcon_core.package_identification:_identify(ros2_effort_controller/gravity_compensation) by extensions ['ignore', 'ignore_ament_install']
[0.263s] Level 1:colcon.colcon_core.package_identification:_identify(ros2_effort_controller/gravity_compensation) by extension 'ignore'
[0.263s] Level 1:colcon.colcon_core.package_identification:_identify(ros2_effort_controller/gravity_compensation) by extension 'ignore_ament_install'
[0.263s] Level 1:colcon.colcon_core.package_identification:_identify(ros2_effort_controller/gravity_compensation) by extensions ['colcon_pkg']
[0.263s] Level 1:colcon.colcon_core.package_identification:_identify(ros2_effort_controller/gravity_compensation) by extension 'colcon_pkg'
[0.263s] Level 1:colcon.colcon_core.package_identification:_identify(ros2_effort_controller/gravity_compensation) by extensions ['colcon_meta']
[0.263s] Level 1:colcon.colcon_core.package_identification:_identify(ros2_effort_controller/gravity_compensation) by extension 'colcon_meta'
[0.263s] Level 1:colcon.colcon_core.package_identification:_identify(ros2_effort_controller/gravity_compensation) by extensions ['ros']
[0.263s] Level 1:colcon.colcon_core.package_identification:_identify(ros2_effort_controller/gravity_compensation) by extension 'ros'
[0.264s] DEBUG:colcon.colcon_core.package_identification:Package 'ros2_effort_controller/gravity_compensation' with type 'ros.ament_cmake' and name 'gravity_compensation'
[0.264s] Level 1:colcon.colcon_core.package_identification:_identify(ros2_effort_controller/joint_impedance_controller) by extensions ['ignore', 'ignore_ament_install']
[0.264s] Level 1:colcon.colcon_core.package_identification:_identify(ros2_effort_controller/joint_impedance_controller) by extension 'ignore'
[0.264s] Level 1:colcon.colcon_core.package_identification:_identify(ros2_effort_controller/joint_impedance_controller) by extension 'ignore_ament_install'
[0.264s] Level 1:colcon.colcon_core.package_identification:_identify(ros2_effort_controller/joint_impedance_controller) by extensions ['colcon_pkg']
[0.264s] Level 1:colcon.colcon_core.package_identification:_identify(ros2_effort_controller/joint_impedance_controller) by extension 'colcon_pkg'
[0.264s] Level 1:colcon.colcon_core.package_identification:_identify(ros2_effort_controller/joint_impedance_controller) by extensions ['colcon_meta']
[0.264s] Level 1:colcon.colcon_core.package_identification:_identify(ros2_effort_controller/joint_impedance_controller) by extension 'colcon_meta'
[0.264s] Level 1:colcon.colcon_core.package_identification:_identify(ros2_effort_controller/joint_impedance_controller) by extensions ['ros']
[0.264s] Level 1:colcon.colcon_core.package_identification:_identify(ros2_effort_controller/joint_impedance_controller) by extension 'ros'
[0.264s] DEBUG:colcon.colcon_core.package_identification:Package 'ros2_effort_controller/joint_impedance_controller' with type 'ros.ament_cmake' and name 'joint_impedance_controller'
[0.264s] Level 1:colcon.colcon_core.package_discovery:discover_packages(recursive) using defaults
[0.264s] Level 1:colcon.colcon_core.package_discovery:discover_packages(ignore) discover
[0.264s] Level 1:colcon.colcon_core.package_discovery:discover_packages(ignore) using defaults
[0.264s] Level 1:colcon.colcon_core.package_discovery:discover_packages(path) discover
[0.264s] Level 1:colcon.colcon_core.package_discovery:discover_packages(path) using defaults
[0.282s] Level 1:colcon.colcon_core.package_discovery:discover_packages(prefix_path) check parameters
[0.282s] Level 1:colcon.colcon_core.package_discovery:discover_packages(prefix_path) discover
[0.282s] WARNING:colcon.colcon_core.prefix_path.colcon:The path '/home/jiataoding/ros2_franka_ws/install' in the environment variable COLCON_PREFIX_PATH doesn't exist
[0.283s] WARNING:colcon.colcon_ros.prefix_path.ament:The path '/home/jiataoding/ros2_franka_ws/install/joint_impedance_controller' in the environment variable AMENT_PREFIX_PATH doesn't exist
[0.283s] WARNING:colcon.colcon_ros.prefix_path.ament:The path '/home/jiataoding/ros2_franka_ws/install/integration_launch_testing' in the environment variable AMENT_PREFIX_PATH doesn't exist
[0.283s] WARNING:colcon.colcon_ros.prefix_path.ament:The path '/home/jiataoding/ros2_franka_ws/install/idra_franka_launch' in the environment variable AMENT_PREFIX_PATH doesn't exist
[0.283s] WARNING:colcon.colcon_ros.prefix_path.ament:The path '/home/jiataoding/ros2_franka_ws/install/gravity_compensation' in the environment variable AMENT_PREFIX_PATH doesn't exist
[0.283s] WARNING:colcon.colcon_ros.prefix_path.ament:The path '/home/jiataoding/ros2_franka_ws/install/franka_task_pipeline' in the environment variable AMENT_PREFIX_PATH doesn't exist
[0.283s] WARNING:colcon.colcon_ros.prefix_path.ament:The path '/home/jiataoding/ros2_franka_ws/install/franka_ros2' in the environment variable AMENT_PREFIX_PATH doesn't exist
[0.283s] WARNING:colcon.colcon_ros.prefix_path.ament:The path '/home/jiataoding/ros2_franka_ws/install/franka_bringup' in the environment variable AMENT_PREFIX_PATH doesn't exist
[0.283s] WARNING:colcon.colcon_ros.prefix_path.ament:The path '/home/jiataoding/ros2_franka_ws/install/franka_robot_state_broadcaster' in the environment variable AMENT_PREFIX_PATH doesn't exist
[0.283s] WARNING:colcon.colcon_ros.prefix_path.ament:The path '/home/jiataoding/ros2_franka_ws/install/franka_example_controllers' in the environment variable AMENT_PREFIX_PATH doesn't exist
[0.283s] WARNING:colcon.colcon_ros.prefix_path.ament:The path '/home/jiataoding/ros2_franka_ws/install/franka_semantic_components' in the environment variable AMENT_PREFIX_PATH doesn't exist
[0.283s] WARNING:colcon.colcon_ros.prefix_path.ament:The path '/home/jiataoding/ros2_franka_ws/install/franka_gazebo_bringup' in the environment variable AMENT_PREFIX_PATH doesn't exist
[0.283s] WARNING:colcon.colcon_ros.prefix_path.ament:The path '/home/jiataoding/ros2_franka_ws/install/franka_ign_ros2_control' in the environment variable AMENT_PREFIX_PATH doesn't exist
[0.283s] WARNING:colcon.colcon_ros.prefix_path.ament:The path '/home/jiataoding/ros2_franka_ws/install/franka_fr3_moveit_config' in the environment variable AMENT_PREFIX_PATH doesn't exist
[0.283s] WARNING:colcon.colcon_ros.prefix_path.ament:The path '/home/jiataoding/ros2_franka_ws/install/franka_hardware' in the environment variable AMENT_PREFIX_PATH doesn't exist
[0.283s] WARNING:colcon.colcon_ros.prefix_path.ament:The path '/home/jiataoding/ros2_franka_ws/install/franka_gripper' in the environment variable AMENT_PREFIX_PATH doesn't exist
[0.283s] WARNING:colcon.colcon_ros.prefix_path.ament:The path '/home/jiataoding/ros2_franka_ws/install/franka_msgs' in the environment variable AMENT_PREFIX_PATH doesn't exist
[0.284s] WARNING:colcon.colcon_ros.prefix_path.ament:The path '/home/jiataoding/ros2_franka_ws/install/franka_description' in the environment variable AMENT_PREFIX_PATH doesn't exist
[0.284s] WARNING:colcon.colcon_ros.prefix_path.ament:The path '/home/jiataoding/ros2_franka_ws/install/cartesian_impedance_controller' in the environment variable AMENT_PREFIX_PATH doesn't exist
[0.284s] WARNING:colcon.colcon_ros.prefix_path.ament:The path '/home/jiataoding/ros2_franka_ws/install/debug_msg' in the environment variable AMENT_PREFIX_PATH doesn't exist
[0.284s] WARNING:colcon.colcon_ros.prefix_path.catkin:The path '/home/jiataoding/ros2_franka_ws/install/joint_impedance_controller' in the environment variable CMAKE_PREFIX_PATH doesn't exist
[0.284s] WARNING:colcon.colcon_ros.prefix_path.catkin:The path '/home/jiataoding/ros2_franka_ws/install/integration_launch_testing' in the environment variable CMAKE_PREFIX_PATH doesn't exist
[0.284s] WARNING:colcon.colcon_ros.prefix_path.catkin:The path '/home/jiataoding/ros2_franka_ws/install/idra_franka_launch' in the environment variable CMAKE_PREFIX_PATH doesn't exist
[0.285s] WARNING:colcon.colcon_ros.prefix_path.catkin:The path '/home/jiataoding/ros2_franka_ws/install/gravity_compensation' in the environment variable CMAKE_PREFIX_PATH doesn't exist
[0.285s] WARNING:colcon.colcon_ros.prefix_path.catkin:The path '/home/jiataoding/ros2_franka_ws/install/franka_task_pipeline' in the environment variable CMAKE_PREFIX_PATH doesn't exist
[0.285s] WARNING:colcon.colcon_ros.prefix_path.catkin:The path '/home/jiataoding/ros2_franka_ws/install/franka_ros2' in the environment variable CMAKE_PREFIX_PATH doesn't exist
[0.285s] WARNING:colcon.colcon_ros.prefix_path.catkin:The path '/home/jiataoding/ros2_franka_ws/install/franka_bringup' in the environment variable CMAKE_PREFIX_PATH doesn't exist
[0.285s] WARNING:colcon.colcon_ros.prefix_path.catkin:The path '/home/jiataoding/ros2_franka_ws/install/franka_robot_state_broadcaster' in the environment variable CMAKE_PREFIX_PATH doesn't exist
[0.285s] WARNING:colcon.colcon_ros.prefix_path.catkin:The path '/home/jiataoding/ros2_franka_ws/install/franka_example_controllers' in the environment variable CMAKE_PREFIX_PATH doesn't exist
[0.285s] WARNING:colcon.colcon_ros.prefix_path.catkin:The path '/home/jiataoding/ros2_franka_ws/install/franka_semantic_components' in the environment variable CMAKE_PREFIX_PATH doesn't exist
[0.285s] WARNING:colcon.colcon_ros.prefix_path.catkin:The path '/home/jiataoding/ros2_franka_ws/install/franka_gazebo_bringup' in the environment variable CMAKE_PREFIX_PATH doesn't exist
[0.285s] WARNING:colcon.colcon_ros.prefix_path.catkin:The path '/home/jiataoding/ros2_franka_ws/install/franka_ign_ros2_control' in the environment variable CMAKE_PREFIX_PATH doesn't exist
[0.285s] WARNING:colcon.colcon_ros.prefix_path.catkin:The path '/home/jiataoding/ros2_franka_ws/install/franka_fr3_moveit_config' in the environment variable CMAKE_PREFIX_PATH doesn't exist
[0.285s] WARNING:colcon.colcon_ros.prefix_path.catkin:The path '/home/jiataoding/ros2_franka_ws/install/franka_hardware' in the environment variable CMAKE_PREFIX_PATH doesn't exist
[0.285s] WARNING:colcon.colcon_ros.prefix_path.catkin:The path '/home/jiataoding/ros2_franka_ws/install/franka_gripper' in the environment variable CMAKE_PREFIX_PATH doesn't exist
[0.285s] WARNING:colcon.colcon_ros.prefix_path.catkin:The path '/home/jiataoding/ros2_franka_ws/install/franka_msgs' in the environment variable CMAKE_PREFIX_PATH doesn't exist
[0.285s] WARNING:colcon.colcon_ros.prefix_path.catkin:The path '/home/jiataoding/ros2_franka_ws/install/franka_description' in the environment variable CMAKE_PREFIX_PATH doesn't exist
[0.285s] WARNING:colcon.colcon_ros.prefix_path.catkin:The path '/home/jiataoding/ros2_franka_ws/install/cartesian_impedance_controller' in the environment variable CMAKE_PREFIX_PATH doesn't exist
[0.285s] WARNING:colcon.colcon_ros.prefix_path.catkin:The path '/home/jiataoding/ros2_franka_ws/install/effort_controller_base' in the environment variable CMAKE_PREFIX_PATH doesn't exist
[0.285s] WARNING:colcon.colcon_ros.prefix_path.catkin:The path '/home/jiataoding/ros2_franka_ws/install/debug_msg' in the environment variable CMAKE_PREFIX_PATH doesn't exist
[0.286s] DEBUG:colcon.colcon_installed_package_information.package_discovery:Found 20 installed packages in /home/jiataoding/franco_ros2_franka_ws/src/install
[0.287s] DEBUG:colcon.colcon_installed_package_information.package_discovery:Found 20 installed packages in /home/jiataoding/franco_ros2_franka_ws/install
[0.289s] DEBUG:colcon.colcon_installed_package_information.package_discovery:Found 471 installed packages in /opt/ros/humble
[0.291s] Level 1:colcon.colcon_core.package_discovery:discover_packages(prefix_path) using defaults
[0.331s] Level 5:colcon.colcon_core.verb:set package 'debug_msg' build argument 'cmake_args' from command line to '['-DCMAKE_BUILD_TYPE=Release']'
[0.331s] Level 5:colcon.colcon_core.verb:set package 'debug_msg' build argument 'cmake_target' from command line to 'None'
[0.331s] Level 5:colcon.colcon_core.verb:set package 'debug_msg' build argument 'cmake_target_skip_unavailable' from command line to 'False'
[0.331s] Level 5:colcon.colcon_core.verb:set package 'debug_msg' build argument 'cmake_clean_cache' from command line to 'False'
[0.331s] Level 5:colcon.colcon_core.verb:set package 'debug_msg' build argument 'cmake_clean_first' from command line to 'False'
[0.331s] Level 5:colcon.colcon_core.verb:set package 'debug_msg' build argument 'cmake_force_configure' from command line to 'False'
[0.331s] Level 5:colcon.colcon_core.verb:set package 'debug_msg' build argument 'ament_cmake_args' from command line to 'None'
[0.331s] Level 5:colcon.colcon_core.verb:set package 'debug_msg' build argument 'catkin_cmake_args' from command line to 'None'
[0.331s] Level 5:colcon.colcon_core.verb:set package 'debug_msg' build argument 'catkin_skip_building_tests' from command line to 'False'
[0.331s] DEBUG:colcon.colcon_core.verb:Building package 'debug_msg' with the following arguments: {'ament_cmake_args': None, 'build_base': '/home/jiataoding/franco_ros2_franka_ws/src/build/debug_msg', 'catkin_cmake_args': None, 'catkin_skip_building_tests': False, 'cmake_args': ['-DCMAKE_BUILD_TYPE=Release'], 'cmake_clean_cache': False, 'cmake_clean_first': False, 'cmake_force_configure': False, 'cmake_target': None, 'cmake_target_skip_unavailable': False, 'install_base': '/home/jiataoding/franco_ros2_franka_ws/src/install/debug_msg', 'merge_install': False, 'path': '/home/jiataoding/franco_ros2_franka_ws/src/ros2_effort_controller/debug_msg', 'symlink_install': True, 'test_result_base': None}
[0.331s] Level 5:colcon.colcon_core.verb:set package 'effort_controller_base' build argument 'cmake_args' from command line to '['-DCMAKE_BUILD_TYPE=Release']'
[0.331s] Level 5:colcon.colcon_core.verb:set package 'effort_controller_base' build argument 'cmake_target' from command line to 'None'
[0.331s] Level 5:colcon.colcon_core.verb:set package 'effort_controller_base' build argument 'cmake_target_skip_unavailable' from command line to 'False'
[0.331s] Level 5:colcon.colcon_core.verb:set package 'effort_controller_base' build argument 'cmake_clean_cache' from command line to 'False'
[0.332s] Level 5:colcon.colcon_core.verb:set package 'effort_controller_base' build argument 'cmake_clean_first' from command line to 'False'
[0.332s] Level 5:colcon.colcon_core.verb:set package 'effort_controller_base' build argument 'cmake_force_configure' from command line to 'False'
[0.332s] Level 5:colcon.colcon_core.verb:set package 'effort_controller_base' build argument 'ament_cmake_args' from command line to 'None'
[0.332s] Level 5:colcon.colcon_core.verb:set package 'effort_controller_base' build argument 'catkin_cmake_args' from command line to 'None'
[0.332s] Level 5:colcon.colcon_core.verb:set package 'effort_controller_base' build argument 'catkin_skip_building_tests' from command line to 'False'
[0.332s] DEBUG:colcon.colcon_core.verb:Building package 'effort_controller_base' with the following arguments: {'ament_cmake_args': None, 'build_base': '/home/jiataoding/franco_ros2_franka_ws/src/build/effort_controller_base', 'catkin_cmake_args': None, 'catkin_skip_building_tests': False, 'cmake_args': ['-DCMAKE_BUILD_TYPE=Release'], 'cmake_clean_cache': False, 'cmake_clean_first': False, 'cmake_force_configure': False, 'cmake_target': None, 'cmake_target_skip_unavailable': False, 'install_base': '/home/jiataoding/franco_ros2_franka_ws/src/install/effort_controller_base', 'merge_install': False, 'path': '/home/jiataoding/franco_ros2_franka_ws/src/ros2_effort_controller/effort_controller_base', 'symlink_install': True, 'test_result_base': None}
[0.332s] Level 5:colcon.colcon_core.verb:set package 'franka_description' build argument 'cmake_args' from command line to '['-DCMAKE_BUILD_TYPE=Release']'
[0.332s] Level 5:colcon.colcon_core.verb:set package 'franka_description' build argument 'cmake_target' from command line to 'None'
[0.332s] Level 5:colcon.colcon_core.verb:set package 'franka_description' build argument 'cmake_target_skip_unavailable' from command line to 'False'
[0.332s] Level 5:colcon.colcon_core.verb:set package 'franka_description' build argument 'cmake_clean_cache' from command line to 'False'
[0.332s] Level 5:colcon.colcon_core.verb:set package 'franka_description' build argument 'cmake_clean_first' from command line to 'False'
[0.332s] Level 5:colcon.colcon_core.verb:set package 'franka_description' build argument 'cmake_force_configure' from command line to 'False'
[0.332s] Level 5:colcon.colcon_core.verb:set package 'franka_description' build argument 'ament_cmake_args' from command line to 'None'
[0.332s] Level 5:colcon.colcon_core.verb:set package 'franka_description' build argument 'catkin_cmake_args' from command line to 'None'
[0.332s] Level 5:colcon.colcon_core.verb:set package 'franka_description' build argument 'catkin_skip_building_tests' from command line to 'False'
[0.332s] DEBUG:colcon.colcon_core.verb:Building package 'franka_description' with the following arguments: {'ament_cmake_args': None, 'build_base': '/home/jiataoding/franco_ros2_franka_ws/src/build/franka_description', 'catkin_cmake_args': None, 'catkin_skip_building_tests': False, 'cmake_args': ['-DCMAKE_BUILD_TYPE=Release'], 'cmake_clean_cache': False, 'cmake_clean_first': False, 'cmake_force_configure': False, 'cmake_target': None, 'cmake_target_skip_unavailable': False, 'install_base': '/home/jiataoding/franco_ros2_franka_ws/src/install/franka_description', 'merge_install': False, 'path': '/home/jiataoding/franco_ros2_franka_ws/src/franka_description', 'symlink_install': True, 'test_result_base': None}
[0.332s] Level 5:colcon.colcon_core.verb:set package 'franka_msgs' build argument 'cmake_args' from command line to '['-DCMAKE_BUILD_TYPE=Release']'
[0.332s] Level 5:colcon.colcon_core.verb:set package 'franka_msgs' build argument 'cmake_target' from command line to 'None'
[0.332s] Level 5:colcon.colcon_core.verb:set package 'franka_msgs' build argument 'cmake_target_skip_unavailable' from command line to 'False'
[0.332s] Level 5:colcon.colcon_core.verb:set package 'franka_msgs' build argument 'cmake_clean_cache' from command line to 'False'
[0.332s] Level 5:colcon.colcon_core.verb:set package 'franka_msgs' build argument 'cmake_clean_first' from command line to 'False'
[0.332s] Level 5:colcon.colcon_core.verb:set package 'franka_msgs' build argument 'cmake_force_configure' from command line to 'False'
[0.332s] Level 5:colcon.colcon_core.verb:set package 'franka_msgs' build argument 'ament_cmake_args' from command line to 'None'
[0.332s] Level 5:colcon.colcon_core.verb:set package 'franka_msgs' build argument 'catkin_cmake_args' from command line to 'None'
[0.332s] Level 5:colcon.colcon_core.verb:set package 'franka_msgs' build argument 'catkin_skip_building_tests' from command line to 'False'
[0.332s] DEBUG:colcon.colcon_core.verb:Building package 'franka_msgs' with the following arguments: {'ament_cmake_args': None, 'build_base': '/home/jiataoding/franco_ros2_franka_ws/src/build/franka_msgs', 'catkin_cmake_args': None, 'catkin_skip_building_tests': False, 'cmake_args': ['-DCMAKE_BUILD_TYPE=Release'], 'cmake_clean_cache': False, 'cmake_clean_first': False, 'cmake_force_configure': False, 'cmake_target': None, 'cmake_target_skip_unavailable': False, 'install_base': '/home/jiataoding/franco_ros2_franka_ws/src/install/franka_msgs', 'merge_install': False, 'path': '/home/jiataoding/franco_ros2_franka_ws/src/franka_ros2/franka_msgs', 'symlink_install': True, 'test_result_base': None}
[0.333s] Level 5:colcon.colcon_core.verb:set package 'franka_task_pipeline' build argument 'cmake_args' from command line to '['-DCMAKE_BUILD_TYPE=Release']'
[0.333s] Level 5:colcon.colcon_core.verb:set package 'franka_task_pipeline' build argument 'cmake_target' from command line to 'None'
[0.333s] Level 5:colcon.colcon_core.verb:set package 'franka_task_pipeline' build argument 'cmake_target_skip_unavailable' from command line to 'False'
[0.333s] Level 5:colcon.colcon_core.verb:set package 'franka_task_pipeline' build argument 'cmake_clean_cache' from command line to 'False'
[0.333s] Level 5:colcon.colcon_core.verb:set package 'franka_task_pipeline' build argument 'cmake_clean_first' from command line to 'False'
[0.333s] Level 5:colcon.colcon_core.verb:set package 'franka_task_pipeline' build argument 'cmake_force_configure' from command line to 'False'
[0.333s] Level 5:colcon.colcon_core.verb:set package 'franka_task_pipeline' build argument 'ament_cmake_args' from command line to 'None'
[0.333s] Level 5:colcon.colcon_core.verb:set package 'franka_task_pipeline' build argument 'catkin_cmake_args' from command line to 'None'
[0.333s] Level 5:colcon.colcon_core.verb:set package 'franka_task_pipeline' build argument 'catkin_skip_building_tests' from command line to 'False'
[0.333s] DEBUG:colcon.colcon_core.verb:Building package 'franka_task_pipeline' with the following arguments: {'ament_cmake_args': None, 'build_base': '/home/jiataoding/franco_ros2_franka_ws/src/build/franka_task_pipeline', 'catkin_cmake_args': None, 'catkin_skip_building_tests': False, 'cmake_args': ['-DCMAKE_BUILD_TYPE=Release'], 'cmake_clean_cache': False, 'cmake_clean_first': False, 'cmake_force_configure': False, 'cmake_target': None, 'cmake_target_skip_unavailable': False, 'install_base': '/home/jiataoding/franco_ros2_franka_ws/src/install/franka_task_pipeline', 'merge_install': False, 'path': '/home/jiataoding/franco_ros2_franka_ws/src/franka_ros2/franka_task_pipeline', 'symlink_install': True, 'test_result_base': None}
[0.333s] Level 5:colcon.colcon_core.verb:set package 'integration_launch_testing' build argument 'cmake_args' from command line to '['-DCMAKE_BUILD_TYPE=Release']'
[0.333s] Level 5:colcon.colcon_core.verb:set package 'integration_launch_testing' build argument 'cmake_target' from command line to 'None'
[0.333s] Level 5:colcon.colcon_core.verb:set package 'integration_launch_testing' build argument 'cmake_target_skip_unavailable' from command line to 'False'
[0.333s] Level 5:colcon.colcon_core.verb:set package 'integration_launch_testing' build argument 'cmake_clean_cache' from command line to 'False'
[0.333s] Level 5:colcon.colcon_core.verb:set package 'integration_launch_testing' build argument 'cmake_clean_first' from command line to 'False'
[0.333s] Level 5:colcon.colcon_core.verb:set package 'integration_launch_testing' build argument 'cmake_force_configure' from command line to 'False'
[0.333s] Level 5:colcon.colcon_core.verb:set package 'integration_launch_testing' build argument 'ament_cmake_args' from command line to 'None'
[0.333s] Level 5:colcon.colcon_core.verb:set package 'integration_launch_testing' build argument 'catkin_cmake_args' from command line to 'None'
[0.333s] Level 5:colcon.colcon_core.verb:set package 'integration_launch_testing' build argument 'catkin_skip_building_tests' from command line to 'False'
[0.333s] DEBUG:colcon.colcon_core.verb:Building package 'integration_launch_testing' with the following arguments: {'ament_cmake_args': None, 'build_base': '/home/jiataoding/franco_ros2_franka_ws/src/build/integration_launch_testing', 'catkin_cmake_args': None, 'catkin_skip_building_tests': False, 'cmake_args': ['-DCMAKE_BUILD_TYPE=Release'], 'cmake_clean_cache': False, 'cmake_clean_first': False, 'cmake_force_configure': False, 'cmake_target': None, 'cmake_target_skip_unavailable': False, 'install_base': '/home/jiataoding/franco_ros2_franka_ws/src/install/integration_launch_testing', 'merge_install': False, 'path': '/home/jiataoding/franco_ros2_franka_ws/src/franka_ros2/integration_launch_testing', 'symlink_install': True, 'test_result_base': None}
[0.333s] Level 5:colcon.colcon_core.verb:set package 'cartesian_impedance_controller' build argument 'cmake_args' from command line to '['-DCMAKE_BUILD_TYPE=Release']'
[0.333s] Level 5:colcon.colcon_core.verb:set package 'cartesian_impedance_controller' build argument 'cmake_target' from command line to 'None'
[0.333s] Level 5:colcon.colcon_core.verb:set package 'cartesian_impedance_controller' build argument 'cmake_target_skip_unavailable' from command line to 'False'
[0.334s] Level 5:colcon.colcon_core.verb:set package 'cartesian_impedance_controller' build argument 'cmake_clean_cache' from command line to 'False'
[0.334s] Level 5:colcon.colcon_core.verb:set package 'cartesian_impedance_controller' build argument 'cmake_clean_first' from command line to 'False'
[0.334s] Level 5:colcon.colcon_core.verb:set package 'cartesian_impedance_controller' build argument 'cmake_force_configure' from command line to 'False'
[0.334s] Level 5:colcon.colcon_core.verb:set package 'cartesian_impedance_controller' build argument 'ament_cmake_args' from command line to 'None'
[0.334s] Level 5:colcon.colcon_core.verb:set package 'cartesian_impedance_controller' build argument 'catkin_cmake_args' from command line to 'None'
[0.334s] Level 5:colcon.colcon_core.verb:set package 'cartesian_impedance_controller' build argument 'catkin_skip_building_tests' from command line to 'False'
[0.334s] DEBUG:colcon.colcon_core.verb:Building package 'cartesian_impedance_controller' with the following arguments: {'ament_cmake_args': None, 'build_base': '/home/jiataoding/franco_ros2_franka_ws/src/build/cartesian_impedance_controller', 'catkin_cmake_args': None, 'catkin_skip_building_tests': False, 'cmake_args': ['-DCMAKE_BUILD_TYPE=Release'], 'cmake_clean_cache': False, 'cmake_clean_first': False, 'cmake_force_configure': False, 'cmake_target': None, 'cmake_target_skip_unavailable': False, 'install_base': '/home/jiataoding/franco_ros2_franka_ws/src/install/cartesian_impedance_controller', 'merge_install': False, 'path': '/home/jiataoding/franco_ros2_franka_ws/src/ros2_effort_controller/cartesian_impedance_controller', 'symlink_install': True, 'test_result_base': None}
[0.334s] Level 5:colcon.colcon_core.verb:set package 'franka_gripper' build argument 'cmake_args' from command line to '['-DCMAKE_BUILD_TYPE=Release']'
[0.334s] Level 5:colcon.colcon_core.verb:set package 'franka_gripper' build argument 'cmake_target' from command line to 'None'
[0.334s] Level 5:colcon.colcon_core.verb:set package 'franka_gripper' build argument 'cmake_target_skip_unavailable' from command line to 'False'
[0.334s] Level 5:colcon.colcon_core.verb:set package 'franka_gripper' build argument 'cmake_clean_cache' from command line to 'False'
[0.334s] Level 5:colcon.colcon_core.verb:set package 'franka_gripper' build argument 'cmake_clean_first' from command line to 'False'
[0.334s] Level 5:colcon.colcon_core.verb:set package 'franka_gripper' build argument 'cmake_force_configure' from command line to 'False'
[0.334s] Level 5:colcon.colcon_core.verb:set package 'franka_gripper' build argument 'ament_cmake_args' from command line to 'None'
[0.334s] Level 5:colcon.colcon_core.verb:set package 'franka_gripper' build argument 'catkin_cmake_args' from command line to 'None'
[0.334s] Level 5:colcon.colcon_core.verb:set package 'franka_gripper' build argument 'catkin_skip_building_tests' from command line to 'False'
[0.334s] DEBUG:colcon.colcon_core.verb:Building package 'franka_gripper' with the following arguments: {'ament_cmake_args': None, 'build_base': '/home/jiataoding/franco_ros2_franka_ws/src/build/franka_gripper', 'catkin_cmake_args': None, 'catkin_skip_building_tests': False, 'cmake_args': ['-DCMAKE_BUILD_TYPE=Release'], 'cmake_clean_cache': False, 'cmake_clean_first': False, 'cmake_force_configure': False, 'cmake_target': None, 'cmake_target_skip_unavailable': False, 'install_base': '/home/jiataoding/franco_ros2_franka_ws/src/install/franka_gripper', 'merge_install': False, 'path': '/home/jiataoding/franco_ros2_franka_ws/src/franka_ros2/franka_gripper', 'symlink_install': True, 'test_result_base': None}
[0.334s] Level 5:colcon.colcon_core.verb:set package 'franka_hardware' build argument 'cmake_args' from command line to '['-DCMAKE_BUILD_TYPE=Release']'
[0.334s] Level 5:colcon.colcon_core.verb:set package 'franka_hardware' build argument 'cmake_target' from command line to 'None'
[0.334s] Level 5:colcon.colcon_core.verb:set package 'franka_hardware' build argument 'cmake_target_skip_unavailable' from command line to 'False'
[0.334s] Level 5:colcon.colcon_core.verb:set package 'franka_hardware' build argument 'cmake_clean_cache' from command line to 'False'
[0.334s] Level 5:colcon.colcon_core.verb:set package 'franka_hardware' build argument 'cmake_clean_first' from command line to 'False'
[0.334s] Level 5:colcon.colcon_core.verb:set package 'franka_hardware' build argument 'cmake_force_configure' from command line to 'False'
[0.334s] Level 5:colcon.colcon_core.verb:set package 'franka_hardware' build argument 'ament_cmake_args' from command line to 'None'
[0.334s] Level 5:colcon.colcon_core.verb:set package 'franka_hardware' build argument 'catkin_cmake_args' from command line to 'None'
[0.334s] Level 5:colcon.colcon_core.verb:set package 'franka_hardware' build argument 'catkin_skip_building_tests' from command line to 'False'
[0.334s] DEBUG:colcon.colcon_core.verb:Building package 'franka_hardware' with the following arguments: {'ament_cmake_args': None, 'build_base': '/home/jiataoding/franco_ros2_franka_ws/src/build/franka_hardware', 'catkin_cmake_args': None, 'catkin_skip_building_tests': False, 'cmake_args': ['-DCMAKE_BUILD_TYPE=Release'], 'cmake_clean_cache': False, 'cmake_clean_first': False, 'cmake_force_configure': False, 'cmake_target': None, 'cmake_target_skip_unavailable': False, 'install_base': '/home/jiataoding/franco_ros2_franka_ws/src/install/franka_hardware', 'merge_install': False, 'path': '/home/jiataoding/franco_ros2_franka_ws/src/franka_ros2/franka_hardware', 'symlink_install': True, 'test_result_base': None}
[0.335s] Level 5:colcon.colcon_core.verb:set package 'gravity_compensation' build argument 'cmake_args' from command line to '['-DCMAKE_BUILD_TYPE=Release']'
[0.335s] Level 5:colcon.colcon_core.verb:set package 'gravity_compensation' build argument 'cmake_target' from command line to 'None'
[0.335s] Level 5:colcon.colcon_core.verb:set package 'gravity_compensation' build argument 'cmake_target_skip_unavailable' from command line to 'False'
[0.335s] Level 5:colcon.colcon_core.verb:set package 'gravity_compensation' build argument 'cmake_clean_cache' from command line to 'False'
[0.335s] Level 5:colcon.colcon_core.verb:set package 'gravity_compensation' build argument 'cmake_clean_first' from command line to 'False'
[0.335s] Level 5:colcon.colcon_core.verb:set package 'gravity_compensation' build argument 'cmake_force_configure' from command line to 'False'
[0.335s] Level 5:colcon.colcon_core.verb:set package 'gravity_compensation' build argument 'ament_cmake_args' from command line to 'None'
[0.335s] Level 5:colcon.colcon_core.verb:set package 'gravity_compensation' build argument 'catkin_cmake_args' from command line to 'None'
[0.335s] Level 5:colcon.colcon_core.verb:set package 'gravity_compensation' build argument 'catkin_skip_building_tests' from command line to 'False'
[0.335s] DEBUG:colcon.colcon_core.verb:Building package 'gravity_compensation' with the following arguments: {'ament_cmake_args': None, 'build_base': '/home/jiataoding/franco_ros2_franka_ws/src/build/gravity_compensation', 'catkin_cmake_args': None, 'catkin_skip_building_tests': False, 'cmake_args': ['-DCMAKE_BUILD_TYPE=Release'], 'cmake_clean_cache': False, 'cmake_clean_first': False, 'cmake_force_configure': False, 'cmake_target': None, 'cmake_target_skip_unavailable': False, 'install_base': '/home/jiataoding/franco_ros2_franka_ws/src/install/gravity_compensation', 'merge_install': False, 'path': '/home/jiataoding/franco_ros2_franka_ws/src/ros2_effort_controller/gravity_compensation', 'symlink_install': True, 'test_result_base': None}
[0.335s] Level 5:colcon.colcon_core.verb:set package 'joint_impedance_controller' build argument 'cmake_args' from command line to '['-DCMAKE_BUILD_TYPE=Release']'
[0.335s] Level 5:colcon.colcon_core.verb:set package 'joint_impedance_controller' build argument 'cmake_target' from command line to 'None'
[0.335s] Level 5:colcon.colcon_core.verb:set package 'joint_impedance_controller' build argument 'cmake_target_skip_unavailable' from command line to 'False'
[0.335s] Level 5:colcon.colcon_core.verb:set package 'joint_impedance_controller' build argument 'cmake_clean_cache' from command line to 'False'
[0.335s] Level 5:colcon.colcon_core.verb:set package 'joint_impedance_controller' build argument 'cmake_clean_first' from command line to 'False'
[0.335s] Level 5:colcon.colcon_core.verb:set package 'joint_impedance_controller' build argument 'cmake_force_configure' from command line to 'False'
[0.335s] Level 5:colcon.colcon_core.verb:set package 'joint_impedance_controller' build argument 'ament_cmake_args' from command line to 'None'
[0.335s] Level 5:colcon.colcon_core.verb:set package 'joint_impedance_controller' build argument 'catkin_cmake_args' from command line to 'None'
[0.335s] Level 5:colcon.colcon_core.verb:set package 'joint_impedance_controller' build argument 'catkin_skip_building_tests' from command line to 'False'
[0.335s] DEBUG:colcon.colcon_core.verb:Building package 'joint_impedance_controller' with the following arguments: {'ament_cmake_args': None, 'build_base': '/home/jiataoding/franco_ros2_franka_ws/src/build/joint_impedance_controller', 'catkin_cmake_args': None, 'catkin_skip_building_tests': False, 'cmake_args': ['-DCMAKE_BUILD_TYPE=Release'], 'cmake_clean_cache': False, 'cmake_clean_first': False, 'cmake_force_configure': False, 'cmake_target': None, 'cmake_target_skip_unavailable': False, 'install_base': '/home/jiataoding/franco_ros2_franka_ws/src/install/joint_impedance_controller', 'merge_install': False, 'path': '/home/jiataoding/franco_ros2_franka_ws/src/ros2_effort_controller/joint_impedance_controller', 'symlink_install': True, 'test_result_base': None}
[0.336s] Level 5:colcon.colcon_core.verb:set package 'franka_fr3_moveit_config' build argument 'cmake_args' from command line to '['-DCMAKE_BUILD_TYPE=Release']'
[0.336s] Level 5:colcon.colcon_core.verb:set package 'franka_fr3_moveit_config' build argument 'cmake_target' from command line to 'None'
[0.336s] Level 5:colcon.colcon_core.verb:set package 'franka_fr3_moveit_config' build argument 'cmake_target_skip_unavailable' from command line to 'False'
[0.336s] Level 5:colcon.colcon_core.verb:set package 'franka_fr3_moveit_config' build argument 'cmake_clean_cache' from command line to 'False'
[0.336s] Level 5:colcon.colcon_core.verb:set package 'franka_fr3_moveit_config' build argument 'cmake_clean_first' from command line to 'False'
[0.336s] Level 5:colcon.colcon_core.verb:set package 'franka_fr3_moveit_config' build argument 'cmake_force_configure' from command line to 'False'
[0.336s] Level 5:colcon.colcon_core.verb:set package 'franka_fr3_moveit_config' build argument 'ament_cmake_args' from command line to 'None'
[0.336s] Level 5:colcon.colcon_core.verb:set package 'franka_fr3_moveit_config' build argument 'catkin_cmake_args' from command line to 'None'
[0.336s] Level 5:colcon.colcon_core.verb:set package 'franka_fr3_moveit_config' build argument 'catkin_skip_building_tests' from command line to 'False'
[0.336s] DEBUG:colcon.colcon_core.verb:Building package 'franka_fr3_moveit_config' with the following arguments: {'ament_cmake_args': None, 'build_base': '/home/jiataoding/franco_ros2_franka_ws/src/build/franka_fr3_moveit_config', 'catkin_cmake_args': None, 'catkin_skip_building_tests': False, 'cmake_args': ['-DCMAKE_BUILD_TYPE=Release'], 'cmake_clean_cache': False, 'cmake_clean_first': False, 'cmake_force_configure': False, 'cmake_target': None, 'cmake_target_skip_unavailable': False, 'install_base': '/home/jiataoding/franco_ros2_franka_ws/src/install/franka_fr3_moveit_config', 'merge_install': False, 'path': '/home/jiataoding/franco_ros2_franka_ws/src/franka_ros2/franka_fr3_moveit_config', 'symlink_install': True, 'test_result_base': None}
[0.336s] Level 5:colcon.colcon_core.verb:set package 'franka_ign_ros2_control' build argument 'cmake_args' from command line to '['-DCMAKE_BUILD_TYPE=Release']'
[0.336s] Level 5:colcon.colcon_core.verb:set package 'franka_ign_ros2_control' build argument 'cmake_target' from command line to 'None'
[0.336s] Level 5:colcon.colcon_core.verb:set package 'franka_ign_ros2_control' build argument 'cmake_target_skip_unavailable' from command line to 'False'
[0.336s] Level 5:colcon.colcon_core.verb:set package 'franka_ign_ros2_control' build argument 'cmake_clean_cache' from command line to 'False'
[0.336s] Level 5:colcon.colcon_core.verb:set package 'franka_ign_ros2_control' build argument 'cmake_clean_first' from command line to 'False'
[0.336s] Level 5:colcon.colcon_core.verb:set package 'franka_ign_ros2_control' build argument 'cmake_force_configure' from command line to 'False'
[0.336s] Level 5:colcon.colcon_core.verb:set package 'franka_ign_ros2_control' build argument 'ament_cmake_args' from command line to 'None'
[0.336s] Level 5:colcon.colcon_core.verb:set package 'franka_ign_ros2_control' build argument 'catkin_cmake_args' from command line to 'None'
[0.336s] Level 5:colcon.colcon_core.verb:set package 'franka_ign_ros2_control' build argument 'catkin_skip_building_tests' from command line to 'False'
[0.336s] DEBUG:colcon.colcon_core.verb:Building package 'franka_ign_ros2_control' with the following arguments: {'ament_cmake_args': None, 'build_base': '/home/jiataoding/franco_ros2_franka_ws/src/build/franka_ign_ros2_control', 'catkin_cmake_args': None, 'catkin_skip_building_tests': False, 'cmake_args': ['-DCMAKE_BUILD_TYPE=Release'], 'cmake_clean_cache': False, 'cmake_clean_first': False, 'cmake_force_configure': False, 'cmake_target': None, 'cmake_target_skip_unavailable': False, 'install_base': '/home/jiataoding/franco_ros2_franka_ws/src/install/franka_ign_ros2_control', 'merge_install': False, 'path': '/home/jiataoding/franco_ros2_franka_ws/src/franka_ros2/franka_gazebo/franka_ign_ros2_control', 'symlink_install': True, 'test_result_base': None}
[0.336s] Level 5:colcon.colcon_core.verb:set package 'franka_semantic_components' build argument 'cmake_args' from command line to '['-DCMAKE_BUILD_TYPE=Release']'
[0.336s] Level 5:colcon.colcon_core.verb:set package 'franka_semantic_components' build argument 'cmake_target' from command line to 'None'
[0.336s] Level 5:colcon.colcon_core.verb:set package 'franka_semantic_components' build argument 'cmake_target_skip_unavailable' from command line to 'False'
[0.336s] Level 5:colcon.colcon_core.verb:set package 'franka_semantic_components' build argument 'cmake_clean_cache' from command line to 'False'
[0.336s] Level 5:colcon.colcon_core.verb:set package 'franka_semantic_components' build argument 'cmake_clean_first' from command line to 'False'
[0.336s] Level 5:colcon.colcon_core.verb:set package 'franka_semantic_components' build argument 'cmake_force_configure' from command line to 'False'
[0.336s] Level 5:colcon.colcon_core.verb:set package 'franka_semantic_components' build argument 'ament_cmake_args' from command line to 'None'
[0.336s] Level 5:colcon.colcon_core.verb:set package 'franka_semantic_components' build argument 'catkin_cmake_args' from command line to 'None'
[0.336s] Level 5:colcon.colcon_core.verb:set package 'franka_semantic_components' build argument 'catkin_skip_building_tests' from command line to 'False'
[0.337s] DEBUG:colcon.colcon_core.verb:Building package 'franka_semantic_components' with the following arguments: {'ament_cmake_args': None, 'build_base': '/home/jiataoding/franco_ros2_franka_ws/src/build/franka_semantic_components', 'catkin_cmake_args': None, 'catkin_skip_building_tests': False, 'cmake_args': ['-DCMAKE_BUILD_TYPE=Release'], 'cmake_clean_cache': False, 'cmake_clean_first': False, 'cmake_force_configure': False, 'cmake_target': None, 'cmake_target_skip_unavailable': False, 'install_base': '/home/jiataoding/franco_ros2_franka_ws/src/install/franka_semantic_components', 'merge_install': False, 'path': '/home/jiataoding/franco_ros2_franka_ws/src/franka_ros2/franka_semantic_components', 'symlink_install': True, 'test_result_base': None}
[0.337s] Level 5:colcon.colcon_core.verb:set package 'franka_example_controllers' build argument 'cmake_args' from command line to '['-DCMAKE_BUILD_TYPE=Release']'
[0.337s] Level 5:colcon.colcon_core.verb:set package 'franka_example_controllers' build argument 'cmake_target' from command line to 'None'
[0.337s] Level 5:colcon.colcon_core.verb:set package 'franka_example_controllers' build argument 'cmake_target_skip_unavailable' from command line to 'False'
[0.337s] Level 5:colcon.colcon_core.verb:set package 'franka_example_controllers' build argument 'cmake_clean_cache' from command line to 'False'
[0.337s] Level 5:colcon.colcon_core.verb:set package 'franka_example_controllers' build argument 'cmake_clean_first' from command line to 'False'
[0.337s] Level 5:colcon.colcon_core.verb:set package 'franka_example_controllers' build argument 'cmake_force_configure' from command line to 'False'
[0.337s] Level 5:colcon.colcon_core.verb:set package 'franka_example_controllers' build argument 'ament_cmake_args' from command line to 'None'
[0.337s] Level 5:colcon.colcon_core.verb:set package 'franka_example_controllers' build argument 'catkin_cmake_args' from command line to 'None'
[0.337s] Level 5:colcon.colcon_core.verb:set package 'franka_example_controllers' build argument 'catkin_skip_building_tests' from command line to 'False'
[0.337s] DEBUG:colcon.colcon_core.verb:Building package 'franka_example_controllers' with the following arguments: {'ament_cmake_args': None, 'build_base': '/home/jiataoding/franco_ros2_franka_ws/src/build/franka_example_controllers', 'catkin_cmake_args': None, 'catkin_skip_building_tests': False, 'cmake_args': ['-DCMAKE_BUILD_TYPE=Release'], 'cmake_clean_cache': False, 'cmake_clean_first': False, 'cmake_force_configure': False, 'cmake_target': None, 'cmake_target_skip_unavailable': False, 'install_base': '/home/jiataoding/franco_ros2_franka_ws/src/install/franka_example_controllers', 'merge_install': False, 'path': '/home/jiataoding/franco_ros2_franka_ws/src/franka_ros2/franka_example_controllers', 'symlink_install': True, 'test_result_base': None}
[0.337s] Level 5:colcon.colcon_core.verb:set package 'franka_gazebo_bringup' build argument 'cmake_args' from command line to '['-DCMAKE_BUILD_TYPE=Release']'
[0.337s] Level 5:colcon.colcon_core.verb:set package 'franka_gazebo_bringup' build argument 'cmake_target' from command line to 'None'
[0.337s] Level 5:colcon.colcon_core.verb:set package 'franka_gazebo_bringup' build argument 'cmake_target_skip_unavailable' from command line to 'False'
[0.337s] Level 5:colcon.colcon_core.verb:set package 'franka_gazebo_bringup' build argument 'cmake_clean_cache' from command line to 'False'
[0.337s] Level 5:colcon.colcon_core.verb:set package 'franka_gazebo_bringup' build argument 'cmake_clean_first' from command line to 'False'
[0.337s] Level 5:colcon.colcon_core.verb:set package 'franka_gazebo_bringup' build argument 'cmake_force_configure' from command line to 'False'
[0.337s] Level 5:colcon.colcon_core.verb:set package 'franka_gazebo_bringup' build argument 'ament_cmake_args' from command line to 'None'
[0.337s] Level 5:colcon.colcon_core.verb:set package 'franka_gazebo_bringup' build argument 'catkin_cmake_args' from command line to 'None'
[0.337s] Level 5:colcon.colcon_core.verb:set package 'franka_gazebo_bringup' build argument 'catkin_skip_building_tests' from command line to 'False'
[0.337s] DEBUG:colcon.colcon_core.verb:Building package 'franka_gazebo_bringup' with the following arguments: {'ament_cmake_args': None, 'build_base': '/home/jiataoding/franco_ros2_franka_ws/src/build/franka_gazebo_bringup', 'catkin_cmake_args': None, 'catkin_skip_building_tests': False, 'cmake_args': ['-DCMAKE_BUILD_TYPE=Release'], 'cmake_clean_cache': False, 'cmake_clean_first': False, 'cmake_force_configure': False, 'cmake_target': None, 'cmake_target_skip_unavailable': False, 'install_base': '/home/jiataoding/franco_ros2_franka_ws/src/install/franka_gazebo_bringup', 'merge_install': False, 'path': '/home/jiataoding/franco_ros2_franka_ws/src/franka_ros2/franka_gazebo/franka_gazebo_bringup', 'symlink_install': True, 'test_result_base': None}
[0.338s] Level 5:colcon.colcon_core.verb:set package 'franka_robot_state_broadcaster' build argument 'cmake_args' from command line to '['-DCMAKE_BUILD_TYPE=Release']'
[0.338s] Level 5:colcon.colcon_core.verb:set package 'franka_robot_state_broadcaster' build argument 'cmake_target' from command line to 'None'
[0.338s] Level 5:colcon.colcon_core.verb:set package 'franka_robot_state_broadcaster' build argument 'cmake_target_skip_unavailable' from command line to 'False'
[0.338s] Level 5:colcon.colcon_core.verb:set package 'franka_robot_state_broadcaster' build argument 'cmake_clean_cache' from command line to 'False'
[0.338s] Level 5:colcon.colcon_core.verb:set package 'franka_robot_state_broadcaster' build argument 'cmake_clean_first' from command line to 'False'
[0.338s] Level 5:colcon.colcon_core.verb:set package 'franka_robot_state_broadcaster' build argument 'cmake_force_configure' from command line to 'False'
[0.338s] Level 5:colcon.colcon_core.verb:set package 'franka_robot_state_broadcaster' build argument 'ament_cmake_args' from command line to 'None'
[0.338s] Level 5:colcon.colcon_core.verb:set package 'franka_robot_state_broadcaster' build argument 'catkin_cmake_args' from command line to 'None'
[0.338s] Level 5:colcon.colcon_core.verb:set package 'franka_robot_state_broadcaster' build argument 'catkin_skip_building_tests' from command line to 'False'
[0.338s] DEBUG:colcon.colcon_core.verb:Building package 'franka_robot_state_broadcaster' with the following arguments: {'ament_cmake_args': None, 'build_base': '/home/jiataoding/franco_ros2_franka_ws/src/build/franka_robot_state_broadcaster', 'catkin_cmake_args': None, 'catkin_skip_building_tests': False, 'cmake_args': ['-DCMAKE_BUILD_TYPE=Release'], 'cmake_clean_cache': False, 'cmake_clean_first': False, 'cmake_force_configure': False, 'cmake_target': None, 'cmake_target_skip_unavailable': False, 'install_base': '/home/jiataoding/franco_ros2_franka_ws/src/install/franka_robot_state_broadcaster', 'merge_install': False, 'path': '/home/jiataoding/franco_ros2_franka_ws/src/franka_ros2/franka_robot_state_broadcaster', 'symlink_install': True, 'test_result_base': None}
[0.338s] Level 5:colcon.colcon_core.verb:set package 'franka_bringup' build argument 'cmake_args' from command line to '['-DCMAKE_BUILD_TYPE=Release']'
[0.338s] Level 5:colcon.colcon_core.verb:set package 'franka_bringup' build argument 'cmake_target' from command line to 'None'
[0.338s] Level 5:colcon.colcon_core.verb:set package 'franka_bringup' build argument 'cmake_target_skip_unavailable' from command line to 'False'
[0.338s] Level 5:colcon.colcon_core.verb:set package 'franka_bringup' build argument 'cmake_clean_cache' from command line to 'False'
[0.338s] Level 5:colcon.colcon_core.verb:set package 'franka_bringup' build argument 'cmake_clean_first' from command line to 'False'
[0.338s] Level 5:colcon.colcon_core.verb:set package 'franka_bringup' build argument 'cmake_force_configure' from command line to 'False'
[0.338s] Level 5:colcon.colcon_core.verb:set package 'franka_bringup' build argument 'ament_cmake_args' from command line to 'None'
[0.338s] Level 5:colcon.colcon_core.verb:set package 'franka_bringup' build argument 'catkin_cmake_args' from command line to 'None'
[0.338s] Level 5:colcon.colcon_core.verb:set package 'franka_bringup' build argument 'catkin_skip_building_tests' from command line to 'False'
[0.338s] DEBUG:colcon.colcon_core.verb:Building package 'franka_bringup' with the following arguments: {'ament_cmake_args': None, 'build_base': '/home/jiataoding/franco_ros2_franka_ws/src/build/franka_bringup', 'catkin_cmake_args': None, 'catkin_skip_building_tests': False, 'cmake_args': ['-DCMAKE_BUILD_TYPE=Release'], 'cmake_clean_cache': False, 'cmake_clean_first': False, 'cmake_force_configure': False, 'cmake_target': None, 'cmake_target_skip_unavailable': False, 'install_base': '/home/jiataoding/franco_ros2_franka_ws/src/install/franka_bringup', 'merge_install': False, 'path': '/home/jiataoding/franco_ros2_franka_ws/src/franka_ros2/franka_bringup', 'symlink_install': True, 'test_result_base': None}
[0.338s] Level 5:colcon.colcon_core.verb:set package 'franka_ros2' build argument 'cmake_args' from command line to '['-DCMAKE_BUILD_TYPE=Release']'
[0.338s] Level 5:colcon.colcon_core.verb:set package 'franka_ros2' build argument 'cmake_target' from command line to 'None'
[0.338s] Level 5:colcon.colcon_core.verb:set package 'franka_ros2' build argument 'cmake_target_skip_unavailable' from command line to 'False'
[0.338s] Level 5:colcon.colcon_core.verb:set package 'franka_ros2' build argument 'cmake_clean_cache' from command line to 'False'
[0.338s] Level 5:colcon.colcon_core.verb:set package 'franka_ros2' build argument 'cmake_clean_first' from command line to 'False'
[0.338s] Level 5:colcon.colcon_core.verb:set package 'franka_ros2' build argument 'cmake_force_configure' from command line to 'False'
[0.338s] Level 5:colcon.colcon_core.verb:set package 'franka_ros2' build argument 'ament_cmake_args' from command line to 'None'
[0.338s] Level 5:colcon.colcon_core.verb:set package 'franka_ros2' build argument 'catkin_cmake_args' from command line to 'None'
[0.338s] Level 5:colcon.colcon_core.verb:set package 'franka_ros2' build argument 'catkin_skip_building_tests' from command line to 'False'
[0.339s] DEBUG:colcon.colcon_core.verb:Building package 'franka_ros2' with the following arguments: {'ament_cmake_args': None, 'build_base': '/home/jiataoding/franco_ros2_franka_ws/src/build/franka_ros2', 'catkin_cmake_args': None, 'catkin_skip_building_tests': False, 'cmake_args': ['-DCMAKE_BUILD_TYPE=Release'], 'cmake_clean_cache': False, 'cmake_clean_first': False, 'cmake_force_configure': False, 'cmake_target': None, 'cmake_target_skip_unavailable': False, 'install_base': '/home/jiataoding/franco_ros2_franka_ws/src/install/franka_ros2', 'merge_install': False, 'path': '/home/jiataoding/franco_ros2_franka_ws/src/franka_ros2/franka_ros2', 'symlink_install': True, 'test_result_base': None}
[0.339s] Level 5:colcon.colcon_core.verb:set package 'idra_franka_launch' build argument 'cmake_args' from command line to '['-DCMAKE_BUILD_TYPE=Release']'
[0.339s] Level 5:colcon.colcon_core.verb:set package 'idra_franka_launch' build argument 'cmake_target' from command line to 'None'
[0.339s] Level 5:colcon.colcon_core.verb:set package 'idra_franka_launch' build argument 'cmake_target_skip_unavailable' from command line to 'False'
[0.339s] Level 5:colcon.colcon_core.verb:set package 'idra_franka_launch' build argument 'cmake_clean_cache' from command line to 'False'
[0.339s] Level 5:colcon.colcon_core.verb:set package 'idra_franka_launch' build argument 'cmake_clean_first' from command line to 'False'
[0.339s] Level 5:colcon.colcon_core.verb:set package 'idra_franka_launch' build argument 'cmake_force_configure' from command line to 'False'
[0.339s] Level 5:colcon.colcon_core.verb:set package 'idra_franka_launch' build argument 'ament_cmake_args' from command line to 'None'
[0.339s] Level 5:colcon.colcon_core.verb:set package 'idra_franka_launch' build argument 'catkin_cmake_args' from command line to 'None'
[0.339s] Level 5:colcon.colcon_core.verb:set package 'idra_franka_launch' build argument 'catkin_skip_building_tests' from command line to 'False'
[0.339s] DEBUG:colcon.colcon_core.verb:Building package 'idra_franka_launch' with the following arguments: {'ament_cmake_args': None, 'build_base': '/home/jiataoding/franco_ros2_franka_ws/src/build/idra_franka_launch', 'catkin_cmake_args': None, 'catkin_skip_building_tests': False, 'cmake_args': ['-DCMAKE_BUILD_TYPE=Release'], 'cmake_clean_cache': False, 'cmake_clean_first': False, 'cmake_force_configure': False, 'cmake_target': None, 'cmake_target_skip_unavailable': False, 'install_base': '/home/jiataoding/franco_ros2_franka_ws/src/install/idra_franka_launch', 'merge_install': False, 'path': '/home/jiataoding/franco_ros2_franka_ws/src/idra_franka_launch', 'symlink_install': True, 'test_result_base': None}
[0.339s] INFO:colcon.colcon_core.executor:Executing jobs using 'parallel' executor
[0.340s] DEBUG:colcon.colcon_parallel_executor.executor.parallel:run_until_complete
[0.340s] INFO:colcon.colcon_ros.task.ament_cmake.build:Building ROS package in '/home/jiataoding/franco_ros2_franka_ws/src/franka_ros2/franka_msgs' with build type 'ament_cmake'
[0.340s] INFO:colcon.colcon_cmake.task.cmake.build:Building CMake package in '/home/jiataoding/franco_ros2_franka_ws/src/franka_ros2/franka_msgs'
[0.343s] INFO:colcon.colcon_core.plugin_system:Skipping extension 'colcon_core.shell.bat': Not used on non-Windows systems
[0.343s] INFO:colcon.colcon_core.shell:Skip shell extension 'powershell' for command environment: Not usable outside of PowerShell
[0.343s] DEBUG:colcon.colcon_core.shell:Skip shell extension 'dsv' for command environment
[0.348s] INFO:colcon.colcon_ros.task.ament_cmake.build:Building ROS package in '/home/jiataoding/franco_ros2_franka_ws/src/franka_description' with build type 'ament_cmake'
[0.348s] INFO:colcon.colcon_cmake.task.cmake.build:Building CMake package in '/home/jiataoding/franco_ros2_franka_ws/src/franka_description'
[0.349s] INFO:colcon.colcon_core.shell:Skip shell extension 'powershell' for command environment: Not usable outside of PowerShell
[0.349s] DEBUG:colcon.colcon_core.shell:Skip shell extension 'dsv' for command environment
[0.354s] INFO:colcon.colcon_ros.task.ament_cmake.build:Building ROS package in '/home/jiataoding/franco_ros2_franka_ws/src/ros2_effort_controller/debug_msg' with build type 'ament_cmake'
[0.354s] INFO:colcon.colcon_cmake.task.cmake.build:Building CMake package in '/home/jiataoding/franco_ros2_franka_ws/src/ros2_effort_controller/debug_msg'
[0.354s] INFO:colcon.colcon_core.shell:Skip shell extension 'powershell' for command environment: Not usable outside of PowerShell
[0.354s] DEBUG:colcon.colcon_core.shell:Skip shell extension 'dsv' for command environment
[0.359s] INFO:colcon.colcon_ros.task.catkin.build:Building ROS package in '/home/jiataoding/franco_ros2_franka_ws/src/ros2_effort_controller/effort_controller_base' with build type 'catkin'
[0.360s] INFO:colcon.colcon_cmake.task.cmake.build:Building CMake package in '/home/jiataoding/franco_ros2_franka_ws/src/ros2_effort_controller/effort_controller_base'
[0.360s] INFO:colcon.colcon_core.shell:Skip shell extension 'powershell' for command environment: Not usable outside of PowerShell
[0.360s] DEBUG:colcon.colcon_core.shell:Skip shell extension 'dsv' for command environment
[0.367s] INFO:colcon.colcon_ros.task.ament_cmake.build:Building ROS package in '/home/jiataoding/franco_ros2_franka_ws/src/franka_ros2/franka_task_pipeline' with build type 'ament_cmake'
[0.367s] INFO:colcon.colcon_cmake.task.cmake.build:Building CMake package in '/home/jiataoding/franco_ros2_franka_ws/src/franka_ros2/franka_task_pipeline'
[0.368s] INFO:colcon.colcon_core.shell:Skip shell extension 'powershell' for command environment: Not usable outside of PowerShell
[0.368s] DEBUG:colcon.colcon_core.shell:Skip shell extension 'dsv' for command environment
[0.379s] INFO:colcon.colcon_ros.task.ament_cmake.build:Building ROS package in '/home/jiataoding/franco_ros2_franka_ws/src/franka_ros2/integration_launch_testing' with build type 'ament_cmake'
[0.379s] INFO:colcon.colcon_cmake.task.cmake.build:Building CMake package in '/home/jiataoding/franco_ros2_franka_ws/src/franka_ros2/integration_launch_testing'
[0.380s] INFO:colcon.colcon_core.shell:Skip shell extension 'powershell' for command environment: Not usable outside of PowerShell
[0.380s] DEBUG:colcon.colcon_core.shell:Skip shell extension 'dsv' for command environment
[0.392s] DEBUG:colcon.colcon_core.event_handler.log_command:Invoking command in '/home/jiataoding/franco_ros2_franka_ws/src/build/franka_msgs': CMAKE_PREFIX_PATH=/home/jiataoding/franco_ros2_franka_ws/src/install/joint_impedance_controller:/home/jiataoding/franco_ros2_franka_ws/src/install/integration_launch_testing:/home/jiataoding/franco_ros2_franka_ws/src/install/idra_franka_launch:/home/jiataoding/franco_ros2_franka_ws/src/install/gravity_compensation:/home/jiataoding/franco_ros2_franka_ws/src/install/franka_task_pipeline:/home/jiataoding/franco_ros2_franka_ws/src/install/franka_ros2:/home/jiataoding/franco_ros2_franka_ws/src/install/franka_bringup:/home/jiataoding/franco_ros2_franka_ws/src/install/franka_robot_state_broadcaster:/home/jiataoding/franco_ros2_franka_ws/src/install/franka_example_controllers:/home/jiataoding/franco_ros2_franka_ws/src/install/franka_semantic_components:/home/jiataoding/franco_ros2_franka_ws/src/install/franka_gazebo_bringup:/home/jiataoding/franco_ros2_franka_ws/src/install/franka_ign_ros2_control:/home/jiataoding/franco_ros2_franka_ws/src/install/franka_fr3_moveit_config:/home/jiataoding/franco_ros2_franka_ws/src/install/franka_hardware:/home/jiataoding/franco_ros2_franka_ws/src/install/franka_gripper:/home/jiataoding/franco_ros2_franka_ws/src/install/franka_msgs:/home/jiataoding/franco_ros2_franka_ws/src/install/franka_description:/home/jiataoding/franco_ros2_franka_ws/src/install/cartesian_impedance_controller:/opt/ros/humble:/home/jiataoding/franco_ros2_franka_ws/src/install/effort_controller_base:/home/jiataoding/franco_ros2_franka_ws/src/install/debug_msg:/home/jiataoding/ros2_franka_ws/install/joint_impedance_controller:/home/jiataoding/ros2_franka_ws/install/integration_launch_testing:/home/jiataoding/ros2_franka_ws/install/idra_franka_launch:/home/jiataoding/ros2_franka_ws/install/gravity_compensation:/home/jiataoding/ros2_franka_ws/install/franka_task_pipeline:/home/jiataoding/ros2_franka_ws/install/franka_ros2:/home/jiataoding/ros2_franka_ws/install/franka_bringup:/home/jiataoding/ros2_franka_ws/install/franka_robot_state_broadcaster:/home/jiataoding/ros2_franka_ws/install/franka_example_controllers:/home/jiataoding/ros2_franka_ws/install/franka_semantic_components:/home/jiataoding/ros2_franka_ws/install/franka_gazebo_bringup:/home/jiataoding/ros2_franka_ws/install/franka_ign_ros2_control:/home/jiataoding/ros2_franka_ws/install/franka_fr3_moveit_config:/home/jiataoding/ros2_franka_ws/install/franka_hardware:/home/jiataoding/ros2_franka_ws/install/franka_gripper:/home/jiataoding/ros2_franka_ws/install/franka_msgs:/home/jiataoding/ros2_franka_ws/install/franka_description:/home/jiataoding/ros2_franka_ws/install/cartesian_impedance_controller:/home/jiataoding/ros2_franka_ws/install/effort_controller_base:/home/jiataoding/ros2_franka_ws/install/debug_msg:/home/jiataoding/franco_ros2_franka_ws/install/joint_impedance_controller:/home/jiataoding/franco_ros2_franka_ws/install/integration_launch_testing:/home/jiataoding/franco_ros2_franka_ws/install/idra_franka_launch:/home/jiataoding/franco_ros2_franka_ws/install/gravity_compensation:/home/jiataoding/franco_ros2_franka_ws/install/franka_task_pipeline:/home/jiataoding/franco_ros2_franka_ws/install/franka_ros2:/home/jiataoding/franco_ros2_franka_ws/install/franka_bringup:/home/jiataoding/franco_ros2_franka_ws/install/franka_robot_state_broadcaster:/home/jiataoding/franco_ros2_franka_ws/install/franka_example_controllers:/home/jiataoding/franco_ros2_franka_ws/install/franka_semantic_components:/home/jiataoding/franco_ros2_franka_ws/install/franka_gazebo_bringup:/home/jiataoding/franco_ros2_franka_ws/install/franka_ign_ros2_control:/home/jiataoding/franco_ros2_franka_ws/install/franka_fr3_moveit_config:/home/jiataoding/franco_ros2_franka_ws/install/franka_hardware:/home/jiataoding/franco_ros2_franka_ws/install/franka_gripper:/home/jiataoding/franco_ros2_franka_ws/install/franka_msgs:/home/jiataoding/franco_ros2_franka_ws/install/franka_description:/home/jiataoding/franco_ros2_franka_ws/install/cartesian_impedance_controller:/home/jiataoding/franco_ros2_franka_ws/install/effort_controller_base:/home/jiataoding/franco_ros2_franka_ws/install/debug_msg:/opt/openrobots: /usr/bin/cmake --build /home/jiataoding/franco_ros2_franka_ws/src/build/franka_msgs -- -j24 -l24
[0.397s] DEBUG:colcon.colcon_core.event_handler.log_command:Invoking command in '/home/jiataoding/franco_ros2_franka_ws/src/build/franka_description': CMAKE_PREFIX_PATH=/home/jiataoding/franco_ros2_franka_ws/src/install/joint_impedance_controller:/home/jiataoding/franco_ros2_franka_ws/src/install/integration_launch_testing:/home/jiataoding/franco_ros2_franka_ws/src/install/idra_franka_launch:/home/jiataoding/franco_ros2_franka_ws/src/install/gravity_compensation:/home/jiataoding/franco_ros2_franka_ws/src/install/franka_task_pipeline:/home/jiataoding/franco_ros2_franka_ws/src/install/franka_ros2:/home/jiataoding/franco_ros2_franka_ws/src/install/franka_bringup:/home/jiataoding/franco_ros2_franka_ws/src/install/franka_robot_state_broadcaster:/home/jiataoding/franco_ros2_franka_ws/src/install/franka_example_controllers:/home/jiataoding/franco_ros2_franka_ws/src/install/franka_semantic_components:/home/jiataoding/franco_ros2_franka_ws/src/install/franka_gazebo_bringup:/home/jiataoding/franco_ros2_franka_ws/src/install/franka_ign_ros2_control:/home/jiataoding/franco_ros2_franka_ws/src/install/franka_fr3_moveit_config:/home/jiataoding/franco_ros2_franka_ws/src/install/franka_hardware:/home/jiataoding/franco_ros2_franka_ws/src/install/franka_gripper:/home/jiataoding/franco_ros2_franka_ws/src/install/franka_msgs:/home/jiataoding/franco_ros2_franka_ws/src/install/franka_description:/home/jiataoding/franco_ros2_franka_ws/src/install/cartesian_impedance_controller:/opt/ros/humble:/home/jiataoding/franco_ros2_franka_ws/src/install/effort_controller_base:/home/jiataoding/franco_ros2_franka_ws/src/install/debug_msg:/home/jiataoding/ros2_franka_ws/install/joint_impedance_controller:/home/jiataoding/ros2_franka_ws/install/integration_launch_testing:/home/jiataoding/ros2_franka_ws/install/idra_franka_launch:/home/jiataoding/ros2_franka_ws/install/gravity_compensation:/home/jiataoding/ros2_franka_ws/install/franka_task_pipeline:/home/jiataoding/ros2_franka_ws/install/franka_ros2:/home/jiataoding/ros2_franka_ws/install/franka_bringup:/home/jiataoding/ros2_franka_ws/install/franka_robot_state_broadcaster:/home/jiataoding/ros2_franka_ws/install/franka_example_controllers:/home/jiataoding/ros2_franka_ws/install/franka_semantic_components:/home/jiataoding/ros2_franka_ws/install/franka_gazebo_bringup:/home/jiataoding/ros2_franka_ws/install/franka_ign_ros2_control:/home/jiataoding/ros2_franka_ws/install/franka_fr3_moveit_config:/home/jiataoding/ros2_franka_ws/install/franka_hardware:/home/jiataoding/ros2_franka_ws/install/franka_gripper:/home/jiataoding/ros2_franka_ws/install/franka_msgs:/home/jiataoding/ros2_franka_ws/install/franka_description:/home/jiataoding/ros2_franka_ws/install/cartesian_impedance_controller:/home/jiataoding/ros2_franka_ws/install/effort_controller_base:/home/jiataoding/ros2_franka_ws/install/debug_msg:/home/jiataoding/franco_ros2_franka_ws/install/joint_impedance_controller:/home/jiataoding/franco_ros2_franka_ws/install/integration_launch_testing:/home/jiataoding/franco_ros2_franka_ws/install/idra_franka_launch:/home/jiataoding/franco_ros2_franka_ws/install/gravity_compensation:/home/jiataoding/franco_ros2_franka_ws/install/franka_task_pipeline:/home/jiataoding/franco_ros2_franka_ws/install/franka_ros2:/home/jiataoding/franco_ros2_franka_ws/install/franka_bringup:/home/jiataoding/franco_ros2_franka_ws/install/franka_robot_state_broadcaster:/home/jiataoding/franco_ros2_franka_ws/install/franka_example_controllers:/home/jiataoding/franco_ros2_franka_ws/install/franka_semantic_components:/home/jiataoding/franco_ros2_franka_ws/install/franka_gazebo_bringup:/home/jiataoding/franco_ros2_franka_ws/install/franka_ign_ros2_control:/home/jiataoding/franco_ros2_franka_ws/install/franka_fr3_moveit_config:/home/jiataoding/franco_ros2_franka_ws/install/franka_hardware:/home/jiataoding/franco_ros2_franka_ws/install/franka_gripper:/home/jiataoding/franco_ros2_franka_ws/install/franka_msgs:/home/jiataoding/franco_ros2_franka_ws/install/franka_description:/home/jiataoding/franco_ros2_franka_ws/install/cartesian_impedance_controller:/home/jiataoding/franco_ros2_franka_ws/install/effort_controller_base:/home/jiataoding/franco_ros2_franka_ws/install/debug_msg:/opt/openrobots: /usr/bin/cmake --build /home/jiataoding/franco_ros2_franka_ws/src/build/franka_description -- -j24 -l24
[0.400s] DEBUG:colcon.colcon_core.event_handler.log_command:Invoking command in '/home/jiataoding/franco_ros2_franka_ws/src/build/debug_msg': CMAKE_PREFIX_PATH=/home/jiataoding/franco_ros2_franka_ws/src/install/joint_impedance_controller:/home/jiataoding/franco_ros2_franka_ws/src/install/integration_launch_testing:/home/jiataoding/franco_ros2_franka_ws/src/install/idra_franka_launch:/home/jiataoding/franco_ros2_franka_ws/src/install/gravity_compensation:/home/jiataoding/franco_ros2_franka_ws/src/install/franka_task_pipeline:/home/jiataoding/franco_ros2_franka_ws/src/install/franka_ros2:/home/jiataoding/franco_ros2_franka_ws/src/install/franka_bringup:/home/jiataoding/franco_ros2_franka_ws/src/install/franka_robot_state_broadcaster:/home/jiataoding/franco_ros2_franka_ws/src/install/franka_example_controllers:/home/jiataoding/franco_ros2_franka_ws/src/install/franka_semantic_components:/home/jiataoding/franco_ros2_franka_ws/src/install/franka_gazebo_bringup:/home/jiataoding/franco_ros2_franka_ws/src/install/franka_ign_ros2_control:/home/jiataoding/franco_ros2_franka_ws/src/install/franka_fr3_moveit_config:/home/jiataoding/franco_ros2_franka_ws/src/install/franka_hardware:/home/jiataoding/franco_ros2_franka_ws/src/install/franka_gripper:/home/jiataoding/franco_ros2_franka_ws/src/install/franka_msgs:/home/jiataoding/franco_ros2_franka_ws/src/install/franka_description:/home/jiataoding/franco_ros2_franka_ws/src/install/cartesian_impedance_controller:/opt/ros/humble:/home/jiataoding/franco_ros2_franka_ws/src/install/effort_controller_base:/home/jiataoding/franco_ros2_franka_ws/src/install/debug_msg:/home/jiataoding/ros2_franka_ws/install/joint_impedance_controller:/home/jiataoding/ros2_franka_ws/install/integration_launch_testing:/home/jiataoding/ros2_franka_ws/install/idra_franka_launch:/home/jiataoding/ros2_franka_ws/install/gravity_compensation:/home/jiataoding/ros2_franka_ws/install/franka_task_pipeline:/home/jiataoding/ros2_franka_ws/install/franka_ros2:/home/jiataoding/ros2_franka_ws/install/franka_bringup:/home/jiataoding/ros2_franka_ws/install/franka_robot_state_broadcaster:/home/jiataoding/ros2_franka_ws/install/franka_example_controllers:/home/jiataoding/ros2_franka_ws/install/franka_semantic_components:/home/jiataoding/ros2_franka_ws/install/franka_gazebo_bringup:/home/jiataoding/ros2_franka_ws/install/franka_ign_ros2_control:/home/jiataoding/ros2_franka_ws/install/franka_fr3_moveit_config:/home/jiataoding/ros2_franka_ws/install/franka_hardware:/home/jiataoding/ros2_franka_ws/install/franka_gripper:/home/jiataoding/ros2_franka_ws/install/franka_msgs:/home/jiataoding/ros2_franka_ws/install/franka_description:/home/jiataoding/ros2_franka_ws/install/cartesian_impedance_controller:/home/jiataoding/ros2_franka_ws/install/effort_controller_base:/home/jiataoding/ros2_franka_ws/install/debug_msg:/home/jiataoding/franco_ros2_franka_ws/install/joint_impedance_controller:/home/jiataoding/franco_ros2_franka_ws/install/integration_launch_testing:/home/jiataoding/franco_ros2_franka_ws/install/idra_franka_launch:/home/jiataoding/franco_ros2_franka_ws/install/gravity_compensation:/home/jiataoding/franco_ros2_franka_ws/install/franka_task_pipeline:/home/jiataoding/franco_ros2_franka_ws/install/franka_ros2:/home/jiataoding/franco_ros2_franka_ws/install/franka_bringup:/home/jiataoding/franco_ros2_franka_ws/install/franka_robot_state_broadcaster:/home/jiataoding/franco_ros2_franka_ws/install/franka_example_controllers:/home/jiataoding/franco_ros2_franka_ws/install/franka_semantic_components:/home/jiataoding/franco_ros2_franka_ws/install/franka_gazebo_bringup:/home/jiataoding/franco_ros2_franka_ws/install/franka_ign_ros2_control:/home/jiataoding/franco_ros2_franka_ws/install/franka_fr3_moveit_config:/home/jiataoding/franco_ros2_franka_ws/install/franka_hardware:/home/jiataoding/franco_ros2_franka_ws/install/franka_gripper:/home/jiataoding/franco_ros2_franka_ws/install/franka_msgs:/home/jiataoding/franco_ros2_franka_ws/install/franka_description:/home/jiataoding/franco_ros2_franka_ws/install/cartesian_impedance_controller:/home/jiataoding/franco_ros2_franka_ws/install/effort_controller_base:/home/jiataoding/franco_ros2_franka_ws/install/debug_msg:/opt/openrobots: /usr/bin/cmake --build /home/jiataoding/franco_ros2_franka_ws/src/build/debug_msg -- -j24 -l24
[0.403s] DEBUG:colcon.colcon_core.event_handler.log_command:Invoking command in '/home/jiataoding/franco_ros2_franka_ws/src/build/effort_controller_base': /usr/bin/cmake --build /home/jiataoding/franco_ros2_franka_ws/src/build/effort_controller_base -- -j24 -l24
[0.407s] DEBUG:colcon.colcon_core.event_handler.log_command:Invoking command in '/home/jiataoding/franco_ros2_franka_ws/src/build/franka_task_pipeline': CMAKE_PREFIX_PATH=/home/jiataoding/franco_ros2_franka_ws/src/install/joint_impedance_controller:/home/jiataoding/franco_ros2_franka_ws/src/install/integration_launch_testing:/home/jiataoding/franco_ros2_franka_ws/src/install/idra_franka_launch:/home/jiataoding/franco_ros2_franka_ws/src/install/gravity_compensation:/home/jiataoding/franco_ros2_franka_ws/src/install/franka_task_pipeline:/home/jiataoding/franco_ros2_franka_ws/src/install/franka_ros2:/home/jiataoding/franco_ros2_franka_ws/src/install/franka_bringup:/home/jiataoding/franco_ros2_franka_ws/src/install/franka_robot_state_broadcaster:/home/jiataoding/franco_ros2_franka_ws/src/install/franka_example_controllers:/home/jiataoding/franco_ros2_franka_ws/src/install/franka_semantic_components:/home/jiataoding/franco_ros2_franka_ws/src/install/franka_gazebo_bringup:/home/jiataoding/franco_ros2_franka_ws/src/install/franka_ign_ros2_control:/home/jiataoding/franco_ros2_franka_ws/src/install/franka_fr3_moveit_config:/home/jiataoding/franco_ros2_franka_ws/src/install/franka_hardware:/home/jiataoding/franco_ros2_franka_ws/src/install/franka_gripper:/home/jiataoding/franco_ros2_franka_ws/src/install/franka_msgs:/home/jiataoding/franco_ros2_franka_ws/src/install/franka_description:/home/jiataoding/franco_ros2_franka_ws/src/install/cartesian_impedance_controller:/opt/ros/humble:/home/jiataoding/franco_ros2_franka_ws/src/install/effort_controller_base:/home/jiataoding/franco_ros2_franka_ws/src/install/debug_msg:/home/jiataoding/ros2_franka_ws/install/joint_impedance_controller:/home/jiataoding/ros2_franka_ws/install/integration_launch_testing:/home/jiataoding/ros2_franka_ws/install/idra_franka_launch:/home/jiataoding/ros2_franka_ws/install/gravity_compensation:/home/jiataoding/ros2_franka_ws/install/franka_task_pipeline:/home/jiataoding/ros2_franka_ws/install/franka_ros2:/home/jiataoding/ros2_franka_ws/install/franka_bringup:/home/jiataoding/ros2_franka_ws/install/franka_robot_state_broadcaster:/home/jiataoding/ros2_franka_ws/install/franka_example_controllers:/home/jiataoding/ros2_franka_ws/install/franka_semantic_components:/home/jiataoding/ros2_franka_ws/install/franka_gazebo_bringup:/home/jiataoding/ros2_franka_ws/install/franka_ign_ros2_control:/home/jiataoding/ros2_franka_ws/install/franka_fr3_moveit_config:/home/jiataoding/ros2_franka_ws/install/franka_hardware:/home/jiataoding/ros2_franka_ws/install/franka_gripper:/home/jiataoding/ros2_franka_ws/install/franka_msgs:/home/jiataoding/ros2_franka_ws/install/franka_description:/home/jiataoding/ros2_franka_ws/install/cartesian_impedance_controller:/home/jiataoding/ros2_franka_ws/install/effort_controller_base:/home/jiataoding/ros2_franka_ws/install/debug_msg:/home/jiataoding/franco_ros2_franka_ws/install/joint_impedance_controller:/home/jiataoding/franco_ros2_franka_ws/install/integration_launch_testing:/home/jiataoding/franco_ros2_franka_ws/install/idra_franka_launch:/home/jiataoding/franco_ros2_franka_ws/install/gravity_compensation:/home/jiataoding/franco_ros2_franka_ws/install/franka_task_pipeline:/home/jiataoding/franco_ros2_franka_ws/install/franka_ros2:/home/jiataoding/franco_ros2_franka_ws/install/franka_bringup:/home/jiataoding/franco_ros2_franka_ws/install/franka_robot_state_broadcaster:/home/jiataoding/franco_ros2_franka_ws/install/franka_example_controllers:/home/jiataoding/franco_ros2_franka_ws/install/franka_semantic_components:/home/jiataoding/franco_ros2_franka_ws/install/franka_gazebo_bringup:/home/jiataoding/franco_ros2_franka_ws/install/franka_ign_ros2_control:/home/jiataoding/franco_ros2_franka_ws/install/franka_fr3_moveit_config:/home/jiataoding/franco_ros2_franka_ws/install/franka_hardware:/home/jiataoding/franco_ros2_franka_ws/install/franka_gripper:/home/jiataoding/franco_ros2_franka_ws/install/franka_msgs:/home/jiataoding/franco_ros2_franka_ws/install/franka_description:/home/jiataoding/franco_ros2_franka_ws/install/cartesian_impedance_controller:/home/jiataoding/franco_ros2_franka_ws/install/effort_controller_base:/home/jiataoding/franco_ros2_franka_ws/install/debug_msg:/opt/openrobots: /usr/bin/cmake --build /home/jiataoding/franco_ros2_franka_ws/src/build/franka_task_pipeline -- -j24 -l24
[0.411s] DEBUG:colcon.colcon_core.event_handler.log_command:Invoking command in '/home/jiataoding/franco_ros2_franka_ws/src/build/integration_launch_testing': CMAKE_PREFIX_PATH=/home/jiataoding/franco_ros2_franka_ws/src/install/joint_impedance_controller:/home/jiataoding/franco_ros2_franka_ws/src/install/integration_launch_testing:/home/jiataoding/franco_ros2_franka_ws/src/install/idra_franka_launch:/home/jiataoding/franco_ros2_franka_ws/src/install/gravity_compensation:/home/jiataoding/franco_ros2_franka_ws/src/install/franka_task_pipeline:/home/jiataoding/franco_ros2_franka_ws/src/install/franka_ros2:/home/jiataoding/franco_ros2_franka_ws/src/install/franka_bringup:/home/jiataoding/franco_ros2_franka_ws/src/install/franka_robot_state_broadcaster:/home/jiataoding/franco_ros2_franka_ws/src/install/franka_example_controllers:/home/jiataoding/franco_ros2_franka_ws/src/install/franka_semantic_components:/home/jiataoding/franco_ros2_franka_ws/src/install/franka_gazebo_bringup:/home/jiataoding/franco_ros2_franka_ws/src/install/franka_ign_ros2_control:/home/jiataoding/franco_ros2_franka_ws/src/install/franka_fr3_moveit_config:/home/jiataoding/franco_ros2_franka_ws/src/install/franka_hardware:/home/jiataoding/franco_ros2_franka_ws/src/install/franka_gripper:/home/jiataoding/franco_ros2_franka_ws/src/install/franka_msgs:/home/jiataoding/franco_ros2_franka_ws/src/install/franka_description:/home/jiataoding/franco_ros2_franka_ws/src/install/cartesian_impedance_controller:/opt/ros/humble:/home/jiataoding/franco_ros2_franka_ws/src/install/effort_controller_base:/home/jiataoding/franco_ros2_franka_ws/src/install/debug_msg:/home/jiataoding/ros2_franka_ws/install/joint_impedance_controller:/home/jiataoding/ros2_franka_ws/install/integration_launch_testing:/home/jiataoding/ros2_franka_ws/install/idra_franka_launch:/home/jiataoding/ros2_franka_ws/install/gravity_compensation:/home/jiataoding/ros2_franka_ws/install/franka_task_pipeline:/home/jiataoding/ros2_franka_ws/install/franka_ros2:/home/jiataoding/ros2_franka_ws/install/franka_bringup:/home/jiataoding/ros2_franka_ws/install/franka_robot_state_broadcaster:/home/jiataoding/ros2_franka_ws/install/franka_example_controllers:/home/jiataoding/ros2_franka_ws/install/franka_semantic_components:/home/jiataoding/ros2_franka_ws/install/franka_gazebo_bringup:/home/jiataoding/ros2_franka_ws/install/franka_ign_ros2_control:/home/jiataoding/ros2_franka_ws/install/franka_fr3_moveit_config:/home/jiataoding/ros2_franka_ws/install/franka_hardware:/home/jiataoding/ros2_franka_ws/install/franka_gripper:/home/jiataoding/ros2_franka_ws/install/franka_msgs:/home/jiataoding/ros2_franka_ws/install/franka_description:/home/jiataoding/ros2_franka_ws/install/cartesian_impedance_controller:/home/jiataoding/ros2_franka_ws/install/effort_controller_base:/home/jiataoding/ros2_franka_ws/install/debug_msg:/home/jiataoding/franco_ros2_franka_ws/install/joint_impedance_controller:/home/jiataoding/franco_ros2_franka_ws/install/integration_launch_testing:/home/jiataoding/franco_ros2_franka_ws/install/idra_franka_launch:/home/jiataoding/franco_ros2_franka_ws/install/gravity_compensation:/home/jiataoding/franco_ros2_franka_ws/install/franka_task_pipeline:/home/jiataoding/franco_ros2_franka_ws/install/franka_ros2:/home/jiataoding/franco_ros2_franka_ws/install/franka_bringup:/home/jiataoding/franco_ros2_franka_ws/install/franka_robot_state_broadcaster:/home/jiataoding/franco_ros2_franka_ws/install/franka_example_controllers:/home/jiataoding/franco_ros2_franka_ws/install/franka_semantic_components:/home/jiataoding/franco_ros2_franka_ws/install/franka_gazebo_bringup:/home/jiataoding/franco_ros2_franka_ws/install/franka_ign_ros2_control:/home/jiataoding/franco_ros2_franka_ws/install/franka_fr3_moveit_config:/home/jiataoding/franco_ros2_franka_ws/install/franka_hardware:/home/jiataoding/franco_ros2_franka_ws/install/franka_gripper:/home/jiataoding/franco_ros2_franka_ws/install/franka_msgs:/home/jiataoding/franco_ros2_franka_ws/install/franka_description:/home/jiataoding/franco_ros2_franka_ws/install/cartesian_impedance_controller:/home/jiataoding/franco_ros2_franka_ws/install/effort_controller_base:/home/jiataoding/franco_ros2_franka_ws/install/debug_msg:/opt/openrobots: /usr/bin/cmake --build /home/jiataoding/franco_ros2_franka_ws/src/build/integration_launch_testing -- -j24 -l24
[0.469s] DEBUG:colcon.colcon_core.event_handler.log_command:Invoked command in '/home/jiataoding/franco_ros2_franka_ws/src/build/franka_description' returned '0': CMAKE_PREFIX_PATH=/home/jiataoding/franco_ros2_franka_ws/src/install/joint_impedance_controller:/home/jiataoding/franco_ros2_franka_ws/src/install/integration_launch_testing:/home/jiataoding/franco_ros2_franka_ws/src/install/idra_franka_launch:/home/jiataoding/franco_ros2_franka_ws/src/install/gravity_compensation:/home/jiataoding/franco_ros2_franka_ws/src/install/franka_task_pipeline:/home/jiataoding/franco_ros2_franka_ws/src/install/franka_ros2:/home/jiataoding/franco_ros2_franka_ws/src/install/franka_bringup:/home/jiataoding/franco_ros2_franka_ws/src/install/franka_robot_state_broadcaster:/home/jiataoding/franco_ros2_franka_ws/src/install/franka_example_controllers:/home/jiataoding/franco_ros2_franka_ws/src/install/franka_semantic_components:/home/jiataoding/franco_ros2_franka_ws/src/install/franka_gazebo_bringup:/home/jiataoding/franco_ros2_franka_ws/src/install/franka_ign_ros2_control:/home/jiataoding/franco_ros2_franka_ws/src/install/franka_fr3_moveit_config:/home/jiataoding/franco_ros2_franka_ws/src/install/franka_hardware:/home/jiataoding/franco_ros2_franka_ws/src/install/franka_gripper:/home/jiataoding/franco_ros2_franka_ws/src/install/franka_msgs:/home/jiataoding/franco_ros2_franka_ws/src/install/franka_description:/home/jiataoding/franco_ros2_franka_ws/src/install/cartesian_impedance_controller:/opt/ros/humble:/home/jiataoding/franco_ros2_franka_ws/src/install/effort_controller_base:/home/jiataoding/franco_ros2_franka_ws/src/install/debug_msg:/home/jiataoding/ros2_franka_ws/install/joint_impedance_controller:/home/jiataoding/ros2_franka_ws/install/integration_launch_testing:/home/jiataoding/ros2_franka_ws/install/idra_franka_launch:/home/jiataoding/ros2_franka_ws/install/gravity_compensation:/home/jiataoding/ros2_franka_ws/install/franka_task_pipeline:/home/jiataoding/ros2_franka_ws/install/franka_ros2:/home/jiataoding/ros2_franka_ws/install/franka_bringup:/home/jiataoding/ros2_franka_ws/install/franka_robot_state_broadcaster:/home/jiataoding/ros2_franka_ws/install/franka_example_controllers:/home/jiataoding/ros2_franka_ws/install/franka_semantic_components:/home/jiataoding/ros2_franka_ws/install/franka_gazebo_bringup:/home/jiataoding/ros2_franka_ws/install/franka_ign_ros2_control:/home/jiataoding/ros2_franka_ws/install/franka_fr3_moveit_config:/home/jiataoding/ros2_franka_ws/install/franka_hardware:/home/jiataoding/ros2_franka_ws/install/franka_gripper:/home/jiataoding/ros2_franka_ws/install/franka_msgs:/home/jiataoding/ros2_franka_ws/install/franka_description:/home/jiataoding/ros2_franka_ws/install/cartesian_impedance_controller:/home/jiataoding/ros2_franka_ws/install/effort_controller_base:/home/jiataoding/ros2_franka_ws/install/debug_msg:/home/jiataoding/franco_ros2_franka_ws/install/joint_impedance_controller:/home/jiataoding/franco_ros2_franka_ws/install/integration_launch_testing:/home/jiataoding/franco_ros2_franka_ws/install/idra_franka_launch:/home/jiataoding/franco_ros2_franka_ws/install/gravity_compensation:/home/jiataoding/franco_ros2_franka_ws/install/franka_task_pipeline:/home/jiataoding/franco_ros2_franka_ws/install/franka_ros2:/home/jiataoding/franco_ros2_franka_ws/install/franka_bringup:/home/jiataoding/franco_ros2_franka_ws/install/franka_robot_state_broadcaster:/home/jiataoding/franco_ros2_franka_ws/install/franka_example_controllers:/home/jiataoding/franco_ros2_franka_ws/install/franka_semantic_components:/home/jiataoding/franco_ros2_franka_ws/install/franka_gazebo_bringup:/home/jiataoding/franco_ros2_franka_ws/install/franka_ign_ros2_control:/home/jiataoding/franco_ros2_franka_ws/install/franka_fr3_moveit_config:/home/jiataoding/franco_ros2_franka_ws/install/franka_hardware:/home/jiataoding/franco_ros2_franka_ws/install/franka_gripper:/home/jiataoding/franco_ros2_franka_ws/install/franka_msgs:/home/jiataoding/franco_ros2_franka_ws/install/franka_description:/home/jiataoding/franco_ros2_franka_ws/install/cartesian_impedance_controller:/home/jiataoding/franco_ros2_franka_ws/install/effort_controller_base:/home/jiataoding/franco_ros2_franka_ws/install/debug_msg:/opt/openrobots: /usr/bin/cmake --build /home/jiataoding/franco_ros2_franka_ws/src/build/franka_description -- -j24 -l24
[0.486s] DEBUG:colcon.colcon_core.event_handler.log_command:Invoking command in '/home/jiataoding/franco_ros2_franka_ws/src/build/franka_description': CMAKE_PREFIX_PATH=/home/jiataoding/franco_ros2_franka_ws/src/install/joint_impedance_controller:/home/jiataoding/franco_ros2_franka_ws/src/install/integration_launch_testing:/home/jiataoding/franco_ros2_franka_ws/src/install/idra_franka_launch:/home/jiataoding/franco_ros2_franka_ws/src/install/gravity_compensation:/home/jiataoding/franco_ros2_franka_ws/src/install/franka_task_pipeline:/home/jiataoding/franco_ros2_franka_ws/src/install/franka_ros2:/home/jiataoding/franco_ros2_franka_ws/src/install/franka_bringup:/home/jiataoding/franco_ros2_franka_ws/src/install/franka_robot_state_broadcaster:/home/jiataoding/franco_ros2_franka_ws/src/install/franka_example_controllers:/home/jiataoding/franco_ros2_franka_ws/src/install/franka_semantic_components:/home/jiataoding/franco_ros2_franka_ws/src/install/franka_gazebo_bringup:/home/jiataoding/franco_ros2_franka_ws/src/install/franka_ign_ros2_control:/home/jiataoding/franco_ros2_franka_ws/src/install/franka_fr3_moveit_config:/home/jiataoding/franco_ros2_franka_ws/src/install/franka_hardware:/home/jiataoding/franco_ros2_franka_ws/src/install/franka_gripper:/home/jiataoding/franco_ros2_franka_ws/src/install/franka_msgs:/home/jiataoding/franco_ros2_franka_ws/src/install/franka_description:/home/jiataoding/franco_ros2_franka_ws/src/install/cartesian_impedance_controller:/opt/ros/humble:/home/jiataoding/franco_ros2_franka_ws/src/install/effort_controller_base:/home/jiataoding/franco_ros2_franka_ws/src/install/debug_msg:/home/jiataoding/ros2_franka_ws/install/joint_impedance_controller:/home/jiataoding/ros2_franka_ws/install/integration_launch_testing:/home/jiataoding/ros2_franka_ws/install/idra_franka_launch:/home/jiataoding/ros2_franka_ws/install/gravity_compensation:/home/jiataoding/ros2_franka_ws/install/franka_task_pipeline:/home/jiataoding/ros2_franka_ws/install/franka_ros2:/home/jiataoding/ros2_franka_ws/install/franka_bringup:/home/jiataoding/ros2_franka_ws/install/franka_robot_state_broadcaster:/home/jiataoding/ros2_franka_ws/install/franka_example_controllers:/home/jiataoding/ros2_franka_ws/install/franka_semantic_components:/home/jiataoding/ros2_franka_ws/install/franka_gazebo_bringup:/home/jiataoding/ros2_franka_ws/install/franka_ign_ros2_control:/home/jiataoding/ros2_franka_ws/install/franka_fr3_moveit_config:/home/jiataoding/ros2_franka_ws/install/franka_hardware:/home/jiataoding/ros2_franka_ws/install/franka_gripper:/home/jiataoding/ros2_franka_ws/install/franka_msgs:/home/jiataoding/ros2_franka_ws/install/franka_description:/home/jiataoding/ros2_franka_ws/install/cartesian_impedance_controller:/home/jiataoding/ros2_franka_ws/install/effort_controller_base:/home/jiataoding/ros2_franka_ws/install/debug_msg:/home/jiataoding/franco_ros2_franka_ws/install/joint_impedance_controller:/home/jiataoding/franco_ros2_franka_ws/install/integration_launch_testing:/home/jiataoding/franco_ros2_franka_ws/install/idra_franka_launch:/home/jiataoding/franco_ros2_franka_ws/install/gravity_compensation:/home/jiataoding/franco_ros2_franka_ws/install/franka_task_pipeline:/home/jiataoding/franco_ros2_franka_ws/install/franka_ros2:/home/jiataoding/franco_ros2_franka_ws/install/franka_bringup:/home/jiataoding/franco_ros2_franka_ws/install/franka_robot_state_broadcaster:/home/jiataoding/franco_ros2_franka_ws/install/franka_example_controllers:/home/jiataoding/franco_ros2_franka_ws/install/franka_semantic_components:/home/jiataoding/franco_ros2_franka_ws/install/franka_gazebo_bringup:/home/jiataoding/franco_ros2_franka_ws/install/franka_ign_ros2_control:/home/jiataoding/franco_ros2_franka_ws/install/franka_fr3_moveit_config:/home/jiataoding/franco_ros2_franka_ws/install/franka_hardware:/home/jiataoding/franco_ros2_franka_ws/install/franka_gripper:/home/jiataoding/franco_ros2_franka_ws/install/franka_msgs:/home/jiataoding/franco_ros2_franka_ws/install/franka_description:/home/jiataoding/franco_ros2_franka_ws/install/cartesian_impedance_controller:/home/jiataoding/franco_ros2_franka_ws/install/effort_controller_base:/home/jiataoding/franco_ros2_franka_ws/install/debug_msg:/opt/openrobots: /usr/bin/cmake --install /home/jiataoding/franco_ros2_franka_ws/src/build/franka_description
[0.487s] DEBUG:colcon.colcon_core.event_handler.log_command:Invoked command in '/home/jiataoding/franco_ros2_franka_ws/src/build/integration_launch_testing' returned '0': CMAKE_PREFIX_PATH=/home/jiataoding/franco_ros2_franka_ws/src/install/joint_impedance_controller:/home/jiataoding/franco_ros2_franka_ws/src/install/integration_launch_testing:/home/jiataoding/franco_ros2_franka_ws/src/install/idra_franka_launch:/home/jiataoding/franco_ros2_franka_ws/src/install/gravity_compensation:/home/jiataoding/franco_ros2_franka_ws/src/install/franka_task_pipeline:/home/jiataoding/franco_ros2_franka_ws/src/install/franka_ros2:/home/jiataoding/franco_ros2_franka_ws/src/install/franka_bringup:/home/jiataoding/franco_ros2_franka_ws/src/install/franka_robot_state_broadcaster:/home/jiataoding/franco_ros2_franka_ws/src/install/franka_example_controllers:/home/jiataoding/franco_ros2_franka_ws/src/install/franka_semantic_components:/home/jiataoding/franco_ros2_franka_ws/src/install/franka_gazebo_bringup:/home/jiataoding/franco_ros2_franka_ws/src/install/franka_ign_ros2_control:/home/jiataoding/franco_ros2_franka_ws/src/install/franka_fr3_moveit_config:/home/jiataoding/franco_ros2_franka_ws/src/install/franka_hardware:/home/jiataoding/franco_ros2_franka_ws/src/install/franka_gripper:/home/jiataoding/franco_ros2_franka_ws/src/install/franka_msgs:/home/jiataoding/franco_ros2_franka_ws/src/install/franka_description:/home/jiataoding/franco_ros2_franka_ws/src/install/cartesian_impedance_controller:/opt/ros/humble:/home/jiataoding/franco_ros2_franka_ws/src/install/effort_controller_base:/home/jiataoding/franco_ros2_franka_ws/src/install/debug_msg:/home/jiataoding/ros2_franka_ws/install/joint_impedance_controller:/home/jiataoding/ros2_franka_ws/install/integration_launch_testing:/home/jiataoding/ros2_franka_ws/install/idra_franka_launch:/home/jiataoding/ros2_franka_ws/install/gravity_compensation:/home/jiataoding/ros2_franka_ws/install/franka_task_pipeline:/home/jiataoding/ros2_franka_ws/install/franka_ros2:/home/jiataoding/ros2_franka_ws/install/franka_bringup:/home/jiataoding/ros2_franka_ws/install/franka_robot_state_broadcaster:/home/jiataoding/ros2_franka_ws/install/franka_example_controllers:/home/jiataoding/ros2_franka_ws/install/franka_semantic_components:/home/jiataoding/ros2_franka_ws/install/franka_gazebo_bringup:/home/jiataoding/ros2_franka_ws/install/franka_ign_ros2_control:/home/jiataoding/ros2_franka_ws/install/franka_fr3_moveit_config:/home/jiataoding/ros2_franka_ws/install/franka_hardware:/home/jiataoding/ros2_franka_ws/install/franka_gripper:/home/jiataoding/ros2_franka_ws/install/franka_msgs:/home/jiataoding/ros2_franka_ws/install/franka_description:/home/jiataoding/ros2_franka_ws/install/cartesian_impedance_controller:/home/jiataoding/ros2_franka_ws/install/effort_controller_base:/home/jiataoding/ros2_franka_ws/install/debug_msg:/home/jiataoding/franco_ros2_franka_ws/install/joint_impedance_controller:/home/jiataoding/franco_ros2_franka_ws/install/integration_launch_testing:/home/jiataoding/franco_ros2_franka_ws/install/idra_franka_launch:/home/jiataoding/franco_ros2_franka_ws/install/gravity_compensation:/home/jiataoding/franco_ros2_franka_ws/install/franka_task_pipeline:/home/jiataoding/franco_ros2_franka_ws/install/franka_ros2:/home/jiataoding/franco_ros2_franka_ws/install/franka_bringup:/home/jiataoding/franco_ros2_franka_ws/install/franka_robot_state_broadcaster:/home/jiataoding/franco_ros2_franka_ws/install/franka_example_controllers:/home/jiataoding/franco_ros2_franka_ws/install/franka_semantic_components:/home/jiataoding/franco_ros2_franka_ws/install/franka_gazebo_bringup:/home/jiataoding/franco_ros2_franka_ws/install/franka_ign_ros2_control:/home/jiataoding/franco_ros2_franka_ws/install/franka_fr3_moveit_config:/home/jiataoding/franco_ros2_franka_ws/install/franka_hardware:/home/jiataoding/franco_ros2_franka_ws/install/franka_gripper:/home/jiataoding/franco_ros2_franka_ws/install/franka_msgs:/home/jiataoding/franco_ros2_franka_ws/install/franka_description:/home/jiataoding/franco_ros2_franka_ws/install/cartesian_impedance_controller:/home/jiataoding/franco_ros2_franka_ws/install/effort_controller_base:/home/jiataoding/franco_ros2_franka_ws/install/debug_msg:/opt/openrobots: /usr/bin/cmake --build /home/jiataoding/franco_ros2_franka_ws/src/build/integration_launch_testing -- -j24 -l24
[0.489s] DEBUG:colcon.colcon_core.event_handler.log_command:Invoking command in '/home/jiataoding/franco_ros2_franka_ws/src/build/integration_launch_testing': CMAKE_PREFIX_PATH=/home/jiataoding/franco_ros2_franka_ws/src/install/joint_impedance_controller:/home/jiataoding/franco_ros2_franka_ws/src/install/integration_launch_testing:/home/jiataoding/franco_ros2_franka_ws/src/install/idra_franka_launch:/home/jiataoding/franco_ros2_franka_ws/src/install/gravity_compensation:/home/jiataoding/franco_ros2_franka_ws/src/install/franka_task_pipeline:/home/jiataoding/franco_ros2_franka_ws/src/install/franka_ros2:/home/jiataoding/franco_ros2_franka_ws/src/install/franka_bringup:/home/jiataoding/franco_ros2_franka_ws/src/install/franka_robot_state_broadcaster:/home/jiataoding/franco_ros2_franka_ws/src/install/franka_example_controllers:/home/jiataoding/franco_ros2_franka_ws/src/install/franka_semantic_components:/home/jiataoding/franco_ros2_franka_ws/src/install/franka_gazebo_bringup:/home/jiataoding/franco_ros2_franka_ws/src/install/franka_ign_ros2_control:/home/jiataoding/franco_ros2_franka_ws/src/install/franka_fr3_moveit_config:/home/jiataoding/franco_ros2_franka_ws/src/install/franka_hardware:/home/jiataoding/franco_ros2_franka_ws/src/install/franka_gripper:/home/jiataoding/franco_ros2_franka_ws/src/install/franka_msgs:/home/jiataoding/franco_ros2_franka_ws/src/install/franka_description:/home/jiataoding/franco_ros2_franka_ws/src/install/cartesian_impedance_controller:/opt/ros/humble:/home/jiataoding/franco_ros2_franka_ws/src/install/effort_controller_base:/home/jiataoding/franco_ros2_franka_ws/src/install/debug_msg:/home/jiataoding/ros2_franka_ws/install/joint_impedance_controller:/home/jiataoding/ros2_franka_ws/install/integration_launch_testing:/home/jiataoding/ros2_franka_ws/install/idra_franka_launch:/home/jiataoding/ros2_franka_ws/install/gravity_compensation:/home/jiataoding/ros2_franka_ws/install/franka_task_pipeline:/home/jiataoding/ros2_franka_ws/install/franka_ros2:/home/jiataoding/ros2_franka_ws/install/franka_bringup:/home/jiataoding/ros2_franka_ws/install/franka_robot_state_broadcaster:/home/jiataoding/ros2_franka_ws/install/franka_example_controllers:/home/jiataoding/ros2_franka_ws/install/franka_semantic_components:/home/jiataoding/ros2_franka_ws/install/franka_gazebo_bringup:/home/jiataoding/ros2_franka_ws/install/franka_ign_ros2_control:/home/jiataoding/ros2_franka_ws/install/franka_fr3_moveit_config:/home/jiataoding/ros2_franka_ws/install/franka_hardware:/home/jiataoding/ros2_franka_ws/install/franka_gripper:/home/jiataoding/ros2_franka_ws/install/franka_msgs:/home/jiataoding/ros2_franka_ws/install/franka_description:/home/jiataoding/ros2_franka_ws/install/cartesian_impedance_controller:/home/jiataoding/ros2_franka_ws/install/effort_controller_base:/home/jiataoding/ros2_franka_ws/install/debug_msg:/home/jiataoding/franco_ros2_franka_ws/install/joint_impedance_controller:/home/jiataoding/franco_ros2_franka_ws/install/integration_launch_testing:/home/jiataoding/franco_ros2_franka_ws/install/idra_franka_launch:/home/jiataoding/franco_ros2_franka_ws/install/gravity_compensation:/home/jiataoding/franco_ros2_franka_ws/install/franka_task_pipeline:/home/jiataoding/franco_ros2_franka_ws/install/franka_ros2:/home/jiataoding/franco_ros2_franka_ws/install/franka_bringup:/home/jiataoding/franco_ros2_franka_ws/install/franka_robot_state_broadcaster:/home/jiataoding/franco_ros2_franka_ws/install/franka_example_controllers:/home/jiataoding/franco_ros2_franka_ws/install/franka_semantic_components:/home/jiataoding/franco_ros2_franka_ws/install/franka_gazebo_bringup:/home/jiataoding/franco_ros2_franka_ws/install/franka_ign_ros2_control:/home/jiataoding/franco_ros2_franka_ws/install/franka_fr3_moveit_config:/home/jiataoding/franco_ros2_franka_ws/install/franka_hardware:/home/jiataoding/franco_ros2_franka_ws/install/franka_gripper:/home/jiataoding/franco_ros2_franka_ws/install/franka_msgs:/home/jiataoding/franco_ros2_franka_ws/install/franka_description:/home/jiataoding/franco_ros2_franka_ws/install/cartesian_impedance_controller:/home/jiataoding/franco_ros2_franka_ws/install/effort_controller_base:/home/jiataoding/franco_ros2_franka_ws/install/debug_msg:/opt/openrobots: /usr/bin/cmake --install /home/jiataoding/franco_ros2_franka_ws/src/build/integration_launch_testing
[0.528s] Level 1:colcon.colcon_core.environment:create_environment_scripts_only(integration_launch_testing)
[0.529s] DEBUG:colcon.colcon_core.event_handler.log_command:Invoked command in '/home/jiataoding/franco_ros2_franka_ws/src/build/integration_launch_testing' returned '0': CMAKE_PREFIX_PATH=/home/jiataoding/franco_ros2_franka_ws/src/install/joint_impedance_controller:/home/jiataoding/franco_ros2_franka_ws/src/install/integration_launch_testing:/home/jiataoding/franco_ros2_franka_ws/src/install/idra_franka_launch:/home/jiataoding/franco_ros2_franka_ws/src/install/gravity_compensation:/home/jiataoding/franco_ros2_franka_ws/src/install/franka_task_pipeline:/home/jiataoding/franco_ros2_franka_ws/src/install/franka_ros2:/home/jiataoding/franco_ros2_franka_ws/src/install/franka_bringup:/home/jiataoding/franco_ros2_franka_ws/src/install/franka_robot_state_broadcaster:/home/jiataoding/franco_ros2_franka_ws/src/install/franka_example_controllers:/home/jiataoding/franco_ros2_franka_ws/src/install/franka_semantic_components:/home/jiataoding/franco_ros2_franka_ws/src/install/franka_gazebo_bringup:/home/jiataoding/franco_ros2_franka_ws/src/install/franka_ign_ros2_control:/home/jiataoding/franco_ros2_franka_ws/src/install/franka_fr3_moveit_config:/home/jiataoding/franco_ros2_franka_ws/src/install/franka_hardware:/home/jiataoding/franco_ros2_franka_ws/src/install/franka_gripper:/home/jiataoding/franco_ros2_franka_ws/src/install/franka_msgs:/home/jiataoding/franco_ros2_franka_ws/src/install/franka_description:/home/jiataoding/franco_ros2_franka_ws/src/install/cartesian_impedance_controller:/opt/ros/humble:/home/jiataoding/franco_ros2_franka_ws/src/install/effort_controller_base:/home/jiataoding/franco_ros2_franka_ws/src/install/debug_msg:/home/jiataoding/ros2_franka_ws/install/joint_impedance_controller:/home/jiataoding/ros2_franka_ws/install/integration_launch_testing:/home/jiataoding/ros2_franka_ws/install/idra_franka_launch:/home/jiataoding/ros2_franka_ws/install/gravity_compensation:/home/jiataoding/ros2_franka_ws/install/franka_task_pipeline:/home/jiataoding/ros2_franka_ws/install/franka_ros2:/home/jiataoding/ros2_franka_ws/install/franka_bringup:/home/jiataoding/ros2_franka_ws/install/franka_robot_state_broadcaster:/home/jiataoding/ros2_franka_ws/install/franka_example_controllers:/home/jiataoding/ros2_franka_ws/install/franka_semantic_components:/home/jiataoding/ros2_franka_ws/install/franka_gazebo_bringup:/home/jiataoding/ros2_franka_ws/install/franka_ign_ros2_control:/home/jiataoding/ros2_franka_ws/install/franka_fr3_moveit_config:/home/jiataoding/ros2_franka_ws/install/franka_hardware:/home/jiataoding/ros2_franka_ws/install/franka_gripper:/home/jiataoding/ros2_franka_ws/install/franka_msgs:/home/jiataoding/ros2_franka_ws/install/franka_description:/home/jiataoding/ros2_franka_ws/install/cartesian_impedance_controller:/home/jiataoding/ros2_franka_ws/install/effort_controller_base:/home/jiataoding/ros2_franka_ws/install/debug_msg:/home/jiataoding/franco_ros2_franka_ws/install/joint_impedance_controller:/home/jiataoding/franco_ros2_franka_ws/install/integration_launch_testing:/home/jiataoding/franco_ros2_franka_ws/install/idra_franka_launch:/home/jiataoding/franco_ros2_franka_ws/install/gravity_compensation:/home/jiataoding/franco_ros2_franka_ws/install/franka_task_pipeline:/home/jiataoding/franco_ros2_franka_ws/install/franka_ros2:/home/jiataoding/franco_ros2_franka_ws/install/franka_bringup:/home/jiataoding/franco_ros2_franka_ws/install/franka_robot_state_broadcaster:/home/jiataoding/franco_ros2_franka_ws/install/franka_example_controllers:/home/jiataoding/franco_ros2_franka_ws/install/franka_semantic_components:/home/jiataoding/franco_ros2_franka_ws/install/franka_gazebo_bringup:/home/jiataoding/franco_ros2_franka_ws/install/franka_ign_ros2_control:/home/jiataoding/franco_ros2_franka_ws/install/franka_fr3_moveit_config:/home/jiataoding/franco_ros2_franka_ws/install/franka_hardware:/home/jiataoding/franco_ros2_franka_ws/install/franka_gripper:/home/jiataoding/franco_ros2_franka_ws/install/franka_msgs:/home/jiataoding/franco_ros2_franka_ws/install/franka_description:/home/jiataoding/franco_ros2_franka_ws/install/cartesian_impedance_controller:/home/jiataoding/franco_ros2_franka_ws/install/effort_controller_base:/home/jiataoding/franco_ros2_franka_ws/install/debug_msg:/opt/openrobots: /usr/bin/cmake --install /home/jiataoding/franco_ros2_franka_ws/src/build/integration_launch_testing
[0.531s] Level 1:colcon.colcon_core.environment:checking '/home/jiataoding/franco_ros2_franka_ws/src/install/integration_launch_testing' for CMake module files
[0.532s] Level 1:colcon.colcon_core.environment:checking '/home/jiataoding/franco_ros2_franka_ws/src/install/integration_launch_testing' for CMake config files
[0.533s] Level 1:colcon.colcon_core.shell:create_environment_hook('integration_launch_testing', 'cmake_prefix_path')
[0.533s] INFO:colcon.colcon_core.shell:Creating environment hook '/home/jiataoding/franco_ros2_franka_ws/src/install/integration_launch_testing/share/integration_launch_testing/hook/cmake_prefix_path.ps1'
[0.534s] INFO:colcon.colcon_core.shell:Creating environment descriptor '/home/jiataoding/franco_ros2_franka_ws/src/install/integration_launch_testing/share/integration_launch_testing/hook/cmake_prefix_path.dsv'
[0.535s] INFO:colcon.colcon_core.shell:Creating environment hook '/home/jiataoding/franco_ros2_franka_ws/src/install/integration_launch_testing/share/integration_launch_testing/hook/cmake_prefix_path.sh'
[0.535s] Level 1:colcon.colcon_core.environment:checking '/home/jiataoding/franco_ros2_franka_ws/src/install/integration_launch_testing/bin'
[0.536s] Level 1:colcon.colcon_core.environment:checking '/home/jiataoding/franco_ros2_franka_ws/src/install/integration_launch_testing/lib/pkgconfig/integration_launch_testing.pc'
[0.536s] Level 1:colcon.colcon_core.environment:checking '/home/jiataoding/franco_ros2_franka_ws/src/install/integration_launch_testing/lib/python3.10/site-packages'
[0.536s] Level 1:colcon.colcon_core.environment:checking '/home/jiataoding/franco_ros2_franka_ws/src/install/integration_launch_testing/bin'
[0.536s] INFO:colcon.colcon_core.shell:Creating package script '/home/jiataoding/franco_ros2_franka_ws/src/install/integration_launch_testing/share/integration_launch_testing/package.ps1'
[0.537s] INFO:colcon.colcon_core.shell:Creating package descriptor '/home/jiataoding/franco_ros2_franka_ws/src/install/integration_launch_testing/share/integration_launch_testing/package.dsv'
[0.537s] INFO:colcon.colcon_core.shell:Creating package script '/home/jiataoding/franco_ros2_franka_ws/src/install/integration_launch_testing/share/integration_launch_testing/package.sh'
[0.538s] INFO:colcon.colcon_core.shell:Creating package script '/home/jiataoding/franco_ros2_franka_ws/src/install/integration_launch_testing/share/integration_launch_testing/package.bash'
[0.538s] INFO:colcon.colcon_core.shell:Creating package script '/home/jiataoding/franco_ros2_franka_ws/src/install/integration_launch_testing/share/integration_launch_testing/package.zsh'
[0.539s] Level 1:colcon.colcon_core.environment:create_file_with_runtime_dependencies(/home/jiataoding/franco_ros2_franka_ws/src/install/integration_launch_testing/share/colcon-core/packages/integration_launch_testing)
[0.539s] Level 1:colcon.colcon_core.environment:create_environment_scripts_only(integration_launch_testing)
[0.540s] Level 1:colcon.colcon_core.environment:checking '/home/jiataoding/franco_ros2_franka_ws/src/install/integration_launch_testing' for CMake module files
[0.540s] Level 1:colcon.colcon_core.environment:checking '/home/jiataoding/franco_ros2_franka_ws/src/install/integration_launch_testing' for CMake config files
[0.541s] Level 1:colcon.colcon_core.shell:create_environment_hook('integration_launch_testing', 'cmake_prefix_path')
[0.541s] INFO:colcon.colcon_core.shell:Creating environment hook '/home/jiataoding/franco_ros2_franka_ws/src/install/integration_launch_testing/share/integration_launch_testing/hook/cmake_prefix_path.ps1'
[0.543s] INFO:colcon.colcon_core.shell:Creating environment descriptor '/home/jiataoding/franco_ros2_franka_ws/src/install/integration_launch_testing/share/integration_launch_testing/hook/cmake_prefix_path.dsv'
[0.543s] INFO:colcon.colcon_core.shell:Creating environment hook '/home/jiataoding/franco_ros2_franka_ws/src/install/integration_launch_testing/share/integration_launch_testing/hook/cmake_prefix_path.sh'
[0.544s] Level 1:colcon.colcon_core.environment:checking '/home/jiataoding/franco_ros2_franka_ws/src/install/integration_launch_testing/bin'
[0.544s] Level 1:colcon.colcon_core.environment:checking '/home/jiataoding/franco_ros2_franka_ws/src/install/integration_launch_testing/lib/pkgconfig/integration_launch_testing.pc'
[0.544s] Level 1:colcon.colcon_core.environment:checking '/home/jiataoding/franco_ros2_franka_ws/src/install/integration_launch_testing/lib/python3.10/site-packages'
[0.544s] Level 1:colcon.colcon_core.environment:checking '/home/jiataoding/franco_ros2_franka_ws/src/install/integration_launch_testing/bin'
[0.545s] INFO:colcon.colcon_core.shell:Creating package script '/home/jiataoding/franco_ros2_franka_ws/src/install/integration_launch_testing/share/integration_launch_testing/package.ps1'
[0.545s] INFO:colcon.colcon_core.shell:Creating package descriptor '/home/jiataoding/franco_ros2_franka_ws/src/install/integration_launch_testing/share/integration_launch_testing/package.dsv'
[0.546s] INFO:colcon.colcon_core.shell:Creating package script '/home/jiataoding/franco_ros2_franka_ws/src/install/integration_launch_testing/share/integration_launch_testing/package.sh'
[0.546s] INFO:colcon.colcon_core.shell:Creating package script '/home/jiataoding/franco_ros2_franka_ws/src/install/integration_launch_testing/share/integration_launch_testing/package.bash'
[0.547s] INFO:colcon.colcon_core.shell:Creating package script '/home/jiataoding/franco_ros2_franka_ws/src/install/integration_launch_testing/share/integration_launch_testing/package.zsh'
[0.547s] Level 1:colcon.colcon_core.environment:create_file_with_runtime_dependencies(/home/jiataoding/franco_ros2_franka_ws/src/install/integration_launch_testing/share/colcon-core/packages/integration_launch_testing)
[0.549s] DEBUG:colcon.colcon_core.event_handler.log_command:Invoked command in '/home/jiataoding/franco_ros2_franka_ws/src/build/effort_controller_base' returned '0': /usr/bin/cmake --build /home/jiataoding/franco_ros2_franka_ws/src/build/effort_controller_base -- -j24 -l24
[0.550s] DEBUG:colcon.colcon_core.event_handler.log_command:Invoking command in '/home/jiataoding/franco_ros2_franka_ws/src/build/effort_controller_base': /usr/bin/cmake --install /home/jiataoding/franco_ros2_franka_ws/src/build/effort_controller_base
[0.551s] DEBUG:colcon.colcon_core.event_handler.log_command:Invoked command in '/home/jiataoding/franco_ros2_franka_ws/src/build/franka_task_pipeline' returned '0': CMAKE_PREFIX_PATH=/home/jiataoding/franco_ros2_franka_ws/src/install/joint_impedance_controller:/home/jiataoding/franco_ros2_franka_ws/src/install/integration_launch_testing:/home/jiataoding/franco_ros2_franka_ws/src/install/idra_franka_launch:/home/jiataoding/franco_ros2_franka_ws/src/install/gravity_compensation:/home/jiataoding/franco_ros2_franka_ws/src/install/franka_task_pipeline:/home/jiataoding/franco_ros2_franka_ws/src/install/franka_ros2:/home/jiataoding/franco_ros2_franka_ws/src/install/franka_bringup:/home/jiataoding/franco_ros2_franka_ws/src/install/franka_robot_state_broadcaster:/home/jiataoding/franco_ros2_franka_ws/src/install/franka_example_controllers:/home/jiataoding/franco_ros2_franka_ws/src/install/franka_semantic_components:/home/jiataoding/franco_ros2_franka_ws/src/install/franka_gazebo_bringup:/home/jiataoding/franco_ros2_franka_ws/src/install/franka_ign_ros2_control:/home/jiataoding/franco_ros2_franka_ws/src/install/franka_fr3_moveit_config:/home/jiataoding/franco_ros2_franka_ws/src/install/franka_hardware:/home/jiataoding/franco_ros2_franka_ws/src/install/franka_gripper:/home/jiataoding/franco_ros2_franka_ws/src/install/franka_msgs:/home/jiataoding/franco_ros2_franka_ws/src/install/franka_description:/home/jiataoding/franco_ros2_franka_ws/src/install/cartesian_impedance_controller:/opt/ros/humble:/home/jiataoding/franco_ros2_franka_ws/src/install/effort_controller_base:/home/jiataoding/franco_ros2_franka_ws/src/install/debug_msg:/home/jiataoding/ros2_franka_ws/install/joint_impedance_controller:/home/jiataoding/ros2_franka_ws/install/integration_launch_testing:/home/jiataoding/ros2_franka_ws/install/idra_franka_launch:/home/jiataoding/ros2_franka_ws/install/gravity_compensation:/home/jiataoding/ros2_franka_ws/install/franka_task_pipeline:/home/jiataoding/ros2_franka_ws/install/franka_ros2:/home/jiataoding/ros2_franka_ws/install/franka_bringup:/home/jiataoding/ros2_franka_ws/install/franka_robot_state_broadcaster:/home/jiataoding/ros2_franka_ws/install/franka_example_controllers:/home/jiataoding/ros2_franka_ws/install/franka_semantic_components:/home/jiataoding/ros2_franka_ws/install/franka_gazebo_bringup:/home/jiataoding/ros2_franka_ws/install/franka_ign_ros2_control:/home/jiataoding/ros2_franka_ws/install/franka_fr3_moveit_config:/home/jiataoding/ros2_franka_ws/install/franka_hardware:/home/jiataoding/ros2_franka_ws/install/franka_gripper:/home/jiataoding/ros2_franka_ws/install/franka_msgs:/home/jiataoding/ros2_franka_ws/install/franka_description:/home/jiataoding/ros2_franka_ws/install/cartesian_impedance_controller:/home/jiataoding/ros2_franka_ws/install/effort_controller_base:/home/jiataoding/ros2_franka_ws/install/debug_msg:/home/jiataoding/franco_ros2_franka_ws/install/joint_impedance_controller:/home/jiataoding/franco_ros2_franka_ws/install/integration_launch_testing:/home/jiataoding/franco_ros2_franka_ws/install/idra_franka_launch:/home/jiataoding/franco_ros2_franka_ws/install/gravity_compensation:/home/jiataoding/franco_ros2_franka_ws/install/franka_task_pipeline:/home/jiataoding/franco_ros2_franka_ws/install/franka_ros2:/home/jiataoding/franco_ros2_franka_ws/install/franka_bringup:/home/jiataoding/franco_ros2_franka_ws/install/franka_robot_state_broadcaster:/home/jiataoding/franco_ros2_franka_ws/install/franka_example_controllers:/home/jiataoding/franco_ros2_franka_ws/install/franka_semantic_components:/home/jiataoding/franco_ros2_franka_ws/install/franka_gazebo_bringup:/home/jiataoding/franco_ros2_franka_ws/install/franka_ign_ros2_control:/home/jiataoding/franco_ros2_franka_ws/install/franka_fr3_moveit_config:/home/jiataoding/franco_ros2_franka_ws/install/franka_hardware:/home/jiataoding/franco_ros2_franka_ws/install/franka_gripper:/home/jiataoding/franco_ros2_franka_ws/install/franka_msgs:/home/jiataoding/franco_ros2_franka_ws/install/franka_description:/home/jiataoding/franco_ros2_franka_ws/install/cartesian_impedance_controller:/home/jiataoding/franco_ros2_franka_ws/install/effort_controller_base:/home/jiataoding/franco_ros2_franka_ws/install/debug_msg:/opt/openrobots: /usr/bin/cmake --build /home/jiataoding/franco_ros2_franka_ws/src/build/franka_task_pipeline -- -j24 -l24
[0.552s] Level 1:colcon.colcon_core.environment:create_environment_scripts_only(franka_description)
[0.553s] Level 1:colcon.colcon_core.environment:checking '/home/jiataoding/franco_ros2_franka_ws/src/install/franka_description' for CMake module files
[0.553s] DEBUG:colcon.colcon_core.event_handler.log_command:Invoking command in '/home/jiataoding/franco_ros2_franka_ws/src/build/franka_task_pipeline': CMAKE_PREFIX_PATH=/home/jiataoding/franco_ros2_franka_ws/src/install/joint_impedance_controller:/home/jiataoding/franco_ros2_franka_ws/src/install/integration_launch_testing:/home/jiataoding/franco_ros2_franka_ws/src/install/idra_franka_launch:/home/jiataoding/franco_ros2_franka_ws/src/install/gravity_compensation:/home/jiataoding/franco_ros2_franka_ws/src/install/franka_task_pipeline:/home/jiataoding/franco_ros2_franka_ws/src/install/franka_ros2:/home/jiataoding/franco_ros2_franka_ws/src/install/franka_bringup:/home/jiataoding/franco_ros2_franka_ws/src/install/franka_robot_state_broadcaster:/home/jiataoding/franco_ros2_franka_ws/src/install/franka_example_controllers:/home/jiataoding/franco_ros2_franka_ws/src/install/franka_semantic_components:/home/jiataoding/franco_ros2_franka_ws/src/install/franka_gazebo_bringup:/home/jiataoding/franco_ros2_franka_ws/src/install/franka_ign_ros2_control:/home/jiataoding/franco_ros2_franka_ws/src/install/franka_fr3_moveit_config:/home/jiataoding/franco_ros2_franka_ws/src/install/franka_hardware:/home/jiataoding/franco_ros2_franka_ws/src/install/franka_gripper:/home/jiataoding/franco_ros2_franka_ws/src/install/franka_msgs:/home/jiataoding/franco_ros2_franka_ws/src/install/franka_description:/home/jiataoding/franco_ros2_franka_ws/src/install/cartesian_impedance_controller:/opt/ros/humble:/home/jiataoding/franco_ros2_franka_ws/src/install/effort_controller_base:/home/jiataoding/franco_ros2_franka_ws/src/install/debug_msg:/home/jiataoding/ros2_franka_ws/install/joint_impedance_controller:/home/jiataoding/ros2_franka_ws/install/integration_launch_testing:/home/jiataoding/ros2_franka_ws/install/idra_franka_launch:/home/jiataoding/ros2_franka_ws/install/gravity_compensation:/home/jiataoding/ros2_franka_ws/install/franka_task_pipeline:/home/jiataoding/ros2_franka_ws/install/franka_ros2:/home/jiataoding/ros2_franka_ws/install/franka_bringup:/home/jiataoding/ros2_franka_ws/install/franka_robot_state_broadcaster:/home/jiataoding/ros2_franka_ws/install/franka_example_controllers:/home/jiataoding/ros2_franka_ws/install/franka_semantic_components:/home/jiataoding/ros2_franka_ws/install/franka_gazebo_bringup:/home/jiataoding/ros2_franka_ws/install/franka_ign_ros2_control:/home/jiataoding/ros2_franka_ws/install/franka_fr3_moveit_config:/home/jiataoding/ros2_franka_ws/install/franka_hardware:/home/jiataoding/ros2_franka_ws/install/franka_gripper:/home/jiataoding/ros2_franka_ws/install/franka_msgs:/home/jiataoding/ros2_franka_ws/install/franka_description:/home/jiataoding/ros2_franka_ws/install/cartesian_impedance_controller:/home/jiataoding/ros2_franka_ws/install/effort_controller_base:/home/jiataoding/ros2_franka_ws/install/debug_msg:/home/jiataoding/franco_ros2_franka_ws/install/joint_impedance_controller:/home/jiataoding/franco_ros2_franka_ws/install/integration_launch_testing:/home/jiataoding/franco_ros2_franka_ws/install/idra_franka_launch:/home/jiataoding/franco_ros2_franka_ws/install/gravity_compensation:/home/jiataoding/franco_ros2_franka_ws/install/franka_task_pipeline:/home/jiataoding/franco_ros2_franka_ws/install/franka_ros2:/home/jiataoding/franco_ros2_franka_ws/install/franka_bringup:/home/jiataoding/franco_ros2_franka_ws/install/franka_robot_state_broadcaster:/home/jiataoding/franco_ros2_franka_ws/install/franka_example_controllers:/home/jiataoding/franco_ros2_franka_ws/install/franka_semantic_components:/home/jiataoding/franco_ros2_franka_ws/install/franka_gazebo_bringup:/home/jiataoding/franco_ros2_franka_ws/install/franka_ign_ros2_control:/home/jiataoding/franco_ros2_franka_ws/install/franka_fr3_moveit_config:/home/jiataoding/franco_ros2_franka_ws/install/franka_hardware:/home/jiataoding/franco_ros2_franka_ws/install/franka_gripper:/home/jiataoding/franco_ros2_franka_ws/install/franka_msgs:/home/jiataoding/franco_ros2_franka_ws/install/franka_description:/home/jiataoding/franco_ros2_franka_ws/install/cartesian_impedance_controller:/home/jiataoding/franco_ros2_franka_ws/install/effort_controller_base:/home/jiataoding/franco_ros2_franka_ws/install/debug_msg:/opt/openrobots: /usr/bin/cmake --install /home/jiataoding/franco_ros2_franka_ws/src/build/franka_task_pipeline
[0.554s] DEBUG:colcon.colcon_core.event_handler.log_command:Invoked command in '/home/jiataoding/franco_ros2_franka_ws/src/build/franka_description' returned '0': CMAKE_PREFIX_PATH=/home/jiataoding/franco_ros2_franka_ws/src/install/joint_impedance_controller:/home/jiataoding/franco_ros2_franka_ws/src/install/integration_launch_testing:/home/jiataoding/franco_ros2_franka_ws/src/install/idra_franka_launch:/home/jiataoding/franco_ros2_franka_ws/src/install/gravity_compensation:/home/jiataoding/franco_ros2_franka_ws/src/install/franka_task_pipeline:/home/jiataoding/franco_ros2_franka_ws/src/install/franka_ros2:/home/jiataoding/franco_ros2_franka_ws/src/install/franka_bringup:/home/jiataoding/franco_ros2_franka_ws/src/install/franka_robot_state_broadcaster:/home/jiataoding/franco_ros2_franka_ws/src/install/franka_example_controllers:/home/jiataoding/franco_ros2_franka_ws/src/install/franka_semantic_components:/home/jiataoding/franco_ros2_franka_ws/src/install/franka_gazebo_bringup:/home/jiataoding/franco_ros2_franka_ws/src/install/franka_ign_ros2_control:/home/jiataoding/franco_ros2_franka_ws/src/install/franka_fr3_moveit_config:/home/jiataoding/franco_ros2_franka_ws/src/install/franka_hardware:/home/jiataoding/franco_ros2_franka_ws/src/install/franka_gripper:/home/jiataoding/franco_ros2_franka_ws/src/install/franka_msgs:/home/jiataoding/franco_ros2_franka_ws/src/install/franka_description:/home/jiataoding/franco_ros2_franka_ws/src/install/cartesian_impedance_controller:/opt/ros/humble:/home/jiataoding/franco_ros2_franka_ws/src/install/effort_controller_base:/home/jiataoding/franco_ros2_franka_ws/src/install/debug_msg:/home/jiataoding/ros2_franka_ws/install/joint_impedance_controller:/home/jiataoding/ros2_franka_ws/install/integration_launch_testing:/home/jiataoding/ros2_franka_ws/install/idra_franka_launch:/home/jiataoding/ros2_franka_ws/install/gravity_compensation:/home/jiataoding/ros2_franka_ws/install/franka_task_pipeline:/home/jiataoding/ros2_franka_ws/install/franka_ros2:/home/jiataoding/ros2_franka_ws/install/franka_bringup:/home/jiataoding/ros2_franka_ws/install/franka_robot_state_broadcaster:/home/jiataoding/ros2_franka_ws/install/franka_example_controllers:/home/jiataoding/ros2_franka_ws/install/franka_semantic_components:/home/jiataoding/ros2_franka_ws/install/franka_gazebo_bringup:/home/jiataoding/ros2_franka_ws/install/franka_ign_ros2_control:/home/jiataoding/ros2_franka_ws/install/franka_fr3_moveit_config:/home/jiataoding/ros2_franka_ws/install/franka_hardware:/home/jiataoding/ros2_franka_ws/install/franka_gripper:/home/jiataoding/ros2_franka_ws/install/franka_msgs:/home/jiataoding/ros2_franka_ws/install/franka_description:/home/jiataoding/ros2_franka_ws/install/cartesian_impedance_controller:/home/jiataoding/ros2_franka_ws/install/effort_controller_base:/home/jiataoding/ros2_franka_ws/install/debug_msg:/home/jiataoding/franco_ros2_franka_ws/install/joint_impedance_controller:/home/jiataoding/franco_ros2_franka_ws/install/integration_launch_testing:/home/jiataoding/franco_ros2_franka_ws/install/idra_franka_launch:/home/jiataoding/franco_ros2_franka_ws/install/gravity_compensation:/home/jiataoding/franco_ros2_franka_ws/install/franka_task_pipeline:/home/jiataoding/franco_ros2_franka_ws/install/franka_ros2:/home/jiataoding/franco_ros2_franka_ws/install/franka_bringup:/home/jiataoding/franco_ros2_franka_ws/install/franka_robot_state_broadcaster:/home/jiataoding/franco_ros2_franka_ws/install/franka_example_controllers:/home/jiataoding/franco_ros2_franka_ws/install/franka_semantic_components:/home/jiataoding/franco_ros2_franka_ws/install/franka_gazebo_bringup:/home/jiataoding/franco_ros2_franka_ws/install/franka_ign_ros2_control:/home/jiataoding/franco_ros2_franka_ws/install/franka_fr3_moveit_config:/home/jiataoding/franco_ros2_franka_ws/install/franka_hardware:/home/jiataoding/franco_ros2_franka_ws/install/franka_gripper:/home/jiataoding/franco_ros2_franka_ws/install/franka_msgs:/home/jiataoding/franco_ros2_franka_ws/install/franka_description:/home/jiataoding/franco_ros2_franka_ws/install/cartesian_impedance_controller:/home/jiataoding/franco_ros2_franka_ws/install/effort_controller_base:/home/jiataoding/franco_ros2_franka_ws/install/debug_msg:/opt/openrobots: /usr/bin/cmake --install /home/jiataoding/franco_ros2_franka_ws/src/build/franka_description
[0.554s] Level 1:colcon.colcon_core.environment:checking '/home/jiataoding/franco_ros2_franka_ws/src/install/franka_description' for CMake config files
[0.555s] Level 1:colcon.colcon_core.shell:create_environment_hook('franka_description', 'cmake_prefix_path')
[0.555s] INFO:colcon.colcon_core.shell:Creating environment hook '/home/jiataoding/franco_ros2_franka_ws/src/install/franka_description/share/franka_description/hook/cmake_prefix_path.ps1'
[0.556s] INFO:colcon.colcon_core.shell:Creating environment descriptor '/home/jiataoding/franco_ros2_franka_ws/src/install/franka_description/share/franka_description/hook/cmake_prefix_path.dsv'
[0.556s] INFO:colcon.colcon_core.shell:Creating environment hook '/home/jiataoding/franco_ros2_franka_ws/src/install/franka_description/share/franka_description/hook/cmake_prefix_path.sh'
[0.556s] Level 1:colcon.colcon_core.environment:checking '/home/jiataoding/franco_ros2_franka_ws/src/install/franka_description/bin'
[0.557s] Level 1:colcon.colcon_core.environment:checking '/home/jiataoding/franco_ros2_franka_ws/src/install/franka_description/lib/pkgconfig/franka_description.pc'
[0.557s] Level 1:colcon.colcon_core.environment:checking '/home/jiataoding/franco_ros2_franka_ws/src/install/franka_description/lib/python3.10/site-packages'
[0.557s] Level 1:colcon.colcon_core.environment:checking '/home/jiataoding/franco_ros2_franka_ws/src/install/franka_description/bin'
[0.557s] INFO:colcon.colcon_core.shell:Creating package script '/home/jiataoding/franco_ros2_franka_ws/src/install/franka_description/share/franka_description/package.ps1'
[0.557s] INFO:colcon.colcon_core.shell:Creating package descriptor '/home/jiataoding/franco_ros2_franka_ws/src/install/franka_description/share/franka_description/package.dsv'
[0.558s] INFO:colcon.colcon_core.shell:Creating package script '/home/jiataoding/franco_ros2_franka_ws/src/install/franka_description/share/franka_description/package.sh'
[0.558s] INFO:colcon.colcon_core.shell:Creating package script '/home/jiataoding/franco_ros2_franka_ws/src/install/franka_description/share/franka_description/package.bash'
[0.558s] INFO:colcon.colcon_core.shell:Creating package script '/home/jiataoding/franco_ros2_franka_ws/src/install/franka_description/share/franka_description/package.zsh'
[0.559s] Level 1:colcon.colcon_core.environment:create_file_with_runtime_dependencies(/home/jiataoding/franco_ros2_franka_ws/src/install/franka_description/share/colcon-core/packages/franka_description)
[0.559s] Level 1:colcon.colcon_core.environment:create_environment_scripts_only(franka_description)
[0.560s] Level 1:colcon.colcon_core.environment:checking '/home/jiataoding/franco_ros2_franka_ws/src/install/franka_description' for CMake module files
[0.560s] Level 1:colcon.colcon_core.environment:checking '/home/jiataoding/franco_ros2_franka_ws/src/install/franka_description' for CMake config files
[0.561s] Level 1:colcon.colcon_core.shell:create_environment_hook('franka_description', 'cmake_prefix_path')
[0.561s] INFO:colcon.colcon_core.shell:Creating environment hook '/home/jiataoding/franco_ros2_franka_ws/src/install/franka_description/share/franka_description/hook/cmake_prefix_path.ps1'
[0.561s] INFO:colcon.colcon_core.shell:Creating environment descriptor '/home/jiataoding/franco_ros2_franka_ws/src/install/franka_description/share/franka_description/hook/cmake_prefix_path.dsv'
[0.561s] INFO:colcon.colcon_core.shell:Creating environment hook '/home/jiataoding/franco_ros2_franka_ws/src/install/franka_description/share/franka_description/hook/cmake_prefix_path.sh'
[0.562s] Level 1:colcon.colcon_core.environment:checking '/home/jiataoding/franco_ros2_franka_ws/src/install/franka_description/bin'
[0.562s] Level 1:colcon.colcon_core.environment:checking '/home/jiataoding/franco_ros2_franka_ws/src/install/franka_description/lib/pkgconfig/franka_description.pc'
[0.562s] Level 1:colcon.colcon_core.environment:checking '/home/jiataoding/franco_ros2_franka_ws/src/install/franka_description/lib/python3.10/site-packages'
[0.562s] Level 1:colcon.colcon_core.environment:checking '/home/jiataoding/franco_ros2_franka_ws/src/install/franka_description/bin'
[0.562s] INFO:colcon.colcon_core.shell:Creating package script '/home/jiataoding/franco_ros2_franka_ws/src/install/franka_description/share/franka_description/package.ps1'
[0.563s] INFO:colcon.colcon_core.shell:Creating package descriptor '/home/jiataoding/franco_ros2_franka_ws/src/install/franka_description/share/franka_description/package.dsv'
[0.563s] INFO:colcon.colcon_core.shell:Creating package script '/home/jiataoding/franco_ros2_franka_ws/src/install/franka_description/share/franka_description/package.sh'
[0.563s] INFO:colcon.colcon_core.shell:Creating package script '/home/jiataoding/franco_ros2_franka_ws/src/install/franka_description/share/franka_description/package.bash'
[0.564s] INFO:colcon.colcon_core.shell:Creating package script '/home/jiataoding/franco_ros2_franka_ws/src/install/franka_description/share/franka_description/package.zsh'
[0.564s] Level 1:colcon.colcon_core.environment:create_file_with_runtime_dependencies(/home/jiataoding/franco_ros2_franka_ws/src/install/franka_description/share/colcon-core/packages/franka_description)
[0.566s] Level 1:colcon.colcon_core.shell:create_environment_hook('effort_controller_base', 'ros_package_path')
[0.566s] INFO:colcon.colcon_core.shell:Creating environment hook '/home/jiataoding/franco_ros2_franka_ws/src/install/effort_controller_base/share/effort_controller_base/hook/ros_package_path.ps1'
[0.566s] INFO:colcon.colcon_core.shell:Creating environment descriptor '/home/jiataoding/franco_ros2_franka_ws/src/install/effort_controller_base/share/effort_controller_base/hook/ros_package_path.dsv'
[0.567s] INFO:colcon.colcon_core.shell:Creating environment hook '/home/jiataoding/franco_ros2_franka_ws/src/install/effort_controller_base/share/effort_controller_base/hook/ros_package_path.sh'
[0.568s] Level 1:colcon.colcon_core.shell:create_environment_hook('effort_controller_base', 'pkg_config_path')
[0.568s] INFO:colcon.colcon_core.shell:Creating environment hook '/home/jiataoding/franco_ros2_franka_ws/src/install/effort_controller_base/share/effort_controller_base/hook/pkg_config_path.ps1'
[0.568s] INFO:colcon.colcon_core.shell:Creating environment descriptor '/home/jiataoding/franco_ros2_franka_ws/src/install/effort_controller_base/share/effort_controller_base/hook/pkg_config_path.dsv'
[0.569s] INFO:colcon.colcon_core.shell:Creating environment hook '/home/jiataoding/franco_ros2_franka_ws/src/install/effort_controller_base/share/effort_controller_base/hook/pkg_config_path.sh'
[0.573s] DEBUG:colcon.colcon_core.event_handler.log_command:Invoked command in '/home/jiataoding/franco_ros2_franka_ws/src/build/effort_controller_base' returned '0': /usr/bin/cmake --install /home/jiataoding/franco_ros2_franka_ws/src/build/effort_controller_base
[0.574s] Level 1:colcon.colcon_core.shell:create_environment_hook('effort_controller_base', 'pkg_config_path_multiarch')
[0.574s] INFO:colcon.colcon_core.shell:Creating environment hook '/home/jiataoding/franco_ros2_franka_ws/src/install/effort_controller_base/share/effort_controller_base/hook/pkg_config_path_multiarch.ps1'
[0.575s] INFO:colcon.colcon_core.shell:Creating environment descriptor '/home/jiataoding/franco_ros2_franka_ws/src/install/effort_controller_base/share/effort_controller_base/hook/pkg_config_path_multiarch.dsv'
[0.575s] INFO:colcon.colcon_core.shell:Creating environment hook '/home/jiataoding/franco_ros2_franka_ws/src/install/effort_controller_base/share/effort_controller_base/hook/pkg_config_path_multiarch.sh'
[0.576s] Level 1:colcon.colcon_core.environment:create_environment_scripts_only(effort_controller_base)
[0.576s] Level 1:colcon.colcon_core.environment:checking '/home/jiataoding/franco_ros2_franka_ws/src/install/effort_controller_base' for CMake module files
[0.576s] Level 1:colcon.colcon_core.environment:checking '/home/jiataoding/franco_ros2_franka_ws/src/install/effort_controller_base' for CMake config files
[0.576s] Level 1:colcon.colcon_core.shell:create_environment_hook('effort_controller_base', 'cmake_prefix_path')
[0.577s] INFO:colcon.colcon_core.shell:Creating environment hook '/home/jiataoding/franco_ros2_franka_ws/src/install/effort_controller_base/share/effort_controller_base/hook/cmake_prefix_path.ps1'
[0.577s] INFO:colcon.colcon_core.shell:Creating environment descriptor '/home/jiataoding/franco_ros2_franka_ws/src/install/effort_controller_base/share/effort_controller_base/hook/cmake_prefix_path.dsv'
[0.578s] INFO:colcon.colcon_core.shell:Creating environment hook '/home/jiataoding/franco_ros2_franka_ws/src/install/effort_controller_base/share/effort_controller_base/hook/cmake_prefix_path.sh'
[0.578s] Level 1:colcon.colcon_core.environment:checking '/home/jiataoding/franco_ros2_franka_ws/src/install/effort_controller_base/lib'
[0.578s] Level 1:colcon.colcon_core.shell:create_environment_hook('effort_controller_base', 'ld_library_path_lib')
[0.578s] INFO:colcon.colcon_core.shell:Creating environment hook '/home/jiataoding/franco_ros2_franka_ws/src/install/effort_controller_base/share/effort_controller_base/hook/ld_library_path_lib.ps1'
[0.579s] INFO:colcon.colcon_core.shell:Creating environment descriptor '/home/jiataoding/franco_ros2_franka_ws/src/install/effort_controller_base/share/effort_controller_base/hook/ld_library_path_lib.dsv'
[0.579s] INFO:colcon.colcon_core.shell:Creating environment hook '/home/jiataoding/franco_ros2_franka_ws/src/install/effort_controller_base/share/effort_controller_base/hook/ld_library_path_lib.sh'
[0.579s] Level 1:colcon.colcon_core.environment:checking '/home/jiataoding/franco_ros2_franka_ws/src/install/effort_controller_base/bin'
[0.579s] Level 1:colcon.colcon_core.environment:checking '/home/jiataoding/franco_ros2_franka_ws/src/install/effort_controller_base/lib/pkgconfig/effort_controller_base.pc'
[0.580s] Level 1:colcon.colcon_core.environment:checking '/home/jiataoding/franco_ros2_franka_ws/src/install/effort_controller_base/lib/python3.10/site-packages'
[0.580s] Level 1:colcon.colcon_core.environment:checking '/home/jiataoding/franco_ros2_franka_ws/src/install/effort_controller_base/bin'
[0.580s] INFO:colcon.colcon_core.shell:Creating package script '/home/jiataoding/franco_ros2_franka_ws/src/install/effort_controller_base/share/effort_controller_base/package.ps1'
[0.581s] INFO:colcon.colcon_core.shell:Creating package descriptor '/home/jiataoding/franco_ros2_franka_ws/src/install/effort_controller_base/share/effort_controller_base/package.dsv'
[0.581s] INFO:colcon.colcon_core.shell:Creating package script '/home/jiataoding/franco_ros2_franka_ws/src/install/effort_controller_base/share/effort_controller_base/package.sh'
[0.581s] INFO:colcon.colcon_core.shell:Creating package script '/home/jiataoding/franco_ros2_franka_ws/src/install/effort_controller_base/share/effort_controller_base/package.bash'
[0.582s] INFO:colcon.colcon_core.shell:Creating package script '/home/jiataoding/franco_ros2_franka_ws/src/install/effort_controller_base/share/effort_controller_base/package.zsh'
[0.582s] Level 1:colcon.colcon_core.environment:create_file_with_runtime_dependencies(/home/jiataoding/franco_ros2_franka_ws/src/install/effort_controller_base/share/colcon-core/packages/effort_controller_base)
[0.583s] Level 1:colcon.colcon_core.environment:create_environment_scripts_only(franka_task_pipeline)
[0.583s] Level 1:colcon.colcon_core.environment:checking '/home/jiataoding/franco_ros2_franka_ws/src/install/franka_task_pipeline' for CMake module files
[0.583s] DEBUG:colcon.colcon_core.event_handler.log_command:Invoked command in '/home/jiataoding/franco_ros2_franka_ws/src/build/franka_task_pipeline' returned '0': CMAKE_PREFIX_PATH=/home/jiataoding/franco_ros2_franka_ws/src/install/joint_impedance_controller:/home/jiataoding/franco_ros2_franka_ws/src/install/integration_launch_testing:/home/jiataoding/franco_ros2_franka_ws/src/install/idra_franka_launch:/home/jiataoding/franco_ros2_franka_ws/src/install/gravity_compensation:/home/jiataoding/franco_ros2_franka_ws/src/install/franka_task_pipeline:/home/jiataoding/franco_ros2_franka_ws/src/install/franka_ros2:/home/jiataoding/franco_ros2_franka_ws/src/install/franka_bringup:/home/jiataoding/franco_ros2_franka_ws/src/install/franka_robot_state_broadcaster:/home/jiataoding/franco_ros2_franka_ws/src/install/franka_example_controllers:/home/jiataoding/franco_ros2_franka_ws/src/install/franka_semantic_components:/home/jiataoding/franco_ros2_franka_ws/src/install/franka_gazebo_bringup:/home/jiataoding/franco_ros2_franka_ws/src/install/franka_ign_ros2_control:/home/jiataoding/franco_ros2_franka_ws/src/install/franka_fr3_moveit_config:/home/jiataoding/franco_ros2_franka_ws/src/install/franka_hardware:/home/jiataoding/franco_ros2_franka_ws/src/install/franka_gripper:/home/jiataoding/franco_ros2_franka_ws/src/install/franka_msgs:/home/jiataoding/franco_ros2_franka_ws/src/install/franka_description:/home/jiataoding/franco_ros2_franka_ws/src/install/cartesian_impedance_controller:/opt/ros/humble:/home/jiataoding/franco_ros2_franka_ws/src/install/effort_controller_base:/home/jiataoding/franco_ros2_franka_ws/src/install/debug_msg:/home/jiataoding/ros2_franka_ws/install/joint_impedance_controller:/home/jiataoding/ros2_franka_ws/install/integration_launch_testing:/home/jiataoding/ros2_franka_ws/install/idra_franka_launch:/home/jiataoding/ros2_franka_ws/install/gravity_compensation:/home/jiataoding/ros2_franka_ws/install/franka_task_pipeline:/home/jiataoding/ros2_franka_ws/install/franka_ros2:/home/jiataoding/ros2_franka_ws/install/franka_bringup:/home/jiataoding/ros2_franka_ws/install/franka_robot_state_broadcaster:/home/jiataoding/ros2_franka_ws/install/franka_example_controllers:/home/jiataoding/ros2_franka_ws/install/franka_semantic_components:/home/jiataoding/ros2_franka_ws/install/franka_gazebo_bringup:/home/jiataoding/ros2_franka_ws/install/franka_ign_ros2_control:/home/jiataoding/ros2_franka_ws/install/franka_fr3_moveit_config:/home/jiataoding/ros2_franka_ws/install/franka_hardware:/home/jiataoding/ros2_franka_ws/install/franka_gripper:/home/jiataoding/ros2_franka_ws/install/franka_msgs:/home/jiataoding/ros2_franka_ws/install/franka_description:/home/jiataoding/ros2_franka_ws/install/cartesian_impedance_controller:/home/jiataoding/ros2_franka_ws/install/effort_controller_base:/home/jiataoding/ros2_franka_ws/install/debug_msg:/home/jiataoding/franco_ros2_franka_ws/install/joint_impedance_controller:/home/jiataoding/franco_ros2_franka_ws/install/integration_launch_testing:/home/jiataoding/franco_ros2_franka_ws/install/idra_franka_launch:/home/jiataoding/franco_ros2_franka_ws/install/gravity_compensation:/home/jiataoding/franco_ros2_franka_ws/install/franka_task_pipeline:/home/jiataoding/franco_ros2_franka_ws/install/franka_ros2:/home/jiataoding/franco_ros2_franka_ws/install/franka_bringup:/home/jiataoding/franco_ros2_franka_ws/install/franka_robot_state_broadcaster:/home/jiataoding/franco_ros2_franka_ws/install/franka_example_controllers:/home/jiataoding/franco_ros2_franka_ws/install/franka_semantic_components:/home/jiataoding/franco_ros2_franka_ws/install/franka_gazebo_bringup:/home/jiataoding/franco_ros2_franka_ws/install/franka_ign_ros2_control:/home/jiataoding/franco_ros2_franka_ws/install/franka_fr3_moveit_config:/home/jiataoding/franco_ros2_franka_ws/install/franka_hardware:/home/jiataoding/franco_ros2_franka_ws/install/franka_gripper:/home/jiataoding/franco_ros2_franka_ws/install/franka_msgs:/home/jiataoding/franco_ros2_franka_ws/install/franka_description:/home/jiataoding/franco_ros2_franka_ws/install/cartesian_impedance_controller:/home/jiataoding/franco_ros2_franka_ws/install/effort_controller_base:/home/jiataoding/franco_ros2_franka_ws/install/debug_msg:/opt/openrobots: /usr/bin/cmake --install /home/jiataoding/franco_ros2_franka_ws/src/build/franka_task_pipeline
[0.583s] Level 1:colcon.colcon_core.environment:checking '/home/jiataoding/franco_ros2_franka_ws/src/install/franka_task_pipeline' for CMake config files
[0.584s] Level 1:colcon.colcon_core.shell:create_environment_hook('franka_task_pipeline', 'cmake_prefix_path')
[0.584s] INFO:colcon.colcon_core.shell:Creating environment hook '/home/jiataoding/franco_ros2_franka_ws/src/install/franka_task_pipeline/share/franka_task_pipeline/hook/cmake_prefix_path.ps1'
[0.584s] INFO:colcon.colcon_core.shell:Creating environment descriptor '/home/jiataoding/franco_ros2_franka_ws/src/install/franka_task_pipeline/share/franka_task_pipeline/hook/cmake_prefix_path.dsv'
[0.584s] INFO:colcon.colcon_core.shell:Creating environment hook '/home/jiataoding/franco_ros2_franka_ws/src/install/franka_task_pipeline/share/franka_task_pipeline/hook/cmake_prefix_path.sh'
[0.585s] Level 1:colcon.colcon_core.environment:checking '/home/jiataoding/franco_ros2_franka_ws/src/install/franka_task_pipeline/lib'
[0.585s] Level 1:colcon.colcon_core.environment:checking '/home/jiataoding/franco_ros2_franka_ws/src/install/franka_task_pipeline/bin'
[0.585s] Level 1:colcon.colcon_core.environment:checking '/home/jiataoding/franco_ros2_franka_ws/src/install/franka_task_pipeline/lib/pkgconfig/franka_task_pipeline.pc'
[0.585s] Level 1:colcon.colcon_core.environment:checking '/home/jiataoding/franco_ros2_franka_ws/src/install/franka_task_pipeline/lib/python3.10/site-packages'
[0.585s] Level 1:colcon.colcon_core.environment:checking '/home/jiataoding/franco_ros2_franka_ws/src/install/franka_task_pipeline/bin'
[0.585s] INFO:colcon.colcon_core.shell:Creating package script '/home/jiataoding/franco_ros2_franka_ws/src/install/franka_task_pipeline/share/franka_task_pipeline/package.ps1'
[0.586s] INFO:colcon.colcon_core.shell:Creating package descriptor '/home/jiataoding/franco_ros2_franka_ws/src/install/franka_task_pipeline/share/franka_task_pipeline/package.dsv'
[0.586s] INFO:colcon.colcon_core.shell:Creating package script '/home/jiataoding/franco_ros2_franka_ws/src/install/franka_task_pipeline/share/franka_task_pipeline/package.sh'
[0.586s] INFO:colcon.colcon_core.shell:Creating package script '/home/jiataoding/franco_ros2_franka_ws/src/install/franka_task_pipeline/share/franka_task_pipeline/package.bash'
[0.587s] INFO:colcon.colcon_core.shell:Creating package script '/home/jiataoding/franco_ros2_franka_ws/src/install/franka_task_pipeline/share/franka_task_pipeline/package.zsh'
[0.587s] Level 1:colcon.colcon_core.environment:create_file_with_runtime_dependencies(/home/jiataoding/franco_ros2_franka_ws/src/install/franka_task_pipeline/share/colcon-core/packages/franka_task_pipeline)
[0.587s] Level 1:colcon.colcon_core.environment:create_environment_scripts_only(franka_task_pipeline)
[0.588s] Level 1:colcon.colcon_core.environment:checking '/home/jiataoding/franco_ros2_franka_ws/src/install/franka_task_pipeline' for CMake module files
[0.588s] Level 1:colcon.colcon_core.environment:checking '/home/jiataoding/franco_ros2_franka_ws/src/install/franka_task_pipeline' for CMake config files
[0.588s] Level 1:colcon.colcon_core.shell:create_environment_hook('franka_task_pipeline', 'cmake_prefix_path')
[0.588s] INFO:colcon.colcon_core.shell:Creating environment hook '/home/jiataoding/franco_ros2_franka_ws/src/install/franka_task_pipeline/share/franka_task_pipeline/hook/cmake_prefix_path.ps1'
[0.589s] INFO:colcon.colcon_core.shell:Creating environment descriptor '/home/jiataoding/franco_ros2_franka_ws/src/install/franka_task_pipeline/share/franka_task_pipeline/hook/cmake_prefix_path.dsv'
[0.589s] INFO:colcon.colcon_core.shell:Creating environment hook '/home/jiataoding/franco_ros2_franka_ws/src/install/franka_task_pipeline/share/franka_task_pipeline/hook/cmake_prefix_path.sh'
[0.589s] Level 1:colcon.colcon_core.environment:checking '/home/jiataoding/franco_ros2_franka_ws/src/install/franka_task_pipeline/lib'
[0.589s] Level 1:colcon.colcon_core.environment:checking '/home/jiataoding/franco_ros2_franka_ws/src/install/franka_task_pipeline/bin'
[0.590s] Level 1:colcon.colcon_core.environment:checking '/home/jiataoding/franco_ros2_franka_ws/src/install/franka_task_pipeline/lib/pkgconfig/franka_task_pipeline.pc'
[0.590s] Level 1:colcon.colcon_core.environment:checking '/home/jiataoding/franco_ros2_franka_ws/src/install/franka_task_pipeline/lib/python3.10/site-packages'
[0.590s] Level 1:colcon.colcon_core.environment:checking '/home/jiataoding/franco_ros2_franka_ws/src/install/franka_task_pipeline/bin'
[0.590s] INFO:colcon.colcon_core.shell:Creating package script '/home/jiataoding/franco_ros2_franka_ws/src/install/franka_task_pipeline/share/franka_task_pipeline/package.ps1'
[0.590s] INFO:colcon.colcon_core.shell:Creating package descriptor '/home/jiataoding/franco_ros2_franka_ws/src/install/franka_task_pipeline/share/franka_task_pipeline/package.dsv'
[0.591s] INFO:colcon.colcon_core.shell:Creating package script '/home/jiataoding/franco_ros2_franka_ws/src/install/franka_task_pipeline/share/franka_task_pipeline/package.sh'
[0.592s] INFO:colcon.colcon_core.shell:Creating package script '/home/jiataoding/franco_ros2_franka_ws/src/install/franka_task_pipeline/share/franka_task_pipeline/package.bash'
[0.592s] INFO:colcon.colcon_core.shell:Creating package script '/home/jiataoding/franco_ros2_franka_ws/src/install/franka_task_pipeline/share/franka_task_pipeline/package.zsh'
[0.592s] Level 1:colcon.colcon_core.environment:create_file_with_runtime_dependencies(/home/jiataoding/franco_ros2_franka_ws/src/install/franka_task_pipeline/share/colcon-core/packages/franka_task_pipeline)
[0.815s] DEBUG:colcon.colcon_core.event_handler.log_command:Invoked command in '/home/jiataoding/franco_ros2_franka_ws/src/build/franka_msgs' returned '0': CMAKE_PREFIX_PATH=/home/jiataoding/franco_ros2_franka_ws/src/install/joint_impedance_controller:/home/jiataoding/franco_ros2_franka_ws/src/install/integration_launch_testing:/home/jiataoding/franco_ros2_franka_ws/src/install/idra_franka_launch:/home/jiataoding/franco_ros2_franka_ws/src/install/gravity_compensation:/home/jiataoding/franco_ros2_franka_ws/src/install/franka_task_pipeline:/home/jiataoding/franco_ros2_franka_ws/src/install/franka_ros2:/home/jiataoding/franco_ros2_franka_ws/src/install/franka_bringup:/home/jiataoding/franco_ros2_franka_ws/src/install/franka_robot_state_broadcaster:/home/jiataoding/franco_ros2_franka_ws/src/install/franka_example_controllers:/home/jiataoding/franco_ros2_franka_ws/src/install/franka_semantic_components:/home/jiataoding/franco_ros2_franka_ws/src/install/franka_gazebo_bringup:/home/jiataoding/franco_ros2_franka_ws/src/install/franka_ign_ros2_control:/home/jiataoding/franco_ros2_franka_ws/src/install/franka_fr3_moveit_config:/home/jiataoding/franco_ros2_franka_ws/src/install/franka_hardware:/home/jiataoding/franco_ros2_franka_ws/src/install/franka_gripper:/home/jiataoding/franco_ros2_franka_ws/src/install/franka_msgs:/home/jiataoding/franco_ros2_franka_ws/src/install/franka_description:/home/jiataoding/franco_ros2_franka_ws/src/install/cartesian_impedance_controller:/opt/ros/humble:/home/jiataoding/franco_ros2_franka_ws/src/install/effort_controller_base:/home/jiataoding/franco_ros2_franka_ws/src/install/debug_msg:/home/jiataoding/ros2_franka_ws/install/joint_impedance_controller:/home/jiataoding/ros2_franka_ws/install/integration_launch_testing:/home/jiataoding/ros2_franka_ws/install/idra_franka_launch:/home/jiataoding/ros2_franka_ws/install/gravity_compensation:/home/jiataoding/ros2_franka_ws/install/franka_task_pipeline:/home/jiataoding/ros2_franka_ws/install/franka_ros2:/home/jiataoding/ros2_franka_ws/install/franka_bringup:/home/jiataoding/ros2_franka_ws/install/franka_robot_state_broadcaster:/home/jiataoding/ros2_franka_ws/install/franka_example_controllers:/home/jiataoding/ros2_franka_ws/install/franka_semantic_components:/home/jiataoding/ros2_franka_ws/install/franka_gazebo_bringup:/home/jiataoding/ros2_franka_ws/install/franka_ign_ros2_control:/home/jiataoding/ros2_franka_ws/install/franka_fr3_moveit_config:/home/jiataoding/ros2_franka_ws/install/franka_hardware:/home/jiataoding/ros2_franka_ws/install/franka_gripper:/home/jiataoding/ros2_franka_ws/install/franka_msgs:/home/jiataoding/ros2_franka_ws/install/franka_description:/home/jiataoding/ros2_franka_ws/install/cartesian_impedance_controller:/home/jiataoding/ros2_franka_ws/install/effort_controller_base:/home/jiataoding/ros2_franka_ws/install/debug_msg:/home/jiataoding/franco_ros2_franka_ws/install/joint_impedance_controller:/home/jiataoding/franco_ros2_franka_ws/install/integration_launch_testing:/home/jiataoding/franco_ros2_franka_ws/install/idra_franka_launch:/home/jiataoding/franco_ros2_franka_ws/install/gravity_compensation:/home/jiataoding/franco_ros2_franka_ws/install/franka_task_pipeline:/home/jiataoding/franco_ros2_franka_ws/install/franka_ros2:/home/jiataoding/franco_ros2_franka_ws/install/franka_bringup:/home/jiataoding/franco_ros2_franka_ws/install/franka_robot_state_broadcaster:/home/jiataoding/franco_ros2_franka_ws/install/franka_example_controllers:/home/jiataoding/franco_ros2_franka_ws/install/franka_semantic_components:/home/jiataoding/franco_ros2_franka_ws/install/franka_gazebo_bringup:/home/jiataoding/franco_ros2_franka_ws/install/franka_ign_ros2_control:/home/jiataoding/franco_ros2_franka_ws/install/franka_fr3_moveit_config:/home/jiataoding/franco_ros2_franka_ws/install/franka_hardware:/home/jiataoding/franco_ros2_franka_ws/install/franka_gripper:/home/jiataoding/franco_ros2_franka_ws/install/franka_msgs:/home/jiataoding/franco_ros2_franka_ws/install/franka_description:/home/jiataoding/franco_ros2_franka_ws/install/cartesian_impedance_controller:/home/jiataoding/franco_ros2_franka_ws/install/effort_controller_base:/home/jiataoding/franco_ros2_franka_ws/install/debug_msg:/opt/openrobots: /usr/bin/cmake --build /home/jiataoding/franco_ros2_franka_ws/src/build/franka_msgs -- -j24 -l24
[0.817s] DEBUG:colcon.colcon_core.event_handler.log_command:Invoking command in '/home/jiataoding/franco_ros2_franka_ws/src/build/franka_msgs': CMAKE_PREFIX_PATH=/home/jiataoding/franco_ros2_franka_ws/src/install/joint_impedance_controller:/home/jiataoding/franco_ros2_franka_ws/src/install/integration_launch_testing:/home/jiataoding/franco_ros2_franka_ws/src/install/idra_franka_launch:/home/jiataoding/franco_ros2_franka_ws/src/install/gravity_compensation:/home/jiataoding/franco_ros2_franka_ws/src/install/franka_task_pipeline:/home/jiataoding/franco_ros2_franka_ws/src/install/franka_ros2:/home/jiataoding/franco_ros2_franka_ws/src/install/franka_bringup:/home/jiataoding/franco_ros2_franka_ws/src/install/franka_robot_state_broadcaster:/home/jiataoding/franco_ros2_franka_ws/src/install/franka_example_controllers:/home/jiataoding/franco_ros2_franka_ws/src/install/franka_semantic_components:/home/jiataoding/franco_ros2_franka_ws/src/install/franka_gazebo_bringup:/home/jiataoding/franco_ros2_franka_ws/src/install/franka_ign_ros2_control:/home/jiataoding/franco_ros2_franka_ws/src/install/franka_fr3_moveit_config:/home/jiataoding/franco_ros2_franka_ws/src/install/franka_hardware:/home/jiataoding/franco_ros2_franka_ws/src/install/franka_gripper:/home/jiataoding/franco_ros2_franka_ws/src/install/franka_msgs:/home/jiataoding/franco_ros2_franka_ws/src/install/franka_description:/home/jiataoding/franco_ros2_franka_ws/src/install/cartesian_impedance_controller:/opt/ros/humble:/home/jiataoding/franco_ros2_franka_ws/src/install/effort_controller_base:/home/jiataoding/franco_ros2_franka_ws/src/install/debug_msg:/home/jiataoding/ros2_franka_ws/install/joint_impedance_controller:/home/jiataoding/ros2_franka_ws/install/integration_launch_testing:/home/jiataoding/ros2_franka_ws/install/idra_franka_launch:/home/jiataoding/ros2_franka_ws/install/gravity_compensation:/home/jiataoding/ros2_franka_ws/install/franka_task_pipeline:/home/jiataoding/ros2_franka_ws/install/franka_ros2:/home/jiataoding/ros2_franka_ws/install/franka_bringup:/home/jiataoding/ros2_franka_ws/install/franka_robot_state_broadcaster:/home/jiataoding/ros2_franka_ws/install/franka_example_controllers:/home/jiataoding/ros2_franka_ws/install/franka_semantic_components:/home/jiataoding/ros2_franka_ws/install/franka_gazebo_bringup:/home/jiataoding/ros2_franka_ws/install/franka_ign_ros2_control:/home/jiataoding/ros2_franka_ws/install/franka_fr3_moveit_config:/home/jiataoding/ros2_franka_ws/install/franka_hardware:/home/jiataoding/ros2_franka_ws/install/franka_gripper:/home/jiataoding/ros2_franka_ws/install/franka_msgs:/home/jiataoding/ros2_franka_ws/install/franka_description:/home/jiataoding/ros2_franka_ws/install/cartesian_impedance_controller:/home/jiataoding/ros2_franka_ws/install/effort_controller_base:/home/jiataoding/ros2_franka_ws/install/debug_msg:/home/jiataoding/franco_ros2_franka_ws/install/joint_impedance_controller:/home/jiataoding/franco_ros2_franka_ws/install/integration_launch_testing:/home/jiataoding/franco_ros2_franka_ws/install/idra_franka_launch:/home/jiataoding/franco_ros2_franka_ws/install/gravity_compensation:/home/jiataoding/franco_ros2_franka_ws/install/franka_task_pipeline:/home/jiataoding/franco_ros2_franka_ws/install/franka_ros2:/home/jiataoding/franco_ros2_franka_ws/install/franka_bringup:/home/jiataoding/franco_ros2_franka_ws/install/franka_robot_state_broadcaster:/home/jiataoding/franco_ros2_franka_ws/install/franka_example_controllers:/home/jiataoding/franco_ros2_franka_ws/install/franka_semantic_components:/home/jiataoding/franco_ros2_franka_ws/install/franka_gazebo_bringup:/home/jiataoding/franco_ros2_franka_ws/install/franka_ign_ros2_control:/home/jiataoding/franco_ros2_franka_ws/install/franka_fr3_moveit_config:/home/jiataoding/franco_ros2_franka_ws/install/franka_hardware:/home/jiataoding/franco_ros2_franka_ws/install/franka_gripper:/home/jiataoding/franco_ros2_franka_ws/install/franka_msgs:/home/jiataoding/franco_ros2_franka_ws/install/franka_description:/home/jiataoding/franco_ros2_franka_ws/install/cartesian_impedance_controller:/home/jiataoding/franco_ros2_franka_ws/install/effort_controller_base:/home/jiataoding/franco_ros2_franka_ws/install/debug_msg:/opt/openrobots: /usr/bin/cmake --install /home/jiataoding/franco_ros2_franka_ws/src/build/franka_msgs
[0.824s] DEBUG:colcon.colcon_core.event_handler.log_command:Invoked command in '/home/jiataoding/franco_ros2_franka_ws/src/build/debug_msg' returned '0': CMAKE_PREFIX_PATH=/home/jiataoding/franco_ros2_franka_ws/src/install/joint_impedance_controller:/home/jiataoding/franco_ros2_franka_ws/src/install/integration_launch_testing:/home/jiataoding/franco_ros2_franka_ws/src/install/idra_franka_launch:/home/jiataoding/franco_ros2_franka_ws/src/install/gravity_compensation:/home/jiataoding/franco_ros2_franka_ws/src/install/franka_task_pipeline:/home/jiataoding/franco_ros2_franka_ws/src/install/franka_ros2:/home/jiataoding/franco_ros2_franka_ws/src/install/franka_bringup:/home/jiataoding/franco_ros2_franka_ws/src/install/franka_robot_state_broadcaster:/home/jiataoding/franco_ros2_franka_ws/src/install/franka_example_controllers:/home/jiataoding/franco_ros2_franka_ws/src/install/franka_semantic_components:/home/jiataoding/franco_ros2_franka_ws/src/install/franka_gazebo_bringup:/home/jiataoding/franco_ros2_franka_ws/src/install/franka_ign_ros2_control:/home/jiataoding/franco_ros2_franka_ws/src/install/franka_fr3_moveit_config:/home/jiataoding/franco_ros2_franka_ws/src/install/franka_hardware:/home/jiataoding/franco_ros2_franka_ws/src/install/franka_gripper:/home/jiataoding/franco_ros2_franka_ws/src/install/franka_msgs:/home/jiataoding/franco_ros2_franka_ws/src/install/franka_description:/home/jiataoding/franco_ros2_franka_ws/src/install/cartesian_impedance_controller:/opt/ros/humble:/home/jiataoding/franco_ros2_franka_ws/src/install/effort_controller_base:/home/jiataoding/franco_ros2_franka_ws/src/install/debug_msg:/home/jiataoding/ros2_franka_ws/install/joint_impedance_controller:/home/jiataoding/ros2_franka_ws/install/integration_launch_testing:/home/jiataoding/ros2_franka_ws/install/idra_franka_launch:/home/jiataoding/ros2_franka_ws/install/gravity_compensation:/home/jiataoding/ros2_franka_ws/install/franka_task_pipeline:/home/jiataoding/ros2_franka_ws/install/franka_ros2:/home/jiataoding/ros2_franka_ws/install/franka_bringup:/home/jiataoding/ros2_franka_ws/install/franka_robot_state_broadcaster:/home/jiataoding/ros2_franka_ws/install/franka_example_controllers:/home/jiataoding/ros2_franka_ws/install/franka_semantic_components:/home/jiataoding/ros2_franka_ws/install/franka_gazebo_bringup:/home/jiataoding/ros2_franka_ws/install/franka_ign_ros2_control:/home/jiataoding/ros2_franka_ws/install/franka_fr3_moveit_config:/home/jiataoding/ros2_franka_ws/install/franka_hardware:/home/jiataoding/ros2_franka_ws/install/franka_gripper:/home/jiataoding/ros2_franka_ws/install/franka_msgs:/home/jiataoding/ros2_franka_ws/install/franka_description:/home/jiataoding/ros2_franka_ws/install/cartesian_impedance_controller:/home/jiataoding/ros2_franka_ws/install/effort_controller_base:/home/jiataoding/ros2_franka_ws/install/debug_msg:/home/jiataoding/franco_ros2_franka_ws/install/joint_impedance_controller:/home/jiataoding/franco_ros2_franka_ws/install/integration_launch_testing:/home/jiataoding/franco_ros2_franka_ws/install/idra_franka_launch:/home/jiataoding/franco_ros2_franka_ws/install/gravity_compensation:/home/jiataoding/franco_ros2_franka_ws/install/franka_task_pipeline:/home/jiataoding/franco_ros2_franka_ws/install/franka_ros2:/home/jiataoding/franco_ros2_franka_ws/install/franka_bringup:/home/jiataoding/franco_ros2_franka_ws/install/franka_robot_state_broadcaster:/home/jiataoding/franco_ros2_franka_ws/install/franka_example_controllers:/home/jiataoding/franco_ros2_franka_ws/install/franka_semantic_components:/home/jiataoding/franco_ros2_franka_ws/install/franka_gazebo_bringup:/home/jiataoding/franco_ros2_franka_ws/install/franka_ign_ros2_control:/home/jiataoding/franco_ros2_franka_ws/install/franka_fr3_moveit_config:/home/jiataoding/franco_ros2_franka_ws/install/franka_hardware:/home/jiataoding/franco_ros2_franka_ws/install/franka_gripper:/home/jiataoding/franco_ros2_franka_ws/install/franka_msgs:/home/jiataoding/franco_ros2_franka_ws/install/franka_description:/home/jiataoding/franco_ros2_franka_ws/install/cartesian_impedance_controller:/home/jiataoding/franco_ros2_franka_ws/install/effort_controller_base:/home/jiataoding/franco_ros2_franka_ws/install/debug_msg:/opt/openrobots: /usr/bin/cmake --build /home/jiataoding/franco_ros2_franka_ws/src/build/debug_msg -- -j24 -l24
[0.826s] DEBUG:colcon.colcon_core.event_handler.log_command:Invoking command in '/home/jiataoding/franco_ros2_franka_ws/src/build/debug_msg': CMAKE_PREFIX_PATH=/home/jiataoding/franco_ros2_franka_ws/src/install/joint_impedance_controller:/home/jiataoding/franco_ros2_franka_ws/src/install/integration_launch_testing:/home/jiataoding/franco_ros2_franka_ws/src/install/idra_franka_launch:/home/jiataoding/franco_ros2_franka_ws/src/install/gravity_compensation:/home/jiataoding/franco_ros2_franka_ws/src/install/franka_task_pipeline:/home/jiataoding/franco_ros2_franka_ws/src/install/franka_ros2:/home/jiataoding/franco_ros2_franka_ws/src/install/franka_bringup:/home/jiataoding/franco_ros2_franka_ws/src/install/franka_robot_state_broadcaster:/home/jiataoding/franco_ros2_franka_ws/src/install/franka_example_controllers:/home/jiataoding/franco_ros2_franka_ws/src/install/franka_semantic_components:/home/jiataoding/franco_ros2_franka_ws/src/install/franka_gazebo_bringup:/home/jiataoding/franco_ros2_franka_ws/src/install/franka_ign_ros2_control:/home/jiataoding/franco_ros2_franka_ws/src/install/franka_fr3_moveit_config:/home/jiataoding/franco_ros2_franka_ws/src/install/franka_hardware:/home/jiataoding/franco_ros2_franka_ws/src/install/franka_gripper:/home/jiataoding/franco_ros2_franka_ws/src/install/franka_msgs:/home/jiataoding/franco_ros2_franka_ws/src/install/franka_description:/home/jiataoding/franco_ros2_franka_ws/src/install/cartesian_impedance_controller:/opt/ros/humble:/home/jiataoding/franco_ros2_franka_ws/src/install/effort_controller_base:/home/jiataoding/franco_ros2_franka_ws/src/install/debug_msg:/home/jiataoding/ros2_franka_ws/install/joint_impedance_controller:/home/jiataoding/ros2_franka_ws/install/integration_launch_testing:/home/jiataoding/ros2_franka_ws/install/idra_franka_launch:/home/jiataoding/ros2_franka_ws/install/gravity_compensation:/home/jiataoding/ros2_franka_ws/install/franka_task_pipeline:/home/jiataoding/ros2_franka_ws/install/franka_ros2:/home/jiataoding/ros2_franka_ws/install/franka_bringup:/home/jiataoding/ros2_franka_ws/install/franka_robot_state_broadcaster:/home/jiataoding/ros2_franka_ws/install/franka_example_controllers:/home/jiataoding/ros2_franka_ws/install/franka_semantic_components:/home/jiataoding/ros2_franka_ws/install/franka_gazebo_bringup:/home/jiataoding/ros2_franka_ws/install/franka_ign_ros2_control:/home/jiataoding/ros2_franka_ws/install/franka_fr3_moveit_config:/home/jiataoding/ros2_franka_ws/install/franka_hardware:/home/jiataoding/ros2_franka_ws/install/franka_gripper:/home/jiataoding/ros2_franka_ws/install/franka_msgs:/home/jiataoding/ros2_franka_ws/install/franka_description:/home/jiataoding/ros2_franka_ws/install/cartesian_impedance_controller:/home/jiataoding/ros2_franka_ws/install/effort_controller_base:/home/jiataoding/ros2_franka_ws/install/debug_msg:/home/jiataoding/franco_ros2_franka_ws/install/joint_impedance_controller:/home/jiataoding/franco_ros2_franka_ws/install/integration_launch_testing:/home/jiataoding/franco_ros2_franka_ws/install/idra_franka_launch:/home/jiataoding/franco_ros2_franka_ws/install/gravity_compensation:/home/jiataoding/franco_ros2_franka_ws/install/franka_task_pipeline:/home/jiataoding/franco_ros2_franka_ws/install/franka_ros2:/home/jiataoding/franco_ros2_franka_ws/install/franka_bringup:/home/jiataoding/franco_ros2_franka_ws/install/franka_robot_state_broadcaster:/home/jiataoding/franco_ros2_franka_ws/install/franka_example_controllers:/home/jiataoding/franco_ros2_franka_ws/install/franka_semantic_components:/home/jiataoding/franco_ros2_franka_ws/install/franka_gazebo_bringup:/home/jiataoding/franco_ros2_franka_ws/install/franka_ign_ros2_control:/home/jiataoding/franco_ros2_franka_ws/install/franka_fr3_moveit_config:/home/jiataoding/franco_ros2_franka_ws/install/franka_hardware:/home/jiataoding/franco_ros2_franka_ws/install/franka_gripper:/home/jiataoding/franco_ros2_franka_ws/install/franka_msgs:/home/jiataoding/franco_ros2_franka_ws/install/franka_description:/home/jiataoding/franco_ros2_franka_ws/install/cartesian_impedance_controller:/home/jiataoding/franco_ros2_franka_ws/install/effort_controller_base:/home/jiataoding/franco_ros2_franka_ws/install/debug_msg:/opt/openrobots: /usr/bin/cmake --install /home/jiataoding/franco_ros2_franka_ws/src/build/debug_msg
[0.918s] Level 1:colcon.colcon_core.environment:create_environment_scripts_only(debug_msg)
[0.919s] Level 1:colcon.colcon_core.environment:checking '/home/jiataoding/franco_ros2_franka_ws/src/install/debug_msg' for CMake module files
[0.919s] DEBUG:colcon.colcon_core.event_handler.log_command:Invoked command in '/home/jiataoding/franco_ros2_franka_ws/src/build/debug_msg' returned '0': CMAKE_PREFIX_PATH=/home/jiataoding/franco_ros2_franka_ws/src/install/joint_impedance_controller:/home/jiataoding/franco_ros2_franka_ws/src/install/integration_launch_testing:/home/jiataoding/franco_ros2_franka_ws/src/install/idra_franka_launch:/home/jiataoding/franco_ros2_franka_ws/src/install/gravity_compensation:/home/jiataoding/franco_ros2_franka_ws/src/install/franka_task_pipeline:/home/jiataoding/franco_ros2_franka_ws/src/install/franka_ros2:/home/jiataoding/franco_ros2_franka_ws/src/install/franka_bringup:/home/jiataoding/franco_ros2_franka_ws/src/install/franka_robot_state_broadcaster:/home/jiataoding/franco_ros2_franka_ws/src/install/franka_example_controllers:/home/jiataoding/franco_ros2_franka_ws/src/install/franka_semantic_components:/home/jiataoding/franco_ros2_franka_ws/src/install/franka_gazebo_bringup:/home/jiataoding/franco_ros2_franka_ws/src/install/franka_ign_ros2_control:/home/jiataoding/franco_ros2_franka_ws/src/install/franka_fr3_moveit_config:/home/jiataoding/franco_ros2_franka_ws/src/install/franka_hardware:/home/jiataoding/franco_ros2_franka_ws/src/install/franka_gripper:/home/jiataoding/franco_ros2_franka_ws/src/install/franka_msgs:/home/jiataoding/franco_ros2_franka_ws/src/install/franka_description:/home/jiataoding/franco_ros2_franka_ws/src/install/cartesian_impedance_controller:/opt/ros/humble:/home/jiataoding/franco_ros2_franka_ws/src/install/effort_controller_base:/home/jiataoding/franco_ros2_franka_ws/src/install/debug_msg:/home/jiataoding/ros2_franka_ws/install/joint_impedance_controller:/home/jiataoding/ros2_franka_ws/install/integration_launch_testing:/home/jiataoding/ros2_franka_ws/install/idra_franka_launch:/home/jiataoding/ros2_franka_ws/install/gravity_compensation:/home/jiataoding/ros2_franka_ws/install/franka_task_pipeline:/home/jiataoding/ros2_franka_ws/install/franka_ros2:/home/jiataoding/ros2_franka_ws/install/franka_bringup:/home/jiataoding/ros2_franka_ws/install/franka_robot_state_broadcaster:/home/jiataoding/ros2_franka_ws/install/franka_example_controllers:/home/jiataoding/ros2_franka_ws/install/franka_semantic_components:/home/jiataoding/ros2_franka_ws/install/franka_gazebo_bringup:/home/jiataoding/ros2_franka_ws/install/franka_ign_ros2_control:/home/jiataoding/ros2_franka_ws/install/franka_fr3_moveit_config:/home/jiataoding/ros2_franka_ws/install/franka_hardware:/home/jiataoding/ros2_franka_ws/install/franka_gripper:/home/jiataoding/ros2_franka_ws/install/franka_msgs:/home/jiataoding/ros2_franka_ws/install/franka_description:/home/jiataoding/ros2_franka_ws/install/cartesian_impedance_controller:/home/jiataoding/ros2_franka_ws/install/effort_controller_base:/home/jiataoding/ros2_franka_ws/install/debug_msg:/home/jiataoding/franco_ros2_franka_ws/install/joint_impedance_controller:/home/jiataoding/franco_ros2_franka_ws/install/integration_launch_testing:/home/jiataoding/franco_ros2_franka_ws/install/idra_franka_launch:/home/jiataoding/franco_ros2_franka_ws/install/gravity_compensation:/home/jiataoding/franco_ros2_franka_ws/install/franka_task_pipeline:/home/jiataoding/franco_ros2_franka_ws/install/franka_ros2:/home/jiataoding/franco_ros2_franka_ws/install/franka_bringup:/home/jiataoding/franco_ros2_franka_ws/install/franka_robot_state_broadcaster:/home/jiataoding/franco_ros2_franka_ws/install/franka_example_controllers:/home/jiataoding/franco_ros2_franka_ws/install/franka_semantic_components:/home/jiataoding/franco_ros2_franka_ws/install/franka_gazebo_bringup:/home/jiataoding/franco_ros2_franka_ws/install/franka_ign_ros2_control:/home/jiataoding/franco_ros2_franka_ws/install/franka_fr3_moveit_config:/home/jiataoding/franco_ros2_franka_ws/install/franka_hardware:/home/jiataoding/franco_ros2_franka_ws/install/franka_gripper:/home/jiataoding/franco_ros2_franka_ws/install/franka_msgs:/home/jiataoding/franco_ros2_franka_ws/install/franka_description:/home/jiataoding/franco_ros2_franka_ws/install/cartesian_impedance_controller:/home/jiataoding/franco_ros2_franka_ws/install/effort_controller_base:/home/jiataoding/franco_ros2_franka_ws/install/debug_msg:/opt/openrobots: /usr/bin/cmake --install /home/jiataoding/franco_ros2_franka_ws/src/build/debug_msg
[0.920s] Level 1:colcon.colcon_core.environment:checking '/home/jiataoding/franco_ros2_franka_ws/src/install/debug_msg' for CMake config files
[0.921s] Level 1:colcon.colcon_core.shell:create_environment_hook('debug_msg', 'cmake_prefix_path')
[0.921s] INFO:colcon.colcon_core.shell:Creating environment hook '/home/jiataoding/franco_ros2_franka_ws/src/install/debug_msg/share/debug_msg/hook/cmake_prefix_path.ps1'
[0.922s] INFO:colcon.colcon_core.shell:Creating environment descriptor '/home/jiataoding/franco_ros2_franka_ws/src/install/debug_msg/share/debug_msg/hook/cmake_prefix_path.dsv'
[0.922s] INFO:colcon.colcon_core.shell:Creating environment hook '/home/jiataoding/franco_ros2_franka_ws/src/install/debug_msg/share/debug_msg/hook/cmake_prefix_path.sh'
[0.923s] Level 1:colcon.colcon_core.environment:checking '/home/jiataoding/franco_ros2_franka_ws/src/install/debug_msg/lib'
[0.923s] Level 1:colcon.colcon_core.shell:create_environment_hook('debug_msg', 'ld_library_path_lib')
[0.923s] INFO:colcon.colcon_core.shell:Creating environment hook '/home/jiataoding/franco_ros2_franka_ws/src/install/debug_msg/share/debug_msg/hook/ld_library_path_lib.ps1'
[0.924s] INFO:colcon.colcon_core.shell:Creating environment descriptor '/home/jiataoding/franco_ros2_franka_ws/src/install/debug_msg/share/debug_msg/hook/ld_library_path_lib.dsv'
[0.924s] INFO:colcon.colcon_core.shell:Creating environment hook '/home/jiataoding/franco_ros2_franka_ws/src/install/debug_msg/share/debug_msg/hook/ld_library_path_lib.sh'
[0.925s] Level 1:colcon.colcon_core.environment:checking '/home/jiataoding/franco_ros2_franka_ws/src/install/debug_msg/bin'
[0.925s] Level 1:colcon.colcon_core.environment:checking '/home/jiataoding/franco_ros2_franka_ws/src/install/debug_msg/lib/pkgconfig/debug_msg.pc'
[0.925s] Level 1:colcon.colcon_core.environment:checking '/home/jiataoding/franco_ros2_franka_ws/src/install/debug_msg/lib/python3.10/site-packages'
[0.926s] Level 1:colcon.colcon_core.environment:checking '/home/jiataoding/franco_ros2_franka_ws/src/install/debug_msg/bin'
[0.926s] INFO:colcon.colcon_core.shell:Creating package script '/home/jiataoding/franco_ros2_franka_ws/src/install/debug_msg/share/debug_msg/package.ps1'
[0.927s] INFO:colcon.colcon_core.shell:Creating package descriptor '/home/jiataoding/franco_ros2_franka_ws/src/install/debug_msg/share/debug_msg/package.dsv'
[0.928s] INFO:colcon.colcon_core.shell:Creating package script '/home/jiataoding/franco_ros2_franka_ws/src/install/debug_msg/share/debug_msg/package.sh'
[0.928s] INFO:colcon.colcon_core.shell:Creating package script '/home/jiataoding/franco_ros2_franka_ws/src/install/debug_msg/share/debug_msg/package.bash'
[0.929s] INFO:colcon.colcon_core.shell:Creating package script '/home/jiataoding/franco_ros2_franka_ws/src/install/debug_msg/share/debug_msg/package.zsh'
[0.929s] Level 1:colcon.colcon_core.environment:create_file_with_runtime_dependencies(/home/jiataoding/franco_ros2_franka_ws/src/install/debug_msg/share/colcon-core/packages/debug_msg)
[0.930s] Level 1:colcon.colcon_core.environment:create_environment_scripts_only(debug_msg)
[0.930s] Level 1:colcon.colcon_core.environment:checking '/home/jiataoding/franco_ros2_franka_ws/src/install/debug_msg' for CMake module files
[0.931s] Level 1:colcon.colcon_core.environment:checking '/home/jiataoding/franco_ros2_franka_ws/src/install/debug_msg' for CMake config files
[0.931s] Level 1:colcon.colcon_core.shell:create_environment_hook('debug_msg', 'cmake_prefix_path')
[0.932s] INFO:colcon.colcon_core.shell:Creating environment hook '/home/jiataoding/franco_ros2_franka_ws/src/install/debug_msg/share/debug_msg/hook/cmake_prefix_path.ps1'
[0.932s] INFO:colcon.colcon_core.shell:Creating environment descriptor '/home/jiataoding/franco_ros2_franka_ws/src/install/debug_msg/share/debug_msg/hook/cmake_prefix_path.dsv'
[0.932s] INFO:colcon.colcon_core.shell:Creating environment hook '/home/jiataoding/franco_ros2_franka_ws/src/install/debug_msg/share/debug_msg/hook/cmake_prefix_path.sh'
[0.933s] Level 1:colcon.colcon_core.environment:checking '/home/jiataoding/franco_ros2_franka_ws/src/install/debug_msg/lib'
[0.933s] Level 1:colcon.colcon_core.shell:create_environment_hook('debug_msg', 'ld_library_path_lib')
[0.933s] INFO:colcon.colcon_core.shell:Creating environment hook '/home/jiataoding/franco_ros2_franka_ws/src/install/debug_msg/share/debug_msg/hook/ld_library_path_lib.ps1'
[0.934s] INFO:colcon.colcon_core.shell:Creating environment descriptor '/home/jiataoding/franco_ros2_franka_ws/src/install/debug_msg/share/debug_msg/hook/ld_library_path_lib.dsv'
[0.934s] INFO:colcon.colcon_core.shell:Creating environment hook '/home/jiataoding/franco_ros2_franka_ws/src/install/debug_msg/share/debug_msg/hook/ld_library_path_lib.sh'
[0.935s] Level 1:colcon.colcon_core.environment:checking '/home/jiataoding/franco_ros2_franka_ws/src/install/debug_msg/bin'
[0.935s] Level 1:colcon.colcon_core.environment:checking '/home/jiataoding/franco_ros2_franka_ws/src/install/debug_msg/lib/pkgconfig/debug_msg.pc'
[0.935s] Level 1:colcon.colcon_core.environment:checking '/home/jiataoding/franco_ros2_franka_ws/src/install/debug_msg/lib/python3.10/site-packages'
[0.935s] Level 1:colcon.colcon_core.environment:checking '/home/jiataoding/franco_ros2_franka_ws/src/install/debug_msg/bin'
[0.936s] INFO:colcon.colcon_core.shell:Creating package script '/home/jiataoding/franco_ros2_franka_ws/src/install/debug_msg/share/debug_msg/package.ps1'
[0.936s] INFO:colcon.colcon_core.shell:Creating package descriptor '/home/jiataoding/franco_ros2_franka_ws/src/install/debug_msg/share/debug_msg/package.dsv'
[0.937s] INFO:colcon.colcon_core.shell:Creating package script '/home/jiataoding/franco_ros2_franka_ws/src/install/debug_msg/share/debug_msg/package.sh'
[0.938s] INFO:colcon.colcon_core.shell:Creating package script '/home/jiataoding/franco_ros2_franka_ws/src/install/debug_msg/share/debug_msg/package.bash'
[0.938s] INFO:colcon.colcon_core.shell:Creating package script '/home/jiataoding/franco_ros2_franka_ws/src/install/debug_msg/share/debug_msg/package.zsh'
[0.939s] Level 1:colcon.colcon_core.environment:create_file_with_runtime_dependencies(/home/jiataoding/franco_ros2_franka_ws/src/install/debug_msg/share/colcon-core/packages/debug_msg)
[0.939s] INFO:colcon.colcon_ros.task.ament_cmake.build:Building ROS package in '/home/jiataoding/franco_ros2_franka_ws/src/ros2_effort_controller/cartesian_impedance_controller' with build type 'ament_cmake'
[0.939s] INFO:colcon.colcon_cmake.task.cmake.build:Building CMake package in '/home/jiataoding/franco_ros2_franka_ws/src/ros2_effort_controller/cartesian_impedance_controller'
[0.939s] INFO:colcon.colcon_core.shell:Skip shell extension 'powershell' for command environment: Not usable outside of PowerShell
[0.939s] DEBUG:colcon.colcon_core.shell:Skip shell extension 'dsv' for command environment
[0.948s] INFO:colcon.colcon_ros.task.ament_cmake.build:Building ROS package in '/home/jiataoding/franco_ros2_franka_ws/src/ros2_effort_controller/gravity_compensation' with build type 'ament_cmake'
[0.948s] INFO:colcon.colcon_cmake.task.cmake.build:Building CMake package in '/home/jiataoding/franco_ros2_franka_ws/src/ros2_effort_controller/gravity_compensation'
[0.949s] INFO:colcon.colcon_core.shell:Skip shell extension 'powershell' for command environment: Not usable outside of PowerShell
[0.949s] DEBUG:colcon.colcon_core.shell:Skip shell extension 'dsv' for command environment
[0.954s] INFO:colcon.colcon_ros.task.ament_cmake.build:Building ROS package in '/home/jiataoding/franco_ros2_franka_ws/src/ros2_effort_controller/joint_impedance_controller' with build type 'ament_cmake'
[0.954s] INFO:colcon.colcon_cmake.task.cmake.build:Building CMake package in '/home/jiataoding/franco_ros2_franka_ws/src/ros2_effort_controller/joint_impedance_controller'
[0.954s] INFO:colcon.colcon_core.shell:Skip shell extension 'powershell' for command environment: Not usable outside of PowerShell
[0.954s] DEBUG:colcon.colcon_core.shell:Skip shell extension 'dsv' for command environment
[0.963s] Level 1:colcon.colcon_core.environment:create_environment_scripts_only(franka_msgs)
[0.964s] Level 1:colcon.colcon_core.environment:checking '/home/jiataoding/franco_ros2_franka_ws/src/install/franka_msgs' for CMake module files
[0.964s] DEBUG:colcon.colcon_core.event_handler.log_command:Invoked command in '/home/jiataoding/franco_ros2_franka_ws/src/build/franka_msgs' returned '0': CMAKE_PREFIX_PATH=/home/jiataoding/franco_ros2_franka_ws/src/install/joint_impedance_controller:/home/jiataoding/franco_ros2_franka_ws/src/install/integration_launch_testing:/home/jiataoding/franco_ros2_franka_ws/src/install/idra_franka_launch:/home/jiataoding/franco_ros2_franka_ws/src/install/gravity_compensation:/home/jiataoding/franco_ros2_franka_ws/src/install/franka_task_pipeline:/home/jiataoding/franco_ros2_franka_ws/src/install/franka_ros2:/home/jiataoding/franco_ros2_franka_ws/src/install/franka_bringup:/home/jiataoding/franco_ros2_franka_ws/src/install/franka_robot_state_broadcaster:/home/jiataoding/franco_ros2_franka_ws/src/install/franka_example_controllers:/home/jiataoding/franco_ros2_franka_ws/src/install/franka_semantic_components:/home/jiataoding/franco_ros2_franka_ws/src/install/franka_gazebo_bringup:/home/jiataoding/franco_ros2_franka_ws/src/install/franka_ign_ros2_control:/home/jiataoding/franco_ros2_franka_ws/src/install/franka_fr3_moveit_config:/home/jiataoding/franco_ros2_franka_ws/src/install/franka_hardware:/home/jiataoding/franco_ros2_franka_ws/src/install/franka_gripper:/home/jiataoding/franco_ros2_franka_ws/src/install/franka_msgs:/home/jiataoding/franco_ros2_franka_ws/src/install/franka_description:/home/jiataoding/franco_ros2_franka_ws/src/install/cartesian_impedance_controller:/opt/ros/humble:/home/jiataoding/franco_ros2_franka_ws/src/install/effort_controller_base:/home/jiataoding/franco_ros2_franka_ws/src/install/debug_msg:/home/jiataoding/ros2_franka_ws/install/joint_impedance_controller:/home/jiataoding/ros2_franka_ws/install/integration_launch_testing:/home/jiataoding/ros2_franka_ws/install/idra_franka_launch:/home/jiataoding/ros2_franka_ws/install/gravity_compensation:/home/jiataoding/ros2_franka_ws/install/franka_task_pipeline:/home/jiataoding/ros2_franka_ws/install/franka_ros2:/home/jiataoding/ros2_franka_ws/install/franka_bringup:/home/jiataoding/ros2_franka_ws/install/franka_robot_state_broadcaster:/home/jiataoding/ros2_franka_ws/install/franka_example_controllers:/home/jiataoding/ros2_franka_ws/install/franka_semantic_components:/home/jiataoding/ros2_franka_ws/install/franka_gazebo_bringup:/home/jiataoding/ros2_franka_ws/install/franka_ign_ros2_control:/home/jiataoding/ros2_franka_ws/install/franka_fr3_moveit_config:/home/jiataoding/ros2_franka_ws/install/franka_hardware:/home/jiataoding/ros2_franka_ws/install/franka_gripper:/home/jiataoding/ros2_franka_ws/install/franka_msgs:/home/jiataoding/ros2_franka_ws/install/franka_description:/home/jiataoding/ros2_franka_ws/install/cartesian_impedance_controller:/home/jiataoding/ros2_franka_ws/install/effort_controller_base:/home/jiataoding/ros2_franka_ws/install/debug_msg:/home/jiataoding/franco_ros2_franka_ws/install/joint_impedance_controller:/home/jiataoding/franco_ros2_franka_ws/install/integration_launch_testing:/home/jiataoding/franco_ros2_franka_ws/install/idra_franka_launch:/home/jiataoding/franco_ros2_franka_ws/install/gravity_compensation:/home/jiataoding/franco_ros2_franka_ws/install/franka_task_pipeline:/home/jiataoding/franco_ros2_franka_ws/install/franka_ros2:/home/jiataoding/franco_ros2_franka_ws/install/franka_bringup:/home/jiataoding/franco_ros2_franka_ws/install/franka_robot_state_broadcaster:/home/jiataoding/franco_ros2_franka_ws/install/franka_example_controllers:/home/jiataoding/franco_ros2_franka_ws/install/franka_semantic_components:/home/jiataoding/franco_ros2_franka_ws/install/franka_gazebo_bringup:/home/jiataoding/franco_ros2_franka_ws/install/franka_ign_ros2_control:/home/jiataoding/franco_ros2_franka_ws/install/franka_fr3_moveit_config:/home/jiataoding/franco_ros2_franka_ws/install/franka_hardware:/home/jiataoding/franco_ros2_franka_ws/install/franka_gripper:/home/jiataoding/franco_ros2_franka_ws/install/franka_msgs:/home/jiataoding/franco_ros2_franka_ws/install/franka_description:/home/jiataoding/franco_ros2_franka_ws/install/cartesian_impedance_controller:/home/jiataoding/franco_ros2_franka_ws/install/effort_controller_base:/home/jiataoding/franco_ros2_franka_ws/install/debug_msg:/opt/openrobots: /usr/bin/cmake --install /home/jiataoding/franco_ros2_franka_ws/src/build/franka_msgs
[0.965s] Level 1:colcon.colcon_core.environment:checking '/home/jiataoding/franco_ros2_franka_ws/src/install/franka_msgs' for CMake config files
[0.965s] Level 1:colcon.colcon_core.shell:create_environment_hook('franka_msgs', 'cmake_prefix_path')
[0.966s] INFO:colcon.colcon_core.shell:Creating environment hook '/home/jiataoding/franco_ros2_franka_ws/src/install/franka_msgs/share/franka_msgs/hook/cmake_prefix_path.ps1'
[0.966s] INFO:colcon.colcon_core.shell:Creating environment descriptor '/home/jiataoding/franco_ros2_franka_ws/src/install/franka_msgs/share/franka_msgs/hook/cmake_prefix_path.dsv'
[0.967s] INFO:colcon.colcon_core.shell:Creating environment hook '/home/jiataoding/franco_ros2_franka_ws/src/install/franka_msgs/share/franka_msgs/hook/cmake_prefix_path.sh'
[0.967s] Level 1:colcon.colcon_core.environment:checking '/home/jiataoding/franco_ros2_franka_ws/src/install/franka_msgs/lib'
[0.967s] Level 1:colcon.colcon_core.shell:create_environment_hook('franka_msgs', 'ld_library_path_lib')
[0.967s] INFO:colcon.colcon_core.shell:Creating environment hook '/home/jiataoding/franco_ros2_franka_ws/src/install/franka_msgs/share/franka_msgs/hook/ld_library_path_lib.ps1'
[0.968s] INFO:colcon.colcon_core.shell:Creating environment descriptor '/home/jiataoding/franco_ros2_franka_ws/src/install/franka_msgs/share/franka_msgs/hook/ld_library_path_lib.dsv'
[0.968s] INFO:colcon.colcon_core.shell:Creating environment hook '/home/jiataoding/franco_ros2_franka_ws/src/install/franka_msgs/share/franka_msgs/hook/ld_library_path_lib.sh'
[0.969s] Level 1:colcon.colcon_core.environment:checking '/home/jiataoding/franco_ros2_franka_ws/src/install/franka_msgs/bin'
[0.969s] Level 1:colcon.colcon_core.environment:checking '/home/jiataoding/franco_ros2_franka_ws/src/install/franka_msgs/lib/pkgconfig/franka_msgs.pc'
[0.969s] Level 1:colcon.colcon_core.environment:checking '/home/jiataoding/franco_ros2_franka_ws/src/install/franka_msgs/lib/python3.10/site-packages'
[0.969s] Level 1:colcon.colcon_core.environment:checking '/home/jiataoding/franco_ros2_franka_ws/src/install/franka_msgs/bin'
[0.970s] INFO:colcon.colcon_core.shell:Creating package script '/home/jiataoding/franco_ros2_franka_ws/src/install/franka_msgs/share/franka_msgs/package.ps1'
[0.970s] INFO:colcon.colcon_core.shell:Creating package descriptor '/home/jiataoding/franco_ros2_franka_ws/src/install/franka_msgs/share/franka_msgs/package.dsv'
[0.970s] INFO:colcon.colcon_core.shell:Creating package script '/home/jiataoding/franco_ros2_franka_ws/src/install/franka_msgs/share/franka_msgs/package.sh'
[0.971s] INFO:colcon.colcon_core.shell:Creating package script '/home/jiataoding/franco_ros2_franka_ws/src/install/franka_msgs/share/franka_msgs/package.bash'
[0.971s] INFO:colcon.colcon_core.shell:Creating package script '/home/jiataoding/franco_ros2_franka_ws/src/install/franka_msgs/share/franka_msgs/package.zsh'
[0.971s] Level 1:colcon.colcon_core.environment:create_file_with_runtime_dependencies(/home/jiataoding/franco_ros2_franka_ws/src/install/franka_msgs/share/colcon-core/packages/franka_msgs)
[0.972s] Level 1:colcon.colcon_core.environment:create_environment_scripts_only(franka_msgs)
[0.972s] Level 1:colcon.colcon_core.environment:checking '/home/jiataoding/franco_ros2_franka_ws/src/install/franka_msgs' for CMake module files
[0.973s] Level 1:colcon.colcon_core.environment:checking '/home/jiataoding/franco_ros2_franka_ws/src/install/franka_msgs' for CMake config files
[0.974s] Level 1:colcon.colcon_core.shell:create_environment_hook('franka_msgs', 'cmake_prefix_path')
[0.974s] INFO:colcon.colcon_core.shell:Creating environment hook '/home/jiataoding/franco_ros2_franka_ws/src/install/franka_msgs/share/franka_msgs/hook/cmake_prefix_path.ps1'
[0.974s] INFO:colcon.colcon_core.shell:Creating environment descriptor '/home/jiataoding/franco_ros2_franka_ws/src/install/franka_msgs/share/franka_msgs/hook/cmake_prefix_path.dsv'
[0.975s] INFO:colcon.colcon_core.shell:Creating environment hook '/home/jiataoding/franco_ros2_franka_ws/src/install/franka_msgs/share/franka_msgs/hook/cmake_prefix_path.sh'
[0.975s] Level 1:colcon.colcon_core.environment:checking '/home/jiataoding/franco_ros2_franka_ws/src/install/franka_msgs/lib'
[0.975s] Level 1:colcon.colcon_core.shell:create_environment_hook('franka_msgs', 'ld_library_path_lib')
[0.976s] INFO:colcon.colcon_core.shell:Creating environment hook '/home/jiataoding/franco_ros2_franka_ws/src/install/franka_msgs/share/franka_msgs/hook/ld_library_path_lib.ps1'
[0.976s] INFO:colcon.colcon_core.shell:Creating environment descriptor '/home/jiataoding/franco_ros2_franka_ws/src/install/franka_msgs/share/franka_msgs/hook/ld_library_path_lib.dsv'
[0.976s] INFO:colcon.colcon_core.shell:Creating environment hook '/home/jiataoding/franco_ros2_franka_ws/src/install/franka_msgs/share/franka_msgs/hook/ld_library_path_lib.sh'
[0.977s] Level 1:colcon.colcon_core.environment:checking '/home/jiataoding/franco_ros2_franka_ws/src/install/franka_msgs/bin'
[0.977s] Level 1:colcon.colcon_core.environment:checking '/home/jiataoding/franco_ros2_franka_ws/src/install/franka_msgs/lib/pkgconfig/franka_msgs.pc'
[0.977s] Level 1:colcon.colcon_core.environment:checking '/home/jiataoding/franco_ros2_franka_ws/src/install/franka_msgs/lib/python3.10/site-packages'
[0.977s] Level 1:colcon.colcon_core.environment:checking '/home/jiataoding/franco_ros2_franka_ws/src/install/franka_msgs/bin'
[0.978s] INFO:colcon.colcon_core.shell:Creating package script '/home/jiataoding/franco_ros2_franka_ws/src/install/franka_msgs/share/franka_msgs/package.ps1'
[0.978s] INFO:colcon.colcon_core.shell:Creating package descriptor '/home/jiataoding/franco_ros2_franka_ws/src/install/franka_msgs/share/franka_msgs/package.dsv'
[0.979s] INFO:colcon.colcon_core.shell:Creating package script '/home/jiataoding/franco_ros2_franka_ws/src/install/franka_msgs/share/franka_msgs/package.sh'
[0.979s] INFO:colcon.colcon_core.shell:Creating package script '/home/jiataoding/franco_ros2_franka_ws/src/install/franka_msgs/share/franka_msgs/package.bash'
[0.979s] INFO:colcon.colcon_core.shell:Creating package script '/home/jiataoding/franco_ros2_franka_ws/src/install/franka_msgs/share/franka_msgs/package.zsh'
[0.980s] Level 1:colcon.colcon_core.environment:create_file_with_runtime_dependencies(/home/jiataoding/franco_ros2_franka_ws/src/install/franka_msgs/share/colcon-core/packages/franka_msgs)
[0.980s] INFO:colcon.colcon_ros.task.ament_cmake.build:Building ROS package in '/home/jiataoding/franco_ros2_franka_ws/src/franka_ros2/franka_hardware' with build type 'ament_cmake'
[0.980s] INFO:colcon.colcon_cmake.task.cmake.build:Building CMake package in '/home/jiataoding/franco_ros2_franka_ws/src/franka_ros2/franka_hardware'
[0.981s] INFO:colcon.colcon_core.shell:Skip shell extension 'powershell' for command environment: Not usable outside of PowerShell
[0.981s] DEBUG:colcon.colcon_core.shell:Skip shell extension 'dsv' for command environment
[0.986s] INFO:colcon.colcon_ros.task.ament_cmake.build:Building ROS package in '/home/jiataoding/franco_ros2_franka_ws/src/franka_ros2/franka_gripper' with build type 'ament_cmake'
[0.986s] INFO:colcon.colcon_cmake.task.cmake.build:Building CMake package in '/home/jiataoding/franco_ros2_franka_ws/src/franka_ros2/franka_gripper'
[0.986s] INFO:colcon.colcon_core.shell:Skip shell extension 'powershell' for command environment: Not usable outside of PowerShell
[0.986s] DEBUG:colcon.colcon_core.shell:Skip shell extension 'dsv' for command environment
[0.998s] DEBUG:colcon.colcon_core.event_handler.log_command:Invoking command in '/home/jiataoding/franco_ros2_franka_ws/src/build/cartesian_impedance_controller': CMAKE_PREFIX_PATH=/opt/ros/humble:/home/jiataoding/franco_ros2_franka_ws/src/install/effort_controller_base:/home/jiataoding/franco_ros2_franka_ws/src/install/debug_msg:/home/jiataoding/franco_ros2_franka_ws/src/install/joint_impedance_controller:/home/jiataoding/franco_ros2_franka_ws/src/install/integration_launch_testing:/home/jiataoding/franco_ros2_franka_ws/src/install/idra_franka_launch:/home/jiataoding/franco_ros2_franka_ws/src/install/gravity_compensation:/home/jiataoding/franco_ros2_franka_ws/src/install/franka_task_pipeline:/home/jiataoding/franco_ros2_franka_ws/src/install/franka_ros2:/home/jiataoding/franco_ros2_franka_ws/src/install/franka_bringup:/home/jiataoding/franco_ros2_franka_ws/src/install/franka_robot_state_broadcaster:/home/jiataoding/franco_ros2_franka_ws/src/install/franka_example_controllers:/home/jiataoding/franco_ros2_franka_ws/src/install/franka_semantic_components:/home/jiataoding/franco_ros2_franka_ws/src/install/franka_gazebo_bringup:/home/jiataoding/franco_ros2_franka_ws/src/install/franka_ign_ros2_control:/home/jiataoding/franco_ros2_franka_ws/src/install/franka_fr3_moveit_config:/home/jiataoding/franco_ros2_franka_ws/src/install/franka_hardware:/home/jiataoding/franco_ros2_franka_ws/src/install/franka_gripper:/home/jiataoding/franco_ros2_franka_ws/src/install/franka_msgs:/home/jiataoding/franco_ros2_franka_ws/src/install/franka_description:/home/jiataoding/franco_ros2_franka_ws/src/install/cartesian_impedance_controller:/home/jiataoding/ros2_franka_ws/install/joint_impedance_controller:/home/jiataoding/ros2_franka_ws/install/integration_launch_testing:/home/jiataoding/ros2_franka_ws/install/idra_franka_launch:/home/jiataoding/ros2_franka_ws/install/gravity_compensation:/home/jiataoding/ros2_franka_ws/install/franka_task_pipeline:/home/jiataoding/ros2_franka_ws/install/franka_ros2:/home/jiataoding/ros2_franka_ws/install/franka_bringup:/home/jiataoding/ros2_franka_ws/install/franka_robot_state_broadcaster:/home/jiataoding/ros2_franka_ws/install/franka_example_controllers:/home/jiataoding/ros2_franka_ws/install/franka_semantic_components:/home/jiataoding/ros2_franka_ws/install/franka_gazebo_bringup:/home/jiataoding/ros2_franka_ws/install/franka_ign_ros2_control:/home/jiataoding/ros2_franka_ws/install/franka_fr3_moveit_config:/home/jiataoding/ros2_franka_ws/install/franka_hardware:/home/jiataoding/ros2_franka_ws/install/franka_gripper:/home/jiataoding/ros2_franka_ws/install/franka_msgs:/home/jiataoding/ros2_franka_ws/install/franka_description:/home/jiataoding/ros2_franka_ws/install/cartesian_impedance_controller:/home/jiataoding/ros2_franka_ws/install/effort_controller_base:/home/jiataoding/ros2_franka_ws/install/debug_msg:/home/jiataoding/franco_ros2_franka_ws/install/joint_impedance_controller:/home/jiataoding/franco_ros2_franka_ws/install/integration_launch_testing:/home/jiataoding/franco_ros2_franka_ws/install/idra_franka_launch:/home/jiataoding/franco_ros2_franka_ws/install/gravity_compensation:/home/jiataoding/franco_ros2_franka_ws/install/franka_task_pipeline:/home/jiataoding/franco_ros2_franka_ws/install/franka_ros2:/home/jiataoding/franco_ros2_franka_ws/install/franka_bringup:/home/jiataoding/franco_ros2_franka_ws/install/franka_robot_state_broadcaster:/home/jiataoding/franco_ros2_franka_ws/install/franka_example_controllers:/home/jiataoding/franco_ros2_franka_ws/install/franka_semantic_components:/home/jiataoding/franco_ros2_franka_ws/install/franka_gazebo_bringup:/home/jiataoding/franco_ros2_franka_ws/install/franka_ign_ros2_control:/home/jiataoding/franco_ros2_franka_ws/install/franka_fr3_moveit_config:/home/jiataoding/franco_ros2_franka_ws/install/franka_hardware:/home/jiataoding/franco_ros2_franka_ws/install/franka_gripper:/home/jiataoding/franco_ros2_franka_ws/install/franka_msgs:/home/jiataoding/franco_ros2_franka_ws/install/franka_description:/home/jiataoding/franco_ros2_franka_ws/install/cartesian_impedance_controller:/home/jiataoding/franco_ros2_franka_ws/install/effort_controller_base:/home/jiataoding/franco_ros2_franka_ws/install/debug_msg:/opt/openrobots LD_LIBRARY_PATH=/home/jiataoding/franco_ros2_franka_ws/src/install/effort_controller_base/lib:/home/jiataoding/franco_ros2_franka_ws/src/install/debug_msg/lib:/home/jiataoding/franco_ros2_franka_ws/src/install/joint_impedance_controller/lib:/home/jiataoding/franco_ros2_franka_ws/src/install/integration_launch_testing/lib:/home/jiataoding/franco_ros2_franka_ws/src/install/gravity_compensation/lib:/home/jiataoding/franco_ros2_franka_ws/src/install/franka_robot_state_broadcaster/lib:/home/jiataoding/franco_ros2_franka_ws/src/install/franka_example_controllers/lib:/home/jiataoding/franco_ros2_franka_ws/src/install/franka_semantic_components/lib:/home/jiataoding/franco_ros2_franka_ws/src/install/franka_ign_ros2_control/lib:/home/jiataoding/franco_ros2_franka_ws/src/install/franka_hardware/lib:/home/jiataoding/franco_ros2_franka_ws/src/install/franka_gripper/lib:/home/jiataoding/franco_ros2_franka_ws/src/install/franka_msgs/lib:/home/jiataoding/franco_ros2_franka_ws/src/install/cartesian_impedance_controller/lib:/home/jiataoding/libs/onnxruntime-linux-x64-1.21.0/lib:/home/jiataoding/ros2_franka_ws/install/joint_impedance_controller/lib:/home/jiataoding/ros2_franka_ws/install/integration_launch_testing/lib:/home/jiataoding/ros2_franka_ws/install/gravity_compensation/lib:/home/jiataoding/ros2_franka_ws/install/franka_robot_state_broadcaster/lib:/home/jiataoding/ros2_franka_ws/install/franka_example_controllers/lib:/home/jiataoding/ros2_franka_ws/install/franka_semantic_components/lib:/home/jiataoding/ros2_franka_ws/install/franka_ign_ros2_control/lib:/home/jiataoding/ros2_franka_ws/install/franka_hardware/lib:/home/jiataoding/ros2_franka_ws/install/franka_gripper/lib:/home/jiataoding/ros2_franka_ws/install/franka_msgs/lib:/home/jiataoding/ros2_franka_ws/install/cartesian_impedance_controller/lib:/home/jiataoding/ros2_franka_ws/install/effort_controller_base/lib:/home/jiataoding/ros2_franka_ws/install/debug_msg/lib:/home/jiataoding/franco_ros2_franka_ws/install/joint_impedance_controller/lib:/home/jiataoding/franco_ros2_franka_ws/install/integration_launch_testing/lib:/home/jiataoding/franco_ros2_franka_ws/install/gravity_compensation/lib:/home/jiataoding/franco_ros2_franka_ws/install/franka_robot_state_broadcaster/lib:/home/jiataoding/franco_ros2_franka_ws/install/franka_example_controllers/lib:/home/jiataoding/franco_ros2_franka_ws/install/franka_semantic_components/lib:/home/jiataoding/franco_ros2_franka_ws/install/franka_ign_ros2_control/lib:/home/jiataoding/franco_ros2_franka_ws/install/franka_hardware/lib:/home/jiataoding/franco_ros2_franka_ws/install/franka_gripper/lib:/home/jiataoding/franco_ros2_franka_ws/install/franka_msgs/lib:/home/jiataoding/franco_ros2_franka_ws/install/cartesian_impedance_controller/lib:/home/jiataoding/franco_ros2_franka_ws/install/effort_controller_base/lib:/home/jiataoding/franco_ros2_franka_ws/install/debug_msg/lib:/opt/openrobots/lib:/opt/ros/humble/opt/rviz_ogre_vendor/lib:/opt/ros/humble/lib/x86_64-linux-gnu:/opt/ros/humble/lib PKG_CONFIG_PATH=/home/jiataoding/franco_ros2_franka_ws/src/install/effort_controller_base/lib/x86_64-linux-gnu/pkgconfig:/home/jiataoding/franco_ros2_franka_ws/src/install/effort_controller_base/lib/pkgconfig:/home/jiataoding/ros2_franka_ws/install/effort_controller_base/lib/x86_64-linux-gnu/pkgconfig:/home/jiataoding/ros2_franka_ws/install/effort_controller_base/lib/pkgconfig:/home/jiataoding/franco_ros2_franka_ws/install/effort_controller_base/lib/x86_64-linux-gnu/pkgconfig:/home/jiataoding/franco_ros2_franka_ws/install/effort_controller_base/lib/pkgconfig:/opt/openrobots/lib/pkgconfig /usr/bin/cmake --build /home/jiataoding/franco_ros2_franka_ws/src/build/cartesian_impedance_controller -- -j24 -l24
[1.000s] DEBUG:colcon.colcon_core.event_handler.log_command:Invoking command in '/home/jiataoding/franco_ros2_franka_ws/src/build/gravity_compensation': CMAKE_PREFIX_PATH=/opt/ros/humble:/home/jiataoding/franco_ros2_franka_ws/src/install/effort_controller_base:/home/jiataoding/franco_ros2_franka_ws/src/install/debug_msg:/home/jiataoding/franco_ros2_franka_ws/src/install/joint_impedance_controller:/home/jiataoding/franco_ros2_franka_ws/src/install/integration_launch_testing:/home/jiataoding/franco_ros2_franka_ws/src/install/idra_franka_launch:/home/jiataoding/franco_ros2_franka_ws/src/install/gravity_compensation:/home/jiataoding/franco_ros2_franka_ws/src/install/franka_task_pipeline:/home/jiataoding/franco_ros2_franka_ws/src/install/franka_ros2:/home/jiataoding/franco_ros2_franka_ws/src/install/franka_bringup:/home/jiataoding/franco_ros2_franka_ws/src/install/franka_robot_state_broadcaster:/home/jiataoding/franco_ros2_franka_ws/src/install/franka_example_controllers:/home/jiataoding/franco_ros2_franka_ws/src/install/franka_semantic_components:/home/jiataoding/franco_ros2_franka_ws/src/install/franka_gazebo_bringup:/home/jiataoding/franco_ros2_franka_ws/src/install/franka_ign_ros2_control:/home/jiataoding/franco_ros2_franka_ws/src/install/franka_fr3_moveit_config:/home/jiataoding/franco_ros2_franka_ws/src/install/franka_hardware:/home/jiataoding/franco_ros2_franka_ws/src/install/franka_gripper:/home/jiataoding/franco_ros2_franka_ws/src/install/franka_msgs:/home/jiataoding/franco_ros2_franka_ws/src/install/franka_description:/home/jiataoding/franco_ros2_franka_ws/src/install/cartesian_impedance_controller:/home/jiataoding/ros2_franka_ws/install/joint_impedance_controller:/home/jiataoding/ros2_franka_ws/install/integration_launch_testing:/home/jiataoding/ros2_franka_ws/install/idra_franka_launch:/home/jiataoding/ros2_franka_ws/install/gravity_compensation:/home/jiataoding/ros2_franka_ws/install/franka_task_pipeline:/home/jiataoding/ros2_franka_ws/install/franka_ros2:/home/jiataoding/ros2_franka_ws/install/franka_bringup:/home/jiataoding/ros2_franka_ws/install/franka_robot_state_broadcaster:/home/jiataoding/ros2_franka_ws/install/franka_example_controllers:/home/jiataoding/ros2_franka_ws/install/franka_semantic_components:/home/jiataoding/ros2_franka_ws/install/franka_gazebo_bringup:/home/jiataoding/ros2_franka_ws/install/franka_ign_ros2_control:/home/jiataoding/ros2_franka_ws/install/franka_fr3_moveit_config:/home/jiataoding/ros2_franka_ws/install/franka_hardware:/home/jiataoding/ros2_franka_ws/install/franka_gripper:/home/jiataoding/ros2_franka_ws/install/franka_msgs:/home/jiataoding/ros2_franka_ws/install/franka_description:/home/jiataoding/ros2_franka_ws/install/cartesian_impedance_controller:/home/jiataoding/ros2_franka_ws/install/effort_controller_base:/home/jiataoding/ros2_franka_ws/install/debug_msg:/home/jiataoding/franco_ros2_franka_ws/install/joint_impedance_controller:/home/jiataoding/franco_ros2_franka_ws/install/integration_launch_testing:/home/jiataoding/franco_ros2_franka_ws/install/idra_franka_launch:/home/jiataoding/franco_ros2_franka_ws/install/gravity_compensation:/home/jiataoding/franco_ros2_franka_ws/install/franka_task_pipeline:/home/jiataoding/franco_ros2_franka_ws/install/franka_ros2:/home/jiataoding/franco_ros2_franka_ws/install/franka_bringup:/home/jiataoding/franco_ros2_franka_ws/install/franka_robot_state_broadcaster:/home/jiataoding/franco_ros2_franka_ws/install/franka_example_controllers:/home/jiataoding/franco_ros2_franka_ws/install/franka_semantic_components:/home/jiataoding/franco_ros2_franka_ws/install/franka_gazebo_bringup:/home/jiataoding/franco_ros2_franka_ws/install/franka_ign_ros2_control:/home/jiataoding/franco_ros2_franka_ws/install/franka_fr3_moveit_config:/home/jiataoding/franco_ros2_franka_ws/install/franka_hardware:/home/jiataoding/franco_ros2_franka_ws/install/franka_gripper:/home/jiataoding/franco_ros2_franka_ws/install/franka_msgs:/home/jiataoding/franco_ros2_franka_ws/install/franka_description:/home/jiataoding/franco_ros2_franka_ws/install/cartesian_impedance_controller:/home/jiataoding/franco_ros2_franka_ws/install/effort_controller_base:/home/jiataoding/franco_ros2_franka_ws/install/debug_msg:/opt/openrobots LD_LIBRARY_PATH=/home/jiataoding/franco_ros2_franka_ws/src/install/effort_controller_base/lib:/home/jiataoding/franco_ros2_franka_ws/src/install/debug_msg/lib:/home/jiataoding/franco_ros2_franka_ws/src/install/joint_impedance_controller/lib:/home/jiataoding/franco_ros2_franka_ws/src/install/integration_launch_testing/lib:/home/jiataoding/franco_ros2_franka_ws/src/install/gravity_compensation/lib:/home/jiataoding/franco_ros2_franka_ws/src/install/franka_robot_state_broadcaster/lib:/home/jiataoding/franco_ros2_franka_ws/src/install/franka_example_controllers/lib:/home/jiataoding/franco_ros2_franka_ws/src/install/franka_semantic_components/lib:/home/jiataoding/franco_ros2_franka_ws/src/install/franka_ign_ros2_control/lib:/home/jiataoding/franco_ros2_franka_ws/src/install/franka_hardware/lib:/home/jiataoding/franco_ros2_franka_ws/src/install/franka_gripper/lib:/home/jiataoding/franco_ros2_franka_ws/src/install/franka_msgs/lib:/home/jiataoding/franco_ros2_franka_ws/src/install/cartesian_impedance_controller/lib:/home/jiataoding/libs/onnxruntime-linux-x64-1.21.0/lib:/home/jiataoding/ros2_franka_ws/install/joint_impedance_controller/lib:/home/jiataoding/ros2_franka_ws/install/integration_launch_testing/lib:/home/jiataoding/ros2_franka_ws/install/gravity_compensation/lib:/home/jiataoding/ros2_franka_ws/install/franka_robot_state_broadcaster/lib:/home/jiataoding/ros2_franka_ws/install/franka_example_controllers/lib:/home/jiataoding/ros2_franka_ws/install/franka_semantic_components/lib:/home/jiataoding/ros2_franka_ws/install/franka_ign_ros2_control/lib:/home/jiataoding/ros2_franka_ws/install/franka_hardware/lib:/home/jiataoding/ros2_franka_ws/install/franka_gripper/lib:/home/jiataoding/ros2_franka_ws/install/franka_msgs/lib:/home/jiataoding/ros2_franka_ws/install/cartesian_impedance_controller/lib:/home/jiataoding/ros2_franka_ws/install/effort_controller_base/lib:/home/jiataoding/ros2_franka_ws/install/debug_msg/lib:/home/jiataoding/franco_ros2_franka_ws/install/joint_impedance_controller/lib:/home/jiataoding/franco_ros2_franka_ws/install/integration_launch_testing/lib:/home/jiataoding/franco_ros2_franka_ws/install/gravity_compensation/lib:/home/jiataoding/franco_ros2_franka_ws/install/franka_robot_state_broadcaster/lib:/home/jiataoding/franco_ros2_franka_ws/install/franka_example_controllers/lib:/home/jiataoding/franco_ros2_franka_ws/install/franka_semantic_components/lib:/home/jiataoding/franco_ros2_franka_ws/install/franka_ign_ros2_control/lib:/home/jiataoding/franco_ros2_franka_ws/install/franka_hardware/lib:/home/jiataoding/franco_ros2_franka_ws/install/franka_gripper/lib:/home/jiataoding/franco_ros2_franka_ws/install/franka_msgs/lib:/home/jiataoding/franco_ros2_franka_ws/install/cartesian_impedance_controller/lib:/home/jiataoding/franco_ros2_franka_ws/install/effort_controller_base/lib:/home/jiataoding/franco_ros2_franka_ws/install/debug_msg/lib:/opt/openrobots/lib:/opt/ros/humble/opt/rviz_ogre_vendor/lib:/opt/ros/humble/lib/x86_64-linux-gnu:/opt/ros/humble/lib PKG_CONFIG_PATH=/home/jiataoding/franco_ros2_franka_ws/src/install/effort_controller_base/lib/x86_64-linux-gnu/pkgconfig:/home/jiataoding/franco_ros2_franka_ws/src/install/effort_controller_base/lib/pkgconfig:/home/jiataoding/ros2_franka_ws/install/effort_controller_base/lib/x86_64-linux-gnu/pkgconfig:/home/jiataoding/ros2_franka_ws/install/effort_controller_base/lib/pkgconfig:/home/jiataoding/franco_ros2_franka_ws/install/effort_controller_base/lib/x86_64-linux-gnu/pkgconfig:/home/jiataoding/franco_ros2_franka_ws/install/effort_controller_base/lib/pkgconfig:/opt/openrobots/lib/pkgconfig /usr/bin/cmake --build /home/jiataoding/franco_ros2_franka_ws/src/build/gravity_compensation -- -j24 -l24
[1.003s] DEBUG:colcon.colcon_core.event_handler.log_command:Invoking command in '/home/jiataoding/franco_ros2_franka_ws/src/build/joint_impedance_controller': CMAKE_PREFIX_PATH=/opt/ros/humble:/home/jiataoding/franco_ros2_franka_ws/src/install/effort_controller_base:/home/jiataoding/franco_ros2_franka_ws/src/install/debug_msg:/home/jiataoding/franco_ros2_franka_ws/src/install/joint_impedance_controller:/home/jiataoding/franco_ros2_franka_ws/src/install/integration_launch_testing:/home/jiataoding/franco_ros2_franka_ws/src/install/idra_franka_launch:/home/jiataoding/franco_ros2_franka_ws/src/install/gravity_compensation:/home/jiataoding/franco_ros2_franka_ws/src/install/franka_task_pipeline:/home/jiataoding/franco_ros2_franka_ws/src/install/franka_ros2:/home/jiataoding/franco_ros2_franka_ws/src/install/franka_bringup:/home/jiataoding/franco_ros2_franka_ws/src/install/franka_robot_state_broadcaster:/home/jiataoding/franco_ros2_franka_ws/src/install/franka_example_controllers:/home/jiataoding/franco_ros2_franka_ws/src/install/franka_semantic_components:/home/jiataoding/franco_ros2_franka_ws/src/install/franka_gazebo_bringup:/home/jiataoding/franco_ros2_franka_ws/src/install/franka_ign_ros2_control:/home/jiataoding/franco_ros2_franka_ws/src/install/franka_fr3_moveit_config:/home/jiataoding/franco_ros2_franka_ws/src/install/franka_hardware:/home/jiataoding/franco_ros2_franka_ws/src/install/franka_gripper:/home/jiataoding/franco_ros2_franka_ws/src/install/franka_msgs:/home/jiataoding/franco_ros2_franka_ws/src/install/franka_description:/home/jiataoding/franco_ros2_franka_ws/src/install/cartesian_impedance_controller:/home/jiataoding/ros2_franka_ws/install/joint_impedance_controller:/home/jiataoding/ros2_franka_ws/install/integration_launch_testing:/home/jiataoding/ros2_franka_ws/install/idra_franka_launch:/home/jiataoding/ros2_franka_ws/install/gravity_compensation:/home/jiataoding/ros2_franka_ws/install/franka_task_pipeline:/home/jiataoding/ros2_franka_ws/install/franka_ros2:/home/jiataoding/ros2_franka_ws/install/franka_bringup:/home/jiataoding/ros2_franka_ws/install/franka_robot_state_broadcaster:/home/jiataoding/ros2_franka_ws/install/franka_example_controllers:/home/jiataoding/ros2_franka_ws/install/franka_semantic_components:/home/jiataoding/ros2_franka_ws/install/franka_gazebo_bringup:/home/jiataoding/ros2_franka_ws/install/franka_ign_ros2_control:/home/jiataoding/ros2_franka_ws/install/franka_fr3_moveit_config:/home/jiataoding/ros2_franka_ws/install/franka_hardware:/home/jiataoding/ros2_franka_ws/install/franka_gripper:/home/jiataoding/ros2_franka_ws/install/franka_msgs:/home/jiataoding/ros2_franka_ws/install/franka_description:/home/jiataoding/ros2_franka_ws/install/cartesian_impedance_controller:/home/jiataoding/ros2_franka_ws/install/effort_controller_base:/home/jiataoding/ros2_franka_ws/install/debug_msg:/home/jiataoding/franco_ros2_franka_ws/install/joint_impedance_controller:/home/jiataoding/franco_ros2_franka_ws/install/integration_launch_testing:/home/jiataoding/franco_ros2_franka_ws/install/idra_franka_launch:/home/jiataoding/franco_ros2_franka_ws/install/gravity_compensation:/home/jiataoding/franco_ros2_franka_ws/install/franka_task_pipeline:/home/jiataoding/franco_ros2_franka_ws/install/franka_ros2:/home/jiataoding/franco_ros2_franka_ws/install/franka_bringup:/home/jiataoding/franco_ros2_franka_ws/install/franka_robot_state_broadcaster:/home/jiataoding/franco_ros2_franka_ws/install/franka_example_controllers:/home/jiataoding/franco_ros2_franka_ws/install/franka_semantic_components:/home/jiataoding/franco_ros2_franka_ws/install/franka_gazebo_bringup:/home/jiataoding/franco_ros2_franka_ws/install/franka_ign_ros2_control:/home/jiataoding/franco_ros2_franka_ws/install/franka_fr3_moveit_config:/home/jiataoding/franco_ros2_franka_ws/install/franka_hardware:/home/jiataoding/franco_ros2_franka_ws/install/franka_gripper:/home/jiataoding/franco_ros2_franka_ws/install/franka_msgs:/home/jiataoding/franco_ros2_franka_ws/install/franka_description:/home/jiataoding/franco_ros2_franka_ws/install/cartesian_impedance_controller:/home/jiataoding/franco_ros2_franka_ws/install/effort_controller_base:/home/jiataoding/franco_ros2_franka_ws/install/debug_msg:/opt/openrobots LD_LIBRARY_PATH=/home/jiataoding/franco_ros2_franka_ws/src/install/effort_controller_base/lib:/home/jiataoding/franco_ros2_franka_ws/src/install/debug_msg/lib:/home/jiataoding/franco_ros2_franka_ws/src/install/joint_impedance_controller/lib:/home/jiataoding/franco_ros2_franka_ws/src/install/integration_launch_testing/lib:/home/jiataoding/franco_ros2_franka_ws/src/install/gravity_compensation/lib:/home/jiataoding/franco_ros2_franka_ws/src/install/franka_robot_state_broadcaster/lib:/home/jiataoding/franco_ros2_franka_ws/src/install/franka_example_controllers/lib:/home/jiataoding/franco_ros2_franka_ws/src/install/franka_semantic_components/lib:/home/jiataoding/franco_ros2_franka_ws/src/install/franka_ign_ros2_control/lib:/home/jiataoding/franco_ros2_franka_ws/src/install/franka_hardware/lib:/home/jiataoding/franco_ros2_franka_ws/src/install/franka_gripper/lib:/home/jiataoding/franco_ros2_franka_ws/src/install/franka_msgs/lib:/home/jiataoding/franco_ros2_franka_ws/src/install/cartesian_impedance_controller/lib:/home/jiataoding/libs/onnxruntime-linux-x64-1.21.0/lib:/home/jiataoding/ros2_franka_ws/install/joint_impedance_controller/lib:/home/jiataoding/ros2_franka_ws/install/integration_launch_testing/lib:/home/jiataoding/ros2_franka_ws/install/gravity_compensation/lib:/home/jiataoding/ros2_franka_ws/install/franka_robot_state_broadcaster/lib:/home/jiataoding/ros2_franka_ws/install/franka_example_controllers/lib:/home/jiataoding/ros2_franka_ws/install/franka_semantic_components/lib:/home/jiataoding/ros2_franka_ws/install/franka_ign_ros2_control/lib:/home/jiataoding/ros2_franka_ws/install/franka_hardware/lib:/home/jiataoding/ros2_franka_ws/install/franka_gripper/lib:/home/jiataoding/ros2_franka_ws/install/franka_msgs/lib:/home/jiataoding/ros2_franka_ws/install/cartesian_impedance_controller/lib:/home/jiataoding/ros2_franka_ws/install/effort_controller_base/lib:/home/jiataoding/ros2_franka_ws/install/debug_msg/lib:/home/jiataoding/franco_ros2_franka_ws/install/joint_impedance_controller/lib:/home/jiataoding/franco_ros2_franka_ws/install/integration_launch_testing/lib:/home/jiataoding/franco_ros2_franka_ws/install/gravity_compensation/lib:/home/jiataoding/franco_ros2_franka_ws/install/franka_robot_state_broadcaster/lib:/home/jiataoding/franco_ros2_franka_ws/install/franka_example_controllers/lib:/home/jiataoding/franco_ros2_franka_ws/install/franka_semantic_components/lib:/home/jiataoding/franco_ros2_franka_ws/install/franka_ign_ros2_control/lib:/home/jiataoding/franco_ros2_franka_ws/install/franka_hardware/lib:/home/jiataoding/franco_ros2_franka_ws/install/franka_gripper/lib:/home/jiataoding/franco_ros2_franka_ws/install/franka_msgs/lib:/home/jiataoding/franco_ros2_franka_ws/install/cartesian_impedance_controller/lib:/home/jiataoding/franco_ros2_franka_ws/install/effort_controller_base/lib:/home/jiataoding/franco_ros2_franka_ws/install/debug_msg/lib:/opt/openrobots/lib:/opt/ros/humble/opt/rviz_ogre_vendor/lib:/opt/ros/humble/lib/x86_64-linux-gnu:/opt/ros/humble/lib PKG_CONFIG_PATH=/home/jiataoding/franco_ros2_franka_ws/src/install/effort_controller_base/lib/x86_64-linux-gnu/pkgconfig:/home/jiataoding/franco_ros2_franka_ws/src/install/effort_controller_base/lib/pkgconfig:/home/jiataoding/ros2_franka_ws/install/effort_controller_base/lib/x86_64-linux-gnu/pkgconfig:/home/jiataoding/ros2_franka_ws/install/effort_controller_base/lib/pkgconfig:/home/jiataoding/franco_ros2_franka_ws/install/effort_controller_base/lib/x86_64-linux-gnu/pkgconfig:/home/jiataoding/franco_ros2_franka_ws/install/effort_controller_base/lib/pkgconfig:/opt/openrobots/lib/pkgconfig /usr/bin/cmake --build /home/jiataoding/franco_ros2_franka_ws/src/build/joint_impedance_controller -- -j24 -l24
[1.007s] DEBUG:colcon.colcon_core.event_handler.log_command:Invoking command in '/home/jiataoding/franco_ros2_franka_ws/src/build/franka_hardware': CMAKE_PREFIX_PATH=/home/jiataoding/franco_ros2_franka_ws/src/install/franka_msgs:/home/jiataoding/franco_ros2_franka_ws/src/install/joint_impedance_controller:/home/jiataoding/franco_ros2_franka_ws/src/install/integration_launch_testing:/home/jiataoding/franco_ros2_franka_ws/src/install/idra_franka_launch:/home/jiataoding/franco_ros2_franka_ws/src/install/gravity_compensation:/home/jiataoding/franco_ros2_franka_ws/src/install/franka_task_pipeline:/home/jiataoding/franco_ros2_franka_ws/src/install/franka_ros2:/home/jiataoding/franco_ros2_franka_ws/src/install/franka_bringup:/home/jiataoding/franco_ros2_franka_ws/src/install/franka_robot_state_broadcaster:/home/jiataoding/franco_ros2_franka_ws/src/install/franka_example_controllers:/home/jiataoding/franco_ros2_franka_ws/src/install/franka_semantic_components:/home/jiataoding/franco_ros2_franka_ws/src/install/franka_gazebo_bringup:/home/jiataoding/franco_ros2_franka_ws/src/install/franka_ign_ros2_control:/home/jiataoding/franco_ros2_franka_ws/src/install/franka_fr3_moveit_config:/home/jiataoding/franco_ros2_franka_ws/src/install/franka_hardware:/home/jiataoding/franco_ros2_franka_ws/src/install/franka_gripper:/home/jiataoding/franco_ros2_franka_ws/src/install/franka_description:/home/jiataoding/franco_ros2_franka_ws/src/install/cartesian_impedance_controller:/opt/ros/humble:/home/jiataoding/franco_ros2_franka_ws/src/install/effort_controller_base:/home/jiataoding/franco_ros2_franka_ws/src/install/debug_msg:/home/jiataoding/ros2_franka_ws/install/joint_impedance_controller:/home/jiataoding/ros2_franka_ws/install/integration_launch_testing:/home/jiataoding/ros2_franka_ws/install/idra_franka_launch:/home/jiataoding/ros2_franka_ws/install/gravity_compensation:/home/jiataoding/ros2_franka_ws/install/franka_task_pipeline:/home/jiataoding/ros2_franka_ws/install/franka_ros2:/home/jiataoding/ros2_franka_ws/install/franka_bringup:/home/jiataoding/ros2_franka_ws/install/franka_robot_state_broadcaster:/home/jiataoding/ros2_franka_ws/install/franka_example_controllers:/home/jiataoding/ros2_franka_ws/install/franka_semantic_components:/home/jiataoding/ros2_franka_ws/install/franka_gazebo_bringup:/home/jiataoding/ros2_franka_ws/install/franka_ign_ros2_control:/home/jiataoding/ros2_franka_ws/install/franka_fr3_moveit_config:/home/jiataoding/ros2_franka_ws/install/franka_hardware:/home/jiataoding/ros2_franka_ws/install/franka_gripper:/home/jiataoding/ros2_franka_ws/install/franka_msgs:/home/jiataoding/ros2_franka_ws/install/franka_description:/home/jiataoding/ros2_franka_ws/install/cartesian_impedance_controller:/home/jiataoding/ros2_franka_ws/install/effort_controller_base:/home/jiataoding/ros2_franka_ws/install/debug_msg:/home/jiataoding/franco_ros2_franka_ws/install/joint_impedance_controller:/home/jiataoding/franco_ros2_franka_ws/install/integration_launch_testing:/home/jiataoding/franco_ros2_franka_ws/install/idra_franka_launch:/home/jiataoding/franco_ros2_franka_ws/install/gravity_compensation:/home/jiataoding/franco_ros2_franka_ws/install/franka_task_pipeline:/home/jiataoding/franco_ros2_franka_ws/install/franka_ros2:/home/jiataoding/franco_ros2_franka_ws/install/franka_bringup:/home/jiataoding/franco_ros2_franka_ws/install/franka_robot_state_broadcaster:/home/jiataoding/franco_ros2_franka_ws/install/franka_example_controllers:/home/jiataoding/franco_ros2_franka_ws/install/franka_semantic_components:/home/jiataoding/franco_ros2_franka_ws/install/franka_gazebo_bringup:/home/jiataoding/franco_ros2_franka_ws/install/franka_ign_ros2_control:/home/jiataoding/franco_ros2_franka_ws/install/franka_fr3_moveit_config:/home/jiataoding/franco_ros2_franka_ws/install/franka_hardware:/home/jiataoding/franco_ros2_franka_ws/install/franka_gripper:/home/jiataoding/franco_ros2_franka_ws/install/franka_msgs:/home/jiataoding/franco_ros2_franka_ws/install/franka_description:/home/jiataoding/franco_ros2_franka_ws/install/cartesian_impedance_controller:/home/jiataoding/franco_ros2_franka_ws/install/effort_controller_base:/home/jiataoding/franco_ros2_franka_ws/install/debug_msg:/opt/openrobots LD_LIBRARY_PATH=/home/jiataoding/franco_ros2_franka_ws/src/install/franka_msgs/lib:/home/jiataoding/franco_ros2_franka_ws/src/install/joint_impedance_controller/lib:/home/jiataoding/franco_ros2_franka_ws/src/install/integration_launch_testing/lib:/home/jiataoding/franco_ros2_franka_ws/src/install/gravity_compensation/lib:/home/jiataoding/franco_ros2_franka_ws/src/install/franka_robot_state_broadcaster/lib:/home/jiataoding/franco_ros2_franka_ws/src/install/franka_example_controllers/lib:/home/jiataoding/franco_ros2_franka_ws/src/install/franka_semantic_components/lib:/home/jiataoding/franco_ros2_franka_ws/src/install/franka_ign_ros2_control/lib:/home/jiataoding/franco_ros2_franka_ws/src/install/franka_hardware/lib:/home/jiataoding/franco_ros2_franka_ws/src/install/franka_gripper/lib:/home/jiataoding/franco_ros2_franka_ws/src/install/cartesian_impedance_controller/lib:/home/jiataoding/franco_ros2_franka_ws/src/install/effort_controller_base/lib:/home/jiataoding/franco_ros2_franka_ws/src/install/debug_msg/lib:/home/jiataoding/libs/onnxruntime-linux-x64-1.21.0/lib:/home/jiataoding/ros2_franka_ws/install/joint_impedance_controller/lib:/home/jiataoding/ros2_franka_ws/install/integration_launch_testing/lib:/home/jiataoding/ros2_franka_ws/install/gravity_compensation/lib:/home/jiataoding/ros2_franka_ws/install/franka_robot_state_broadcaster/lib:/home/jiataoding/ros2_franka_ws/install/franka_example_controllers/lib:/home/jiataoding/ros2_franka_ws/install/franka_semantic_components/lib:/home/jiataoding/ros2_franka_ws/install/franka_ign_ros2_control/lib:/home/jiataoding/ros2_franka_ws/install/franka_hardware/lib:/home/jiataoding/ros2_franka_ws/install/franka_gripper/lib:/home/jiataoding/ros2_franka_ws/install/franka_msgs/lib:/home/jiataoding/ros2_franka_ws/install/cartesian_impedance_controller/lib:/home/jiataoding/ros2_franka_ws/install/effort_controller_base/lib:/home/jiataoding/ros2_franka_ws/install/debug_msg/lib:/home/jiataoding/franco_ros2_franka_ws/install/joint_impedance_controller/lib:/home/jiataoding/franco_ros2_franka_ws/install/integration_launch_testing/lib:/home/jiataoding/franco_ros2_franka_ws/install/gravity_compensation/lib:/home/jiataoding/franco_ros2_franka_ws/install/franka_robot_state_broadcaster/lib:/home/jiataoding/franco_ros2_franka_ws/install/franka_example_controllers/lib:/home/jiataoding/franco_ros2_franka_ws/install/franka_semantic_components/lib:/home/jiataoding/franco_ros2_franka_ws/install/franka_ign_ros2_control/lib:/home/jiataoding/franco_ros2_franka_ws/install/franka_hardware/lib:/home/jiataoding/franco_ros2_franka_ws/install/franka_gripper/lib:/home/jiataoding/franco_ros2_franka_ws/install/franka_msgs/lib:/home/jiataoding/franco_ros2_franka_ws/install/cartesian_impedance_controller/lib:/home/jiataoding/franco_ros2_franka_ws/install/effort_controller_base/lib:/home/jiataoding/franco_ros2_franka_ws/install/debug_msg/lib:/opt/openrobots/lib:/opt/ros/humble/opt/rviz_ogre_vendor/lib:/opt/ros/humble/lib/x86_64-linux-gnu:/opt/ros/humble/lib /usr/bin/cmake --build /home/jiataoding/franco_ros2_franka_ws/src/build/franka_hardware -- -j24 -l24
[1.012s] DEBUG:colcon.colcon_core.event_handler.log_command:Invoking command in '/home/jiataoding/franco_ros2_franka_ws/src/build/franka_gripper': CMAKE_PREFIX_PATH=/home/jiataoding/franco_ros2_franka_ws/src/install/franka_msgs:/home/jiataoding/franco_ros2_franka_ws/src/install/joint_impedance_controller:/home/jiataoding/franco_ros2_franka_ws/src/install/integration_launch_testing:/home/jiataoding/franco_ros2_franka_ws/src/install/idra_franka_launch:/home/jiataoding/franco_ros2_franka_ws/src/install/gravity_compensation:/home/jiataoding/franco_ros2_franka_ws/src/install/franka_task_pipeline:/home/jiataoding/franco_ros2_franka_ws/src/install/franka_ros2:/home/jiataoding/franco_ros2_franka_ws/src/install/franka_bringup:/home/jiataoding/franco_ros2_franka_ws/src/install/franka_robot_state_broadcaster:/home/jiataoding/franco_ros2_franka_ws/src/install/franka_example_controllers:/home/jiataoding/franco_ros2_franka_ws/src/install/franka_semantic_components:/home/jiataoding/franco_ros2_franka_ws/src/install/franka_gazebo_bringup:/home/jiataoding/franco_ros2_franka_ws/src/install/franka_ign_ros2_control:/home/jiataoding/franco_ros2_franka_ws/src/install/franka_fr3_moveit_config:/home/jiataoding/franco_ros2_franka_ws/src/install/franka_hardware:/home/jiataoding/franco_ros2_franka_ws/src/install/franka_gripper:/home/jiataoding/franco_ros2_franka_ws/src/install/franka_description:/home/jiataoding/franco_ros2_franka_ws/src/install/cartesian_impedance_controller:/opt/ros/humble:/home/jiataoding/franco_ros2_franka_ws/src/install/effort_controller_base:/home/jiataoding/franco_ros2_franka_ws/src/install/debug_msg:/home/jiataoding/ros2_franka_ws/install/joint_impedance_controller:/home/jiataoding/ros2_franka_ws/install/integration_launch_testing:/home/jiataoding/ros2_franka_ws/install/idra_franka_launch:/home/jiataoding/ros2_franka_ws/install/gravity_compensation:/home/jiataoding/ros2_franka_ws/install/franka_task_pipeline:/home/jiataoding/ros2_franka_ws/install/franka_ros2:/home/jiataoding/ros2_franka_ws/install/franka_bringup:/home/jiataoding/ros2_franka_ws/install/franka_robot_state_broadcaster:/home/jiataoding/ros2_franka_ws/install/franka_example_controllers:/home/jiataoding/ros2_franka_ws/install/franka_semantic_components:/home/jiataoding/ros2_franka_ws/install/franka_gazebo_bringup:/home/jiataoding/ros2_franka_ws/install/franka_ign_ros2_control:/home/jiataoding/ros2_franka_ws/install/franka_fr3_moveit_config:/home/jiataoding/ros2_franka_ws/install/franka_hardware:/home/jiataoding/ros2_franka_ws/install/franka_gripper:/home/jiataoding/ros2_franka_ws/install/franka_msgs:/home/jiataoding/ros2_franka_ws/install/franka_description:/home/jiataoding/ros2_franka_ws/install/cartesian_impedance_controller:/home/jiataoding/ros2_franka_ws/install/effort_controller_base:/home/jiataoding/ros2_franka_ws/install/debug_msg:/home/jiataoding/franco_ros2_franka_ws/install/joint_impedance_controller:/home/jiataoding/franco_ros2_franka_ws/install/integration_launch_testing:/home/jiataoding/franco_ros2_franka_ws/install/idra_franka_launch:/home/jiataoding/franco_ros2_franka_ws/install/gravity_compensation:/home/jiataoding/franco_ros2_franka_ws/install/franka_task_pipeline:/home/jiataoding/franco_ros2_franka_ws/install/franka_ros2:/home/jiataoding/franco_ros2_franka_ws/install/franka_bringup:/home/jiataoding/franco_ros2_franka_ws/install/franka_robot_state_broadcaster:/home/jiataoding/franco_ros2_franka_ws/install/franka_example_controllers:/home/jiataoding/franco_ros2_franka_ws/install/franka_semantic_components:/home/jiataoding/franco_ros2_franka_ws/install/franka_gazebo_bringup:/home/jiataoding/franco_ros2_franka_ws/install/franka_ign_ros2_control:/home/jiataoding/franco_ros2_franka_ws/install/franka_fr3_moveit_config:/home/jiataoding/franco_ros2_franka_ws/install/franka_hardware:/home/jiataoding/franco_ros2_franka_ws/install/franka_gripper:/home/jiataoding/franco_ros2_franka_ws/install/franka_msgs:/home/jiataoding/franco_ros2_franka_ws/install/franka_description:/home/jiataoding/franco_ros2_franka_ws/install/cartesian_impedance_controller:/home/jiataoding/franco_ros2_franka_ws/install/effort_controller_base:/home/jiataoding/franco_ros2_franka_ws/install/debug_msg:/opt/openrobots LD_LIBRARY_PATH=/home/jiataoding/franco_ros2_franka_ws/src/install/franka_msgs/lib:/home/jiataoding/franco_ros2_franka_ws/src/install/joint_impedance_controller/lib:/home/jiataoding/franco_ros2_franka_ws/src/install/integration_launch_testing/lib:/home/jiataoding/franco_ros2_franka_ws/src/install/gravity_compensation/lib:/home/jiataoding/franco_ros2_franka_ws/src/install/franka_robot_state_broadcaster/lib:/home/jiataoding/franco_ros2_franka_ws/src/install/franka_example_controllers/lib:/home/jiataoding/franco_ros2_franka_ws/src/install/franka_semantic_components/lib:/home/jiataoding/franco_ros2_franka_ws/src/install/franka_ign_ros2_control/lib:/home/jiataoding/franco_ros2_franka_ws/src/install/franka_hardware/lib:/home/jiataoding/franco_ros2_franka_ws/src/install/franka_gripper/lib:/home/jiataoding/franco_ros2_franka_ws/src/install/cartesian_impedance_controller/lib:/home/jiataoding/franco_ros2_franka_ws/src/install/effort_controller_base/lib:/home/jiataoding/franco_ros2_franka_ws/src/install/debug_msg/lib:/home/jiataoding/libs/onnxruntime-linux-x64-1.21.0/lib:/home/jiataoding/ros2_franka_ws/install/joint_impedance_controller/lib:/home/jiataoding/ros2_franka_ws/install/integration_launch_testing/lib:/home/jiataoding/ros2_franka_ws/install/gravity_compensation/lib:/home/jiataoding/ros2_franka_ws/install/franka_robot_state_broadcaster/lib:/home/jiataoding/ros2_franka_ws/install/franka_example_controllers/lib:/home/jiataoding/ros2_franka_ws/install/franka_semantic_components/lib:/home/jiataoding/ros2_franka_ws/install/franka_ign_ros2_control/lib:/home/jiataoding/ros2_franka_ws/install/franka_hardware/lib:/home/jiataoding/ros2_franka_ws/install/franka_gripper/lib:/home/jiataoding/ros2_franka_ws/install/franka_msgs/lib:/home/jiataoding/ros2_franka_ws/install/cartesian_impedance_controller/lib:/home/jiataoding/ros2_franka_ws/install/effort_controller_base/lib:/home/jiataoding/ros2_franka_ws/install/debug_msg/lib:/home/jiataoding/franco_ros2_franka_ws/install/joint_impedance_controller/lib:/home/jiataoding/franco_ros2_franka_ws/install/integration_launch_testing/lib:/home/jiataoding/franco_ros2_franka_ws/install/gravity_compensation/lib:/home/jiataoding/franco_ros2_franka_ws/install/franka_robot_state_broadcaster/lib:/home/jiataoding/franco_ros2_franka_ws/install/franka_example_controllers/lib:/home/jiataoding/franco_ros2_franka_ws/install/franka_semantic_components/lib:/home/jiataoding/franco_ros2_franka_ws/install/franka_ign_ros2_control/lib:/home/jiataoding/franco_ros2_franka_ws/install/franka_hardware/lib:/home/jiataoding/franco_ros2_franka_ws/install/franka_gripper/lib:/home/jiataoding/franco_ros2_franka_ws/install/franka_msgs/lib:/home/jiataoding/franco_ros2_franka_ws/install/cartesian_impedance_controller/lib:/home/jiataoding/franco_ros2_franka_ws/install/effort_controller_base/lib:/home/jiataoding/franco_ros2_franka_ws/install/debug_msg/lib:/opt/openrobots/lib:/opt/ros/humble/opt/rviz_ogre_vendor/lib:/opt/ros/humble/lib/x86_64-linux-gnu:/opt/ros/humble/lib /usr/bin/cmake --build /home/jiataoding/franco_ros2_franka_ws/src/build/franka_gripper -- -j24 -l24
[1.123s] DEBUG:colcon.colcon_core.event_handler.log_command:Invoked command in '/home/jiataoding/franco_ros2_franka_ws/src/build/cartesian_impedance_controller' returned '0': CMAKE_PREFIX_PATH=/opt/ros/humble:/home/jiataoding/franco_ros2_franka_ws/src/install/effort_controller_base:/home/jiataoding/franco_ros2_franka_ws/src/install/debug_msg:/home/jiataoding/franco_ros2_franka_ws/src/install/joint_impedance_controller:/home/jiataoding/franco_ros2_franka_ws/src/install/integration_launch_testing:/home/jiataoding/franco_ros2_franka_ws/src/install/idra_franka_launch:/home/jiataoding/franco_ros2_franka_ws/src/install/gravity_compensation:/home/jiataoding/franco_ros2_franka_ws/src/install/franka_task_pipeline:/home/jiataoding/franco_ros2_franka_ws/src/install/franka_ros2:/home/jiataoding/franco_ros2_franka_ws/src/install/franka_bringup:/home/jiataoding/franco_ros2_franka_ws/src/install/franka_robot_state_broadcaster:/home/jiataoding/franco_ros2_franka_ws/src/install/franka_example_controllers:/home/jiataoding/franco_ros2_franka_ws/src/install/franka_semantic_components:/home/jiataoding/franco_ros2_franka_ws/src/install/franka_gazebo_bringup:/home/jiataoding/franco_ros2_franka_ws/src/install/franka_ign_ros2_control:/home/jiataoding/franco_ros2_franka_ws/src/install/franka_fr3_moveit_config:/home/jiataoding/franco_ros2_franka_ws/src/install/franka_hardware:/home/jiataoding/franco_ros2_franka_ws/src/install/franka_gripper:/home/jiataoding/franco_ros2_franka_ws/src/install/franka_msgs:/home/jiataoding/franco_ros2_franka_ws/src/install/franka_description:/home/jiataoding/franco_ros2_franka_ws/src/install/cartesian_impedance_controller:/home/jiataoding/ros2_franka_ws/install/joint_impedance_controller:/home/jiataoding/ros2_franka_ws/install/integration_launch_testing:/home/jiataoding/ros2_franka_ws/install/idra_franka_launch:/home/jiataoding/ros2_franka_ws/install/gravity_compensation:/home/jiataoding/ros2_franka_ws/install/franka_task_pipeline:/home/jiataoding/ros2_franka_ws/install/franka_ros2:/home/jiataoding/ros2_franka_ws/install/franka_bringup:/home/jiataoding/ros2_franka_ws/install/franka_robot_state_broadcaster:/home/jiataoding/ros2_franka_ws/install/franka_example_controllers:/home/jiataoding/ros2_franka_ws/install/franka_semantic_components:/home/jiataoding/ros2_franka_ws/install/franka_gazebo_bringup:/home/jiataoding/ros2_franka_ws/install/franka_ign_ros2_control:/home/jiataoding/ros2_franka_ws/install/franka_fr3_moveit_config:/home/jiataoding/ros2_franka_ws/install/franka_hardware:/home/jiataoding/ros2_franka_ws/install/franka_gripper:/home/jiataoding/ros2_franka_ws/install/franka_msgs:/home/jiataoding/ros2_franka_ws/install/franka_description:/home/jiataoding/ros2_franka_ws/install/cartesian_impedance_controller:/home/jiataoding/ros2_franka_ws/install/effort_controller_base:/home/jiataoding/ros2_franka_ws/install/debug_msg:/home/jiataoding/franco_ros2_franka_ws/install/joint_impedance_controller:/home/jiataoding/franco_ros2_franka_ws/install/integration_launch_testing:/home/jiataoding/franco_ros2_franka_ws/install/idra_franka_launch:/home/jiataoding/franco_ros2_franka_ws/install/gravity_compensation:/home/jiataoding/franco_ros2_franka_ws/install/franka_task_pipeline:/home/jiataoding/franco_ros2_franka_ws/install/franka_ros2:/home/jiataoding/franco_ros2_franka_ws/install/franka_bringup:/home/jiataoding/franco_ros2_franka_ws/install/franka_robot_state_broadcaster:/home/jiataoding/franco_ros2_franka_ws/install/franka_example_controllers:/home/jiataoding/franco_ros2_franka_ws/install/franka_semantic_components:/home/jiataoding/franco_ros2_franka_ws/install/franka_gazebo_bringup:/home/jiataoding/franco_ros2_franka_ws/install/franka_ign_ros2_control:/home/jiataoding/franco_ros2_franka_ws/install/franka_fr3_moveit_config:/home/jiataoding/franco_ros2_franka_ws/install/franka_hardware:/home/jiataoding/franco_ros2_franka_ws/install/franka_gripper:/home/jiataoding/franco_ros2_franka_ws/install/franka_msgs:/home/jiataoding/franco_ros2_franka_ws/install/franka_description:/home/jiataoding/franco_ros2_franka_ws/install/cartesian_impedance_controller:/home/jiataoding/franco_ros2_franka_ws/install/effort_controller_base:/home/jiataoding/franco_ros2_franka_ws/install/debug_msg:/opt/openrobots LD_LIBRARY_PATH=/home/jiataoding/franco_ros2_franka_ws/src/install/effort_controller_base/lib:/home/jiataoding/franco_ros2_franka_ws/src/install/debug_msg/lib:/home/jiataoding/franco_ros2_franka_ws/src/install/joint_impedance_controller/lib:/home/jiataoding/franco_ros2_franka_ws/src/install/integration_launch_testing/lib:/home/jiataoding/franco_ros2_franka_ws/src/install/gravity_compensation/lib:/home/jiataoding/franco_ros2_franka_ws/src/install/franka_robot_state_broadcaster/lib:/home/jiataoding/franco_ros2_franka_ws/src/install/franka_example_controllers/lib:/home/jiataoding/franco_ros2_franka_ws/src/install/franka_semantic_components/lib:/home/jiataoding/franco_ros2_franka_ws/src/install/franka_ign_ros2_control/lib:/home/jiataoding/franco_ros2_franka_ws/src/install/franka_hardware/lib:/home/jiataoding/franco_ros2_franka_ws/src/install/franka_gripper/lib:/home/jiataoding/franco_ros2_franka_ws/src/install/franka_msgs/lib:/home/jiataoding/franco_ros2_franka_ws/src/install/cartesian_impedance_controller/lib:/home/jiataoding/libs/onnxruntime-linux-x64-1.21.0/lib:/home/jiataoding/ros2_franka_ws/install/joint_impedance_controller/lib:/home/jiataoding/ros2_franka_ws/install/integration_launch_testing/lib:/home/jiataoding/ros2_franka_ws/install/gravity_compensation/lib:/home/jiataoding/ros2_franka_ws/install/franka_robot_state_broadcaster/lib:/home/jiataoding/ros2_franka_ws/install/franka_example_controllers/lib:/home/jiataoding/ros2_franka_ws/install/franka_semantic_components/lib:/home/jiataoding/ros2_franka_ws/install/franka_ign_ros2_control/lib:/home/jiataoding/ros2_franka_ws/install/franka_hardware/lib:/home/jiataoding/ros2_franka_ws/install/franka_gripper/lib:/home/jiataoding/ros2_franka_ws/install/franka_msgs/lib:/home/jiataoding/ros2_franka_ws/install/cartesian_impedance_controller/lib:/home/jiataoding/ros2_franka_ws/install/effort_controller_base/lib:/home/jiataoding/ros2_franka_ws/install/debug_msg/lib:/home/jiataoding/franco_ros2_franka_ws/install/joint_impedance_controller/lib:/home/jiataoding/franco_ros2_franka_ws/install/integration_launch_testing/lib:/home/jiataoding/franco_ros2_franka_ws/install/gravity_compensation/lib:/home/jiataoding/franco_ros2_franka_ws/install/franka_robot_state_broadcaster/lib:/home/jiataoding/franco_ros2_franka_ws/install/franka_example_controllers/lib:/home/jiataoding/franco_ros2_franka_ws/install/franka_semantic_components/lib:/home/jiataoding/franco_ros2_franka_ws/install/franka_ign_ros2_control/lib:/home/jiataoding/franco_ros2_franka_ws/install/franka_hardware/lib:/home/jiataoding/franco_ros2_franka_ws/install/franka_gripper/lib:/home/jiataoding/franco_ros2_franka_ws/install/franka_msgs/lib:/home/jiataoding/franco_ros2_franka_ws/install/cartesian_impedance_controller/lib:/home/jiataoding/franco_ros2_franka_ws/install/effort_controller_base/lib:/home/jiataoding/franco_ros2_franka_ws/install/debug_msg/lib:/opt/openrobots/lib:/opt/ros/humble/opt/rviz_ogre_vendor/lib:/opt/ros/humble/lib/x86_64-linux-gnu:/opt/ros/humble/lib PKG_CONFIG_PATH=/home/jiataoding/franco_ros2_franka_ws/src/install/effort_controller_base/lib/x86_64-linux-gnu/pkgconfig:/home/jiataoding/franco_ros2_franka_ws/src/install/effort_controller_base/lib/pkgconfig:/home/jiataoding/ros2_franka_ws/install/effort_controller_base/lib/x86_64-linux-gnu/pkgconfig:/home/jiataoding/ros2_franka_ws/install/effort_controller_base/lib/pkgconfig:/home/jiataoding/franco_ros2_franka_ws/install/effort_controller_base/lib/x86_64-linux-gnu/pkgconfig:/home/jiataoding/franco_ros2_franka_ws/install/effort_controller_base/lib/pkgconfig:/opt/openrobots/lib/pkgconfig /usr/bin/cmake --build /home/jiataoding/franco_ros2_franka_ws/src/build/cartesian_impedance_controller -- -j24 -l24
[1.125s] DEBUG:colcon.colcon_core.event_handler.log_command:Invoking command in '/home/jiataoding/franco_ros2_franka_ws/src/build/cartesian_impedance_controller': CMAKE_PREFIX_PATH=/opt/ros/humble:/home/jiataoding/franco_ros2_franka_ws/src/install/effort_controller_base:/home/jiataoding/franco_ros2_franka_ws/src/install/debug_msg:/home/jiataoding/franco_ros2_franka_ws/src/install/joint_impedance_controller:/home/jiataoding/franco_ros2_franka_ws/src/install/integration_launch_testing:/home/jiataoding/franco_ros2_franka_ws/src/install/idra_franka_launch:/home/jiataoding/franco_ros2_franka_ws/src/install/gravity_compensation:/home/jiataoding/franco_ros2_franka_ws/src/install/franka_task_pipeline:/home/jiataoding/franco_ros2_franka_ws/src/install/franka_ros2:/home/jiataoding/franco_ros2_franka_ws/src/install/franka_bringup:/home/jiataoding/franco_ros2_franka_ws/src/install/franka_robot_state_broadcaster:/home/jiataoding/franco_ros2_franka_ws/src/install/franka_example_controllers:/home/jiataoding/franco_ros2_franka_ws/src/install/franka_semantic_components:/home/jiataoding/franco_ros2_franka_ws/src/install/franka_gazebo_bringup:/home/jiataoding/franco_ros2_franka_ws/src/install/franka_ign_ros2_control:/home/jiataoding/franco_ros2_franka_ws/src/install/franka_fr3_moveit_config:/home/jiataoding/franco_ros2_franka_ws/src/install/franka_hardware:/home/jiataoding/franco_ros2_franka_ws/src/install/franka_gripper:/home/jiataoding/franco_ros2_franka_ws/src/install/franka_msgs:/home/jiataoding/franco_ros2_franka_ws/src/install/franka_description:/home/jiataoding/franco_ros2_franka_ws/src/install/cartesian_impedance_controller:/home/jiataoding/ros2_franka_ws/install/joint_impedance_controller:/home/jiataoding/ros2_franka_ws/install/integration_launch_testing:/home/jiataoding/ros2_franka_ws/install/idra_franka_launch:/home/jiataoding/ros2_franka_ws/install/gravity_compensation:/home/jiataoding/ros2_franka_ws/install/franka_task_pipeline:/home/jiataoding/ros2_franka_ws/install/franka_ros2:/home/jiataoding/ros2_franka_ws/install/franka_bringup:/home/jiataoding/ros2_franka_ws/install/franka_robot_state_broadcaster:/home/jiataoding/ros2_franka_ws/install/franka_example_controllers:/home/jiataoding/ros2_franka_ws/install/franka_semantic_components:/home/jiataoding/ros2_franka_ws/install/franka_gazebo_bringup:/home/jiataoding/ros2_franka_ws/install/franka_ign_ros2_control:/home/jiataoding/ros2_franka_ws/install/franka_fr3_moveit_config:/home/jiataoding/ros2_franka_ws/install/franka_hardware:/home/jiataoding/ros2_franka_ws/install/franka_gripper:/home/jiataoding/ros2_franka_ws/install/franka_msgs:/home/jiataoding/ros2_franka_ws/install/franka_description:/home/jiataoding/ros2_franka_ws/install/cartesian_impedance_controller:/home/jiataoding/ros2_franka_ws/install/effort_controller_base:/home/jiataoding/ros2_franka_ws/install/debug_msg:/home/jiataoding/franco_ros2_franka_ws/install/joint_impedance_controller:/home/jiataoding/franco_ros2_franka_ws/install/integration_launch_testing:/home/jiataoding/franco_ros2_franka_ws/install/idra_franka_launch:/home/jiataoding/franco_ros2_franka_ws/install/gravity_compensation:/home/jiataoding/franco_ros2_franka_ws/install/franka_task_pipeline:/home/jiataoding/franco_ros2_franka_ws/install/franka_ros2:/home/jiataoding/franco_ros2_franka_ws/install/franka_bringup:/home/jiataoding/franco_ros2_franka_ws/install/franka_robot_state_broadcaster:/home/jiataoding/franco_ros2_franka_ws/install/franka_example_controllers:/home/jiataoding/franco_ros2_franka_ws/install/franka_semantic_components:/home/jiataoding/franco_ros2_franka_ws/install/franka_gazebo_bringup:/home/jiataoding/franco_ros2_franka_ws/install/franka_ign_ros2_control:/home/jiataoding/franco_ros2_franka_ws/install/franka_fr3_moveit_config:/home/jiataoding/franco_ros2_franka_ws/install/franka_hardware:/home/jiataoding/franco_ros2_franka_ws/install/franka_gripper:/home/jiataoding/franco_ros2_franka_ws/install/franka_msgs:/home/jiataoding/franco_ros2_franka_ws/install/franka_description:/home/jiataoding/franco_ros2_franka_ws/install/cartesian_impedance_controller:/home/jiataoding/franco_ros2_franka_ws/install/effort_controller_base:/home/jiataoding/franco_ros2_franka_ws/install/debug_msg:/opt/openrobots LD_LIBRARY_PATH=/home/jiataoding/franco_ros2_franka_ws/src/install/effort_controller_base/lib:/home/jiataoding/franco_ros2_franka_ws/src/install/debug_msg/lib:/home/jiataoding/franco_ros2_franka_ws/src/install/joint_impedance_controller/lib:/home/jiataoding/franco_ros2_franka_ws/src/install/integration_launch_testing/lib:/home/jiataoding/franco_ros2_franka_ws/src/install/gravity_compensation/lib:/home/jiataoding/franco_ros2_franka_ws/src/install/franka_robot_state_broadcaster/lib:/home/jiataoding/franco_ros2_franka_ws/src/install/franka_example_controllers/lib:/home/jiataoding/franco_ros2_franka_ws/src/install/franka_semantic_components/lib:/home/jiataoding/franco_ros2_franka_ws/src/install/franka_ign_ros2_control/lib:/home/jiataoding/franco_ros2_franka_ws/src/install/franka_hardware/lib:/home/jiataoding/franco_ros2_franka_ws/src/install/franka_gripper/lib:/home/jiataoding/franco_ros2_franka_ws/src/install/franka_msgs/lib:/home/jiataoding/franco_ros2_franka_ws/src/install/cartesian_impedance_controller/lib:/home/jiataoding/libs/onnxruntime-linux-x64-1.21.0/lib:/home/jiataoding/ros2_franka_ws/install/joint_impedance_controller/lib:/home/jiataoding/ros2_franka_ws/install/integration_launch_testing/lib:/home/jiataoding/ros2_franka_ws/install/gravity_compensation/lib:/home/jiataoding/ros2_franka_ws/install/franka_robot_state_broadcaster/lib:/home/jiataoding/ros2_franka_ws/install/franka_example_controllers/lib:/home/jiataoding/ros2_franka_ws/install/franka_semantic_components/lib:/home/jiataoding/ros2_franka_ws/install/franka_ign_ros2_control/lib:/home/jiataoding/ros2_franka_ws/install/franka_hardware/lib:/home/jiataoding/ros2_franka_ws/install/franka_gripper/lib:/home/jiataoding/ros2_franka_ws/install/franka_msgs/lib:/home/jiataoding/ros2_franka_ws/install/cartesian_impedance_controller/lib:/home/jiataoding/ros2_franka_ws/install/effort_controller_base/lib:/home/jiataoding/ros2_franka_ws/install/debug_msg/lib:/home/jiataoding/franco_ros2_franka_ws/install/joint_impedance_controller/lib:/home/jiataoding/franco_ros2_franka_ws/install/integration_launch_testing/lib:/home/jiataoding/franco_ros2_franka_ws/install/gravity_compensation/lib:/home/jiataoding/franco_ros2_franka_ws/install/franka_robot_state_broadcaster/lib:/home/jiataoding/franco_ros2_franka_ws/install/franka_example_controllers/lib:/home/jiataoding/franco_ros2_franka_ws/install/franka_semantic_components/lib:/home/jiataoding/franco_ros2_franka_ws/install/franka_ign_ros2_control/lib:/home/jiataoding/franco_ros2_franka_ws/install/franka_hardware/lib:/home/jiataoding/franco_ros2_franka_ws/install/franka_gripper/lib:/home/jiataoding/franco_ros2_franka_ws/install/franka_msgs/lib:/home/jiataoding/franco_ros2_franka_ws/install/cartesian_impedance_controller/lib:/home/jiataoding/franco_ros2_franka_ws/install/effort_controller_base/lib:/home/jiataoding/franco_ros2_franka_ws/install/debug_msg/lib:/opt/openrobots/lib:/opt/ros/humble/opt/rviz_ogre_vendor/lib:/opt/ros/humble/lib/x86_64-linux-gnu:/opt/ros/humble/lib PKG_CONFIG_PATH=/home/jiataoding/franco_ros2_franka_ws/src/install/effort_controller_base/lib/x86_64-linux-gnu/pkgconfig:/home/jiataoding/franco_ros2_franka_ws/src/install/effort_controller_base/lib/pkgconfig:/home/jiataoding/ros2_franka_ws/install/effort_controller_base/lib/x86_64-linux-gnu/pkgconfig:/home/jiataoding/ros2_franka_ws/install/effort_controller_base/lib/pkgconfig:/home/jiataoding/franco_ros2_franka_ws/install/effort_controller_base/lib/x86_64-linux-gnu/pkgconfig:/home/jiataoding/franco_ros2_franka_ws/install/effort_controller_base/lib/pkgconfig:/opt/openrobots/lib/pkgconfig /usr/bin/cmake --install /home/jiataoding/franco_ros2_franka_ws/src/build/cartesian_impedance_controller
[1.126s] DEBUG:colcon.colcon_core.event_handler.log_command:Invoked command in '/home/jiataoding/franco_ros2_franka_ws/src/build/gravity_compensation' returned '0': CMAKE_PREFIX_PATH=/opt/ros/humble:/home/jiataoding/franco_ros2_franka_ws/src/install/effort_controller_base:/home/jiataoding/franco_ros2_franka_ws/src/install/debug_msg:/home/jiataoding/franco_ros2_franka_ws/src/install/joint_impedance_controller:/home/jiataoding/franco_ros2_franka_ws/src/install/integration_launch_testing:/home/jiataoding/franco_ros2_franka_ws/src/install/idra_franka_launch:/home/jiataoding/franco_ros2_franka_ws/src/install/gravity_compensation:/home/jiataoding/franco_ros2_franka_ws/src/install/franka_task_pipeline:/home/jiataoding/franco_ros2_franka_ws/src/install/franka_ros2:/home/jiataoding/franco_ros2_franka_ws/src/install/franka_bringup:/home/jiataoding/franco_ros2_franka_ws/src/install/franka_robot_state_broadcaster:/home/jiataoding/franco_ros2_franka_ws/src/install/franka_example_controllers:/home/jiataoding/franco_ros2_franka_ws/src/install/franka_semantic_components:/home/jiataoding/franco_ros2_franka_ws/src/install/franka_gazebo_bringup:/home/jiataoding/franco_ros2_franka_ws/src/install/franka_ign_ros2_control:/home/jiataoding/franco_ros2_franka_ws/src/install/franka_fr3_moveit_config:/home/jiataoding/franco_ros2_franka_ws/src/install/franka_hardware:/home/jiataoding/franco_ros2_franka_ws/src/install/franka_gripper:/home/jiataoding/franco_ros2_franka_ws/src/install/franka_msgs:/home/jiataoding/franco_ros2_franka_ws/src/install/franka_description:/home/jiataoding/franco_ros2_franka_ws/src/install/cartesian_impedance_controller:/home/jiataoding/ros2_franka_ws/install/joint_impedance_controller:/home/jiataoding/ros2_franka_ws/install/integration_launch_testing:/home/jiataoding/ros2_franka_ws/install/idra_franka_launch:/home/jiataoding/ros2_franka_ws/install/gravity_compensation:/home/jiataoding/ros2_franka_ws/install/franka_task_pipeline:/home/jiataoding/ros2_franka_ws/install/franka_ros2:/home/jiataoding/ros2_franka_ws/install/franka_bringup:/home/jiataoding/ros2_franka_ws/install/franka_robot_state_broadcaster:/home/jiataoding/ros2_franka_ws/install/franka_example_controllers:/home/jiataoding/ros2_franka_ws/install/franka_semantic_components:/home/jiataoding/ros2_franka_ws/install/franka_gazebo_bringup:/home/jiataoding/ros2_franka_ws/install/franka_ign_ros2_control:/home/jiataoding/ros2_franka_ws/install/franka_fr3_moveit_config:/home/jiataoding/ros2_franka_ws/install/franka_hardware:/home/jiataoding/ros2_franka_ws/install/franka_gripper:/home/jiataoding/ros2_franka_ws/install/franka_msgs:/home/jiataoding/ros2_franka_ws/install/franka_description:/home/jiataoding/ros2_franka_ws/install/cartesian_impedance_controller:/home/jiataoding/ros2_franka_ws/install/effort_controller_base:/home/jiataoding/ros2_franka_ws/install/debug_msg:/home/jiataoding/franco_ros2_franka_ws/install/joint_impedance_controller:/home/jiataoding/franco_ros2_franka_ws/install/integration_launch_testing:/home/jiataoding/franco_ros2_franka_ws/install/idra_franka_launch:/home/jiataoding/franco_ros2_franka_ws/install/gravity_compensation:/home/jiataoding/franco_ros2_franka_ws/install/franka_task_pipeline:/home/jiataoding/franco_ros2_franka_ws/install/franka_ros2:/home/jiataoding/franco_ros2_franka_ws/install/franka_bringup:/home/jiataoding/franco_ros2_franka_ws/install/franka_robot_state_broadcaster:/home/jiataoding/franco_ros2_franka_ws/install/franka_example_controllers:/home/jiataoding/franco_ros2_franka_ws/install/franka_semantic_components:/home/jiataoding/franco_ros2_franka_ws/install/franka_gazebo_bringup:/home/jiataoding/franco_ros2_franka_ws/install/franka_ign_ros2_control:/home/jiataoding/franco_ros2_franka_ws/install/franka_fr3_moveit_config:/home/jiataoding/franco_ros2_franka_ws/install/franka_hardware:/home/jiataoding/franco_ros2_franka_ws/install/franka_gripper:/home/jiataoding/franco_ros2_franka_ws/install/franka_msgs:/home/jiataoding/franco_ros2_franka_ws/install/franka_description:/home/jiataoding/franco_ros2_franka_ws/install/cartesian_impedance_controller:/home/jiataoding/franco_ros2_franka_ws/install/effort_controller_base:/home/jiataoding/franco_ros2_franka_ws/install/debug_msg:/opt/openrobots LD_LIBRARY_PATH=/home/jiataoding/franco_ros2_franka_ws/src/install/effort_controller_base/lib:/home/jiataoding/franco_ros2_franka_ws/src/install/debug_msg/lib:/home/jiataoding/franco_ros2_franka_ws/src/install/joint_impedance_controller/lib:/home/jiataoding/franco_ros2_franka_ws/src/install/integration_launch_testing/lib:/home/jiataoding/franco_ros2_franka_ws/src/install/gravity_compensation/lib:/home/jiataoding/franco_ros2_franka_ws/src/install/franka_robot_state_broadcaster/lib:/home/jiataoding/franco_ros2_franka_ws/src/install/franka_example_controllers/lib:/home/jiataoding/franco_ros2_franka_ws/src/install/franka_semantic_components/lib:/home/jiataoding/franco_ros2_franka_ws/src/install/franka_ign_ros2_control/lib:/home/jiataoding/franco_ros2_franka_ws/src/install/franka_hardware/lib:/home/jiataoding/franco_ros2_franka_ws/src/install/franka_gripper/lib:/home/jiataoding/franco_ros2_franka_ws/src/install/franka_msgs/lib:/home/jiataoding/franco_ros2_franka_ws/src/install/cartesian_impedance_controller/lib:/home/jiataoding/libs/onnxruntime-linux-x64-1.21.0/lib:/home/jiataoding/ros2_franka_ws/install/joint_impedance_controller/lib:/home/jiataoding/ros2_franka_ws/install/integration_launch_testing/lib:/home/jiataoding/ros2_franka_ws/install/gravity_compensation/lib:/home/jiataoding/ros2_franka_ws/install/franka_robot_state_broadcaster/lib:/home/jiataoding/ros2_franka_ws/install/franka_example_controllers/lib:/home/jiataoding/ros2_franka_ws/install/franka_semantic_components/lib:/home/jiataoding/ros2_franka_ws/install/franka_ign_ros2_control/lib:/home/jiataoding/ros2_franka_ws/install/franka_hardware/lib:/home/jiataoding/ros2_franka_ws/install/franka_gripper/lib:/home/jiataoding/ros2_franka_ws/install/franka_msgs/lib:/home/jiataoding/ros2_franka_ws/install/cartesian_impedance_controller/lib:/home/jiataoding/ros2_franka_ws/install/effort_controller_base/lib:/home/jiataoding/ros2_franka_ws/install/debug_msg/lib:/home/jiataoding/franco_ros2_franka_ws/install/joint_impedance_controller/lib:/home/jiataoding/franco_ros2_franka_ws/install/integration_launch_testing/lib:/home/jiataoding/franco_ros2_franka_ws/install/gravity_compensation/lib:/home/jiataoding/franco_ros2_franka_ws/install/franka_robot_state_broadcaster/lib:/home/jiataoding/franco_ros2_franka_ws/install/franka_example_controllers/lib:/home/jiataoding/franco_ros2_franka_ws/install/franka_semantic_components/lib:/home/jiataoding/franco_ros2_franka_ws/install/franka_ign_ros2_control/lib:/home/jiataoding/franco_ros2_franka_ws/install/franka_hardware/lib:/home/jiataoding/franco_ros2_franka_ws/install/franka_gripper/lib:/home/jiataoding/franco_ros2_franka_ws/install/franka_msgs/lib:/home/jiataoding/franco_ros2_franka_ws/install/cartesian_impedance_controller/lib:/home/jiataoding/franco_ros2_franka_ws/install/effort_controller_base/lib:/home/jiataoding/franco_ros2_franka_ws/install/debug_msg/lib:/opt/openrobots/lib:/opt/ros/humble/opt/rviz_ogre_vendor/lib:/opt/ros/humble/lib/x86_64-linux-gnu:/opt/ros/humble/lib PKG_CONFIG_PATH=/home/jiataoding/franco_ros2_franka_ws/src/install/effort_controller_base/lib/x86_64-linux-gnu/pkgconfig:/home/jiataoding/franco_ros2_franka_ws/src/install/effort_controller_base/lib/pkgconfig:/home/jiataoding/ros2_franka_ws/install/effort_controller_base/lib/x86_64-linux-gnu/pkgconfig:/home/jiataoding/ros2_franka_ws/install/effort_controller_base/lib/pkgconfig:/home/jiataoding/franco_ros2_franka_ws/install/effort_controller_base/lib/x86_64-linux-gnu/pkgconfig:/home/jiataoding/franco_ros2_franka_ws/install/effort_controller_base/lib/pkgconfig:/opt/openrobots/lib/pkgconfig /usr/bin/cmake --build /home/jiataoding/franco_ros2_franka_ws/src/build/gravity_compensation -- -j24 -l24
[1.128s] DEBUG:colcon.colcon_core.event_handler.log_command:Invoking command in '/home/jiataoding/franco_ros2_franka_ws/src/build/gravity_compensation': CMAKE_PREFIX_PATH=/opt/ros/humble:/home/jiataoding/franco_ros2_franka_ws/src/install/effort_controller_base:/home/jiataoding/franco_ros2_franka_ws/src/install/debug_msg:/home/jiataoding/franco_ros2_franka_ws/src/install/joint_impedance_controller:/home/jiataoding/franco_ros2_franka_ws/src/install/integration_launch_testing:/home/jiataoding/franco_ros2_franka_ws/src/install/idra_franka_launch:/home/jiataoding/franco_ros2_franka_ws/src/install/gravity_compensation:/home/jiataoding/franco_ros2_franka_ws/src/install/franka_task_pipeline:/home/jiataoding/franco_ros2_franka_ws/src/install/franka_ros2:/home/jiataoding/franco_ros2_franka_ws/src/install/franka_bringup:/home/jiataoding/franco_ros2_franka_ws/src/install/franka_robot_state_broadcaster:/home/jiataoding/franco_ros2_franka_ws/src/install/franka_example_controllers:/home/jiataoding/franco_ros2_franka_ws/src/install/franka_semantic_components:/home/jiataoding/franco_ros2_franka_ws/src/install/franka_gazebo_bringup:/home/jiataoding/franco_ros2_franka_ws/src/install/franka_ign_ros2_control:/home/jiataoding/franco_ros2_franka_ws/src/install/franka_fr3_moveit_config:/home/jiataoding/franco_ros2_franka_ws/src/install/franka_hardware:/home/jiataoding/franco_ros2_franka_ws/src/install/franka_gripper:/home/jiataoding/franco_ros2_franka_ws/src/install/franka_msgs:/home/jiataoding/franco_ros2_franka_ws/src/install/franka_description:/home/jiataoding/franco_ros2_franka_ws/src/install/cartesian_impedance_controller:/home/jiataoding/ros2_franka_ws/install/joint_impedance_controller:/home/jiataoding/ros2_franka_ws/install/integration_launch_testing:/home/jiataoding/ros2_franka_ws/install/idra_franka_launch:/home/jiataoding/ros2_franka_ws/install/gravity_compensation:/home/jiataoding/ros2_franka_ws/install/franka_task_pipeline:/home/jiataoding/ros2_franka_ws/install/franka_ros2:/home/jiataoding/ros2_franka_ws/install/franka_bringup:/home/jiataoding/ros2_franka_ws/install/franka_robot_state_broadcaster:/home/jiataoding/ros2_franka_ws/install/franka_example_controllers:/home/jiataoding/ros2_franka_ws/install/franka_semantic_components:/home/jiataoding/ros2_franka_ws/install/franka_gazebo_bringup:/home/jiataoding/ros2_franka_ws/install/franka_ign_ros2_control:/home/jiataoding/ros2_franka_ws/install/franka_fr3_moveit_config:/home/jiataoding/ros2_franka_ws/install/franka_hardware:/home/jiataoding/ros2_franka_ws/install/franka_gripper:/home/jiataoding/ros2_franka_ws/install/franka_msgs:/home/jiataoding/ros2_franka_ws/install/franka_description:/home/jiataoding/ros2_franka_ws/install/cartesian_impedance_controller:/home/jiataoding/ros2_franka_ws/install/effort_controller_base:/home/jiataoding/ros2_franka_ws/install/debug_msg:/home/jiataoding/franco_ros2_franka_ws/install/joint_impedance_controller:/home/jiataoding/franco_ros2_franka_ws/install/integration_launch_testing:/home/jiataoding/franco_ros2_franka_ws/install/idra_franka_launch:/home/jiataoding/franco_ros2_franka_ws/install/gravity_compensation:/home/jiataoding/franco_ros2_franka_ws/install/franka_task_pipeline:/home/jiataoding/franco_ros2_franka_ws/install/franka_ros2:/home/jiataoding/franco_ros2_franka_ws/install/franka_bringup:/home/jiataoding/franco_ros2_franka_ws/install/franka_robot_state_broadcaster:/home/jiataoding/franco_ros2_franka_ws/install/franka_example_controllers:/home/jiataoding/franco_ros2_franka_ws/install/franka_semantic_components:/home/jiataoding/franco_ros2_franka_ws/install/franka_gazebo_bringup:/home/jiataoding/franco_ros2_franka_ws/install/franka_ign_ros2_control:/home/jiataoding/franco_ros2_franka_ws/install/franka_fr3_moveit_config:/home/jiataoding/franco_ros2_franka_ws/install/franka_hardware:/home/jiataoding/franco_ros2_franka_ws/install/franka_gripper:/home/jiataoding/franco_ros2_franka_ws/install/franka_msgs:/home/jiataoding/franco_ros2_franka_ws/install/franka_description:/home/jiataoding/franco_ros2_franka_ws/install/cartesian_impedance_controller:/home/jiataoding/franco_ros2_franka_ws/install/effort_controller_base:/home/jiataoding/franco_ros2_franka_ws/install/debug_msg:/opt/openrobots LD_LIBRARY_PATH=/home/jiataoding/franco_ros2_franka_ws/src/install/effort_controller_base/lib:/home/jiataoding/franco_ros2_franka_ws/src/install/debug_msg/lib:/home/jiataoding/franco_ros2_franka_ws/src/install/joint_impedance_controller/lib:/home/jiataoding/franco_ros2_franka_ws/src/install/integration_launch_testing/lib:/home/jiataoding/franco_ros2_franka_ws/src/install/gravity_compensation/lib:/home/jiataoding/franco_ros2_franka_ws/src/install/franka_robot_state_broadcaster/lib:/home/jiataoding/franco_ros2_franka_ws/src/install/franka_example_controllers/lib:/home/jiataoding/franco_ros2_franka_ws/src/install/franka_semantic_components/lib:/home/jiataoding/franco_ros2_franka_ws/src/install/franka_ign_ros2_control/lib:/home/jiataoding/franco_ros2_franka_ws/src/install/franka_hardware/lib:/home/jiataoding/franco_ros2_franka_ws/src/install/franka_gripper/lib:/home/jiataoding/franco_ros2_franka_ws/src/install/franka_msgs/lib:/home/jiataoding/franco_ros2_franka_ws/src/install/cartesian_impedance_controller/lib:/home/jiataoding/libs/onnxruntime-linux-x64-1.21.0/lib:/home/jiataoding/ros2_franka_ws/install/joint_impedance_controller/lib:/home/jiataoding/ros2_franka_ws/install/integration_launch_testing/lib:/home/jiataoding/ros2_franka_ws/install/gravity_compensation/lib:/home/jiataoding/ros2_franka_ws/install/franka_robot_state_broadcaster/lib:/home/jiataoding/ros2_franka_ws/install/franka_example_controllers/lib:/home/jiataoding/ros2_franka_ws/install/franka_semantic_components/lib:/home/jiataoding/ros2_franka_ws/install/franka_ign_ros2_control/lib:/home/jiataoding/ros2_franka_ws/install/franka_hardware/lib:/home/jiataoding/ros2_franka_ws/install/franka_gripper/lib:/home/jiataoding/ros2_franka_ws/install/franka_msgs/lib:/home/jiataoding/ros2_franka_ws/install/cartesian_impedance_controller/lib:/home/jiataoding/ros2_franka_ws/install/effort_controller_base/lib:/home/jiataoding/ros2_franka_ws/install/debug_msg/lib:/home/jiataoding/franco_ros2_franka_ws/install/joint_impedance_controller/lib:/home/jiataoding/franco_ros2_franka_ws/install/integration_launch_testing/lib:/home/jiataoding/franco_ros2_franka_ws/install/gravity_compensation/lib:/home/jiataoding/franco_ros2_franka_ws/install/franka_robot_state_broadcaster/lib:/home/jiataoding/franco_ros2_franka_ws/install/franka_example_controllers/lib:/home/jiataoding/franco_ros2_franka_ws/install/franka_semantic_components/lib:/home/jiataoding/franco_ros2_franka_ws/install/franka_ign_ros2_control/lib:/home/jiataoding/franco_ros2_franka_ws/install/franka_hardware/lib:/home/jiataoding/franco_ros2_franka_ws/install/franka_gripper/lib:/home/jiataoding/franco_ros2_franka_ws/install/franka_msgs/lib:/home/jiataoding/franco_ros2_franka_ws/install/cartesian_impedance_controller/lib:/home/jiataoding/franco_ros2_franka_ws/install/effort_controller_base/lib:/home/jiataoding/franco_ros2_franka_ws/install/debug_msg/lib:/opt/openrobots/lib:/opt/ros/humble/opt/rviz_ogre_vendor/lib:/opt/ros/humble/lib/x86_64-linux-gnu:/opt/ros/humble/lib PKG_CONFIG_PATH=/home/jiataoding/franco_ros2_franka_ws/src/install/effort_controller_base/lib/x86_64-linux-gnu/pkgconfig:/home/jiataoding/franco_ros2_franka_ws/src/install/effort_controller_base/lib/pkgconfig:/home/jiataoding/ros2_franka_ws/install/effort_controller_base/lib/x86_64-linux-gnu/pkgconfig:/home/jiataoding/ros2_franka_ws/install/effort_controller_base/lib/pkgconfig:/home/jiataoding/franco_ros2_franka_ws/install/effort_controller_base/lib/x86_64-linux-gnu/pkgconfig:/home/jiataoding/franco_ros2_franka_ws/install/effort_controller_base/lib/pkgconfig:/opt/openrobots/lib/pkgconfig /usr/bin/cmake --install /home/jiataoding/franco_ros2_franka_ws/src/build/gravity_compensation
[1.129s] DEBUG:colcon.colcon_core.event_handler.log_command:Invoked command in '/home/jiataoding/franco_ros2_franka_ws/src/build/joint_impedance_controller' returned '0': CMAKE_PREFIX_PATH=/opt/ros/humble:/home/jiataoding/franco_ros2_franka_ws/src/install/effort_controller_base:/home/jiataoding/franco_ros2_franka_ws/src/install/debug_msg:/home/jiataoding/franco_ros2_franka_ws/src/install/joint_impedance_controller:/home/jiataoding/franco_ros2_franka_ws/src/install/integration_launch_testing:/home/jiataoding/franco_ros2_franka_ws/src/install/idra_franka_launch:/home/jiataoding/franco_ros2_franka_ws/src/install/gravity_compensation:/home/jiataoding/franco_ros2_franka_ws/src/install/franka_task_pipeline:/home/jiataoding/franco_ros2_franka_ws/src/install/franka_ros2:/home/jiataoding/franco_ros2_franka_ws/src/install/franka_bringup:/home/jiataoding/franco_ros2_franka_ws/src/install/franka_robot_state_broadcaster:/home/jiataoding/franco_ros2_franka_ws/src/install/franka_example_controllers:/home/jiataoding/franco_ros2_franka_ws/src/install/franka_semantic_components:/home/jiataoding/franco_ros2_franka_ws/src/install/franka_gazebo_bringup:/home/jiataoding/franco_ros2_franka_ws/src/install/franka_ign_ros2_control:/home/jiataoding/franco_ros2_franka_ws/src/install/franka_fr3_moveit_config:/home/jiataoding/franco_ros2_franka_ws/src/install/franka_hardware:/home/jiataoding/franco_ros2_franka_ws/src/install/franka_gripper:/home/jiataoding/franco_ros2_franka_ws/src/install/franka_msgs:/home/jiataoding/franco_ros2_franka_ws/src/install/franka_description:/home/jiataoding/franco_ros2_franka_ws/src/install/cartesian_impedance_controller:/home/jiataoding/ros2_franka_ws/install/joint_impedance_controller:/home/jiataoding/ros2_franka_ws/install/integration_launch_testing:/home/jiataoding/ros2_franka_ws/install/idra_franka_launch:/home/jiataoding/ros2_franka_ws/install/gravity_compensation:/home/jiataoding/ros2_franka_ws/install/franka_task_pipeline:/home/jiataoding/ros2_franka_ws/install/franka_ros2:/home/jiataoding/ros2_franka_ws/install/franka_bringup:/home/jiataoding/ros2_franka_ws/install/franka_robot_state_broadcaster:/home/jiataoding/ros2_franka_ws/install/franka_example_controllers:/home/jiataoding/ros2_franka_ws/install/franka_semantic_components:/home/jiataoding/ros2_franka_ws/install/franka_gazebo_bringup:/home/jiataoding/ros2_franka_ws/install/franka_ign_ros2_control:/home/jiataoding/ros2_franka_ws/install/franka_fr3_moveit_config:/home/jiataoding/ros2_franka_ws/install/franka_hardware:/home/jiataoding/ros2_franka_ws/install/franka_gripper:/home/jiataoding/ros2_franka_ws/install/franka_msgs:/home/jiataoding/ros2_franka_ws/install/franka_description:/home/jiataoding/ros2_franka_ws/install/cartesian_impedance_controller:/home/jiataoding/ros2_franka_ws/install/effort_controller_base:/home/jiataoding/ros2_franka_ws/install/debug_msg:/home/jiataoding/franco_ros2_franka_ws/install/joint_impedance_controller:/home/jiataoding/franco_ros2_franka_ws/install/integration_launch_testing:/home/jiataoding/franco_ros2_franka_ws/install/idra_franka_launch:/home/jiataoding/franco_ros2_franka_ws/install/gravity_compensation:/home/jiataoding/franco_ros2_franka_ws/install/franka_task_pipeline:/home/jiataoding/franco_ros2_franka_ws/install/franka_ros2:/home/jiataoding/franco_ros2_franka_ws/install/franka_bringup:/home/jiataoding/franco_ros2_franka_ws/install/franka_robot_state_broadcaster:/home/jiataoding/franco_ros2_franka_ws/install/franka_example_controllers:/home/jiataoding/franco_ros2_franka_ws/install/franka_semantic_components:/home/jiataoding/franco_ros2_franka_ws/install/franka_gazebo_bringup:/home/jiataoding/franco_ros2_franka_ws/install/franka_ign_ros2_control:/home/jiataoding/franco_ros2_franka_ws/install/franka_fr3_moveit_config:/home/jiataoding/franco_ros2_franka_ws/install/franka_hardware:/home/jiataoding/franco_ros2_franka_ws/install/franka_gripper:/home/jiataoding/franco_ros2_franka_ws/install/franka_msgs:/home/jiataoding/franco_ros2_franka_ws/install/franka_description:/home/jiataoding/franco_ros2_franka_ws/install/cartesian_impedance_controller:/home/jiataoding/franco_ros2_franka_ws/install/effort_controller_base:/home/jiataoding/franco_ros2_franka_ws/install/debug_msg:/opt/openrobots LD_LIBRARY_PATH=/home/jiataoding/franco_ros2_franka_ws/src/install/effort_controller_base/lib:/home/jiataoding/franco_ros2_franka_ws/src/install/debug_msg/lib:/home/jiataoding/franco_ros2_franka_ws/src/install/joint_impedance_controller/lib:/home/jiataoding/franco_ros2_franka_ws/src/install/integration_launch_testing/lib:/home/jiataoding/franco_ros2_franka_ws/src/install/gravity_compensation/lib:/home/jiataoding/franco_ros2_franka_ws/src/install/franka_robot_state_broadcaster/lib:/home/jiataoding/franco_ros2_franka_ws/src/install/franka_example_controllers/lib:/home/jiataoding/franco_ros2_franka_ws/src/install/franka_semantic_components/lib:/home/jiataoding/franco_ros2_franka_ws/src/install/franka_ign_ros2_control/lib:/home/jiataoding/franco_ros2_franka_ws/src/install/franka_hardware/lib:/home/jiataoding/franco_ros2_franka_ws/src/install/franka_gripper/lib:/home/jiataoding/franco_ros2_franka_ws/src/install/franka_msgs/lib:/home/jiataoding/franco_ros2_franka_ws/src/install/cartesian_impedance_controller/lib:/home/jiataoding/libs/onnxruntime-linux-x64-1.21.0/lib:/home/jiataoding/ros2_franka_ws/install/joint_impedance_controller/lib:/home/jiataoding/ros2_franka_ws/install/integration_launch_testing/lib:/home/jiataoding/ros2_franka_ws/install/gravity_compensation/lib:/home/jiataoding/ros2_franka_ws/install/franka_robot_state_broadcaster/lib:/home/jiataoding/ros2_franka_ws/install/franka_example_controllers/lib:/home/jiataoding/ros2_franka_ws/install/franka_semantic_components/lib:/home/jiataoding/ros2_franka_ws/install/franka_ign_ros2_control/lib:/home/jiataoding/ros2_franka_ws/install/franka_hardware/lib:/home/jiataoding/ros2_franka_ws/install/franka_gripper/lib:/home/jiataoding/ros2_franka_ws/install/franka_msgs/lib:/home/jiataoding/ros2_franka_ws/install/cartesian_impedance_controller/lib:/home/jiataoding/ros2_franka_ws/install/effort_controller_base/lib:/home/jiataoding/ros2_franka_ws/install/debug_msg/lib:/home/jiataoding/franco_ros2_franka_ws/install/joint_impedance_controller/lib:/home/jiataoding/franco_ros2_franka_ws/install/integration_launch_testing/lib:/home/jiataoding/franco_ros2_franka_ws/install/gravity_compensation/lib:/home/jiataoding/franco_ros2_franka_ws/install/franka_robot_state_broadcaster/lib:/home/jiataoding/franco_ros2_franka_ws/install/franka_example_controllers/lib:/home/jiataoding/franco_ros2_franka_ws/install/franka_semantic_components/lib:/home/jiataoding/franco_ros2_franka_ws/install/franka_ign_ros2_control/lib:/home/jiataoding/franco_ros2_franka_ws/install/franka_hardware/lib:/home/jiataoding/franco_ros2_franka_ws/install/franka_gripper/lib:/home/jiataoding/franco_ros2_franka_ws/install/franka_msgs/lib:/home/jiataoding/franco_ros2_franka_ws/install/cartesian_impedance_controller/lib:/home/jiataoding/franco_ros2_franka_ws/install/effort_controller_base/lib:/home/jiataoding/franco_ros2_franka_ws/install/debug_msg/lib:/opt/openrobots/lib:/opt/ros/humble/opt/rviz_ogre_vendor/lib:/opt/ros/humble/lib/x86_64-linux-gnu:/opt/ros/humble/lib PKG_CONFIG_PATH=/home/jiataoding/franco_ros2_franka_ws/src/install/effort_controller_base/lib/x86_64-linux-gnu/pkgconfig:/home/jiataoding/franco_ros2_franka_ws/src/install/effort_controller_base/lib/pkgconfig:/home/jiataoding/ros2_franka_ws/install/effort_controller_base/lib/x86_64-linux-gnu/pkgconfig:/home/jiataoding/ros2_franka_ws/install/effort_controller_base/lib/pkgconfig:/home/jiataoding/franco_ros2_franka_ws/install/effort_controller_base/lib/x86_64-linux-gnu/pkgconfig:/home/jiataoding/franco_ros2_franka_ws/install/effort_controller_base/lib/pkgconfig:/opt/openrobots/lib/pkgconfig /usr/bin/cmake --build /home/jiataoding/franco_ros2_franka_ws/src/build/joint_impedance_controller -- -j24 -l24
[1.131s] DEBUG:colcon.colcon_core.event_handler.log_command:Invoking command in '/home/jiataoding/franco_ros2_franka_ws/src/build/joint_impedance_controller': CMAKE_PREFIX_PATH=/opt/ros/humble:/home/jiataoding/franco_ros2_franka_ws/src/install/effort_controller_base:/home/jiataoding/franco_ros2_franka_ws/src/install/debug_msg:/home/jiataoding/franco_ros2_franka_ws/src/install/joint_impedance_controller:/home/jiataoding/franco_ros2_franka_ws/src/install/integration_launch_testing:/home/jiataoding/franco_ros2_franka_ws/src/install/idra_franka_launch:/home/jiataoding/franco_ros2_franka_ws/src/install/gravity_compensation:/home/jiataoding/franco_ros2_franka_ws/src/install/franka_task_pipeline:/home/jiataoding/franco_ros2_franka_ws/src/install/franka_ros2:/home/jiataoding/franco_ros2_franka_ws/src/install/franka_bringup:/home/jiataoding/franco_ros2_franka_ws/src/install/franka_robot_state_broadcaster:/home/jiataoding/franco_ros2_franka_ws/src/install/franka_example_controllers:/home/jiataoding/franco_ros2_franka_ws/src/install/franka_semantic_components:/home/jiataoding/franco_ros2_franka_ws/src/install/franka_gazebo_bringup:/home/jiataoding/franco_ros2_franka_ws/src/install/franka_ign_ros2_control:/home/jiataoding/franco_ros2_franka_ws/src/install/franka_fr3_moveit_config:/home/jiataoding/franco_ros2_franka_ws/src/install/franka_hardware:/home/jiataoding/franco_ros2_franka_ws/src/install/franka_gripper:/home/jiataoding/franco_ros2_franka_ws/src/install/franka_msgs:/home/jiataoding/franco_ros2_franka_ws/src/install/franka_description:/home/jiataoding/franco_ros2_franka_ws/src/install/cartesian_impedance_controller:/home/jiataoding/ros2_franka_ws/install/joint_impedance_controller:/home/jiataoding/ros2_franka_ws/install/integration_launch_testing:/home/jiataoding/ros2_franka_ws/install/idra_franka_launch:/home/jiataoding/ros2_franka_ws/install/gravity_compensation:/home/jiataoding/ros2_franka_ws/install/franka_task_pipeline:/home/jiataoding/ros2_franka_ws/install/franka_ros2:/home/jiataoding/ros2_franka_ws/install/franka_bringup:/home/jiataoding/ros2_franka_ws/install/franka_robot_state_broadcaster:/home/jiataoding/ros2_franka_ws/install/franka_example_controllers:/home/jiataoding/ros2_franka_ws/install/franka_semantic_components:/home/jiataoding/ros2_franka_ws/install/franka_gazebo_bringup:/home/jiataoding/ros2_franka_ws/install/franka_ign_ros2_control:/home/jiataoding/ros2_franka_ws/install/franka_fr3_moveit_config:/home/jiataoding/ros2_franka_ws/install/franka_hardware:/home/jiataoding/ros2_franka_ws/install/franka_gripper:/home/jiataoding/ros2_franka_ws/install/franka_msgs:/home/jiataoding/ros2_franka_ws/install/franka_description:/home/jiataoding/ros2_franka_ws/install/cartesian_impedance_controller:/home/jiataoding/ros2_franka_ws/install/effort_controller_base:/home/jiataoding/ros2_franka_ws/install/debug_msg:/home/jiataoding/franco_ros2_franka_ws/install/joint_impedance_controller:/home/jiataoding/franco_ros2_franka_ws/install/integration_launch_testing:/home/jiataoding/franco_ros2_franka_ws/install/idra_franka_launch:/home/jiataoding/franco_ros2_franka_ws/install/gravity_compensation:/home/jiataoding/franco_ros2_franka_ws/install/franka_task_pipeline:/home/jiataoding/franco_ros2_franka_ws/install/franka_ros2:/home/jiataoding/franco_ros2_franka_ws/install/franka_bringup:/home/jiataoding/franco_ros2_franka_ws/install/franka_robot_state_broadcaster:/home/jiataoding/franco_ros2_franka_ws/install/franka_example_controllers:/home/jiataoding/franco_ros2_franka_ws/install/franka_semantic_components:/home/jiataoding/franco_ros2_franka_ws/install/franka_gazebo_bringup:/home/jiataoding/franco_ros2_franka_ws/install/franka_ign_ros2_control:/home/jiataoding/franco_ros2_franka_ws/install/franka_fr3_moveit_config:/home/jiataoding/franco_ros2_franka_ws/install/franka_hardware:/home/jiataoding/franco_ros2_franka_ws/install/franka_gripper:/home/jiataoding/franco_ros2_franka_ws/install/franka_msgs:/home/jiataoding/franco_ros2_franka_ws/install/franka_description:/home/jiataoding/franco_ros2_franka_ws/install/cartesian_impedance_controller:/home/jiataoding/franco_ros2_franka_ws/install/effort_controller_base:/home/jiataoding/franco_ros2_franka_ws/install/debug_msg:/opt/openrobots LD_LIBRARY_PATH=/home/jiataoding/franco_ros2_franka_ws/src/install/effort_controller_base/lib:/home/jiataoding/franco_ros2_franka_ws/src/install/debug_msg/lib:/home/jiataoding/franco_ros2_franka_ws/src/install/joint_impedance_controller/lib:/home/jiataoding/franco_ros2_franka_ws/src/install/integration_launch_testing/lib:/home/jiataoding/franco_ros2_franka_ws/src/install/gravity_compensation/lib:/home/jiataoding/franco_ros2_franka_ws/src/install/franka_robot_state_broadcaster/lib:/home/jiataoding/franco_ros2_franka_ws/src/install/franka_example_controllers/lib:/home/jiataoding/franco_ros2_franka_ws/src/install/franka_semantic_components/lib:/home/jiataoding/franco_ros2_franka_ws/src/install/franka_ign_ros2_control/lib:/home/jiataoding/franco_ros2_franka_ws/src/install/franka_hardware/lib:/home/jiataoding/franco_ros2_franka_ws/src/install/franka_gripper/lib:/home/jiataoding/franco_ros2_franka_ws/src/install/franka_msgs/lib:/home/jiataoding/franco_ros2_franka_ws/src/install/cartesian_impedance_controller/lib:/home/jiataoding/libs/onnxruntime-linux-x64-1.21.0/lib:/home/jiataoding/ros2_franka_ws/install/joint_impedance_controller/lib:/home/jiataoding/ros2_franka_ws/install/integration_launch_testing/lib:/home/jiataoding/ros2_franka_ws/install/gravity_compensation/lib:/home/jiataoding/ros2_franka_ws/install/franka_robot_state_broadcaster/lib:/home/jiataoding/ros2_franka_ws/install/franka_example_controllers/lib:/home/jiataoding/ros2_franka_ws/install/franka_semantic_components/lib:/home/jiataoding/ros2_franka_ws/install/franka_ign_ros2_control/lib:/home/jiataoding/ros2_franka_ws/install/franka_hardware/lib:/home/jiataoding/ros2_franka_ws/install/franka_gripper/lib:/home/jiataoding/ros2_franka_ws/install/franka_msgs/lib:/home/jiataoding/ros2_franka_ws/install/cartesian_impedance_controller/lib:/home/jiataoding/ros2_franka_ws/install/effort_controller_base/lib:/home/jiataoding/ros2_franka_ws/install/debug_msg/lib:/home/jiataoding/franco_ros2_franka_ws/install/joint_impedance_controller/lib:/home/jiataoding/franco_ros2_franka_ws/install/integration_launch_testing/lib:/home/jiataoding/franco_ros2_franka_ws/install/gravity_compensation/lib:/home/jiataoding/franco_ros2_franka_ws/install/franka_robot_state_broadcaster/lib:/home/jiataoding/franco_ros2_franka_ws/install/franka_example_controllers/lib:/home/jiataoding/franco_ros2_franka_ws/install/franka_semantic_components/lib:/home/jiataoding/franco_ros2_franka_ws/install/franka_ign_ros2_control/lib:/home/jiataoding/franco_ros2_franka_ws/install/franka_hardware/lib:/home/jiataoding/franco_ros2_franka_ws/install/franka_gripper/lib:/home/jiataoding/franco_ros2_franka_ws/install/franka_msgs/lib:/home/jiataoding/franco_ros2_franka_ws/install/cartesian_impedance_controller/lib:/home/jiataoding/franco_ros2_franka_ws/install/effort_controller_base/lib:/home/jiataoding/franco_ros2_franka_ws/install/debug_msg/lib:/opt/openrobots/lib:/opt/ros/humble/opt/rviz_ogre_vendor/lib:/opt/ros/humble/lib/x86_64-linux-gnu:/opt/ros/humble/lib PKG_CONFIG_PATH=/home/jiataoding/franco_ros2_franka_ws/src/install/effort_controller_base/lib/x86_64-linux-gnu/pkgconfig:/home/jiataoding/franco_ros2_franka_ws/src/install/effort_controller_base/lib/pkgconfig:/home/jiataoding/ros2_franka_ws/install/effort_controller_base/lib/x86_64-linux-gnu/pkgconfig:/home/jiataoding/ros2_franka_ws/install/effort_controller_base/lib/pkgconfig:/home/jiataoding/franco_ros2_franka_ws/install/effort_controller_base/lib/x86_64-linux-gnu/pkgconfig:/home/jiataoding/franco_ros2_franka_ws/install/effort_controller_base/lib/pkgconfig:/opt/openrobots/lib/pkgconfig /usr/bin/cmake --install /home/jiataoding/franco_ros2_franka_ws/src/build/joint_impedance_controller
[1.161s] Level 1:colcon.colcon_core.environment:create_environment_scripts_only(cartesian_impedance_controller)
[1.162s] Level 1:colcon.colcon_core.environment:checking '/home/jiataoding/franco_ros2_franka_ws/src/install/cartesian_impedance_controller' for CMake module files
[1.163s] DEBUG:colcon.colcon_core.event_handler.log_command:Invoked command in '/home/jiataoding/franco_ros2_franka_ws/src/build/cartesian_impedance_controller' returned '0': CMAKE_PREFIX_PATH=/opt/ros/humble:/home/jiataoding/franco_ros2_franka_ws/src/install/effort_controller_base:/home/jiataoding/franco_ros2_franka_ws/src/install/debug_msg:/home/jiataoding/franco_ros2_franka_ws/src/install/joint_impedance_controller:/home/jiataoding/franco_ros2_franka_ws/src/install/integration_launch_testing:/home/jiataoding/franco_ros2_franka_ws/src/install/idra_franka_launch:/home/jiataoding/franco_ros2_franka_ws/src/install/gravity_compensation:/home/jiataoding/franco_ros2_franka_ws/src/install/franka_task_pipeline:/home/jiataoding/franco_ros2_franka_ws/src/install/franka_ros2:/home/jiataoding/franco_ros2_franka_ws/src/install/franka_bringup:/home/jiataoding/franco_ros2_franka_ws/src/install/franka_robot_state_broadcaster:/home/jiataoding/franco_ros2_franka_ws/src/install/franka_example_controllers:/home/jiataoding/franco_ros2_franka_ws/src/install/franka_semantic_components:/home/jiataoding/franco_ros2_franka_ws/src/install/franka_gazebo_bringup:/home/jiataoding/franco_ros2_franka_ws/src/install/franka_ign_ros2_control:/home/jiataoding/franco_ros2_franka_ws/src/install/franka_fr3_moveit_config:/home/jiataoding/franco_ros2_franka_ws/src/install/franka_hardware:/home/jiataoding/franco_ros2_franka_ws/src/install/franka_gripper:/home/jiataoding/franco_ros2_franka_ws/src/install/franka_msgs:/home/jiataoding/franco_ros2_franka_ws/src/install/franka_description:/home/jiataoding/franco_ros2_franka_ws/src/install/cartesian_impedance_controller:/home/jiataoding/ros2_franka_ws/install/joint_impedance_controller:/home/jiataoding/ros2_franka_ws/install/integration_launch_testing:/home/jiataoding/ros2_franka_ws/install/idra_franka_launch:/home/jiataoding/ros2_franka_ws/install/gravity_compensation:/home/jiataoding/ros2_franka_ws/install/franka_task_pipeline:/home/jiataoding/ros2_franka_ws/install/franka_ros2:/home/jiataoding/ros2_franka_ws/install/franka_bringup:/home/jiataoding/ros2_franka_ws/install/franka_robot_state_broadcaster:/home/jiataoding/ros2_franka_ws/install/franka_example_controllers:/home/jiataoding/ros2_franka_ws/install/franka_semantic_components:/home/jiataoding/ros2_franka_ws/install/franka_gazebo_bringup:/home/jiataoding/ros2_franka_ws/install/franka_ign_ros2_control:/home/jiataoding/ros2_franka_ws/install/franka_fr3_moveit_config:/home/jiataoding/ros2_franka_ws/install/franka_hardware:/home/jiataoding/ros2_franka_ws/install/franka_gripper:/home/jiataoding/ros2_franka_ws/install/franka_msgs:/home/jiataoding/ros2_franka_ws/install/franka_description:/home/jiataoding/ros2_franka_ws/install/cartesian_impedance_controller:/home/jiataoding/ros2_franka_ws/install/effort_controller_base:/home/jiataoding/ros2_franka_ws/install/debug_msg:/home/jiataoding/franco_ros2_franka_ws/install/joint_impedance_controller:/home/jiataoding/franco_ros2_franka_ws/install/integration_launch_testing:/home/jiataoding/franco_ros2_franka_ws/install/idra_franka_launch:/home/jiataoding/franco_ros2_franka_ws/install/gravity_compensation:/home/jiataoding/franco_ros2_franka_ws/install/franka_task_pipeline:/home/jiataoding/franco_ros2_franka_ws/install/franka_ros2:/home/jiataoding/franco_ros2_franka_ws/install/franka_bringup:/home/jiataoding/franco_ros2_franka_ws/install/franka_robot_state_broadcaster:/home/jiataoding/franco_ros2_franka_ws/install/franka_example_controllers:/home/jiataoding/franco_ros2_franka_ws/install/franka_semantic_components:/home/jiataoding/franco_ros2_franka_ws/install/franka_gazebo_bringup:/home/jiataoding/franco_ros2_franka_ws/install/franka_ign_ros2_control:/home/jiataoding/franco_ros2_franka_ws/install/franka_fr3_moveit_config:/home/jiataoding/franco_ros2_franka_ws/install/franka_hardware:/home/jiataoding/franco_ros2_franka_ws/install/franka_gripper:/home/jiataoding/franco_ros2_franka_ws/install/franka_msgs:/home/jiataoding/franco_ros2_franka_ws/install/franka_description:/home/jiataoding/franco_ros2_franka_ws/install/cartesian_impedance_controller:/home/jiataoding/franco_ros2_franka_ws/install/effort_controller_base:/home/jiataoding/franco_ros2_franka_ws/install/debug_msg:/opt/openrobots LD_LIBRARY_PATH=/home/jiataoding/franco_ros2_franka_ws/src/install/effort_controller_base/lib:/home/jiataoding/franco_ros2_franka_ws/src/install/debug_msg/lib:/home/jiataoding/franco_ros2_franka_ws/src/install/joint_impedance_controller/lib:/home/jiataoding/franco_ros2_franka_ws/src/install/integration_launch_testing/lib:/home/jiataoding/franco_ros2_franka_ws/src/install/gravity_compensation/lib:/home/jiataoding/franco_ros2_franka_ws/src/install/franka_robot_state_broadcaster/lib:/home/jiataoding/franco_ros2_franka_ws/src/install/franka_example_controllers/lib:/home/jiataoding/franco_ros2_franka_ws/src/install/franka_semantic_components/lib:/home/jiataoding/franco_ros2_franka_ws/src/install/franka_ign_ros2_control/lib:/home/jiataoding/franco_ros2_franka_ws/src/install/franka_hardware/lib:/home/jiataoding/franco_ros2_franka_ws/src/install/franka_gripper/lib:/home/jiataoding/franco_ros2_franka_ws/src/install/franka_msgs/lib:/home/jiataoding/franco_ros2_franka_ws/src/install/cartesian_impedance_controller/lib:/home/jiataoding/libs/onnxruntime-linux-x64-1.21.0/lib:/home/jiataoding/ros2_franka_ws/install/joint_impedance_controller/lib:/home/jiataoding/ros2_franka_ws/install/integration_launch_testing/lib:/home/jiataoding/ros2_franka_ws/install/gravity_compensation/lib:/home/jiataoding/ros2_franka_ws/install/franka_robot_state_broadcaster/lib:/home/jiataoding/ros2_franka_ws/install/franka_example_controllers/lib:/home/jiataoding/ros2_franka_ws/install/franka_semantic_components/lib:/home/jiataoding/ros2_franka_ws/install/franka_ign_ros2_control/lib:/home/jiataoding/ros2_franka_ws/install/franka_hardware/lib:/home/jiataoding/ros2_franka_ws/install/franka_gripper/lib:/home/jiataoding/ros2_franka_ws/install/franka_msgs/lib:/home/jiataoding/ros2_franka_ws/install/cartesian_impedance_controller/lib:/home/jiataoding/ros2_franka_ws/install/effort_controller_base/lib:/home/jiataoding/ros2_franka_ws/install/debug_msg/lib:/home/jiataoding/franco_ros2_franka_ws/install/joint_impedance_controller/lib:/home/jiataoding/franco_ros2_franka_ws/install/integration_launch_testing/lib:/home/jiataoding/franco_ros2_franka_ws/install/gravity_compensation/lib:/home/jiataoding/franco_ros2_franka_ws/install/franka_robot_state_broadcaster/lib:/home/jiataoding/franco_ros2_franka_ws/install/franka_example_controllers/lib:/home/jiataoding/franco_ros2_franka_ws/install/franka_semantic_components/lib:/home/jiataoding/franco_ros2_franka_ws/install/franka_ign_ros2_control/lib:/home/jiataoding/franco_ros2_franka_ws/install/franka_hardware/lib:/home/jiataoding/franco_ros2_franka_ws/install/franka_gripper/lib:/home/jiataoding/franco_ros2_franka_ws/install/franka_msgs/lib:/home/jiataoding/franco_ros2_franka_ws/install/cartesian_impedance_controller/lib:/home/jiataoding/franco_ros2_franka_ws/install/effort_controller_base/lib:/home/jiataoding/franco_ros2_franka_ws/install/debug_msg/lib:/opt/openrobots/lib:/opt/ros/humble/opt/rviz_ogre_vendor/lib:/opt/ros/humble/lib/x86_64-linux-gnu:/opt/ros/humble/lib PKG_CONFIG_PATH=/home/jiataoding/franco_ros2_franka_ws/src/install/effort_controller_base/lib/x86_64-linux-gnu/pkgconfig:/home/jiataoding/franco_ros2_franka_ws/src/install/effort_controller_base/lib/pkgconfig:/home/jiataoding/ros2_franka_ws/install/effort_controller_base/lib/x86_64-linux-gnu/pkgconfig:/home/jiataoding/ros2_franka_ws/install/effort_controller_base/lib/pkgconfig:/home/jiataoding/franco_ros2_franka_ws/install/effort_controller_base/lib/x86_64-linux-gnu/pkgconfig:/home/jiataoding/franco_ros2_franka_ws/install/effort_controller_base/lib/pkgconfig:/opt/openrobots/lib/pkgconfig /usr/bin/cmake --install /home/jiataoding/franco_ros2_franka_ws/src/build/cartesian_impedance_controller
[1.164s] Level 1:colcon.colcon_core.environment:checking '/home/jiataoding/franco_ros2_franka_ws/src/install/cartesian_impedance_controller' for CMake config files
[1.166s] Level 1:colcon.colcon_core.shell:create_environment_hook('cartesian_impedance_controller', 'cmake_prefix_path')
[1.167s] INFO:colcon.colcon_core.shell:Creating environment hook '/home/jiataoding/franco_ros2_franka_ws/src/install/cartesian_impedance_controller/share/cartesian_impedance_controller/hook/cmake_prefix_path.ps1'
[1.167s] INFO:colcon.colcon_core.shell:Creating environment descriptor '/home/jiataoding/franco_ros2_franka_ws/src/install/cartesian_impedance_controller/share/cartesian_impedance_controller/hook/cmake_prefix_path.dsv'
[1.168s] INFO:colcon.colcon_core.shell:Creating environment hook '/home/jiataoding/franco_ros2_franka_ws/src/install/cartesian_impedance_controller/share/cartesian_impedance_controller/hook/cmake_prefix_path.sh'
[1.168s] Level 1:colcon.colcon_core.environment:checking '/home/jiataoding/franco_ros2_franka_ws/src/install/cartesian_impedance_controller/lib'
[1.168s] Level 1:colcon.colcon_core.shell:create_environment_hook('cartesian_impedance_controller', 'ld_library_path_lib')
[1.169s] INFO:colcon.colcon_core.shell:Creating environment hook '/home/jiataoding/franco_ros2_franka_ws/src/install/cartesian_impedance_controller/share/cartesian_impedance_controller/hook/ld_library_path_lib.ps1'
[1.169s] INFO:colcon.colcon_core.shell:Creating environment descriptor '/home/jiataoding/franco_ros2_franka_ws/src/install/cartesian_impedance_controller/share/cartesian_impedance_controller/hook/ld_library_path_lib.dsv'
[1.169s] INFO:colcon.colcon_core.shell:Creating environment hook '/home/jiataoding/franco_ros2_franka_ws/src/install/cartesian_impedance_controller/share/cartesian_impedance_controller/hook/ld_library_path_lib.sh'
[1.170s] Level 1:colcon.colcon_core.environment:checking '/home/jiataoding/franco_ros2_franka_ws/src/install/cartesian_impedance_controller/bin'
[1.170s] Level 1:colcon.colcon_core.environment:checking '/home/jiataoding/franco_ros2_franka_ws/src/install/cartesian_impedance_controller/lib/pkgconfig/cartesian_impedance_controller.pc'
[1.170s] Level 1:colcon.colcon_core.environment:checking '/home/jiataoding/franco_ros2_franka_ws/src/install/cartesian_impedance_controller/lib/python3.10/site-packages'
[1.170s] Level 1:colcon.colcon_core.environment:checking '/home/jiataoding/franco_ros2_franka_ws/src/install/cartesian_impedance_controller/bin'
[1.170s] INFO:colcon.colcon_core.shell:Creating package script '/home/jiataoding/franco_ros2_franka_ws/src/install/cartesian_impedance_controller/share/cartesian_impedance_controller/package.ps1'
[1.171s] INFO:colcon.colcon_core.shell:Creating package descriptor '/home/jiataoding/franco_ros2_franka_ws/src/install/cartesian_impedance_controller/share/cartesian_impedance_controller/package.dsv'
[1.171s] INFO:colcon.colcon_core.shell:Creating package script '/home/jiataoding/franco_ros2_franka_ws/src/install/cartesian_impedance_controller/share/cartesian_impedance_controller/package.sh'
[1.172s] INFO:colcon.colcon_core.shell:Creating package script '/home/jiataoding/franco_ros2_franka_ws/src/install/cartesian_impedance_controller/share/cartesian_impedance_controller/package.bash'
[1.172s] INFO:colcon.colcon_core.shell:Creating package script '/home/jiataoding/franco_ros2_franka_ws/src/install/cartesian_impedance_controller/share/cartesian_impedance_controller/package.zsh'
[1.172s] Level 1:colcon.colcon_core.environment:create_file_with_runtime_dependencies(/home/jiataoding/franco_ros2_franka_ws/src/install/cartesian_impedance_controller/share/colcon-core/packages/cartesian_impedance_controller)
[1.173s] Level 1:colcon.colcon_core.environment:create_environment_scripts_only(cartesian_impedance_controller)
[1.173s] Level 1:colcon.colcon_core.environment:checking '/home/jiataoding/franco_ros2_franka_ws/src/install/cartesian_impedance_controller' for CMake module files
[1.173s] Level 1:colcon.colcon_core.environment:checking '/home/jiataoding/franco_ros2_franka_ws/src/install/cartesian_impedance_controller' for CMake config files
[1.174s] Level 1:colcon.colcon_core.shell:create_environment_hook('cartesian_impedance_controller', 'cmake_prefix_path')
[1.174s] INFO:colcon.colcon_core.shell:Creating environment hook '/home/jiataoding/franco_ros2_franka_ws/src/install/cartesian_impedance_controller/share/cartesian_impedance_controller/hook/cmake_prefix_path.ps1'
[1.176s] INFO:colcon.colcon_core.shell:Creating environment descriptor '/home/jiataoding/franco_ros2_franka_ws/src/install/cartesian_impedance_controller/share/cartesian_impedance_controller/hook/cmake_prefix_path.dsv'
[1.176s] INFO:colcon.colcon_core.shell:Creating environment hook '/home/jiataoding/franco_ros2_franka_ws/src/install/cartesian_impedance_controller/share/cartesian_impedance_controller/hook/cmake_prefix_path.sh'
[1.177s] Level 1:colcon.colcon_core.environment:checking '/home/jiataoding/franco_ros2_franka_ws/src/install/cartesian_impedance_controller/lib'
[1.177s] Level 1:colcon.colcon_core.shell:create_environment_hook('cartesian_impedance_controller', 'ld_library_path_lib')
[1.177s] INFO:colcon.colcon_core.shell:Creating environment hook '/home/jiataoding/franco_ros2_franka_ws/src/install/cartesian_impedance_controller/share/cartesian_impedance_controller/hook/ld_library_path_lib.ps1'
[1.178s] INFO:colcon.colcon_core.shell:Creating environment descriptor '/home/jiataoding/franco_ros2_franka_ws/src/install/cartesian_impedance_controller/share/cartesian_impedance_controller/hook/ld_library_path_lib.dsv'
[1.178s] INFO:colcon.colcon_core.shell:Creating environment hook '/home/jiataoding/franco_ros2_franka_ws/src/install/cartesian_impedance_controller/share/cartesian_impedance_controller/hook/ld_library_path_lib.sh'
[1.178s] Level 1:colcon.colcon_core.environment:checking '/home/jiataoding/franco_ros2_franka_ws/src/install/cartesian_impedance_controller/bin'
[1.178s] Level 1:colcon.colcon_core.environment:checking '/home/jiataoding/franco_ros2_franka_ws/src/install/cartesian_impedance_controller/lib/pkgconfig/cartesian_impedance_controller.pc'
[1.178s] Level 1:colcon.colcon_core.environment:checking '/home/jiataoding/franco_ros2_franka_ws/src/install/cartesian_impedance_controller/lib/python3.10/site-packages'
[1.179s] Level 1:colcon.colcon_core.environment:checking '/home/jiataoding/franco_ros2_franka_ws/src/install/cartesian_impedance_controller/bin'
[1.179s] INFO:colcon.colcon_core.shell:Creating package script '/home/jiataoding/franco_ros2_franka_ws/src/install/cartesian_impedance_controller/share/cartesian_impedance_controller/package.ps1'
[1.179s] INFO:colcon.colcon_core.shell:Creating package descriptor '/home/jiataoding/franco_ros2_franka_ws/src/install/cartesian_impedance_controller/share/cartesian_impedance_controller/package.dsv'
[1.180s] INFO:colcon.colcon_core.shell:Creating package script '/home/jiataoding/franco_ros2_franka_ws/src/install/cartesian_impedance_controller/share/cartesian_impedance_controller/package.sh'
[1.180s] INFO:colcon.colcon_core.shell:Creating package script '/home/jiataoding/franco_ros2_franka_ws/src/install/cartesian_impedance_controller/share/cartesian_impedance_controller/package.bash'
[1.180s] INFO:colcon.colcon_core.shell:Creating package script '/home/jiataoding/franco_ros2_franka_ws/src/install/cartesian_impedance_controller/share/cartesian_impedance_controller/package.zsh'
[1.181s] Level 1:colcon.colcon_core.environment:create_file_with_runtime_dependencies(/home/jiataoding/franco_ros2_franka_ws/src/install/cartesian_impedance_controller/share/colcon-core/packages/cartesian_impedance_controller)
[1.182s] Level 1:colcon.colcon_core.environment:create_environment_scripts_only(gravity_compensation)
[1.182s] Level 1:colcon.colcon_core.environment:checking '/home/jiataoding/franco_ros2_franka_ws/src/install/gravity_compensation' for CMake module files
[1.183s] DEBUG:colcon.colcon_core.event_handler.log_command:Invoked command in '/home/jiataoding/franco_ros2_franka_ws/src/build/gravity_compensation' returned '0': CMAKE_PREFIX_PATH=/opt/ros/humble:/home/jiataoding/franco_ros2_franka_ws/src/install/effort_controller_base:/home/jiataoding/franco_ros2_franka_ws/src/install/debug_msg:/home/jiataoding/franco_ros2_franka_ws/src/install/joint_impedance_controller:/home/jiataoding/franco_ros2_franka_ws/src/install/integration_launch_testing:/home/jiataoding/franco_ros2_franka_ws/src/install/idra_franka_launch:/home/jiataoding/franco_ros2_franka_ws/src/install/gravity_compensation:/home/jiataoding/franco_ros2_franka_ws/src/install/franka_task_pipeline:/home/jiataoding/franco_ros2_franka_ws/src/install/franka_ros2:/home/jiataoding/franco_ros2_franka_ws/src/install/franka_bringup:/home/jiataoding/franco_ros2_franka_ws/src/install/franka_robot_state_broadcaster:/home/jiataoding/franco_ros2_franka_ws/src/install/franka_example_controllers:/home/jiataoding/franco_ros2_franka_ws/src/install/franka_semantic_components:/home/jiataoding/franco_ros2_franka_ws/src/install/franka_gazebo_bringup:/home/jiataoding/franco_ros2_franka_ws/src/install/franka_ign_ros2_control:/home/jiataoding/franco_ros2_franka_ws/src/install/franka_fr3_moveit_config:/home/jiataoding/franco_ros2_franka_ws/src/install/franka_hardware:/home/jiataoding/franco_ros2_franka_ws/src/install/franka_gripper:/home/jiataoding/franco_ros2_franka_ws/src/install/franka_msgs:/home/jiataoding/franco_ros2_franka_ws/src/install/franka_description:/home/jiataoding/franco_ros2_franka_ws/src/install/cartesian_impedance_controller:/home/jiataoding/ros2_franka_ws/install/joint_impedance_controller:/home/jiataoding/ros2_franka_ws/install/integration_launch_testing:/home/jiataoding/ros2_franka_ws/install/idra_franka_launch:/home/jiataoding/ros2_franka_ws/install/gravity_compensation:/home/jiataoding/ros2_franka_ws/install/franka_task_pipeline:/home/jiataoding/ros2_franka_ws/install/franka_ros2:/home/jiataoding/ros2_franka_ws/install/franka_bringup:/home/jiataoding/ros2_franka_ws/install/franka_robot_state_broadcaster:/home/jiataoding/ros2_franka_ws/install/franka_example_controllers:/home/jiataoding/ros2_franka_ws/install/franka_semantic_components:/home/jiataoding/ros2_franka_ws/install/franka_gazebo_bringup:/home/jiataoding/ros2_franka_ws/install/franka_ign_ros2_control:/home/jiataoding/ros2_franka_ws/install/franka_fr3_moveit_config:/home/jiataoding/ros2_franka_ws/install/franka_hardware:/home/jiataoding/ros2_franka_ws/install/franka_gripper:/home/jiataoding/ros2_franka_ws/install/franka_msgs:/home/jiataoding/ros2_franka_ws/install/franka_description:/home/jiataoding/ros2_franka_ws/install/cartesian_impedance_controller:/home/jiataoding/ros2_franka_ws/install/effort_controller_base:/home/jiataoding/ros2_franka_ws/install/debug_msg:/home/jiataoding/franco_ros2_franka_ws/install/joint_impedance_controller:/home/jiataoding/franco_ros2_franka_ws/install/integration_launch_testing:/home/jiataoding/franco_ros2_franka_ws/install/idra_franka_launch:/home/jiataoding/franco_ros2_franka_ws/install/gravity_compensation:/home/jiataoding/franco_ros2_franka_ws/install/franka_task_pipeline:/home/jiataoding/franco_ros2_franka_ws/install/franka_ros2:/home/jiataoding/franco_ros2_franka_ws/install/franka_bringup:/home/jiataoding/franco_ros2_franka_ws/install/franka_robot_state_broadcaster:/home/jiataoding/franco_ros2_franka_ws/install/franka_example_controllers:/home/jiataoding/franco_ros2_franka_ws/install/franka_semantic_components:/home/jiataoding/franco_ros2_franka_ws/install/franka_gazebo_bringup:/home/jiataoding/franco_ros2_franka_ws/install/franka_ign_ros2_control:/home/jiataoding/franco_ros2_franka_ws/install/franka_fr3_moveit_config:/home/jiataoding/franco_ros2_franka_ws/install/franka_hardware:/home/jiataoding/franco_ros2_franka_ws/install/franka_gripper:/home/jiataoding/franco_ros2_franka_ws/install/franka_msgs:/home/jiataoding/franco_ros2_franka_ws/install/franka_description:/home/jiataoding/franco_ros2_franka_ws/install/cartesian_impedance_controller:/home/jiataoding/franco_ros2_franka_ws/install/effort_controller_base:/home/jiataoding/franco_ros2_franka_ws/install/debug_msg:/opt/openrobots LD_LIBRARY_PATH=/home/jiataoding/franco_ros2_franka_ws/src/install/effort_controller_base/lib:/home/jiataoding/franco_ros2_franka_ws/src/install/debug_msg/lib:/home/jiataoding/franco_ros2_franka_ws/src/install/joint_impedance_controller/lib:/home/jiataoding/franco_ros2_franka_ws/src/install/integration_launch_testing/lib:/home/jiataoding/franco_ros2_franka_ws/src/install/gravity_compensation/lib:/home/jiataoding/franco_ros2_franka_ws/src/install/franka_robot_state_broadcaster/lib:/home/jiataoding/franco_ros2_franka_ws/src/install/franka_example_controllers/lib:/home/jiataoding/franco_ros2_franka_ws/src/install/franka_semantic_components/lib:/home/jiataoding/franco_ros2_franka_ws/src/install/franka_ign_ros2_control/lib:/home/jiataoding/franco_ros2_franka_ws/src/install/franka_hardware/lib:/home/jiataoding/franco_ros2_franka_ws/src/install/franka_gripper/lib:/home/jiataoding/franco_ros2_franka_ws/src/install/franka_msgs/lib:/home/jiataoding/franco_ros2_franka_ws/src/install/cartesian_impedance_controller/lib:/home/jiataoding/libs/onnxruntime-linux-x64-1.21.0/lib:/home/jiataoding/ros2_franka_ws/install/joint_impedance_controller/lib:/home/jiataoding/ros2_franka_ws/install/integration_launch_testing/lib:/home/jiataoding/ros2_franka_ws/install/gravity_compensation/lib:/home/jiataoding/ros2_franka_ws/install/franka_robot_state_broadcaster/lib:/home/jiataoding/ros2_franka_ws/install/franka_example_controllers/lib:/home/jiataoding/ros2_franka_ws/install/franka_semantic_components/lib:/home/jiataoding/ros2_franka_ws/install/franka_ign_ros2_control/lib:/home/jiataoding/ros2_franka_ws/install/franka_hardware/lib:/home/jiataoding/ros2_franka_ws/install/franka_gripper/lib:/home/jiataoding/ros2_franka_ws/install/franka_msgs/lib:/home/jiataoding/ros2_franka_ws/install/cartesian_impedance_controller/lib:/home/jiataoding/ros2_franka_ws/install/effort_controller_base/lib:/home/jiataoding/ros2_franka_ws/install/debug_msg/lib:/home/jiataoding/franco_ros2_franka_ws/install/joint_impedance_controller/lib:/home/jiataoding/franco_ros2_franka_ws/install/integration_launch_testing/lib:/home/jiataoding/franco_ros2_franka_ws/install/gravity_compensation/lib:/home/jiataoding/franco_ros2_franka_ws/install/franka_robot_state_broadcaster/lib:/home/jiataoding/franco_ros2_franka_ws/install/franka_example_controllers/lib:/home/jiataoding/franco_ros2_franka_ws/install/franka_semantic_components/lib:/home/jiataoding/franco_ros2_franka_ws/install/franka_ign_ros2_control/lib:/home/jiataoding/franco_ros2_franka_ws/install/franka_hardware/lib:/home/jiataoding/franco_ros2_franka_ws/install/franka_gripper/lib:/home/jiataoding/franco_ros2_franka_ws/install/franka_msgs/lib:/home/jiataoding/franco_ros2_franka_ws/install/cartesian_impedance_controller/lib:/home/jiataoding/franco_ros2_franka_ws/install/effort_controller_base/lib:/home/jiataoding/franco_ros2_franka_ws/install/debug_msg/lib:/opt/openrobots/lib:/opt/ros/humble/opt/rviz_ogre_vendor/lib:/opt/ros/humble/lib/x86_64-linux-gnu:/opt/ros/humble/lib PKG_CONFIG_PATH=/home/jiataoding/franco_ros2_franka_ws/src/install/effort_controller_base/lib/x86_64-linux-gnu/pkgconfig:/home/jiataoding/franco_ros2_franka_ws/src/install/effort_controller_base/lib/pkgconfig:/home/jiataoding/ros2_franka_ws/install/effort_controller_base/lib/x86_64-linux-gnu/pkgconfig:/home/jiataoding/ros2_franka_ws/install/effort_controller_base/lib/pkgconfig:/home/jiataoding/franco_ros2_franka_ws/install/effort_controller_base/lib/x86_64-linux-gnu/pkgconfig:/home/jiataoding/franco_ros2_franka_ws/install/effort_controller_base/lib/pkgconfig:/opt/openrobots/lib/pkgconfig /usr/bin/cmake --install /home/jiataoding/franco_ros2_franka_ws/src/build/gravity_compensation
[1.183s] Level 1:colcon.colcon_core.environment:checking '/home/jiataoding/franco_ros2_franka_ws/src/install/gravity_compensation' for CMake config files
[1.183s] Level 1:colcon.colcon_core.shell:create_environment_hook('gravity_compensation', 'cmake_prefix_path')
[1.183s] INFO:colcon.colcon_core.shell:Creating environment hook '/home/jiataoding/franco_ros2_franka_ws/src/install/gravity_compensation/share/gravity_compensation/hook/cmake_prefix_path.ps1'
[1.184s] INFO:colcon.colcon_core.shell:Creating environment descriptor '/home/jiataoding/franco_ros2_franka_ws/src/install/gravity_compensation/share/gravity_compensation/hook/cmake_prefix_path.dsv'
[1.184s] INFO:colcon.colcon_core.shell:Creating environment hook '/home/jiataoding/franco_ros2_franka_ws/src/install/gravity_compensation/share/gravity_compensation/hook/cmake_prefix_path.sh'
[1.184s] Level 1:colcon.colcon_core.environment:checking '/home/jiataoding/franco_ros2_franka_ws/src/install/gravity_compensation/lib'
[1.185s] Level 1:colcon.colcon_core.shell:create_environment_hook('gravity_compensation', 'ld_library_path_lib')
[1.185s] INFO:colcon.colcon_core.shell:Creating environment hook '/home/jiataoding/franco_ros2_franka_ws/src/install/gravity_compensation/share/gravity_compensation/hook/ld_library_path_lib.ps1'
[1.185s] INFO:colcon.colcon_core.shell:Creating environment descriptor '/home/jiataoding/franco_ros2_franka_ws/src/install/gravity_compensation/share/gravity_compensation/hook/ld_library_path_lib.dsv'
[1.185s] INFO:colcon.colcon_core.shell:Creating environment hook '/home/jiataoding/franco_ros2_franka_ws/src/install/gravity_compensation/share/gravity_compensation/hook/ld_library_path_lib.sh'
[1.186s] Level 1:colcon.colcon_core.environment:checking '/home/jiataoding/franco_ros2_franka_ws/src/install/gravity_compensation/bin'
[1.186s] Level 1:colcon.colcon_core.environment:checking '/home/jiataoding/franco_ros2_franka_ws/src/install/gravity_compensation/lib/pkgconfig/gravity_compensation.pc'
[1.186s] Level 1:colcon.colcon_core.environment:checking '/home/jiataoding/franco_ros2_franka_ws/src/install/gravity_compensation/lib/python3.10/site-packages'
[1.186s] Level 1:colcon.colcon_core.environment:checking '/home/jiataoding/franco_ros2_franka_ws/src/install/gravity_compensation/bin'
[1.187s] INFO:colcon.colcon_core.shell:Creating package script '/home/jiataoding/franco_ros2_franka_ws/src/install/gravity_compensation/share/gravity_compensation/package.ps1'
[1.187s] INFO:colcon.colcon_core.shell:Creating package descriptor '/home/jiataoding/franco_ros2_franka_ws/src/install/gravity_compensation/share/gravity_compensation/package.dsv'
[1.187s] INFO:colcon.colcon_core.shell:Creating package script '/home/jiataoding/franco_ros2_franka_ws/src/install/gravity_compensation/share/gravity_compensation/package.sh'
[1.188s] INFO:colcon.colcon_core.shell:Creating package script '/home/jiataoding/franco_ros2_franka_ws/src/install/gravity_compensation/share/gravity_compensation/package.bash'
[1.188s] INFO:colcon.colcon_core.shell:Creating package script '/home/jiataoding/franco_ros2_franka_ws/src/install/gravity_compensation/share/gravity_compensation/package.zsh'
[1.188s] Level 1:colcon.colcon_core.environment:create_file_with_runtime_dependencies(/home/jiataoding/franco_ros2_franka_ws/src/install/gravity_compensation/share/colcon-core/packages/gravity_compensation)
[1.189s] Level 1:colcon.colcon_core.environment:create_environment_scripts_only(gravity_compensation)
[1.189s] Level 1:colcon.colcon_core.environment:checking '/home/jiataoding/franco_ros2_franka_ws/src/install/gravity_compensation' for CMake module files
[1.190s] Level 1:colcon.colcon_core.environment:checking '/home/jiataoding/franco_ros2_franka_ws/src/install/gravity_compensation' for CMake config files
[1.190s] Level 1:colcon.colcon_core.shell:create_environment_hook('gravity_compensation', 'cmake_prefix_path')
[1.190s] INFO:colcon.colcon_core.shell:Creating environment hook '/home/jiataoding/franco_ros2_franka_ws/src/install/gravity_compensation/share/gravity_compensation/hook/cmake_prefix_path.ps1'
[1.191s] INFO:colcon.colcon_core.shell:Creating environment descriptor '/home/jiataoding/franco_ros2_franka_ws/src/install/gravity_compensation/share/gravity_compensation/hook/cmake_prefix_path.dsv'
[1.191s] INFO:colcon.colcon_core.shell:Creating environment hook '/home/jiataoding/franco_ros2_franka_ws/src/install/gravity_compensation/share/gravity_compensation/hook/cmake_prefix_path.sh'
[1.192s] Level 1:colcon.colcon_core.environment:checking '/home/jiataoding/franco_ros2_franka_ws/src/install/gravity_compensation/lib'
[1.192s] Level 1:colcon.colcon_core.shell:create_environment_hook('gravity_compensation', 'ld_library_path_lib')
[1.192s] INFO:colcon.colcon_core.shell:Creating environment hook '/home/jiataoding/franco_ros2_franka_ws/src/install/gravity_compensation/share/gravity_compensation/hook/ld_library_path_lib.ps1'
[1.193s] INFO:colcon.colcon_core.shell:Creating environment descriptor '/home/jiataoding/franco_ros2_franka_ws/src/install/gravity_compensation/share/gravity_compensation/hook/ld_library_path_lib.dsv'
[1.193s] INFO:colcon.colcon_core.shell:Creating environment hook '/home/jiataoding/franco_ros2_franka_ws/src/install/gravity_compensation/share/gravity_compensation/hook/ld_library_path_lib.sh'
[1.193s] Level 1:colcon.colcon_core.environment:checking '/home/jiataoding/franco_ros2_franka_ws/src/install/gravity_compensation/bin'
[1.194s] Level 1:colcon.colcon_core.environment:checking '/home/jiataoding/franco_ros2_franka_ws/src/install/gravity_compensation/lib/pkgconfig/gravity_compensation.pc'
[1.194s] Level 1:colcon.colcon_core.environment:checking '/home/jiataoding/franco_ros2_franka_ws/src/install/gravity_compensation/lib/python3.10/site-packages'
[1.194s] Level 1:colcon.colcon_core.environment:checking '/home/jiataoding/franco_ros2_franka_ws/src/install/gravity_compensation/bin'
[1.194s] INFO:colcon.colcon_core.shell:Creating package script '/home/jiataoding/franco_ros2_franka_ws/src/install/gravity_compensation/share/gravity_compensation/package.ps1'
[1.195s] INFO:colcon.colcon_core.shell:Creating package descriptor '/home/jiataoding/franco_ros2_franka_ws/src/install/gravity_compensation/share/gravity_compensation/package.dsv'
[1.196s] INFO:colcon.colcon_core.shell:Creating package script '/home/jiataoding/franco_ros2_franka_ws/src/install/gravity_compensation/share/gravity_compensation/package.sh'
[1.196s] INFO:colcon.colcon_core.shell:Creating package script '/home/jiataoding/franco_ros2_franka_ws/src/install/gravity_compensation/share/gravity_compensation/package.bash'
[1.197s] INFO:colcon.colcon_core.shell:Creating package script '/home/jiataoding/franco_ros2_franka_ws/src/install/gravity_compensation/share/gravity_compensation/package.zsh'
[1.197s] Level 1:colcon.colcon_core.environment:create_file_with_runtime_dependencies(/home/jiataoding/franco_ros2_franka_ws/src/install/gravity_compensation/share/colcon-core/packages/gravity_compensation)
[1.199s] DEBUG:colcon.colcon_core.event_handler.log_command:Invoked command in '/home/jiataoding/franco_ros2_franka_ws/src/build/franka_hardware' returned '0': CMAKE_PREFIX_PATH=/home/jiataoding/franco_ros2_franka_ws/src/install/franka_msgs:/home/jiataoding/franco_ros2_franka_ws/src/install/joint_impedance_controller:/home/jiataoding/franco_ros2_franka_ws/src/install/integration_launch_testing:/home/jiataoding/franco_ros2_franka_ws/src/install/idra_franka_launch:/home/jiataoding/franco_ros2_franka_ws/src/install/gravity_compensation:/home/jiataoding/franco_ros2_franka_ws/src/install/franka_task_pipeline:/home/jiataoding/franco_ros2_franka_ws/src/install/franka_ros2:/home/jiataoding/franco_ros2_franka_ws/src/install/franka_bringup:/home/jiataoding/franco_ros2_franka_ws/src/install/franka_robot_state_broadcaster:/home/jiataoding/franco_ros2_franka_ws/src/install/franka_example_controllers:/home/jiataoding/franco_ros2_franka_ws/src/install/franka_semantic_components:/home/jiataoding/franco_ros2_franka_ws/src/install/franka_gazebo_bringup:/home/jiataoding/franco_ros2_franka_ws/src/install/franka_ign_ros2_control:/home/jiataoding/franco_ros2_franka_ws/src/install/franka_fr3_moveit_config:/home/jiataoding/franco_ros2_franka_ws/src/install/franka_hardware:/home/jiataoding/franco_ros2_franka_ws/src/install/franka_gripper:/home/jiataoding/franco_ros2_franka_ws/src/install/franka_description:/home/jiataoding/franco_ros2_franka_ws/src/install/cartesian_impedance_controller:/opt/ros/humble:/home/jiataoding/franco_ros2_franka_ws/src/install/effort_controller_base:/home/jiataoding/franco_ros2_franka_ws/src/install/debug_msg:/home/jiataoding/ros2_franka_ws/install/joint_impedance_controller:/home/jiataoding/ros2_franka_ws/install/integration_launch_testing:/home/jiataoding/ros2_franka_ws/install/idra_franka_launch:/home/jiataoding/ros2_franka_ws/install/gravity_compensation:/home/jiataoding/ros2_franka_ws/install/franka_task_pipeline:/home/jiataoding/ros2_franka_ws/install/franka_ros2:/home/jiataoding/ros2_franka_ws/install/franka_bringup:/home/jiataoding/ros2_franka_ws/install/franka_robot_state_broadcaster:/home/jiataoding/ros2_franka_ws/install/franka_example_controllers:/home/jiataoding/ros2_franka_ws/install/franka_semantic_components:/home/jiataoding/ros2_franka_ws/install/franka_gazebo_bringup:/home/jiataoding/ros2_franka_ws/install/franka_ign_ros2_control:/home/jiataoding/ros2_franka_ws/install/franka_fr3_moveit_config:/home/jiataoding/ros2_franka_ws/install/franka_hardware:/home/jiataoding/ros2_franka_ws/install/franka_gripper:/home/jiataoding/ros2_franka_ws/install/franka_msgs:/home/jiataoding/ros2_franka_ws/install/franka_description:/home/jiataoding/ros2_franka_ws/install/cartesian_impedance_controller:/home/jiataoding/ros2_franka_ws/install/effort_controller_base:/home/jiataoding/ros2_franka_ws/install/debug_msg:/home/jiataoding/franco_ros2_franka_ws/install/joint_impedance_controller:/home/jiataoding/franco_ros2_franka_ws/install/integration_launch_testing:/home/jiataoding/franco_ros2_franka_ws/install/idra_franka_launch:/home/jiataoding/franco_ros2_franka_ws/install/gravity_compensation:/home/jiataoding/franco_ros2_franka_ws/install/franka_task_pipeline:/home/jiataoding/franco_ros2_franka_ws/install/franka_ros2:/home/jiataoding/franco_ros2_franka_ws/install/franka_bringup:/home/jiataoding/franco_ros2_franka_ws/install/franka_robot_state_broadcaster:/home/jiataoding/franco_ros2_franka_ws/install/franka_example_controllers:/home/jiataoding/franco_ros2_franka_ws/install/franka_semantic_components:/home/jiataoding/franco_ros2_franka_ws/install/franka_gazebo_bringup:/home/jiataoding/franco_ros2_franka_ws/install/franka_ign_ros2_control:/home/jiataoding/franco_ros2_franka_ws/install/franka_fr3_moveit_config:/home/jiataoding/franco_ros2_franka_ws/install/franka_hardware:/home/jiataoding/franco_ros2_franka_ws/install/franka_gripper:/home/jiataoding/franco_ros2_franka_ws/install/franka_msgs:/home/jiataoding/franco_ros2_franka_ws/install/franka_description:/home/jiataoding/franco_ros2_franka_ws/install/cartesian_impedance_controller:/home/jiataoding/franco_ros2_franka_ws/install/effort_controller_base:/home/jiataoding/franco_ros2_franka_ws/install/debug_msg:/opt/openrobots LD_LIBRARY_PATH=/home/jiataoding/franco_ros2_franka_ws/src/install/franka_msgs/lib:/home/jiataoding/franco_ros2_franka_ws/src/install/joint_impedance_controller/lib:/home/jiataoding/franco_ros2_franka_ws/src/install/integration_launch_testing/lib:/home/jiataoding/franco_ros2_franka_ws/src/install/gravity_compensation/lib:/home/jiataoding/franco_ros2_franka_ws/src/install/franka_robot_state_broadcaster/lib:/home/jiataoding/franco_ros2_franka_ws/src/install/franka_example_controllers/lib:/home/jiataoding/franco_ros2_franka_ws/src/install/franka_semantic_components/lib:/home/jiataoding/franco_ros2_franka_ws/src/install/franka_ign_ros2_control/lib:/home/jiataoding/franco_ros2_franka_ws/src/install/franka_hardware/lib:/home/jiataoding/franco_ros2_franka_ws/src/install/franka_gripper/lib:/home/jiataoding/franco_ros2_franka_ws/src/install/cartesian_impedance_controller/lib:/home/jiataoding/franco_ros2_franka_ws/src/install/effort_controller_base/lib:/home/jiataoding/franco_ros2_franka_ws/src/install/debug_msg/lib:/home/jiataoding/libs/onnxruntime-linux-x64-1.21.0/lib:/home/jiataoding/ros2_franka_ws/install/joint_impedance_controller/lib:/home/jiataoding/ros2_franka_ws/install/integration_launch_testing/lib:/home/jiataoding/ros2_franka_ws/install/gravity_compensation/lib:/home/jiataoding/ros2_franka_ws/install/franka_robot_state_broadcaster/lib:/home/jiataoding/ros2_franka_ws/install/franka_example_controllers/lib:/home/jiataoding/ros2_franka_ws/install/franka_semantic_components/lib:/home/jiataoding/ros2_franka_ws/install/franka_ign_ros2_control/lib:/home/jiataoding/ros2_franka_ws/install/franka_hardware/lib:/home/jiataoding/ros2_franka_ws/install/franka_gripper/lib:/home/jiataoding/ros2_franka_ws/install/franka_msgs/lib:/home/jiataoding/ros2_franka_ws/install/cartesian_impedance_controller/lib:/home/jiataoding/ros2_franka_ws/install/effort_controller_base/lib:/home/jiataoding/ros2_franka_ws/install/debug_msg/lib:/home/jiataoding/franco_ros2_franka_ws/install/joint_impedance_controller/lib:/home/jiataoding/franco_ros2_franka_ws/install/integration_launch_testing/lib:/home/jiataoding/franco_ros2_franka_ws/install/gravity_compensation/lib:/home/jiataoding/franco_ros2_franka_ws/install/franka_robot_state_broadcaster/lib:/home/jiataoding/franco_ros2_franka_ws/install/franka_example_controllers/lib:/home/jiataoding/franco_ros2_franka_ws/install/franka_semantic_components/lib:/home/jiataoding/franco_ros2_franka_ws/install/franka_ign_ros2_control/lib:/home/jiataoding/franco_ros2_franka_ws/install/franka_hardware/lib:/home/jiataoding/franco_ros2_franka_ws/install/franka_gripper/lib:/home/jiataoding/franco_ros2_franka_ws/install/franka_msgs/lib:/home/jiataoding/franco_ros2_franka_ws/install/cartesian_impedance_controller/lib:/home/jiataoding/franco_ros2_franka_ws/install/effort_controller_base/lib:/home/jiataoding/franco_ros2_franka_ws/install/debug_msg/lib:/opt/openrobots/lib:/opt/ros/humble/opt/rviz_ogre_vendor/lib:/opt/ros/humble/lib/x86_64-linux-gnu:/opt/ros/humble/lib /usr/bin/cmake --build /home/jiataoding/franco_ros2_franka_ws/src/build/franka_hardware -- -j24 -l24
[1.200s] Level 1:colcon.colcon_core.environment:create_environment_scripts_only(joint_impedance_controller)
[1.200s] Level 1:colcon.colcon_core.environment:checking '/home/jiataoding/franco_ros2_franka_ws/src/install/joint_impedance_controller' for CMake module files
[1.200s] DEBUG:colcon.colcon_core.event_handler.log_command:Invoking command in '/home/jiataoding/franco_ros2_franka_ws/src/build/franka_hardware': CMAKE_PREFIX_PATH=/home/jiataoding/franco_ros2_franka_ws/src/install/franka_msgs:/home/jiataoding/franco_ros2_franka_ws/src/install/joint_impedance_controller:/home/jiataoding/franco_ros2_franka_ws/src/install/integration_launch_testing:/home/jiataoding/franco_ros2_franka_ws/src/install/idra_franka_launch:/home/jiataoding/franco_ros2_franka_ws/src/install/gravity_compensation:/home/jiataoding/franco_ros2_franka_ws/src/install/franka_task_pipeline:/home/jiataoding/franco_ros2_franka_ws/src/install/franka_ros2:/home/jiataoding/franco_ros2_franka_ws/src/install/franka_bringup:/home/jiataoding/franco_ros2_franka_ws/src/install/franka_robot_state_broadcaster:/home/jiataoding/franco_ros2_franka_ws/src/install/franka_example_controllers:/home/jiataoding/franco_ros2_franka_ws/src/install/franka_semantic_components:/home/jiataoding/franco_ros2_franka_ws/src/install/franka_gazebo_bringup:/home/jiataoding/franco_ros2_franka_ws/src/install/franka_ign_ros2_control:/home/jiataoding/franco_ros2_franka_ws/src/install/franka_fr3_moveit_config:/home/jiataoding/franco_ros2_franka_ws/src/install/franka_hardware:/home/jiataoding/franco_ros2_franka_ws/src/install/franka_gripper:/home/jiataoding/franco_ros2_franka_ws/src/install/franka_description:/home/jiataoding/franco_ros2_franka_ws/src/install/cartesian_impedance_controller:/opt/ros/humble:/home/jiataoding/franco_ros2_franka_ws/src/install/effort_controller_base:/home/jiataoding/franco_ros2_franka_ws/src/install/debug_msg:/home/jiataoding/ros2_franka_ws/install/joint_impedance_controller:/home/jiataoding/ros2_franka_ws/install/integration_launch_testing:/home/jiataoding/ros2_franka_ws/install/idra_franka_launch:/home/jiataoding/ros2_franka_ws/install/gravity_compensation:/home/jiataoding/ros2_franka_ws/install/franka_task_pipeline:/home/jiataoding/ros2_franka_ws/install/franka_ros2:/home/jiataoding/ros2_franka_ws/install/franka_bringup:/home/jiataoding/ros2_franka_ws/install/franka_robot_state_broadcaster:/home/jiataoding/ros2_franka_ws/install/franka_example_controllers:/home/jiataoding/ros2_franka_ws/install/franka_semantic_components:/home/jiataoding/ros2_franka_ws/install/franka_gazebo_bringup:/home/jiataoding/ros2_franka_ws/install/franka_ign_ros2_control:/home/jiataoding/ros2_franka_ws/install/franka_fr3_moveit_config:/home/jiataoding/ros2_franka_ws/install/franka_hardware:/home/jiataoding/ros2_franka_ws/install/franka_gripper:/home/jiataoding/ros2_franka_ws/install/franka_msgs:/home/jiataoding/ros2_franka_ws/install/franka_description:/home/jiataoding/ros2_franka_ws/install/cartesian_impedance_controller:/home/jiataoding/ros2_franka_ws/install/effort_controller_base:/home/jiataoding/ros2_franka_ws/install/debug_msg:/home/jiataoding/franco_ros2_franka_ws/install/joint_impedance_controller:/home/jiataoding/franco_ros2_franka_ws/install/integration_launch_testing:/home/jiataoding/franco_ros2_franka_ws/install/idra_franka_launch:/home/jiataoding/franco_ros2_franka_ws/install/gravity_compensation:/home/jiataoding/franco_ros2_franka_ws/install/franka_task_pipeline:/home/jiataoding/franco_ros2_franka_ws/install/franka_ros2:/home/jiataoding/franco_ros2_franka_ws/install/franka_bringup:/home/jiataoding/franco_ros2_franka_ws/install/franka_robot_state_broadcaster:/home/jiataoding/franco_ros2_franka_ws/install/franka_example_controllers:/home/jiataoding/franco_ros2_franka_ws/install/franka_semantic_components:/home/jiataoding/franco_ros2_franka_ws/install/franka_gazebo_bringup:/home/jiataoding/franco_ros2_franka_ws/install/franka_ign_ros2_control:/home/jiataoding/franco_ros2_franka_ws/install/franka_fr3_moveit_config:/home/jiataoding/franco_ros2_franka_ws/install/franka_hardware:/home/jiataoding/franco_ros2_franka_ws/install/franka_gripper:/home/jiataoding/franco_ros2_franka_ws/install/franka_msgs:/home/jiataoding/franco_ros2_franka_ws/install/franka_description:/home/jiataoding/franco_ros2_franka_ws/install/cartesian_impedance_controller:/home/jiataoding/franco_ros2_franka_ws/install/effort_controller_base:/home/jiataoding/franco_ros2_franka_ws/install/debug_msg:/opt/openrobots LD_LIBRARY_PATH=/home/jiataoding/franco_ros2_franka_ws/src/install/franka_msgs/lib:/home/jiataoding/franco_ros2_franka_ws/src/install/joint_impedance_controller/lib:/home/jiataoding/franco_ros2_franka_ws/src/install/integration_launch_testing/lib:/home/jiataoding/franco_ros2_franka_ws/src/install/gravity_compensation/lib:/home/jiataoding/franco_ros2_franka_ws/src/install/franka_robot_state_broadcaster/lib:/home/jiataoding/franco_ros2_franka_ws/src/install/franka_example_controllers/lib:/home/jiataoding/franco_ros2_franka_ws/src/install/franka_semantic_components/lib:/home/jiataoding/franco_ros2_franka_ws/src/install/franka_ign_ros2_control/lib:/home/jiataoding/franco_ros2_franka_ws/src/install/franka_hardware/lib:/home/jiataoding/franco_ros2_franka_ws/src/install/franka_gripper/lib:/home/jiataoding/franco_ros2_franka_ws/src/install/cartesian_impedance_controller/lib:/home/jiataoding/franco_ros2_franka_ws/src/install/effort_controller_base/lib:/home/jiataoding/franco_ros2_franka_ws/src/install/debug_msg/lib:/home/jiataoding/libs/onnxruntime-linux-x64-1.21.0/lib:/home/jiataoding/ros2_franka_ws/install/joint_impedance_controller/lib:/home/jiataoding/ros2_franka_ws/install/integration_launch_testing/lib:/home/jiataoding/ros2_franka_ws/install/gravity_compensation/lib:/home/jiataoding/ros2_franka_ws/install/franka_robot_state_broadcaster/lib:/home/jiataoding/ros2_franka_ws/install/franka_example_controllers/lib:/home/jiataoding/ros2_franka_ws/install/franka_semantic_components/lib:/home/jiataoding/ros2_franka_ws/install/franka_ign_ros2_control/lib:/home/jiataoding/ros2_franka_ws/install/franka_hardware/lib:/home/jiataoding/ros2_franka_ws/install/franka_gripper/lib:/home/jiataoding/ros2_franka_ws/install/franka_msgs/lib:/home/jiataoding/ros2_franka_ws/install/cartesian_impedance_controller/lib:/home/jiataoding/ros2_franka_ws/install/effort_controller_base/lib:/home/jiataoding/ros2_franka_ws/install/debug_msg/lib:/home/jiataoding/franco_ros2_franka_ws/install/joint_impedance_controller/lib:/home/jiataoding/franco_ros2_franka_ws/install/integration_launch_testing/lib:/home/jiataoding/franco_ros2_franka_ws/install/gravity_compensation/lib:/home/jiataoding/franco_ros2_franka_ws/install/franka_robot_state_broadcaster/lib:/home/jiataoding/franco_ros2_franka_ws/install/franka_example_controllers/lib:/home/jiataoding/franco_ros2_franka_ws/install/franka_semantic_components/lib:/home/jiataoding/franco_ros2_franka_ws/install/franka_ign_ros2_control/lib:/home/jiataoding/franco_ros2_franka_ws/install/franka_hardware/lib:/home/jiataoding/franco_ros2_franka_ws/install/franka_gripper/lib:/home/jiataoding/franco_ros2_franka_ws/install/franka_msgs/lib:/home/jiataoding/franco_ros2_franka_ws/install/cartesian_impedance_controller/lib:/home/jiataoding/franco_ros2_franka_ws/install/effort_controller_base/lib:/home/jiataoding/franco_ros2_franka_ws/install/debug_msg/lib:/opt/openrobots/lib:/opt/ros/humble/opt/rviz_ogre_vendor/lib:/opt/ros/humble/lib/x86_64-linux-gnu:/opt/ros/humble/lib /usr/bin/cmake --install /home/jiataoding/franco_ros2_franka_ws/src/build/franka_hardware
[1.200s] DEBUG:colcon.colcon_core.event_handler.log_command:Invoked command in '/home/jiataoding/franco_ros2_franka_ws/src/build/joint_impedance_controller' returned '0': CMAKE_PREFIX_PATH=/opt/ros/humble:/home/jiataoding/franco_ros2_franka_ws/src/install/effort_controller_base:/home/jiataoding/franco_ros2_franka_ws/src/install/debug_msg:/home/jiataoding/franco_ros2_franka_ws/src/install/joint_impedance_controller:/home/jiataoding/franco_ros2_franka_ws/src/install/integration_launch_testing:/home/jiataoding/franco_ros2_franka_ws/src/install/idra_franka_launch:/home/jiataoding/franco_ros2_franka_ws/src/install/gravity_compensation:/home/jiataoding/franco_ros2_franka_ws/src/install/franka_task_pipeline:/home/jiataoding/franco_ros2_franka_ws/src/install/franka_ros2:/home/jiataoding/franco_ros2_franka_ws/src/install/franka_bringup:/home/jiataoding/franco_ros2_franka_ws/src/install/franka_robot_state_broadcaster:/home/jiataoding/franco_ros2_franka_ws/src/install/franka_example_controllers:/home/jiataoding/franco_ros2_franka_ws/src/install/franka_semantic_components:/home/jiataoding/franco_ros2_franka_ws/src/install/franka_gazebo_bringup:/home/jiataoding/franco_ros2_franka_ws/src/install/franka_ign_ros2_control:/home/jiataoding/franco_ros2_franka_ws/src/install/franka_fr3_moveit_config:/home/jiataoding/franco_ros2_franka_ws/src/install/franka_hardware:/home/jiataoding/franco_ros2_franka_ws/src/install/franka_gripper:/home/jiataoding/franco_ros2_franka_ws/src/install/franka_msgs:/home/jiataoding/franco_ros2_franka_ws/src/install/franka_description:/home/jiataoding/franco_ros2_franka_ws/src/install/cartesian_impedance_controller:/home/jiataoding/ros2_franka_ws/install/joint_impedance_controller:/home/jiataoding/ros2_franka_ws/install/integration_launch_testing:/home/jiataoding/ros2_franka_ws/install/idra_franka_launch:/home/jiataoding/ros2_franka_ws/install/gravity_compensation:/home/jiataoding/ros2_franka_ws/install/franka_task_pipeline:/home/jiataoding/ros2_franka_ws/install/franka_ros2:/home/jiataoding/ros2_franka_ws/install/franka_bringup:/home/jiataoding/ros2_franka_ws/install/franka_robot_state_broadcaster:/home/jiataoding/ros2_franka_ws/install/franka_example_controllers:/home/jiataoding/ros2_franka_ws/install/franka_semantic_components:/home/jiataoding/ros2_franka_ws/install/franka_gazebo_bringup:/home/jiataoding/ros2_franka_ws/install/franka_ign_ros2_control:/home/jiataoding/ros2_franka_ws/install/franka_fr3_moveit_config:/home/jiataoding/ros2_franka_ws/install/franka_hardware:/home/jiataoding/ros2_franka_ws/install/franka_gripper:/home/jiataoding/ros2_franka_ws/install/franka_msgs:/home/jiataoding/ros2_franka_ws/install/franka_description:/home/jiataoding/ros2_franka_ws/install/cartesian_impedance_controller:/home/jiataoding/ros2_franka_ws/install/effort_controller_base:/home/jiataoding/ros2_franka_ws/install/debug_msg:/home/jiataoding/franco_ros2_franka_ws/install/joint_impedance_controller:/home/jiataoding/franco_ros2_franka_ws/install/integration_launch_testing:/home/jiataoding/franco_ros2_franka_ws/install/idra_franka_launch:/home/jiataoding/franco_ros2_franka_ws/install/gravity_compensation:/home/jiataoding/franco_ros2_franka_ws/install/franka_task_pipeline:/home/jiataoding/franco_ros2_franka_ws/install/franka_ros2:/home/jiataoding/franco_ros2_franka_ws/install/franka_bringup:/home/jiataoding/franco_ros2_franka_ws/install/franka_robot_state_broadcaster:/home/jiataoding/franco_ros2_franka_ws/install/franka_example_controllers:/home/jiataoding/franco_ros2_franka_ws/install/franka_semantic_components:/home/jiataoding/franco_ros2_franka_ws/install/franka_gazebo_bringup:/home/jiataoding/franco_ros2_franka_ws/install/franka_ign_ros2_control:/home/jiataoding/franco_ros2_franka_ws/install/franka_fr3_moveit_config:/home/jiataoding/franco_ros2_franka_ws/install/franka_hardware:/home/jiataoding/franco_ros2_franka_ws/install/franka_gripper:/home/jiataoding/franco_ros2_franka_ws/install/franka_msgs:/home/jiataoding/franco_ros2_franka_ws/install/franka_description:/home/jiataoding/franco_ros2_franka_ws/install/cartesian_impedance_controller:/home/jiataoding/franco_ros2_franka_ws/install/effort_controller_base:/home/jiataoding/franco_ros2_franka_ws/install/debug_msg:/opt/openrobots LD_LIBRARY_PATH=/home/jiataoding/franco_ros2_franka_ws/src/install/effort_controller_base/lib:/home/jiataoding/franco_ros2_franka_ws/src/install/debug_msg/lib:/home/jiataoding/franco_ros2_franka_ws/src/install/joint_impedance_controller/lib:/home/jiataoding/franco_ros2_franka_ws/src/install/integration_launch_testing/lib:/home/jiataoding/franco_ros2_franka_ws/src/install/gravity_compensation/lib:/home/jiataoding/franco_ros2_franka_ws/src/install/franka_robot_state_broadcaster/lib:/home/jiataoding/franco_ros2_franka_ws/src/install/franka_example_controllers/lib:/home/jiataoding/franco_ros2_franka_ws/src/install/franka_semantic_components/lib:/home/jiataoding/franco_ros2_franka_ws/src/install/franka_ign_ros2_control/lib:/home/jiataoding/franco_ros2_franka_ws/src/install/franka_hardware/lib:/home/jiataoding/franco_ros2_franka_ws/src/install/franka_gripper/lib:/home/jiataoding/franco_ros2_franka_ws/src/install/franka_msgs/lib:/home/jiataoding/franco_ros2_franka_ws/src/install/cartesian_impedance_controller/lib:/home/jiataoding/libs/onnxruntime-linux-x64-1.21.0/lib:/home/jiataoding/ros2_franka_ws/install/joint_impedance_controller/lib:/home/jiataoding/ros2_franka_ws/install/integration_launch_testing/lib:/home/jiataoding/ros2_franka_ws/install/gravity_compensation/lib:/home/jiataoding/ros2_franka_ws/install/franka_robot_state_broadcaster/lib:/home/jiataoding/ros2_franka_ws/install/franka_example_controllers/lib:/home/jiataoding/ros2_franka_ws/install/franka_semantic_components/lib:/home/jiataoding/ros2_franka_ws/install/franka_ign_ros2_control/lib:/home/jiataoding/ros2_franka_ws/install/franka_hardware/lib:/home/jiataoding/ros2_franka_ws/install/franka_gripper/lib:/home/jiataoding/ros2_franka_ws/install/franka_msgs/lib:/home/jiataoding/ros2_franka_ws/install/cartesian_impedance_controller/lib:/home/jiataoding/ros2_franka_ws/install/effort_controller_base/lib:/home/jiataoding/ros2_franka_ws/install/debug_msg/lib:/home/jiataoding/franco_ros2_franka_ws/install/joint_impedance_controller/lib:/home/jiataoding/franco_ros2_franka_ws/install/integration_launch_testing/lib:/home/jiataoding/franco_ros2_franka_ws/install/gravity_compensation/lib:/home/jiataoding/franco_ros2_franka_ws/install/franka_robot_state_broadcaster/lib:/home/jiataoding/franco_ros2_franka_ws/install/franka_example_controllers/lib:/home/jiataoding/franco_ros2_franka_ws/install/franka_semantic_components/lib:/home/jiataoding/franco_ros2_franka_ws/install/franka_ign_ros2_control/lib:/home/jiataoding/franco_ros2_franka_ws/install/franka_hardware/lib:/home/jiataoding/franco_ros2_franka_ws/install/franka_gripper/lib:/home/jiataoding/franco_ros2_franka_ws/install/franka_msgs/lib:/home/jiataoding/franco_ros2_franka_ws/install/cartesian_impedance_controller/lib:/home/jiataoding/franco_ros2_franka_ws/install/effort_controller_base/lib:/home/jiataoding/franco_ros2_franka_ws/install/debug_msg/lib:/opt/openrobots/lib:/opt/ros/humble/opt/rviz_ogre_vendor/lib:/opt/ros/humble/lib/x86_64-linux-gnu:/opt/ros/humble/lib PKG_CONFIG_PATH=/home/jiataoding/franco_ros2_franka_ws/src/install/effort_controller_base/lib/x86_64-linux-gnu/pkgconfig:/home/jiataoding/franco_ros2_franka_ws/src/install/effort_controller_base/lib/pkgconfig:/home/jiataoding/ros2_franka_ws/install/effort_controller_base/lib/x86_64-linux-gnu/pkgconfig:/home/jiataoding/ros2_franka_ws/install/effort_controller_base/lib/pkgconfig:/home/jiataoding/franco_ros2_franka_ws/install/effort_controller_base/lib/x86_64-linux-gnu/pkgconfig:/home/jiataoding/franco_ros2_franka_ws/install/effort_controller_base/lib/pkgconfig:/opt/openrobots/lib/pkgconfig /usr/bin/cmake --install /home/jiataoding/franco_ros2_franka_ws/src/build/joint_impedance_controller
[1.201s] Level 1:colcon.colcon_core.environment:checking '/home/jiataoding/franco_ros2_franka_ws/src/install/joint_impedance_controller' for CMake config files
[1.201s] Level 1:colcon.colcon_core.shell:create_environment_hook('joint_impedance_controller', 'cmake_prefix_path')
[1.201s] INFO:colcon.colcon_core.shell:Creating environment hook '/home/jiataoding/franco_ros2_franka_ws/src/install/joint_impedance_controller/share/joint_impedance_controller/hook/cmake_prefix_path.ps1'
[1.202s] INFO:colcon.colcon_core.shell:Creating environment descriptor '/home/jiataoding/franco_ros2_franka_ws/src/install/joint_impedance_controller/share/joint_impedance_controller/hook/cmake_prefix_path.dsv'
[1.202s] INFO:colcon.colcon_core.shell:Creating environment hook '/home/jiataoding/franco_ros2_franka_ws/src/install/joint_impedance_controller/share/joint_impedance_controller/hook/cmake_prefix_path.sh'
[1.202s] Level 1:colcon.colcon_core.environment:checking '/home/jiataoding/franco_ros2_franka_ws/src/install/joint_impedance_controller/lib'
[1.202s] Level 1:colcon.colcon_core.shell:create_environment_hook('joint_impedance_controller', 'ld_library_path_lib')
[1.203s] INFO:colcon.colcon_core.shell:Creating environment hook '/home/jiataoding/franco_ros2_franka_ws/src/install/joint_impedance_controller/share/joint_impedance_controller/hook/ld_library_path_lib.ps1'
[1.203s] INFO:colcon.colcon_core.shell:Creating environment descriptor '/home/jiataoding/franco_ros2_franka_ws/src/install/joint_impedance_controller/share/joint_impedance_controller/hook/ld_library_path_lib.dsv'
[1.203s] INFO:colcon.colcon_core.shell:Creating environment hook '/home/jiataoding/franco_ros2_franka_ws/src/install/joint_impedance_controller/share/joint_impedance_controller/hook/ld_library_path_lib.sh'
[1.203s] Level 1:colcon.colcon_core.environment:checking '/home/jiataoding/franco_ros2_franka_ws/src/install/joint_impedance_controller/bin'
[1.203s] Level 1:colcon.colcon_core.environment:checking '/home/jiataoding/franco_ros2_franka_ws/src/install/joint_impedance_controller/lib/pkgconfig/joint_impedance_controller.pc'
[1.204s] Level 1:colcon.colcon_core.environment:checking '/home/jiataoding/franco_ros2_franka_ws/src/install/joint_impedance_controller/lib/python3.10/site-packages'
[1.204s] Level 1:colcon.colcon_core.environment:checking '/home/jiataoding/franco_ros2_franka_ws/src/install/joint_impedance_controller/bin'
[1.204s] INFO:colcon.colcon_core.shell:Creating package script '/home/jiataoding/franco_ros2_franka_ws/src/install/joint_impedance_controller/share/joint_impedance_controller/package.ps1'
[1.204s] INFO:colcon.colcon_core.shell:Creating package descriptor '/home/jiataoding/franco_ros2_franka_ws/src/install/joint_impedance_controller/share/joint_impedance_controller/package.dsv'
[1.205s] INFO:colcon.colcon_core.shell:Creating package script '/home/jiataoding/franco_ros2_franka_ws/src/install/joint_impedance_controller/share/joint_impedance_controller/package.sh'
[1.205s] INFO:colcon.colcon_core.shell:Creating package script '/home/jiataoding/franco_ros2_franka_ws/src/install/joint_impedance_controller/share/joint_impedance_controller/package.bash'
[1.205s] INFO:colcon.colcon_core.shell:Creating package script '/home/jiataoding/franco_ros2_franka_ws/src/install/joint_impedance_controller/share/joint_impedance_controller/package.zsh'
[1.205s] Level 1:colcon.colcon_core.environment:create_file_with_runtime_dependencies(/home/jiataoding/franco_ros2_franka_ws/src/install/joint_impedance_controller/share/colcon-core/packages/joint_impedance_controller)
[1.206s] Level 1:colcon.colcon_core.environment:create_environment_scripts_only(joint_impedance_controller)
[1.206s] Level 1:colcon.colcon_core.environment:checking '/home/jiataoding/franco_ros2_franka_ws/src/install/joint_impedance_controller' for CMake module files
[1.206s] Level 1:colcon.colcon_core.environment:checking '/home/jiataoding/franco_ros2_franka_ws/src/install/joint_impedance_controller' for CMake config files
[1.206s] Level 1:colcon.colcon_core.shell:create_environment_hook('joint_impedance_controller', 'cmake_prefix_path')
[1.207s] INFO:colcon.colcon_core.shell:Creating environment hook '/home/jiataoding/franco_ros2_franka_ws/src/install/joint_impedance_controller/share/joint_impedance_controller/hook/cmake_prefix_path.ps1'
[1.207s] INFO:colcon.colcon_core.shell:Creating environment descriptor '/home/jiataoding/franco_ros2_franka_ws/src/install/joint_impedance_controller/share/joint_impedance_controller/hook/cmake_prefix_path.dsv'
[1.207s] INFO:colcon.colcon_core.shell:Creating environment hook '/home/jiataoding/franco_ros2_franka_ws/src/install/joint_impedance_controller/share/joint_impedance_controller/hook/cmake_prefix_path.sh'
[1.207s] Level 1:colcon.colcon_core.environment:checking '/home/jiataoding/franco_ros2_franka_ws/src/install/joint_impedance_controller/lib'
[1.208s] Level 1:colcon.colcon_core.shell:create_environment_hook('joint_impedance_controller', 'ld_library_path_lib')
[1.208s] INFO:colcon.colcon_core.shell:Creating environment hook '/home/jiataoding/franco_ros2_franka_ws/src/install/joint_impedance_controller/share/joint_impedance_controller/hook/ld_library_path_lib.ps1'
[1.208s] INFO:colcon.colcon_core.shell:Creating environment descriptor '/home/jiataoding/franco_ros2_franka_ws/src/install/joint_impedance_controller/share/joint_impedance_controller/hook/ld_library_path_lib.dsv'
[1.208s] INFO:colcon.colcon_core.shell:Creating environment hook '/home/jiataoding/franco_ros2_franka_ws/src/install/joint_impedance_controller/share/joint_impedance_controller/hook/ld_library_path_lib.sh'
[1.208s] Level 1:colcon.colcon_core.environment:checking '/home/jiataoding/franco_ros2_franka_ws/src/install/joint_impedance_controller/bin'
[1.209s] Level 1:colcon.colcon_core.environment:checking '/home/jiataoding/franco_ros2_franka_ws/src/install/joint_impedance_controller/lib/pkgconfig/joint_impedance_controller.pc'
[1.209s] Level 1:colcon.colcon_core.environment:checking '/home/jiataoding/franco_ros2_franka_ws/src/install/joint_impedance_controller/lib/python3.10/site-packages'
[1.209s] Level 1:colcon.colcon_core.environment:checking '/home/jiataoding/franco_ros2_franka_ws/src/install/joint_impedance_controller/bin'
[1.209s] INFO:colcon.colcon_core.shell:Creating package script '/home/jiataoding/franco_ros2_franka_ws/src/install/joint_impedance_controller/share/joint_impedance_controller/package.ps1'
[1.209s] INFO:colcon.colcon_core.shell:Creating package descriptor '/home/jiataoding/franco_ros2_franka_ws/src/install/joint_impedance_controller/share/joint_impedance_controller/package.dsv'
[1.210s] INFO:colcon.colcon_core.shell:Creating package script '/home/jiataoding/franco_ros2_franka_ws/src/install/joint_impedance_controller/share/joint_impedance_controller/package.sh'
[1.210s] INFO:colcon.colcon_core.shell:Creating package script '/home/jiataoding/franco_ros2_franka_ws/src/install/joint_impedance_controller/share/joint_impedance_controller/package.bash'
[1.210s] INFO:colcon.colcon_core.shell:Creating package script '/home/jiataoding/franco_ros2_franka_ws/src/install/joint_impedance_controller/share/joint_impedance_controller/package.zsh'
[1.211s] Level 1:colcon.colcon_core.environment:create_file_with_runtime_dependencies(/home/jiataoding/franco_ros2_franka_ws/src/install/joint_impedance_controller/share/colcon-core/packages/joint_impedance_controller)
[1.246s] Level 1:colcon.colcon_core.environment:create_environment_scripts_only(franka_hardware)
[1.246s] Level 1:colcon.colcon_core.environment:checking '/home/jiataoding/franco_ros2_franka_ws/src/install/franka_hardware' for CMake module files
[1.247s] DEBUG:colcon.colcon_core.event_handler.log_command:Invoked command in '/home/jiataoding/franco_ros2_franka_ws/src/build/franka_hardware' returned '0': CMAKE_PREFIX_PATH=/home/jiataoding/franco_ros2_franka_ws/src/install/franka_msgs:/home/jiataoding/franco_ros2_franka_ws/src/install/joint_impedance_controller:/home/jiataoding/franco_ros2_franka_ws/src/install/integration_launch_testing:/home/jiataoding/franco_ros2_franka_ws/src/install/idra_franka_launch:/home/jiataoding/franco_ros2_franka_ws/src/install/gravity_compensation:/home/jiataoding/franco_ros2_franka_ws/src/install/franka_task_pipeline:/home/jiataoding/franco_ros2_franka_ws/src/install/franka_ros2:/home/jiataoding/franco_ros2_franka_ws/src/install/franka_bringup:/home/jiataoding/franco_ros2_franka_ws/src/install/franka_robot_state_broadcaster:/home/jiataoding/franco_ros2_franka_ws/src/install/franka_example_controllers:/home/jiataoding/franco_ros2_franka_ws/src/install/franka_semantic_components:/home/jiataoding/franco_ros2_franka_ws/src/install/franka_gazebo_bringup:/home/jiataoding/franco_ros2_franka_ws/src/install/franka_ign_ros2_control:/home/jiataoding/franco_ros2_franka_ws/src/install/franka_fr3_moveit_config:/home/jiataoding/franco_ros2_franka_ws/src/install/franka_hardware:/home/jiataoding/franco_ros2_franka_ws/src/install/franka_gripper:/home/jiataoding/franco_ros2_franka_ws/src/install/franka_description:/home/jiataoding/franco_ros2_franka_ws/src/install/cartesian_impedance_controller:/opt/ros/humble:/home/jiataoding/franco_ros2_franka_ws/src/install/effort_controller_base:/home/jiataoding/franco_ros2_franka_ws/src/install/debug_msg:/home/jiataoding/ros2_franka_ws/install/joint_impedance_controller:/home/jiataoding/ros2_franka_ws/install/integration_launch_testing:/home/jiataoding/ros2_franka_ws/install/idra_franka_launch:/home/jiataoding/ros2_franka_ws/install/gravity_compensation:/home/jiataoding/ros2_franka_ws/install/franka_task_pipeline:/home/jiataoding/ros2_franka_ws/install/franka_ros2:/home/jiataoding/ros2_franka_ws/install/franka_bringup:/home/jiataoding/ros2_franka_ws/install/franka_robot_state_broadcaster:/home/jiataoding/ros2_franka_ws/install/franka_example_controllers:/home/jiataoding/ros2_franka_ws/install/franka_semantic_components:/home/jiataoding/ros2_franka_ws/install/franka_gazebo_bringup:/home/jiataoding/ros2_franka_ws/install/franka_ign_ros2_control:/home/jiataoding/ros2_franka_ws/install/franka_fr3_moveit_config:/home/jiataoding/ros2_franka_ws/install/franka_hardware:/home/jiataoding/ros2_franka_ws/install/franka_gripper:/home/jiataoding/ros2_franka_ws/install/franka_msgs:/home/jiataoding/ros2_franka_ws/install/franka_description:/home/jiataoding/ros2_franka_ws/install/cartesian_impedance_controller:/home/jiataoding/ros2_franka_ws/install/effort_controller_base:/home/jiataoding/ros2_franka_ws/install/debug_msg:/home/jiataoding/franco_ros2_franka_ws/install/joint_impedance_controller:/home/jiataoding/franco_ros2_franka_ws/install/integration_launch_testing:/home/jiataoding/franco_ros2_franka_ws/install/idra_franka_launch:/home/jiataoding/franco_ros2_franka_ws/install/gravity_compensation:/home/jiataoding/franco_ros2_franka_ws/install/franka_task_pipeline:/home/jiataoding/franco_ros2_franka_ws/install/franka_ros2:/home/jiataoding/franco_ros2_franka_ws/install/franka_bringup:/home/jiataoding/franco_ros2_franka_ws/install/franka_robot_state_broadcaster:/home/jiataoding/franco_ros2_franka_ws/install/franka_example_controllers:/home/jiataoding/franco_ros2_franka_ws/install/franka_semantic_components:/home/jiataoding/franco_ros2_franka_ws/install/franka_gazebo_bringup:/home/jiataoding/franco_ros2_franka_ws/install/franka_ign_ros2_control:/home/jiataoding/franco_ros2_franka_ws/install/franka_fr3_moveit_config:/home/jiataoding/franco_ros2_franka_ws/install/franka_hardware:/home/jiataoding/franco_ros2_franka_ws/install/franka_gripper:/home/jiataoding/franco_ros2_franka_ws/install/franka_msgs:/home/jiataoding/franco_ros2_franka_ws/install/franka_description:/home/jiataoding/franco_ros2_franka_ws/install/cartesian_impedance_controller:/home/jiataoding/franco_ros2_franka_ws/install/effort_controller_base:/home/jiataoding/franco_ros2_franka_ws/install/debug_msg:/opt/openrobots LD_LIBRARY_PATH=/home/jiataoding/franco_ros2_franka_ws/src/install/franka_msgs/lib:/home/jiataoding/franco_ros2_franka_ws/src/install/joint_impedance_controller/lib:/home/jiataoding/franco_ros2_franka_ws/src/install/integration_launch_testing/lib:/home/jiataoding/franco_ros2_franka_ws/src/install/gravity_compensation/lib:/home/jiataoding/franco_ros2_franka_ws/src/install/franka_robot_state_broadcaster/lib:/home/jiataoding/franco_ros2_franka_ws/src/install/franka_example_controllers/lib:/home/jiataoding/franco_ros2_franka_ws/src/install/franka_semantic_components/lib:/home/jiataoding/franco_ros2_franka_ws/src/install/franka_ign_ros2_control/lib:/home/jiataoding/franco_ros2_franka_ws/src/install/franka_hardware/lib:/home/jiataoding/franco_ros2_franka_ws/src/install/franka_gripper/lib:/home/jiataoding/franco_ros2_franka_ws/src/install/cartesian_impedance_controller/lib:/home/jiataoding/franco_ros2_franka_ws/src/install/effort_controller_base/lib:/home/jiataoding/franco_ros2_franka_ws/src/install/debug_msg/lib:/home/jiataoding/libs/onnxruntime-linux-x64-1.21.0/lib:/home/jiataoding/ros2_franka_ws/install/joint_impedance_controller/lib:/home/jiataoding/ros2_franka_ws/install/integration_launch_testing/lib:/home/jiataoding/ros2_franka_ws/install/gravity_compensation/lib:/home/jiataoding/ros2_franka_ws/install/franka_robot_state_broadcaster/lib:/home/jiataoding/ros2_franka_ws/install/franka_example_controllers/lib:/home/jiataoding/ros2_franka_ws/install/franka_semantic_components/lib:/home/jiataoding/ros2_franka_ws/install/franka_ign_ros2_control/lib:/home/jiataoding/ros2_franka_ws/install/franka_hardware/lib:/home/jiataoding/ros2_franka_ws/install/franka_gripper/lib:/home/jiataoding/ros2_franka_ws/install/franka_msgs/lib:/home/jiataoding/ros2_franka_ws/install/cartesian_impedance_controller/lib:/home/jiataoding/ros2_franka_ws/install/effort_controller_base/lib:/home/jiataoding/ros2_franka_ws/install/debug_msg/lib:/home/jiataoding/franco_ros2_franka_ws/install/joint_impedance_controller/lib:/home/jiataoding/franco_ros2_franka_ws/install/integration_launch_testing/lib:/home/jiataoding/franco_ros2_franka_ws/install/gravity_compensation/lib:/home/jiataoding/franco_ros2_franka_ws/install/franka_robot_state_broadcaster/lib:/home/jiataoding/franco_ros2_franka_ws/install/franka_example_controllers/lib:/home/jiataoding/franco_ros2_franka_ws/install/franka_semantic_components/lib:/home/jiataoding/franco_ros2_franka_ws/install/franka_ign_ros2_control/lib:/home/jiataoding/franco_ros2_franka_ws/install/franka_hardware/lib:/home/jiataoding/franco_ros2_franka_ws/install/franka_gripper/lib:/home/jiataoding/franco_ros2_franka_ws/install/franka_msgs/lib:/home/jiataoding/franco_ros2_franka_ws/install/cartesian_impedance_controller/lib:/home/jiataoding/franco_ros2_franka_ws/install/effort_controller_base/lib:/home/jiataoding/franco_ros2_franka_ws/install/debug_msg/lib:/opt/openrobots/lib:/opt/ros/humble/opt/rviz_ogre_vendor/lib:/opt/ros/humble/lib/x86_64-linux-gnu:/opt/ros/humble/lib /usr/bin/cmake --install /home/jiataoding/franco_ros2_franka_ws/src/build/franka_hardware
[1.247s] Level 1:colcon.colcon_core.environment:checking '/home/jiataoding/franco_ros2_franka_ws/src/install/franka_hardware' for CMake config files
[1.247s] Level 1:colcon.colcon_core.shell:create_environment_hook('franka_hardware', 'cmake_prefix_path')
[1.247s] INFO:colcon.colcon_core.shell:Creating environment hook '/home/jiataoding/franco_ros2_franka_ws/src/install/franka_hardware/share/franka_hardware/hook/cmake_prefix_path.ps1'
[1.248s] INFO:colcon.colcon_core.shell:Creating environment descriptor '/home/jiataoding/franco_ros2_franka_ws/src/install/franka_hardware/share/franka_hardware/hook/cmake_prefix_path.dsv'
[1.248s] INFO:colcon.colcon_core.shell:Creating environment hook '/home/jiataoding/franco_ros2_franka_ws/src/install/franka_hardware/share/franka_hardware/hook/cmake_prefix_path.sh'
[1.249s] Level 1:colcon.colcon_core.environment:checking '/home/jiataoding/franco_ros2_franka_ws/src/install/franka_hardware/lib'
[1.249s] Level 1:colcon.colcon_core.shell:create_environment_hook('franka_hardware', 'ld_library_path_lib')
[1.249s] INFO:colcon.colcon_core.shell:Creating environment hook '/home/jiataoding/franco_ros2_franka_ws/src/install/franka_hardware/share/franka_hardware/hook/ld_library_path_lib.ps1'
[1.249s] INFO:colcon.colcon_core.shell:Creating environment descriptor '/home/jiataoding/franco_ros2_franka_ws/src/install/franka_hardware/share/franka_hardware/hook/ld_library_path_lib.dsv'
[1.250s] INFO:colcon.colcon_core.shell:Creating environment hook '/home/jiataoding/franco_ros2_franka_ws/src/install/franka_hardware/share/franka_hardware/hook/ld_library_path_lib.sh'
[1.250s] Level 1:colcon.colcon_core.environment:checking '/home/jiataoding/franco_ros2_franka_ws/src/install/franka_hardware/bin'
[1.250s] Level 1:colcon.colcon_core.environment:checking '/home/jiataoding/franco_ros2_franka_ws/src/install/franka_hardware/lib/pkgconfig/franka_hardware.pc'
[1.250s] Level 1:colcon.colcon_core.environment:checking '/home/jiataoding/franco_ros2_franka_ws/src/install/franka_hardware/lib/python3.10/site-packages'
[1.251s] Level 1:colcon.colcon_core.environment:checking '/home/jiataoding/franco_ros2_franka_ws/src/install/franka_hardware/bin'
[1.251s] INFO:colcon.colcon_core.shell:Creating package script '/home/jiataoding/franco_ros2_franka_ws/src/install/franka_hardware/share/franka_hardware/package.ps1'
[1.252s] INFO:colcon.colcon_core.shell:Creating package descriptor '/home/jiataoding/franco_ros2_franka_ws/src/install/franka_hardware/share/franka_hardware/package.dsv'
[1.252s] INFO:colcon.colcon_core.shell:Creating package script '/home/jiataoding/franco_ros2_franka_ws/src/install/franka_hardware/share/franka_hardware/package.sh'
[1.253s] INFO:colcon.colcon_core.shell:Creating package script '/home/jiataoding/franco_ros2_franka_ws/src/install/franka_hardware/share/franka_hardware/package.bash'
[1.253s] INFO:colcon.colcon_core.shell:Creating package script '/home/jiataoding/franco_ros2_franka_ws/src/install/franka_hardware/share/franka_hardware/package.zsh'
[1.254s] Level 1:colcon.colcon_core.environment:create_file_with_runtime_dependencies(/home/jiataoding/franco_ros2_franka_ws/src/install/franka_hardware/share/colcon-core/packages/franka_hardware)
[1.255s] Level 1:colcon.colcon_core.environment:create_environment_scripts_only(franka_hardware)
[1.255s] Level 1:colcon.colcon_core.environment:checking '/home/jiataoding/franco_ros2_franka_ws/src/install/franka_hardware' for CMake module files
[1.256s] Level 1:colcon.colcon_core.environment:checking '/home/jiataoding/franco_ros2_franka_ws/src/install/franka_hardware' for CMake config files
[1.256s] Level 1:colcon.colcon_core.shell:create_environment_hook('franka_hardware', 'cmake_prefix_path')
[1.256s] INFO:colcon.colcon_core.shell:Creating environment hook '/home/jiataoding/franco_ros2_franka_ws/src/install/franka_hardware/share/franka_hardware/hook/cmake_prefix_path.ps1'
[1.257s] INFO:colcon.colcon_core.shell:Creating environment descriptor '/home/jiataoding/franco_ros2_franka_ws/src/install/franka_hardware/share/franka_hardware/hook/cmake_prefix_path.dsv'
[1.257s] INFO:colcon.colcon_core.shell:Creating environment hook '/home/jiataoding/franco_ros2_franka_ws/src/install/franka_hardware/share/franka_hardware/hook/cmake_prefix_path.sh'
[1.258s] Level 1:colcon.colcon_core.environment:checking '/home/jiataoding/franco_ros2_franka_ws/src/install/franka_hardware/lib'
[1.258s] Level 1:colcon.colcon_core.shell:create_environment_hook('franka_hardware', 'ld_library_path_lib')
[1.258s] INFO:colcon.colcon_core.shell:Creating environment hook '/home/jiataoding/franco_ros2_franka_ws/src/install/franka_hardware/share/franka_hardware/hook/ld_library_path_lib.ps1'
[1.259s] INFO:colcon.colcon_core.shell:Creating environment descriptor '/home/jiataoding/franco_ros2_franka_ws/src/install/franka_hardware/share/franka_hardware/hook/ld_library_path_lib.dsv'
[1.259s] INFO:colcon.colcon_core.shell:Creating environment hook '/home/jiataoding/franco_ros2_franka_ws/src/install/franka_hardware/share/franka_hardware/hook/ld_library_path_lib.sh'
[1.259s] Level 1:colcon.colcon_core.environment:checking '/home/jiataoding/franco_ros2_franka_ws/src/install/franka_hardware/bin'
[1.260s] Level 1:colcon.colcon_core.environment:checking '/home/jiataoding/franco_ros2_franka_ws/src/install/franka_hardware/lib/pkgconfig/franka_hardware.pc'
[1.260s] Level 1:colcon.colcon_core.environment:checking '/home/jiataoding/franco_ros2_franka_ws/src/install/franka_hardware/lib/python3.10/site-packages'
[1.260s] Level 1:colcon.colcon_core.environment:checking '/home/jiataoding/franco_ros2_franka_ws/src/install/franka_hardware/bin'
[1.260s] INFO:colcon.colcon_core.shell:Creating package script '/home/jiataoding/franco_ros2_franka_ws/src/install/franka_hardware/share/franka_hardware/package.ps1'
[1.261s] INFO:colcon.colcon_core.shell:Creating package descriptor '/home/jiataoding/franco_ros2_franka_ws/src/install/franka_hardware/share/franka_hardware/package.dsv'
[1.262s] INFO:colcon.colcon_core.shell:Creating package script '/home/jiataoding/franco_ros2_franka_ws/src/install/franka_hardware/share/franka_hardware/package.sh'
[1.262s] INFO:colcon.colcon_core.shell:Creating package script '/home/jiataoding/franco_ros2_franka_ws/src/install/franka_hardware/share/franka_hardware/package.bash'
[1.263s] INFO:colcon.colcon_core.shell:Creating package script '/home/jiataoding/franco_ros2_franka_ws/src/install/franka_hardware/share/franka_hardware/package.zsh'
[1.263s] Level 1:colcon.colcon_core.environment:create_file_with_runtime_dependencies(/home/jiataoding/franco_ros2_franka_ws/src/install/franka_hardware/share/colcon-core/packages/franka_hardware)
[1.264s] INFO:colcon.colcon_ros.task.ament_cmake.build:Building ROS package in '/home/jiataoding/franco_ros2_franka_ws/src/franka_ros2/franka_semantic_components' with build type 'ament_cmake'
[1.264s] INFO:colcon.colcon_cmake.task.cmake.build:Building CMake package in '/home/jiataoding/franco_ros2_franka_ws/src/franka_ros2/franka_semantic_components'
[1.264s] INFO:colcon.colcon_core.shell:Skip shell extension 'powershell' for command environment: Not usable outside of PowerShell
[1.264s] DEBUG:colcon.colcon_core.shell:Skip shell extension 'dsv' for command environment
[1.271s] INFO:colcon.colcon_ros.task.ament_cmake.build:Building ROS package in '/home/jiataoding/franco_ros2_franka_ws/src/franka_ros2/franka_gazebo/franka_ign_ros2_control' with build type 'ament_cmake'
[1.271s] INFO:colcon.colcon_cmake.task.cmake.build:Building CMake package in '/home/jiataoding/franco_ros2_franka_ws/src/franka_ros2/franka_gazebo/franka_ign_ros2_control'
[1.271s] INFO:colcon.colcon_core.shell:Skip shell extension 'powershell' for command environment: Not usable outside of PowerShell
[1.271s] DEBUG:colcon.colcon_core.shell:Skip shell extension 'dsv' for command environment
[1.287s] DEBUG:colcon.colcon_core.event_handler.log_command:Invoking command in '/home/jiataoding/franco_ros2_franka_ws/src/build/franka_semantic_components': CMAKE_PREFIX_PATH=/home/jiataoding/franco_ros2_franka_ws/src/install/franka_hardware:/home/jiataoding/franco_ros2_franka_ws/src/install/franka_msgs:/home/jiataoding/franco_ros2_franka_ws/src/install/joint_impedance_controller:/home/jiataoding/franco_ros2_franka_ws/src/install/integration_launch_testing:/home/jiataoding/franco_ros2_franka_ws/src/install/idra_franka_launch:/home/jiataoding/franco_ros2_franka_ws/src/install/gravity_compensation:/home/jiataoding/franco_ros2_franka_ws/src/install/franka_task_pipeline:/home/jiataoding/franco_ros2_franka_ws/src/install/franka_ros2:/home/jiataoding/franco_ros2_franka_ws/src/install/franka_bringup:/home/jiataoding/franco_ros2_franka_ws/src/install/franka_robot_state_broadcaster:/home/jiataoding/franco_ros2_franka_ws/src/install/franka_example_controllers:/home/jiataoding/franco_ros2_franka_ws/src/install/franka_semantic_components:/home/jiataoding/franco_ros2_franka_ws/src/install/franka_gazebo_bringup:/home/jiataoding/franco_ros2_franka_ws/src/install/franka_ign_ros2_control:/home/jiataoding/franco_ros2_franka_ws/src/install/franka_fr3_moveit_config:/home/jiataoding/franco_ros2_franka_ws/src/install/franka_gripper:/home/jiataoding/franco_ros2_franka_ws/src/install/franka_description:/home/jiataoding/franco_ros2_franka_ws/src/install/cartesian_impedance_controller:/opt/ros/humble:/home/jiataoding/franco_ros2_franka_ws/src/install/effort_controller_base:/home/jiataoding/franco_ros2_franka_ws/src/install/debug_msg:/home/jiataoding/ros2_franka_ws/install/joint_impedance_controller:/home/jiataoding/ros2_franka_ws/install/integration_launch_testing:/home/jiataoding/ros2_franka_ws/install/idra_franka_launch:/home/jiataoding/ros2_franka_ws/install/gravity_compensation:/home/jiataoding/ros2_franka_ws/install/franka_task_pipeline:/home/jiataoding/ros2_franka_ws/install/franka_ros2:/home/jiataoding/ros2_franka_ws/install/franka_bringup:/home/jiataoding/ros2_franka_ws/install/franka_robot_state_broadcaster:/home/jiataoding/ros2_franka_ws/install/franka_example_controllers:/home/jiataoding/ros2_franka_ws/install/franka_semantic_components:/home/jiataoding/ros2_franka_ws/install/franka_gazebo_bringup:/home/jiataoding/ros2_franka_ws/install/franka_ign_ros2_control:/home/jiataoding/ros2_franka_ws/install/franka_fr3_moveit_config:/home/jiataoding/ros2_franka_ws/install/franka_hardware:/home/jiataoding/ros2_franka_ws/install/franka_gripper:/home/jiataoding/ros2_franka_ws/install/franka_msgs:/home/jiataoding/ros2_franka_ws/install/franka_description:/home/jiataoding/ros2_franka_ws/install/cartesian_impedance_controller:/home/jiataoding/ros2_franka_ws/install/effort_controller_base:/home/jiataoding/ros2_franka_ws/install/debug_msg:/home/jiataoding/franco_ros2_franka_ws/install/joint_impedance_controller:/home/jiataoding/franco_ros2_franka_ws/install/integration_launch_testing:/home/jiataoding/franco_ros2_franka_ws/install/idra_franka_launch:/home/jiataoding/franco_ros2_franka_ws/install/gravity_compensation:/home/jiataoding/franco_ros2_franka_ws/install/franka_task_pipeline:/home/jiataoding/franco_ros2_franka_ws/install/franka_ros2:/home/jiataoding/franco_ros2_franka_ws/install/franka_bringup:/home/jiataoding/franco_ros2_franka_ws/install/franka_robot_state_broadcaster:/home/jiataoding/franco_ros2_franka_ws/install/franka_example_controllers:/home/jiataoding/franco_ros2_franka_ws/install/franka_semantic_components:/home/jiataoding/franco_ros2_franka_ws/install/franka_gazebo_bringup:/home/jiataoding/franco_ros2_franka_ws/install/franka_ign_ros2_control:/home/jiataoding/franco_ros2_franka_ws/install/franka_fr3_moveit_config:/home/jiataoding/franco_ros2_franka_ws/install/franka_hardware:/home/jiataoding/franco_ros2_franka_ws/install/franka_gripper:/home/jiataoding/franco_ros2_franka_ws/install/franka_msgs:/home/jiataoding/franco_ros2_franka_ws/install/franka_description:/home/jiataoding/franco_ros2_franka_ws/install/cartesian_impedance_controller:/home/jiataoding/franco_ros2_franka_ws/install/effort_controller_base:/home/jiataoding/franco_ros2_franka_ws/install/debug_msg:/opt/openrobots LD_LIBRARY_PATH=/home/jiataoding/franco_ros2_franka_ws/src/install/franka_hardware/lib:/home/jiataoding/franco_ros2_franka_ws/src/install/franka_msgs/lib:/home/jiataoding/franco_ros2_franka_ws/src/install/joint_impedance_controller/lib:/home/jiataoding/franco_ros2_franka_ws/src/install/integration_launch_testing/lib:/home/jiataoding/franco_ros2_franka_ws/src/install/gravity_compensation/lib:/home/jiataoding/franco_ros2_franka_ws/src/install/franka_robot_state_broadcaster/lib:/home/jiataoding/franco_ros2_franka_ws/src/install/franka_example_controllers/lib:/home/jiataoding/franco_ros2_franka_ws/src/install/franka_semantic_components/lib:/home/jiataoding/franco_ros2_franka_ws/src/install/franka_ign_ros2_control/lib:/home/jiataoding/franco_ros2_franka_ws/src/install/franka_gripper/lib:/home/jiataoding/franco_ros2_franka_ws/src/install/cartesian_impedance_controller/lib:/home/jiataoding/franco_ros2_franka_ws/src/install/effort_controller_base/lib:/home/jiataoding/franco_ros2_franka_ws/src/install/debug_msg/lib:/home/jiataoding/libs/onnxruntime-linux-x64-1.21.0/lib:/home/jiataoding/ros2_franka_ws/install/joint_impedance_controller/lib:/home/jiataoding/ros2_franka_ws/install/integration_launch_testing/lib:/home/jiataoding/ros2_franka_ws/install/gravity_compensation/lib:/home/jiataoding/ros2_franka_ws/install/franka_robot_state_broadcaster/lib:/home/jiataoding/ros2_franka_ws/install/franka_example_controllers/lib:/home/jiataoding/ros2_franka_ws/install/franka_semantic_components/lib:/home/jiataoding/ros2_franka_ws/install/franka_ign_ros2_control/lib:/home/jiataoding/ros2_franka_ws/install/franka_hardware/lib:/home/jiataoding/ros2_franka_ws/install/franka_gripper/lib:/home/jiataoding/ros2_franka_ws/install/franka_msgs/lib:/home/jiataoding/ros2_franka_ws/install/cartesian_impedance_controller/lib:/home/jiataoding/ros2_franka_ws/install/effort_controller_base/lib:/home/jiataoding/ros2_franka_ws/install/debug_msg/lib:/home/jiataoding/franco_ros2_franka_ws/install/joint_impedance_controller/lib:/home/jiataoding/franco_ros2_franka_ws/install/integration_launch_testing/lib:/home/jiataoding/franco_ros2_franka_ws/install/gravity_compensation/lib:/home/jiataoding/franco_ros2_franka_ws/install/franka_robot_state_broadcaster/lib:/home/jiataoding/franco_ros2_franka_ws/install/franka_example_controllers/lib:/home/jiataoding/franco_ros2_franka_ws/install/franka_semantic_components/lib:/home/jiataoding/franco_ros2_franka_ws/install/franka_ign_ros2_control/lib:/home/jiataoding/franco_ros2_franka_ws/install/franka_hardware/lib:/home/jiataoding/franco_ros2_franka_ws/install/franka_gripper/lib:/home/jiataoding/franco_ros2_franka_ws/install/franka_msgs/lib:/home/jiataoding/franco_ros2_franka_ws/install/cartesian_impedance_controller/lib:/home/jiataoding/franco_ros2_franka_ws/install/effort_controller_base/lib:/home/jiataoding/franco_ros2_franka_ws/install/debug_msg/lib:/opt/openrobots/lib:/opt/ros/humble/opt/rviz_ogre_vendor/lib:/opt/ros/humble/lib/x86_64-linux-gnu:/opt/ros/humble/lib /usr/bin/cmake --build /home/jiataoding/franco_ros2_franka_ws/src/build/franka_semantic_components -- -j24 -l24
[1.295s] DEBUG:colcon.colcon_core.event_handler.log_command:Invoking command in '/home/jiataoding/franco_ros2_franka_ws/src/build/franka_ign_ros2_control': CMAKE_PREFIX_PATH=/home/jiataoding/franco_ros2_franka_ws/src/install/franka_hardware:/home/jiataoding/franco_ros2_franka_ws/src/install/franka_msgs:/home/jiataoding/franco_ros2_franka_ws/src/install/joint_impedance_controller:/home/jiataoding/franco_ros2_franka_ws/src/install/integration_launch_testing:/home/jiataoding/franco_ros2_franka_ws/src/install/idra_franka_launch:/home/jiataoding/franco_ros2_franka_ws/src/install/gravity_compensation:/home/jiataoding/franco_ros2_franka_ws/src/install/franka_task_pipeline:/home/jiataoding/franco_ros2_franka_ws/src/install/franka_ros2:/home/jiataoding/franco_ros2_franka_ws/src/install/franka_bringup:/home/jiataoding/franco_ros2_franka_ws/src/install/franka_robot_state_broadcaster:/home/jiataoding/franco_ros2_franka_ws/src/install/franka_example_controllers:/home/jiataoding/franco_ros2_franka_ws/src/install/franka_semantic_components:/home/jiataoding/franco_ros2_franka_ws/src/install/franka_gazebo_bringup:/home/jiataoding/franco_ros2_franka_ws/src/install/franka_ign_ros2_control:/home/jiataoding/franco_ros2_franka_ws/src/install/franka_fr3_moveit_config:/home/jiataoding/franco_ros2_franka_ws/src/install/franka_gripper:/home/jiataoding/franco_ros2_franka_ws/src/install/franka_description:/home/jiataoding/franco_ros2_franka_ws/src/install/cartesian_impedance_controller:/opt/ros/humble:/home/jiataoding/franco_ros2_franka_ws/src/install/effort_controller_base:/home/jiataoding/franco_ros2_franka_ws/src/install/debug_msg:/home/jiataoding/ros2_franka_ws/install/joint_impedance_controller:/home/jiataoding/ros2_franka_ws/install/integration_launch_testing:/home/jiataoding/ros2_franka_ws/install/idra_franka_launch:/home/jiataoding/ros2_franka_ws/install/gravity_compensation:/home/jiataoding/ros2_franka_ws/install/franka_task_pipeline:/home/jiataoding/ros2_franka_ws/install/franka_ros2:/home/jiataoding/ros2_franka_ws/install/franka_bringup:/home/jiataoding/ros2_franka_ws/install/franka_robot_state_broadcaster:/home/jiataoding/ros2_franka_ws/install/franka_example_controllers:/home/jiataoding/ros2_franka_ws/install/franka_semantic_components:/home/jiataoding/ros2_franka_ws/install/franka_gazebo_bringup:/home/jiataoding/ros2_franka_ws/install/franka_ign_ros2_control:/home/jiataoding/ros2_franka_ws/install/franka_fr3_moveit_config:/home/jiataoding/ros2_franka_ws/install/franka_hardware:/home/jiataoding/ros2_franka_ws/install/franka_gripper:/home/jiataoding/ros2_franka_ws/install/franka_msgs:/home/jiataoding/ros2_franka_ws/install/franka_description:/home/jiataoding/ros2_franka_ws/install/cartesian_impedance_controller:/home/jiataoding/ros2_franka_ws/install/effort_controller_base:/home/jiataoding/ros2_franka_ws/install/debug_msg:/home/jiataoding/franco_ros2_franka_ws/install/joint_impedance_controller:/home/jiataoding/franco_ros2_franka_ws/install/integration_launch_testing:/home/jiataoding/franco_ros2_franka_ws/install/idra_franka_launch:/home/jiataoding/franco_ros2_franka_ws/install/gravity_compensation:/home/jiataoding/franco_ros2_franka_ws/install/franka_task_pipeline:/home/jiataoding/franco_ros2_franka_ws/install/franka_ros2:/home/jiataoding/franco_ros2_franka_ws/install/franka_bringup:/home/jiataoding/franco_ros2_franka_ws/install/franka_robot_state_broadcaster:/home/jiataoding/franco_ros2_franka_ws/install/franka_example_controllers:/home/jiataoding/franco_ros2_franka_ws/install/franka_semantic_components:/home/jiataoding/franco_ros2_franka_ws/install/franka_gazebo_bringup:/home/jiataoding/franco_ros2_franka_ws/install/franka_ign_ros2_control:/home/jiataoding/franco_ros2_franka_ws/install/franka_fr3_moveit_config:/home/jiataoding/franco_ros2_franka_ws/install/franka_hardware:/home/jiataoding/franco_ros2_franka_ws/install/franka_gripper:/home/jiataoding/franco_ros2_franka_ws/install/franka_msgs:/home/jiataoding/franco_ros2_franka_ws/install/franka_description:/home/jiataoding/franco_ros2_franka_ws/install/cartesian_impedance_controller:/home/jiataoding/franco_ros2_franka_ws/install/effort_controller_base:/home/jiataoding/franco_ros2_franka_ws/install/debug_msg:/opt/openrobots LD_LIBRARY_PATH=/home/jiataoding/franco_ros2_franka_ws/src/install/franka_hardware/lib:/home/jiataoding/franco_ros2_franka_ws/src/install/franka_msgs/lib:/home/jiataoding/franco_ros2_franka_ws/src/install/joint_impedance_controller/lib:/home/jiataoding/franco_ros2_franka_ws/src/install/integration_launch_testing/lib:/home/jiataoding/franco_ros2_franka_ws/src/install/gravity_compensation/lib:/home/jiataoding/franco_ros2_franka_ws/src/install/franka_robot_state_broadcaster/lib:/home/jiataoding/franco_ros2_franka_ws/src/install/franka_example_controllers/lib:/home/jiataoding/franco_ros2_franka_ws/src/install/franka_semantic_components/lib:/home/jiataoding/franco_ros2_franka_ws/src/install/franka_ign_ros2_control/lib:/home/jiataoding/franco_ros2_franka_ws/src/install/franka_gripper/lib:/home/jiataoding/franco_ros2_franka_ws/src/install/cartesian_impedance_controller/lib:/home/jiataoding/franco_ros2_franka_ws/src/install/effort_controller_base/lib:/home/jiataoding/franco_ros2_franka_ws/src/install/debug_msg/lib:/home/jiataoding/libs/onnxruntime-linux-x64-1.21.0/lib:/home/jiataoding/ros2_franka_ws/install/joint_impedance_controller/lib:/home/jiataoding/ros2_franka_ws/install/integration_launch_testing/lib:/home/jiataoding/ros2_franka_ws/install/gravity_compensation/lib:/home/jiataoding/ros2_franka_ws/install/franka_robot_state_broadcaster/lib:/home/jiataoding/ros2_franka_ws/install/franka_example_controllers/lib:/home/jiataoding/ros2_franka_ws/install/franka_semantic_components/lib:/home/jiataoding/ros2_franka_ws/install/franka_ign_ros2_control/lib:/home/jiataoding/ros2_franka_ws/install/franka_hardware/lib:/home/jiataoding/ros2_franka_ws/install/franka_gripper/lib:/home/jiataoding/ros2_franka_ws/install/franka_msgs/lib:/home/jiataoding/ros2_franka_ws/install/cartesian_impedance_controller/lib:/home/jiataoding/ros2_franka_ws/install/effort_controller_base/lib:/home/jiataoding/ros2_franka_ws/install/debug_msg/lib:/home/jiataoding/franco_ros2_franka_ws/install/joint_impedance_controller/lib:/home/jiataoding/franco_ros2_franka_ws/install/integration_launch_testing/lib:/home/jiataoding/franco_ros2_franka_ws/install/gravity_compensation/lib:/home/jiataoding/franco_ros2_franka_ws/install/franka_robot_state_broadcaster/lib:/home/jiataoding/franco_ros2_franka_ws/install/franka_example_controllers/lib:/home/jiataoding/franco_ros2_franka_ws/install/franka_semantic_components/lib:/home/jiataoding/franco_ros2_franka_ws/install/franka_ign_ros2_control/lib:/home/jiataoding/franco_ros2_franka_ws/install/franka_hardware/lib:/home/jiataoding/franco_ros2_franka_ws/install/franka_gripper/lib:/home/jiataoding/franco_ros2_franka_ws/install/franka_msgs/lib:/home/jiataoding/franco_ros2_franka_ws/install/cartesian_impedance_controller/lib:/home/jiataoding/franco_ros2_franka_ws/install/effort_controller_base/lib:/home/jiataoding/franco_ros2_franka_ws/install/debug_msg/lib:/opt/openrobots/lib:/opt/ros/humble/opt/rviz_ogre_vendor/lib:/opt/ros/humble/lib/x86_64-linux-gnu:/opt/ros/humble/lib /usr/bin/cmake --build /home/jiataoding/franco_ros2_franka_ws/src/build/franka_ign_ros2_control -- -j24 -l24
[1.423s] DEBUG:colcon.colcon_core.event_handler.log_command:Invoked command in '/home/jiataoding/franco_ros2_franka_ws/src/build/franka_ign_ros2_control' returned '0': CMAKE_PREFIX_PATH=/home/jiataoding/franco_ros2_franka_ws/src/install/franka_hardware:/home/jiataoding/franco_ros2_franka_ws/src/install/franka_msgs:/home/jiataoding/franco_ros2_franka_ws/src/install/joint_impedance_controller:/home/jiataoding/franco_ros2_franka_ws/src/install/integration_launch_testing:/home/jiataoding/franco_ros2_franka_ws/src/install/idra_franka_launch:/home/jiataoding/franco_ros2_franka_ws/src/install/gravity_compensation:/home/jiataoding/franco_ros2_franka_ws/src/install/franka_task_pipeline:/home/jiataoding/franco_ros2_franka_ws/src/install/franka_ros2:/home/jiataoding/franco_ros2_franka_ws/src/install/franka_bringup:/home/jiataoding/franco_ros2_franka_ws/src/install/franka_robot_state_broadcaster:/home/jiataoding/franco_ros2_franka_ws/src/install/franka_example_controllers:/home/jiataoding/franco_ros2_franka_ws/src/install/franka_semantic_components:/home/jiataoding/franco_ros2_franka_ws/src/install/franka_gazebo_bringup:/home/jiataoding/franco_ros2_franka_ws/src/install/franka_ign_ros2_control:/home/jiataoding/franco_ros2_franka_ws/src/install/franka_fr3_moveit_config:/home/jiataoding/franco_ros2_franka_ws/src/install/franka_gripper:/home/jiataoding/franco_ros2_franka_ws/src/install/franka_description:/home/jiataoding/franco_ros2_franka_ws/src/install/cartesian_impedance_controller:/opt/ros/humble:/home/jiataoding/franco_ros2_franka_ws/src/install/effort_controller_base:/home/jiataoding/franco_ros2_franka_ws/src/install/debug_msg:/home/jiataoding/ros2_franka_ws/install/joint_impedance_controller:/home/jiataoding/ros2_franka_ws/install/integration_launch_testing:/home/jiataoding/ros2_franka_ws/install/idra_franka_launch:/home/jiataoding/ros2_franka_ws/install/gravity_compensation:/home/jiataoding/ros2_franka_ws/install/franka_task_pipeline:/home/jiataoding/ros2_franka_ws/install/franka_ros2:/home/jiataoding/ros2_franka_ws/install/franka_bringup:/home/jiataoding/ros2_franka_ws/install/franka_robot_state_broadcaster:/home/jiataoding/ros2_franka_ws/install/franka_example_controllers:/home/jiataoding/ros2_franka_ws/install/franka_semantic_components:/home/jiataoding/ros2_franka_ws/install/franka_gazebo_bringup:/home/jiataoding/ros2_franka_ws/install/franka_ign_ros2_control:/home/jiataoding/ros2_franka_ws/install/franka_fr3_moveit_config:/home/jiataoding/ros2_franka_ws/install/franka_hardware:/home/jiataoding/ros2_franka_ws/install/franka_gripper:/home/jiataoding/ros2_franka_ws/install/franka_msgs:/home/jiataoding/ros2_franka_ws/install/franka_description:/home/jiataoding/ros2_franka_ws/install/cartesian_impedance_controller:/home/jiataoding/ros2_franka_ws/install/effort_controller_base:/home/jiataoding/ros2_franka_ws/install/debug_msg:/home/jiataoding/franco_ros2_franka_ws/install/joint_impedance_controller:/home/jiataoding/franco_ros2_franka_ws/install/integration_launch_testing:/home/jiataoding/franco_ros2_franka_ws/install/idra_franka_launch:/home/jiataoding/franco_ros2_franka_ws/install/gravity_compensation:/home/jiataoding/franco_ros2_franka_ws/install/franka_task_pipeline:/home/jiataoding/franco_ros2_franka_ws/install/franka_ros2:/home/jiataoding/franco_ros2_franka_ws/install/franka_bringup:/home/jiataoding/franco_ros2_franka_ws/install/franka_robot_state_broadcaster:/home/jiataoding/franco_ros2_franka_ws/install/franka_example_controllers:/home/jiataoding/franco_ros2_franka_ws/install/franka_semantic_components:/home/jiataoding/franco_ros2_franka_ws/install/franka_gazebo_bringup:/home/jiataoding/franco_ros2_franka_ws/install/franka_ign_ros2_control:/home/jiataoding/franco_ros2_franka_ws/install/franka_fr3_moveit_config:/home/jiataoding/franco_ros2_franka_ws/install/franka_hardware:/home/jiataoding/franco_ros2_franka_ws/install/franka_gripper:/home/jiataoding/franco_ros2_franka_ws/install/franka_msgs:/home/jiataoding/franco_ros2_franka_ws/install/franka_description:/home/jiataoding/franco_ros2_franka_ws/install/cartesian_impedance_controller:/home/jiataoding/franco_ros2_franka_ws/install/effort_controller_base:/home/jiataoding/franco_ros2_franka_ws/install/debug_msg:/opt/openrobots LD_LIBRARY_PATH=/home/jiataoding/franco_ros2_franka_ws/src/install/franka_hardware/lib:/home/jiataoding/franco_ros2_franka_ws/src/install/franka_msgs/lib:/home/jiataoding/franco_ros2_franka_ws/src/install/joint_impedance_controller/lib:/home/jiataoding/franco_ros2_franka_ws/src/install/integration_launch_testing/lib:/home/jiataoding/franco_ros2_franka_ws/src/install/gravity_compensation/lib:/home/jiataoding/franco_ros2_franka_ws/src/install/franka_robot_state_broadcaster/lib:/home/jiataoding/franco_ros2_franka_ws/src/install/franka_example_controllers/lib:/home/jiataoding/franco_ros2_franka_ws/src/install/franka_semantic_components/lib:/home/jiataoding/franco_ros2_franka_ws/src/install/franka_ign_ros2_control/lib:/home/jiataoding/franco_ros2_franka_ws/src/install/franka_gripper/lib:/home/jiataoding/franco_ros2_franka_ws/src/install/cartesian_impedance_controller/lib:/home/jiataoding/franco_ros2_franka_ws/src/install/effort_controller_base/lib:/home/jiataoding/franco_ros2_franka_ws/src/install/debug_msg/lib:/home/jiataoding/libs/onnxruntime-linux-x64-1.21.0/lib:/home/jiataoding/ros2_franka_ws/install/joint_impedance_controller/lib:/home/jiataoding/ros2_franka_ws/install/integration_launch_testing/lib:/home/jiataoding/ros2_franka_ws/install/gravity_compensation/lib:/home/jiataoding/ros2_franka_ws/install/franka_robot_state_broadcaster/lib:/home/jiataoding/ros2_franka_ws/install/franka_example_controllers/lib:/home/jiataoding/ros2_franka_ws/install/franka_semantic_components/lib:/home/jiataoding/ros2_franka_ws/install/franka_ign_ros2_control/lib:/home/jiataoding/ros2_franka_ws/install/franka_hardware/lib:/home/jiataoding/ros2_franka_ws/install/franka_gripper/lib:/home/jiataoding/ros2_franka_ws/install/franka_msgs/lib:/home/jiataoding/ros2_franka_ws/install/cartesian_impedance_controller/lib:/home/jiataoding/ros2_franka_ws/install/effort_controller_base/lib:/home/jiataoding/ros2_franka_ws/install/debug_msg/lib:/home/jiataoding/franco_ros2_franka_ws/install/joint_impedance_controller/lib:/home/jiataoding/franco_ros2_franka_ws/install/integration_launch_testing/lib:/home/jiataoding/franco_ros2_franka_ws/install/gravity_compensation/lib:/home/jiataoding/franco_ros2_franka_ws/install/franka_robot_state_broadcaster/lib:/home/jiataoding/franco_ros2_franka_ws/install/franka_example_controllers/lib:/home/jiataoding/franco_ros2_franka_ws/install/franka_semantic_components/lib:/home/jiataoding/franco_ros2_franka_ws/install/franka_ign_ros2_control/lib:/home/jiataoding/franco_ros2_franka_ws/install/franka_hardware/lib:/home/jiataoding/franco_ros2_franka_ws/install/franka_gripper/lib:/home/jiataoding/franco_ros2_franka_ws/install/franka_msgs/lib:/home/jiataoding/franco_ros2_franka_ws/install/cartesian_impedance_controller/lib:/home/jiataoding/franco_ros2_franka_ws/install/effort_controller_base/lib:/home/jiataoding/franco_ros2_franka_ws/install/debug_msg/lib:/opt/openrobots/lib:/opt/ros/humble/opt/rviz_ogre_vendor/lib:/opt/ros/humble/lib/x86_64-linux-gnu:/opt/ros/humble/lib /usr/bin/cmake --build /home/jiataoding/franco_ros2_franka_ws/src/build/franka_ign_ros2_control -- -j24 -l24
[1.425s] DEBUG:colcon.colcon_core.event_handler.log_command:Invoking command in '/home/jiataoding/franco_ros2_franka_ws/src/build/franka_ign_ros2_control': CMAKE_PREFIX_PATH=/home/jiataoding/franco_ros2_franka_ws/src/install/franka_hardware:/home/jiataoding/franco_ros2_franka_ws/src/install/franka_msgs:/home/jiataoding/franco_ros2_franka_ws/src/install/joint_impedance_controller:/home/jiataoding/franco_ros2_franka_ws/src/install/integration_launch_testing:/home/jiataoding/franco_ros2_franka_ws/src/install/idra_franka_launch:/home/jiataoding/franco_ros2_franka_ws/src/install/gravity_compensation:/home/jiataoding/franco_ros2_franka_ws/src/install/franka_task_pipeline:/home/jiataoding/franco_ros2_franka_ws/src/install/franka_ros2:/home/jiataoding/franco_ros2_franka_ws/src/install/franka_bringup:/home/jiataoding/franco_ros2_franka_ws/src/install/franka_robot_state_broadcaster:/home/jiataoding/franco_ros2_franka_ws/src/install/franka_example_controllers:/home/jiataoding/franco_ros2_franka_ws/src/install/franka_semantic_components:/home/jiataoding/franco_ros2_franka_ws/src/install/franka_gazebo_bringup:/home/jiataoding/franco_ros2_franka_ws/src/install/franka_ign_ros2_control:/home/jiataoding/franco_ros2_franka_ws/src/install/franka_fr3_moveit_config:/home/jiataoding/franco_ros2_franka_ws/src/install/franka_gripper:/home/jiataoding/franco_ros2_franka_ws/src/install/franka_description:/home/jiataoding/franco_ros2_franka_ws/src/install/cartesian_impedance_controller:/opt/ros/humble:/home/jiataoding/franco_ros2_franka_ws/src/install/effort_controller_base:/home/jiataoding/franco_ros2_franka_ws/src/install/debug_msg:/home/jiataoding/ros2_franka_ws/install/joint_impedance_controller:/home/jiataoding/ros2_franka_ws/install/integration_launch_testing:/home/jiataoding/ros2_franka_ws/install/idra_franka_launch:/home/jiataoding/ros2_franka_ws/install/gravity_compensation:/home/jiataoding/ros2_franka_ws/install/franka_task_pipeline:/home/jiataoding/ros2_franka_ws/install/franka_ros2:/home/jiataoding/ros2_franka_ws/install/franka_bringup:/home/jiataoding/ros2_franka_ws/install/franka_robot_state_broadcaster:/home/jiataoding/ros2_franka_ws/install/franka_example_controllers:/home/jiataoding/ros2_franka_ws/install/franka_semantic_components:/home/jiataoding/ros2_franka_ws/install/franka_gazebo_bringup:/home/jiataoding/ros2_franka_ws/install/franka_ign_ros2_control:/home/jiataoding/ros2_franka_ws/install/franka_fr3_moveit_config:/home/jiataoding/ros2_franka_ws/install/franka_hardware:/home/jiataoding/ros2_franka_ws/install/franka_gripper:/home/jiataoding/ros2_franka_ws/install/franka_msgs:/home/jiataoding/ros2_franka_ws/install/franka_description:/home/jiataoding/ros2_franka_ws/install/cartesian_impedance_controller:/home/jiataoding/ros2_franka_ws/install/effort_controller_base:/home/jiataoding/ros2_franka_ws/install/debug_msg:/home/jiataoding/franco_ros2_franka_ws/install/joint_impedance_controller:/home/jiataoding/franco_ros2_franka_ws/install/integration_launch_testing:/home/jiataoding/franco_ros2_franka_ws/install/idra_franka_launch:/home/jiataoding/franco_ros2_franka_ws/install/gravity_compensation:/home/jiataoding/franco_ros2_franka_ws/install/franka_task_pipeline:/home/jiataoding/franco_ros2_franka_ws/install/franka_ros2:/home/jiataoding/franco_ros2_franka_ws/install/franka_bringup:/home/jiataoding/franco_ros2_franka_ws/install/franka_robot_state_broadcaster:/home/jiataoding/franco_ros2_franka_ws/install/franka_example_controllers:/home/jiataoding/franco_ros2_franka_ws/install/franka_semantic_components:/home/jiataoding/franco_ros2_franka_ws/install/franka_gazebo_bringup:/home/jiataoding/franco_ros2_franka_ws/install/franka_ign_ros2_control:/home/jiataoding/franco_ros2_franka_ws/install/franka_fr3_moveit_config:/home/jiataoding/franco_ros2_franka_ws/install/franka_hardware:/home/jiataoding/franco_ros2_franka_ws/install/franka_gripper:/home/jiataoding/franco_ros2_franka_ws/install/franka_msgs:/home/jiataoding/franco_ros2_franka_ws/install/franka_description:/home/jiataoding/franco_ros2_franka_ws/install/cartesian_impedance_controller:/home/jiataoding/franco_ros2_franka_ws/install/effort_controller_base:/home/jiataoding/franco_ros2_franka_ws/install/debug_msg:/opt/openrobots LD_LIBRARY_PATH=/home/jiataoding/franco_ros2_franka_ws/src/install/franka_hardware/lib:/home/jiataoding/franco_ros2_franka_ws/src/install/franka_msgs/lib:/home/jiataoding/franco_ros2_franka_ws/src/install/joint_impedance_controller/lib:/home/jiataoding/franco_ros2_franka_ws/src/install/integration_launch_testing/lib:/home/jiataoding/franco_ros2_franka_ws/src/install/gravity_compensation/lib:/home/jiataoding/franco_ros2_franka_ws/src/install/franka_robot_state_broadcaster/lib:/home/jiataoding/franco_ros2_franka_ws/src/install/franka_example_controllers/lib:/home/jiataoding/franco_ros2_franka_ws/src/install/franka_semantic_components/lib:/home/jiataoding/franco_ros2_franka_ws/src/install/franka_ign_ros2_control/lib:/home/jiataoding/franco_ros2_franka_ws/src/install/franka_gripper/lib:/home/jiataoding/franco_ros2_franka_ws/src/install/cartesian_impedance_controller/lib:/home/jiataoding/franco_ros2_franka_ws/src/install/effort_controller_base/lib:/home/jiataoding/franco_ros2_franka_ws/src/install/debug_msg/lib:/home/jiataoding/libs/onnxruntime-linux-x64-1.21.0/lib:/home/jiataoding/ros2_franka_ws/install/joint_impedance_controller/lib:/home/jiataoding/ros2_franka_ws/install/integration_launch_testing/lib:/home/jiataoding/ros2_franka_ws/install/gravity_compensation/lib:/home/jiataoding/ros2_franka_ws/install/franka_robot_state_broadcaster/lib:/home/jiataoding/ros2_franka_ws/install/franka_example_controllers/lib:/home/jiataoding/ros2_franka_ws/install/franka_semantic_components/lib:/home/jiataoding/ros2_franka_ws/install/franka_ign_ros2_control/lib:/home/jiataoding/ros2_franka_ws/install/franka_hardware/lib:/home/jiataoding/ros2_franka_ws/install/franka_gripper/lib:/home/jiataoding/ros2_franka_ws/install/franka_msgs/lib:/home/jiataoding/ros2_franka_ws/install/cartesian_impedance_controller/lib:/home/jiataoding/ros2_franka_ws/install/effort_controller_base/lib:/home/jiataoding/ros2_franka_ws/install/debug_msg/lib:/home/jiataoding/franco_ros2_franka_ws/install/joint_impedance_controller/lib:/home/jiataoding/franco_ros2_franka_ws/install/integration_launch_testing/lib:/home/jiataoding/franco_ros2_franka_ws/install/gravity_compensation/lib:/home/jiataoding/franco_ros2_franka_ws/install/franka_robot_state_broadcaster/lib:/home/jiataoding/franco_ros2_franka_ws/install/franka_example_controllers/lib:/home/jiataoding/franco_ros2_franka_ws/install/franka_semantic_components/lib:/home/jiataoding/franco_ros2_franka_ws/install/franka_ign_ros2_control/lib:/home/jiataoding/franco_ros2_franka_ws/install/franka_hardware/lib:/home/jiataoding/franco_ros2_franka_ws/install/franka_gripper/lib:/home/jiataoding/franco_ros2_franka_ws/install/franka_msgs/lib:/home/jiataoding/franco_ros2_franka_ws/install/cartesian_impedance_controller/lib:/home/jiataoding/franco_ros2_franka_ws/install/effort_controller_base/lib:/home/jiataoding/franco_ros2_franka_ws/install/debug_msg/lib:/opt/openrobots/lib:/opt/ros/humble/opt/rviz_ogre_vendor/lib:/opt/ros/humble/lib/x86_64-linux-gnu:/opt/ros/humble/lib /usr/bin/cmake --install /home/jiataoding/franco_ros2_franka_ws/src/build/franka_ign_ros2_control
[1.434s] DEBUG:colcon.colcon_core.event_handler.log_command:Invoked command in '/home/jiataoding/franco_ros2_franka_ws/src/build/franka_gripper' returned '0': CMAKE_PREFIX_PATH=/home/jiataoding/franco_ros2_franka_ws/src/install/franka_msgs:/home/jiataoding/franco_ros2_franka_ws/src/install/joint_impedance_controller:/home/jiataoding/franco_ros2_franka_ws/src/install/integration_launch_testing:/home/jiataoding/franco_ros2_franka_ws/src/install/idra_franka_launch:/home/jiataoding/franco_ros2_franka_ws/src/install/gravity_compensation:/home/jiataoding/franco_ros2_franka_ws/src/install/franka_task_pipeline:/home/jiataoding/franco_ros2_franka_ws/src/install/franka_ros2:/home/jiataoding/franco_ros2_franka_ws/src/install/franka_bringup:/home/jiataoding/franco_ros2_franka_ws/src/install/franka_robot_state_broadcaster:/home/jiataoding/franco_ros2_franka_ws/src/install/franka_example_controllers:/home/jiataoding/franco_ros2_franka_ws/src/install/franka_semantic_components:/home/jiataoding/franco_ros2_franka_ws/src/install/franka_gazebo_bringup:/home/jiataoding/franco_ros2_franka_ws/src/install/franka_ign_ros2_control:/home/jiataoding/franco_ros2_franka_ws/src/install/franka_fr3_moveit_config:/home/jiataoding/franco_ros2_franka_ws/src/install/franka_hardware:/home/jiataoding/franco_ros2_franka_ws/src/install/franka_gripper:/home/jiataoding/franco_ros2_franka_ws/src/install/franka_description:/home/jiataoding/franco_ros2_franka_ws/src/install/cartesian_impedance_controller:/opt/ros/humble:/home/jiataoding/franco_ros2_franka_ws/src/install/effort_controller_base:/home/jiataoding/franco_ros2_franka_ws/src/install/debug_msg:/home/jiataoding/ros2_franka_ws/install/joint_impedance_controller:/home/jiataoding/ros2_franka_ws/install/integration_launch_testing:/home/jiataoding/ros2_franka_ws/install/idra_franka_launch:/home/jiataoding/ros2_franka_ws/install/gravity_compensation:/home/jiataoding/ros2_franka_ws/install/franka_task_pipeline:/home/jiataoding/ros2_franka_ws/install/franka_ros2:/home/jiataoding/ros2_franka_ws/install/franka_bringup:/home/jiataoding/ros2_franka_ws/install/franka_robot_state_broadcaster:/home/jiataoding/ros2_franka_ws/install/franka_example_controllers:/home/jiataoding/ros2_franka_ws/install/franka_semantic_components:/home/jiataoding/ros2_franka_ws/install/franka_gazebo_bringup:/home/jiataoding/ros2_franka_ws/install/franka_ign_ros2_control:/home/jiataoding/ros2_franka_ws/install/franka_fr3_moveit_config:/home/jiataoding/ros2_franka_ws/install/franka_hardware:/home/jiataoding/ros2_franka_ws/install/franka_gripper:/home/jiataoding/ros2_franka_ws/install/franka_msgs:/home/jiataoding/ros2_franka_ws/install/franka_description:/home/jiataoding/ros2_franka_ws/install/cartesian_impedance_controller:/home/jiataoding/ros2_franka_ws/install/effort_controller_base:/home/jiataoding/ros2_franka_ws/install/debug_msg:/home/jiataoding/franco_ros2_franka_ws/install/joint_impedance_controller:/home/jiataoding/franco_ros2_franka_ws/install/integration_launch_testing:/home/jiataoding/franco_ros2_franka_ws/install/idra_franka_launch:/home/jiataoding/franco_ros2_franka_ws/install/gravity_compensation:/home/jiataoding/franco_ros2_franka_ws/install/franka_task_pipeline:/home/jiataoding/franco_ros2_franka_ws/install/franka_ros2:/home/jiataoding/franco_ros2_franka_ws/install/franka_bringup:/home/jiataoding/franco_ros2_franka_ws/install/franka_robot_state_broadcaster:/home/jiataoding/franco_ros2_franka_ws/install/franka_example_controllers:/home/jiataoding/franco_ros2_franka_ws/install/franka_semantic_components:/home/jiataoding/franco_ros2_franka_ws/install/franka_gazebo_bringup:/home/jiataoding/franco_ros2_franka_ws/install/franka_ign_ros2_control:/home/jiataoding/franco_ros2_franka_ws/install/franka_fr3_moveit_config:/home/jiataoding/franco_ros2_franka_ws/install/franka_hardware:/home/jiataoding/franco_ros2_franka_ws/install/franka_gripper:/home/jiataoding/franco_ros2_franka_ws/install/franka_msgs:/home/jiataoding/franco_ros2_franka_ws/install/franka_description:/home/jiataoding/franco_ros2_franka_ws/install/cartesian_impedance_controller:/home/jiataoding/franco_ros2_franka_ws/install/effort_controller_base:/home/jiataoding/franco_ros2_franka_ws/install/debug_msg:/opt/openrobots LD_LIBRARY_PATH=/home/jiataoding/franco_ros2_franka_ws/src/install/franka_msgs/lib:/home/jiataoding/franco_ros2_franka_ws/src/install/joint_impedance_controller/lib:/home/jiataoding/franco_ros2_franka_ws/src/install/integration_launch_testing/lib:/home/jiataoding/franco_ros2_franka_ws/src/install/gravity_compensation/lib:/home/jiataoding/franco_ros2_franka_ws/src/install/franka_robot_state_broadcaster/lib:/home/jiataoding/franco_ros2_franka_ws/src/install/franka_example_controllers/lib:/home/jiataoding/franco_ros2_franka_ws/src/install/franka_semantic_components/lib:/home/jiataoding/franco_ros2_franka_ws/src/install/franka_ign_ros2_control/lib:/home/jiataoding/franco_ros2_franka_ws/src/install/franka_hardware/lib:/home/jiataoding/franco_ros2_franka_ws/src/install/franka_gripper/lib:/home/jiataoding/franco_ros2_franka_ws/src/install/cartesian_impedance_controller/lib:/home/jiataoding/franco_ros2_franka_ws/src/install/effort_controller_base/lib:/home/jiataoding/franco_ros2_franka_ws/src/install/debug_msg/lib:/home/jiataoding/libs/onnxruntime-linux-x64-1.21.0/lib:/home/jiataoding/ros2_franka_ws/install/joint_impedance_controller/lib:/home/jiataoding/ros2_franka_ws/install/integration_launch_testing/lib:/home/jiataoding/ros2_franka_ws/install/gravity_compensation/lib:/home/jiataoding/ros2_franka_ws/install/franka_robot_state_broadcaster/lib:/home/jiataoding/ros2_franka_ws/install/franka_example_controllers/lib:/home/jiataoding/ros2_franka_ws/install/franka_semantic_components/lib:/home/jiataoding/ros2_franka_ws/install/franka_ign_ros2_control/lib:/home/jiataoding/ros2_franka_ws/install/franka_hardware/lib:/home/jiataoding/ros2_franka_ws/install/franka_gripper/lib:/home/jiataoding/ros2_franka_ws/install/franka_msgs/lib:/home/jiataoding/ros2_franka_ws/install/cartesian_impedance_controller/lib:/home/jiataoding/ros2_franka_ws/install/effort_controller_base/lib:/home/jiataoding/ros2_franka_ws/install/debug_msg/lib:/home/jiataoding/franco_ros2_franka_ws/install/joint_impedance_controller/lib:/home/jiataoding/franco_ros2_franka_ws/install/integration_launch_testing/lib:/home/jiataoding/franco_ros2_franka_ws/install/gravity_compensation/lib:/home/jiataoding/franco_ros2_franka_ws/install/franka_robot_state_broadcaster/lib:/home/jiataoding/franco_ros2_franka_ws/install/franka_example_controllers/lib:/home/jiataoding/franco_ros2_franka_ws/install/franka_semantic_components/lib:/home/jiataoding/franco_ros2_franka_ws/install/franka_ign_ros2_control/lib:/home/jiataoding/franco_ros2_franka_ws/install/franka_hardware/lib:/home/jiataoding/franco_ros2_franka_ws/install/franka_gripper/lib:/home/jiataoding/franco_ros2_franka_ws/install/franka_msgs/lib:/home/jiataoding/franco_ros2_franka_ws/install/cartesian_impedance_controller/lib:/home/jiataoding/franco_ros2_franka_ws/install/effort_controller_base/lib:/home/jiataoding/franco_ros2_franka_ws/install/debug_msg/lib:/opt/openrobots/lib:/opt/ros/humble/opt/rviz_ogre_vendor/lib:/opt/ros/humble/lib/x86_64-linux-gnu:/opt/ros/humble/lib /usr/bin/cmake --build /home/jiataoding/franco_ros2_franka_ws/src/build/franka_gripper -- -j24 -l24
[1.436s] DEBUG:colcon.colcon_core.event_handler.log_command:Invoking command in '/home/jiataoding/franco_ros2_franka_ws/src/build/franka_gripper': CMAKE_PREFIX_PATH=/home/jiataoding/franco_ros2_franka_ws/src/install/franka_msgs:/home/jiataoding/franco_ros2_franka_ws/src/install/joint_impedance_controller:/home/jiataoding/franco_ros2_franka_ws/src/install/integration_launch_testing:/home/jiataoding/franco_ros2_franka_ws/src/install/idra_franka_launch:/home/jiataoding/franco_ros2_franka_ws/src/install/gravity_compensation:/home/jiataoding/franco_ros2_franka_ws/src/install/franka_task_pipeline:/home/jiataoding/franco_ros2_franka_ws/src/install/franka_ros2:/home/jiataoding/franco_ros2_franka_ws/src/install/franka_bringup:/home/jiataoding/franco_ros2_franka_ws/src/install/franka_robot_state_broadcaster:/home/jiataoding/franco_ros2_franka_ws/src/install/franka_example_controllers:/home/jiataoding/franco_ros2_franka_ws/src/install/franka_semantic_components:/home/jiataoding/franco_ros2_franka_ws/src/install/franka_gazebo_bringup:/home/jiataoding/franco_ros2_franka_ws/src/install/franka_ign_ros2_control:/home/jiataoding/franco_ros2_franka_ws/src/install/franka_fr3_moveit_config:/home/jiataoding/franco_ros2_franka_ws/src/install/franka_hardware:/home/jiataoding/franco_ros2_franka_ws/src/install/franka_gripper:/home/jiataoding/franco_ros2_franka_ws/src/install/franka_description:/home/jiataoding/franco_ros2_franka_ws/src/install/cartesian_impedance_controller:/opt/ros/humble:/home/jiataoding/franco_ros2_franka_ws/src/install/effort_controller_base:/home/jiataoding/franco_ros2_franka_ws/src/install/debug_msg:/home/jiataoding/ros2_franka_ws/install/joint_impedance_controller:/home/jiataoding/ros2_franka_ws/install/integration_launch_testing:/home/jiataoding/ros2_franka_ws/install/idra_franka_launch:/home/jiataoding/ros2_franka_ws/install/gravity_compensation:/home/jiataoding/ros2_franka_ws/install/franka_task_pipeline:/home/jiataoding/ros2_franka_ws/install/franka_ros2:/home/jiataoding/ros2_franka_ws/install/franka_bringup:/home/jiataoding/ros2_franka_ws/install/franka_robot_state_broadcaster:/home/jiataoding/ros2_franka_ws/install/franka_example_controllers:/home/jiataoding/ros2_franka_ws/install/franka_semantic_components:/home/jiataoding/ros2_franka_ws/install/franka_gazebo_bringup:/home/jiataoding/ros2_franka_ws/install/franka_ign_ros2_control:/home/jiataoding/ros2_franka_ws/install/franka_fr3_moveit_config:/home/jiataoding/ros2_franka_ws/install/franka_hardware:/home/jiataoding/ros2_franka_ws/install/franka_gripper:/home/jiataoding/ros2_franka_ws/install/franka_msgs:/home/jiataoding/ros2_franka_ws/install/franka_description:/home/jiataoding/ros2_franka_ws/install/cartesian_impedance_controller:/home/jiataoding/ros2_franka_ws/install/effort_controller_base:/home/jiataoding/ros2_franka_ws/install/debug_msg:/home/jiataoding/franco_ros2_franka_ws/install/joint_impedance_controller:/home/jiataoding/franco_ros2_franka_ws/install/integration_launch_testing:/home/jiataoding/franco_ros2_franka_ws/install/idra_franka_launch:/home/jiataoding/franco_ros2_franka_ws/install/gravity_compensation:/home/jiataoding/franco_ros2_franka_ws/install/franka_task_pipeline:/home/jiataoding/franco_ros2_franka_ws/install/franka_ros2:/home/jiataoding/franco_ros2_franka_ws/install/franka_bringup:/home/jiataoding/franco_ros2_franka_ws/install/franka_robot_state_broadcaster:/home/jiataoding/franco_ros2_franka_ws/install/franka_example_controllers:/home/jiataoding/franco_ros2_franka_ws/install/franka_semantic_components:/home/jiataoding/franco_ros2_franka_ws/install/franka_gazebo_bringup:/home/jiataoding/franco_ros2_franka_ws/install/franka_ign_ros2_control:/home/jiataoding/franco_ros2_franka_ws/install/franka_fr3_moveit_config:/home/jiataoding/franco_ros2_franka_ws/install/franka_hardware:/home/jiataoding/franco_ros2_franka_ws/install/franka_gripper:/home/jiataoding/franco_ros2_franka_ws/install/franka_msgs:/home/jiataoding/franco_ros2_franka_ws/install/franka_description:/home/jiataoding/franco_ros2_franka_ws/install/cartesian_impedance_controller:/home/jiataoding/franco_ros2_franka_ws/install/effort_controller_base:/home/jiataoding/franco_ros2_franka_ws/install/debug_msg:/opt/openrobots LD_LIBRARY_PATH=/home/jiataoding/franco_ros2_franka_ws/src/install/franka_msgs/lib:/home/jiataoding/franco_ros2_franka_ws/src/install/joint_impedance_controller/lib:/home/jiataoding/franco_ros2_franka_ws/src/install/integration_launch_testing/lib:/home/jiataoding/franco_ros2_franka_ws/src/install/gravity_compensation/lib:/home/jiataoding/franco_ros2_franka_ws/src/install/franka_robot_state_broadcaster/lib:/home/jiataoding/franco_ros2_franka_ws/src/install/franka_example_controllers/lib:/home/jiataoding/franco_ros2_franka_ws/src/install/franka_semantic_components/lib:/home/jiataoding/franco_ros2_franka_ws/src/install/franka_ign_ros2_control/lib:/home/jiataoding/franco_ros2_franka_ws/src/install/franka_hardware/lib:/home/jiataoding/franco_ros2_franka_ws/src/install/franka_gripper/lib:/home/jiataoding/franco_ros2_franka_ws/src/install/cartesian_impedance_controller/lib:/home/jiataoding/franco_ros2_franka_ws/src/install/effort_controller_base/lib:/home/jiataoding/franco_ros2_franka_ws/src/install/debug_msg/lib:/home/jiataoding/libs/onnxruntime-linux-x64-1.21.0/lib:/home/jiataoding/ros2_franka_ws/install/joint_impedance_controller/lib:/home/jiataoding/ros2_franka_ws/install/integration_launch_testing/lib:/home/jiataoding/ros2_franka_ws/install/gravity_compensation/lib:/home/jiataoding/ros2_franka_ws/install/franka_robot_state_broadcaster/lib:/home/jiataoding/ros2_franka_ws/install/franka_example_controllers/lib:/home/jiataoding/ros2_franka_ws/install/franka_semantic_components/lib:/home/jiataoding/ros2_franka_ws/install/franka_ign_ros2_control/lib:/home/jiataoding/ros2_franka_ws/install/franka_hardware/lib:/home/jiataoding/ros2_franka_ws/install/franka_gripper/lib:/home/jiataoding/ros2_franka_ws/install/franka_msgs/lib:/home/jiataoding/ros2_franka_ws/install/cartesian_impedance_controller/lib:/home/jiataoding/ros2_franka_ws/install/effort_controller_base/lib:/home/jiataoding/ros2_franka_ws/install/debug_msg/lib:/home/jiataoding/franco_ros2_franka_ws/install/joint_impedance_controller/lib:/home/jiataoding/franco_ros2_franka_ws/install/integration_launch_testing/lib:/home/jiataoding/franco_ros2_franka_ws/install/gravity_compensation/lib:/home/jiataoding/franco_ros2_franka_ws/install/franka_robot_state_broadcaster/lib:/home/jiataoding/franco_ros2_franka_ws/install/franka_example_controllers/lib:/home/jiataoding/franco_ros2_franka_ws/install/franka_semantic_components/lib:/home/jiataoding/franco_ros2_franka_ws/install/franka_ign_ros2_control/lib:/home/jiataoding/franco_ros2_franka_ws/install/franka_hardware/lib:/home/jiataoding/franco_ros2_franka_ws/install/franka_gripper/lib:/home/jiataoding/franco_ros2_franka_ws/install/franka_msgs/lib:/home/jiataoding/franco_ros2_franka_ws/install/cartesian_impedance_controller/lib:/home/jiataoding/franco_ros2_franka_ws/install/effort_controller_base/lib:/home/jiataoding/franco_ros2_franka_ws/install/debug_msg/lib:/opt/openrobots/lib:/opt/ros/humble/opt/rviz_ogre_vendor/lib:/opt/ros/humble/lib/x86_64-linux-gnu:/opt/ros/humble/lib /usr/bin/cmake --install /home/jiataoding/franco_ros2_franka_ws/src/build/franka_gripper
[1.464s] Level 1:colcon.colcon_core.environment:create_environment_scripts_only(franka_ign_ros2_control)
[1.465s] Level 1:colcon.colcon_core.environment:checking '/home/jiataoding/franco_ros2_franka_ws/src/install/franka_ign_ros2_control' for CMake module files
[1.465s] DEBUG:colcon.colcon_core.event_handler.log_command:Invoked command in '/home/jiataoding/franco_ros2_franka_ws/src/build/franka_ign_ros2_control' returned '0': CMAKE_PREFIX_PATH=/home/jiataoding/franco_ros2_franka_ws/src/install/franka_hardware:/home/jiataoding/franco_ros2_franka_ws/src/install/franka_msgs:/home/jiataoding/franco_ros2_franka_ws/src/install/joint_impedance_controller:/home/jiataoding/franco_ros2_franka_ws/src/install/integration_launch_testing:/home/jiataoding/franco_ros2_franka_ws/src/install/idra_franka_launch:/home/jiataoding/franco_ros2_franka_ws/src/install/gravity_compensation:/home/jiataoding/franco_ros2_franka_ws/src/install/franka_task_pipeline:/home/jiataoding/franco_ros2_franka_ws/src/install/franka_ros2:/home/jiataoding/franco_ros2_franka_ws/src/install/franka_bringup:/home/jiataoding/franco_ros2_franka_ws/src/install/franka_robot_state_broadcaster:/home/jiataoding/franco_ros2_franka_ws/src/install/franka_example_controllers:/home/jiataoding/franco_ros2_franka_ws/src/install/franka_semantic_components:/home/jiataoding/franco_ros2_franka_ws/src/install/franka_gazebo_bringup:/home/jiataoding/franco_ros2_franka_ws/src/install/franka_ign_ros2_control:/home/jiataoding/franco_ros2_franka_ws/src/install/franka_fr3_moveit_config:/home/jiataoding/franco_ros2_franka_ws/src/install/franka_gripper:/home/jiataoding/franco_ros2_franka_ws/src/install/franka_description:/home/jiataoding/franco_ros2_franka_ws/src/install/cartesian_impedance_controller:/opt/ros/humble:/home/jiataoding/franco_ros2_franka_ws/src/install/effort_controller_base:/home/jiataoding/franco_ros2_franka_ws/src/install/debug_msg:/home/jiataoding/ros2_franka_ws/install/joint_impedance_controller:/home/jiataoding/ros2_franka_ws/install/integration_launch_testing:/home/jiataoding/ros2_franka_ws/install/idra_franka_launch:/home/jiataoding/ros2_franka_ws/install/gravity_compensation:/home/jiataoding/ros2_franka_ws/install/franka_task_pipeline:/home/jiataoding/ros2_franka_ws/install/franka_ros2:/home/jiataoding/ros2_franka_ws/install/franka_bringup:/home/jiataoding/ros2_franka_ws/install/franka_robot_state_broadcaster:/home/jiataoding/ros2_franka_ws/install/franka_example_controllers:/home/jiataoding/ros2_franka_ws/install/franka_semantic_components:/home/jiataoding/ros2_franka_ws/install/franka_gazebo_bringup:/home/jiataoding/ros2_franka_ws/install/franka_ign_ros2_control:/home/jiataoding/ros2_franka_ws/install/franka_fr3_moveit_config:/home/jiataoding/ros2_franka_ws/install/franka_hardware:/home/jiataoding/ros2_franka_ws/install/franka_gripper:/home/jiataoding/ros2_franka_ws/install/franka_msgs:/home/jiataoding/ros2_franka_ws/install/franka_description:/home/jiataoding/ros2_franka_ws/install/cartesian_impedance_controller:/home/jiataoding/ros2_franka_ws/install/effort_controller_base:/home/jiataoding/ros2_franka_ws/install/debug_msg:/home/jiataoding/franco_ros2_franka_ws/install/joint_impedance_controller:/home/jiataoding/franco_ros2_franka_ws/install/integration_launch_testing:/home/jiataoding/franco_ros2_franka_ws/install/idra_franka_launch:/home/jiataoding/franco_ros2_franka_ws/install/gravity_compensation:/home/jiataoding/franco_ros2_franka_ws/install/franka_task_pipeline:/home/jiataoding/franco_ros2_franka_ws/install/franka_ros2:/home/jiataoding/franco_ros2_franka_ws/install/franka_bringup:/home/jiataoding/franco_ros2_franka_ws/install/franka_robot_state_broadcaster:/home/jiataoding/franco_ros2_franka_ws/install/franka_example_controllers:/home/jiataoding/franco_ros2_franka_ws/install/franka_semantic_components:/home/jiataoding/franco_ros2_franka_ws/install/franka_gazebo_bringup:/home/jiataoding/franco_ros2_franka_ws/install/franka_ign_ros2_control:/home/jiataoding/franco_ros2_franka_ws/install/franka_fr3_moveit_config:/home/jiataoding/franco_ros2_franka_ws/install/franka_hardware:/home/jiataoding/franco_ros2_franka_ws/install/franka_gripper:/home/jiataoding/franco_ros2_franka_ws/install/franka_msgs:/home/jiataoding/franco_ros2_franka_ws/install/franka_description:/home/jiataoding/franco_ros2_franka_ws/install/cartesian_impedance_controller:/home/jiataoding/franco_ros2_franka_ws/install/effort_controller_base:/home/jiataoding/franco_ros2_franka_ws/install/debug_msg:/opt/openrobots LD_LIBRARY_PATH=/home/jiataoding/franco_ros2_franka_ws/src/install/franka_hardware/lib:/home/jiataoding/franco_ros2_franka_ws/src/install/franka_msgs/lib:/home/jiataoding/franco_ros2_franka_ws/src/install/joint_impedance_controller/lib:/home/jiataoding/franco_ros2_franka_ws/src/install/integration_launch_testing/lib:/home/jiataoding/franco_ros2_franka_ws/src/install/gravity_compensation/lib:/home/jiataoding/franco_ros2_franka_ws/src/install/franka_robot_state_broadcaster/lib:/home/jiataoding/franco_ros2_franka_ws/src/install/franka_example_controllers/lib:/home/jiataoding/franco_ros2_franka_ws/src/install/franka_semantic_components/lib:/home/jiataoding/franco_ros2_franka_ws/src/install/franka_ign_ros2_control/lib:/home/jiataoding/franco_ros2_franka_ws/src/install/franka_gripper/lib:/home/jiataoding/franco_ros2_franka_ws/src/install/cartesian_impedance_controller/lib:/home/jiataoding/franco_ros2_franka_ws/src/install/effort_controller_base/lib:/home/jiataoding/franco_ros2_franka_ws/src/install/debug_msg/lib:/home/jiataoding/libs/onnxruntime-linux-x64-1.21.0/lib:/home/jiataoding/ros2_franka_ws/install/joint_impedance_controller/lib:/home/jiataoding/ros2_franka_ws/install/integration_launch_testing/lib:/home/jiataoding/ros2_franka_ws/install/gravity_compensation/lib:/home/jiataoding/ros2_franka_ws/install/franka_robot_state_broadcaster/lib:/home/jiataoding/ros2_franka_ws/install/franka_example_controllers/lib:/home/jiataoding/ros2_franka_ws/install/franka_semantic_components/lib:/home/jiataoding/ros2_franka_ws/install/franka_ign_ros2_control/lib:/home/jiataoding/ros2_franka_ws/install/franka_hardware/lib:/home/jiataoding/ros2_franka_ws/install/franka_gripper/lib:/home/jiataoding/ros2_franka_ws/install/franka_msgs/lib:/home/jiataoding/ros2_franka_ws/install/cartesian_impedance_controller/lib:/home/jiataoding/ros2_franka_ws/install/effort_controller_base/lib:/home/jiataoding/ros2_franka_ws/install/debug_msg/lib:/home/jiataoding/franco_ros2_franka_ws/install/joint_impedance_controller/lib:/home/jiataoding/franco_ros2_franka_ws/install/integration_launch_testing/lib:/home/jiataoding/franco_ros2_franka_ws/install/gravity_compensation/lib:/home/jiataoding/franco_ros2_franka_ws/install/franka_robot_state_broadcaster/lib:/home/jiataoding/franco_ros2_franka_ws/install/franka_example_controllers/lib:/home/jiataoding/franco_ros2_franka_ws/install/franka_semantic_components/lib:/home/jiataoding/franco_ros2_franka_ws/install/franka_ign_ros2_control/lib:/home/jiataoding/franco_ros2_franka_ws/install/franka_hardware/lib:/home/jiataoding/franco_ros2_franka_ws/install/franka_gripper/lib:/home/jiataoding/franco_ros2_franka_ws/install/franka_msgs/lib:/home/jiataoding/franco_ros2_franka_ws/install/cartesian_impedance_controller/lib:/home/jiataoding/franco_ros2_franka_ws/install/effort_controller_base/lib:/home/jiataoding/franco_ros2_franka_ws/install/debug_msg/lib:/opt/openrobots/lib:/opt/ros/humble/opt/rviz_ogre_vendor/lib:/opt/ros/humble/lib/x86_64-linux-gnu:/opt/ros/humble/lib /usr/bin/cmake --install /home/jiataoding/franco_ros2_franka_ws/src/build/franka_ign_ros2_control
[1.466s] Level 1:colcon.colcon_core.environment:checking '/home/jiataoding/franco_ros2_franka_ws/src/install/franka_ign_ros2_control' for CMake config files
[1.466s] Level 1:colcon.colcon_core.shell:create_environment_hook('franka_ign_ros2_control', 'cmake_prefix_path')
[1.466s] INFO:colcon.colcon_core.shell:Creating environment hook '/home/jiataoding/franco_ros2_franka_ws/src/install/franka_ign_ros2_control/share/franka_ign_ros2_control/hook/cmake_prefix_path.ps1'
[1.467s] INFO:colcon.colcon_core.shell:Creating environment descriptor '/home/jiataoding/franco_ros2_franka_ws/src/install/franka_ign_ros2_control/share/franka_ign_ros2_control/hook/cmake_prefix_path.dsv'
[1.467s] INFO:colcon.colcon_core.shell:Creating environment hook '/home/jiataoding/franco_ros2_franka_ws/src/install/franka_ign_ros2_control/share/franka_ign_ros2_control/hook/cmake_prefix_path.sh'
[1.468s] Level 1:colcon.colcon_core.environment:checking '/home/jiataoding/franco_ros2_franka_ws/src/install/franka_ign_ros2_control/lib'
[1.468s] Level 1:colcon.colcon_core.shell:create_environment_hook('franka_ign_ros2_control', 'ld_library_path_lib')
[1.468s] INFO:colcon.colcon_core.shell:Creating environment hook '/home/jiataoding/franco_ros2_franka_ws/src/install/franka_ign_ros2_control/share/franka_ign_ros2_control/hook/ld_library_path_lib.ps1'
[1.469s] INFO:colcon.colcon_core.shell:Creating environment descriptor '/home/jiataoding/franco_ros2_franka_ws/src/install/franka_ign_ros2_control/share/franka_ign_ros2_control/hook/ld_library_path_lib.dsv'
[1.469s] INFO:colcon.colcon_core.shell:Creating environment hook '/home/jiataoding/franco_ros2_franka_ws/src/install/franka_ign_ros2_control/share/franka_ign_ros2_control/hook/ld_library_path_lib.sh'
[1.470s] Level 1:colcon.colcon_core.environment:checking '/home/jiataoding/franco_ros2_franka_ws/src/install/franka_ign_ros2_control/bin'
[1.470s] Level 1:colcon.colcon_core.environment:checking '/home/jiataoding/franco_ros2_franka_ws/src/install/franka_ign_ros2_control/lib/pkgconfig/franka_ign_ros2_control.pc'
[1.470s] Level 1:colcon.colcon_core.environment:checking '/home/jiataoding/franco_ros2_franka_ws/src/install/franka_ign_ros2_control/lib/python3.10/site-packages'
[1.471s] Level 1:colcon.colcon_core.environment:checking '/home/jiataoding/franco_ros2_franka_ws/src/install/franka_ign_ros2_control/bin'
[1.471s] INFO:colcon.colcon_core.shell:Creating package script '/home/jiataoding/franco_ros2_franka_ws/src/install/franka_ign_ros2_control/share/franka_ign_ros2_control/package.ps1'
[1.472s] INFO:colcon.colcon_core.shell:Creating package descriptor '/home/jiataoding/franco_ros2_franka_ws/src/install/franka_ign_ros2_control/share/franka_ign_ros2_control/package.dsv'
[1.473s] INFO:colcon.colcon_core.shell:Creating package script '/home/jiataoding/franco_ros2_franka_ws/src/install/franka_ign_ros2_control/share/franka_ign_ros2_control/package.sh'
[1.474s] INFO:colcon.colcon_core.shell:Creating package script '/home/jiataoding/franco_ros2_franka_ws/src/install/franka_ign_ros2_control/share/franka_ign_ros2_control/package.bash'
[1.475s] INFO:colcon.colcon_core.shell:Creating package script '/home/jiataoding/franco_ros2_franka_ws/src/install/franka_ign_ros2_control/share/franka_ign_ros2_control/package.zsh'
[1.475s] Level 1:colcon.colcon_core.environment:create_file_with_runtime_dependencies(/home/jiataoding/franco_ros2_franka_ws/src/install/franka_ign_ros2_control/share/colcon-core/packages/franka_ign_ros2_control)
[1.476s] Level 1:colcon.colcon_core.environment:create_environment_scripts_only(franka_ign_ros2_control)
[1.476s] Level 1:colcon.colcon_core.environment:checking '/home/jiataoding/franco_ros2_franka_ws/src/install/franka_ign_ros2_control' for CMake module files
[1.477s] Level 1:colcon.colcon_core.environment:checking '/home/jiataoding/franco_ros2_franka_ws/src/install/franka_ign_ros2_control' for CMake config files
[1.477s] Level 1:colcon.colcon_core.shell:create_environment_hook('franka_ign_ros2_control', 'cmake_prefix_path')
[1.477s] INFO:colcon.colcon_core.shell:Creating environment hook '/home/jiataoding/franco_ros2_franka_ws/src/install/franka_ign_ros2_control/share/franka_ign_ros2_control/hook/cmake_prefix_path.ps1'
[1.478s] INFO:colcon.colcon_core.shell:Creating environment descriptor '/home/jiataoding/franco_ros2_franka_ws/src/install/franka_ign_ros2_control/share/franka_ign_ros2_control/hook/cmake_prefix_path.dsv'
[1.478s] INFO:colcon.colcon_core.shell:Creating environment hook '/home/jiataoding/franco_ros2_franka_ws/src/install/franka_ign_ros2_control/share/franka_ign_ros2_control/hook/cmake_prefix_path.sh'
[1.479s] Level 1:colcon.colcon_core.environment:checking '/home/jiataoding/franco_ros2_franka_ws/src/install/franka_ign_ros2_control/lib'
[1.479s] Level 1:colcon.colcon_core.shell:create_environment_hook('franka_ign_ros2_control', 'ld_library_path_lib')
[1.479s] INFO:colcon.colcon_core.shell:Creating environment hook '/home/jiataoding/franco_ros2_franka_ws/src/install/franka_ign_ros2_control/share/franka_ign_ros2_control/hook/ld_library_path_lib.ps1'
[1.480s] INFO:colcon.colcon_core.shell:Creating environment descriptor '/home/jiataoding/franco_ros2_franka_ws/src/install/franka_ign_ros2_control/share/franka_ign_ros2_control/hook/ld_library_path_lib.dsv'
[1.481s] INFO:colcon.colcon_core.shell:Creating environment hook '/home/jiataoding/franco_ros2_franka_ws/src/install/franka_ign_ros2_control/share/franka_ign_ros2_control/hook/ld_library_path_lib.sh'
[1.481s] Level 1:colcon.colcon_core.environment:checking '/home/jiataoding/franco_ros2_franka_ws/src/install/franka_ign_ros2_control/bin'
[1.481s] Level 1:colcon.colcon_core.environment:checking '/home/jiataoding/franco_ros2_franka_ws/src/install/franka_ign_ros2_control/lib/pkgconfig/franka_ign_ros2_control.pc'
[1.482s] Level 1:colcon.colcon_core.environment:checking '/home/jiataoding/franco_ros2_franka_ws/src/install/franka_ign_ros2_control/lib/python3.10/site-packages'
[1.482s] Level 1:colcon.colcon_core.environment:checking '/home/jiataoding/franco_ros2_franka_ws/src/install/franka_ign_ros2_control/bin'
[1.483s] INFO:colcon.colcon_core.shell:Creating package script '/home/jiataoding/franco_ros2_franka_ws/src/install/franka_ign_ros2_control/share/franka_ign_ros2_control/package.ps1'
[1.483s] INFO:colcon.colcon_core.shell:Creating package descriptor '/home/jiataoding/franco_ros2_franka_ws/src/install/franka_ign_ros2_control/share/franka_ign_ros2_control/package.dsv'
[1.484s] INFO:colcon.colcon_core.shell:Creating package script '/home/jiataoding/franco_ros2_franka_ws/src/install/franka_ign_ros2_control/share/franka_ign_ros2_control/package.sh'
[1.485s] INFO:colcon.colcon_core.shell:Creating package script '/home/jiataoding/franco_ros2_franka_ws/src/install/franka_ign_ros2_control/share/franka_ign_ros2_control/package.bash'
[1.485s] INFO:colcon.colcon_core.shell:Creating package script '/home/jiataoding/franco_ros2_franka_ws/src/install/franka_ign_ros2_control/share/franka_ign_ros2_control/package.zsh'
[1.486s] Level 1:colcon.colcon_core.environment:create_file_with_runtime_dependencies(/home/jiataoding/franco_ros2_franka_ws/src/install/franka_ign_ros2_control/share/colcon-core/packages/franka_ign_ros2_control)
[1.486s] INFO:colcon.colcon_ros.task.ament_cmake.build:Building ROS package in '/home/jiataoding/franco_ros2_franka_ws/src/franka_ros2/franka_gazebo/franka_gazebo_bringup' with build type 'ament_cmake'
[1.487s] INFO:colcon.colcon_cmake.task.cmake.build:Building CMake package in '/home/jiataoding/franco_ros2_franka_ws/src/franka_ros2/franka_gazebo/franka_gazebo_bringup'
[1.487s] INFO:colcon.colcon_core.shell:Skip shell extension 'powershell' for command environment: Not usable outside of PowerShell
[1.487s] DEBUG:colcon.colcon_core.shell:Skip shell extension 'dsv' for command environment
[1.498s] DEBUG:colcon.colcon_core.event_handler.log_command:Invoked command in '/home/jiataoding/franco_ros2_franka_ws/src/build/franka_semantic_components' returned '0': CMAKE_PREFIX_PATH=/home/jiataoding/franco_ros2_franka_ws/src/install/franka_hardware:/home/jiataoding/franco_ros2_franka_ws/src/install/franka_msgs:/home/jiataoding/franco_ros2_franka_ws/src/install/joint_impedance_controller:/home/jiataoding/franco_ros2_franka_ws/src/install/integration_launch_testing:/home/jiataoding/franco_ros2_franka_ws/src/install/idra_franka_launch:/home/jiataoding/franco_ros2_franka_ws/src/install/gravity_compensation:/home/jiataoding/franco_ros2_franka_ws/src/install/franka_task_pipeline:/home/jiataoding/franco_ros2_franka_ws/src/install/franka_ros2:/home/jiataoding/franco_ros2_franka_ws/src/install/franka_bringup:/home/jiataoding/franco_ros2_franka_ws/src/install/franka_robot_state_broadcaster:/home/jiataoding/franco_ros2_franka_ws/src/install/franka_example_controllers:/home/jiataoding/franco_ros2_franka_ws/src/install/franka_semantic_components:/home/jiataoding/franco_ros2_franka_ws/src/install/franka_gazebo_bringup:/home/jiataoding/franco_ros2_franka_ws/src/install/franka_ign_ros2_control:/home/jiataoding/franco_ros2_franka_ws/src/install/franka_fr3_moveit_config:/home/jiataoding/franco_ros2_franka_ws/src/install/franka_gripper:/home/jiataoding/franco_ros2_franka_ws/src/install/franka_description:/home/jiataoding/franco_ros2_franka_ws/src/install/cartesian_impedance_controller:/opt/ros/humble:/home/jiataoding/franco_ros2_franka_ws/src/install/effort_controller_base:/home/jiataoding/franco_ros2_franka_ws/src/install/debug_msg:/home/jiataoding/ros2_franka_ws/install/joint_impedance_controller:/home/jiataoding/ros2_franka_ws/install/integration_launch_testing:/home/jiataoding/ros2_franka_ws/install/idra_franka_launch:/home/jiataoding/ros2_franka_ws/install/gravity_compensation:/home/jiataoding/ros2_franka_ws/install/franka_task_pipeline:/home/jiataoding/ros2_franka_ws/install/franka_ros2:/home/jiataoding/ros2_franka_ws/install/franka_bringup:/home/jiataoding/ros2_franka_ws/install/franka_robot_state_broadcaster:/home/jiataoding/ros2_franka_ws/install/franka_example_controllers:/home/jiataoding/ros2_franka_ws/install/franka_semantic_components:/home/jiataoding/ros2_franka_ws/install/franka_gazebo_bringup:/home/jiataoding/ros2_franka_ws/install/franka_ign_ros2_control:/home/jiataoding/ros2_franka_ws/install/franka_fr3_moveit_config:/home/jiataoding/ros2_franka_ws/install/franka_hardware:/home/jiataoding/ros2_franka_ws/install/franka_gripper:/home/jiataoding/ros2_franka_ws/install/franka_msgs:/home/jiataoding/ros2_franka_ws/install/franka_description:/home/jiataoding/ros2_franka_ws/install/cartesian_impedance_controller:/home/jiataoding/ros2_franka_ws/install/effort_controller_base:/home/jiataoding/ros2_franka_ws/install/debug_msg:/home/jiataoding/franco_ros2_franka_ws/install/joint_impedance_controller:/home/jiataoding/franco_ros2_franka_ws/install/integration_launch_testing:/home/jiataoding/franco_ros2_franka_ws/install/idra_franka_launch:/home/jiataoding/franco_ros2_franka_ws/install/gravity_compensation:/home/jiataoding/franco_ros2_franka_ws/install/franka_task_pipeline:/home/jiataoding/franco_ros2_franka_ws/install/franka_ros2:/home/jiataoding/franco_ros2_franka_ws/install/franka_bringup:/home/jiataoding/franco_ros2_franka_ws/install/franka_robot_state_broadcaster:/home/jiataoding/franco_ros2_franka_ws/install/franka_example_controllers:/home/jiataoding/franco_ros2_franka_ws/install/franka_semantic_components:/home/jiataoding/franco_ros2_franka_ws/install/franka_gazebo_bringup:/home/jiataoding/franco_ros2_franka_ws/install/franka_ign_ros2_control:/home/jiataoding/franco_ros2_franka_ws/install/franka_fr3_moveit_config:/home/jiataoding/franco_ros2_franka_ws/install/franka_hardware:/home/jiataoding/franco_ros2_franka_ws/install/franka_gripper:/home/jiataoding/franco_ros2_franka_ws/install/franka_msgs:/home/jiataoding/franco_ros2_franka_ws/install/franka_description:/home/jiataoding/franco_ros2_franka_ws/install/cartesian_impedance_controller:/home/jiataoding/franco_ros2_franka_ws/install/effort_controller_base:/home/jiataoding/franco_ros2_franka_ws/install/debug_msg:/opt/openrobots LD_LIBRARY_PATH=/home/jiataoding/franco_ros2_franka_ws/src/install/franka_hardware/lib:/home/jiataoding/franco_ros2_franka_ws/src/install/franka_msgs/lib:/home/jiataoding/franco_ros2_franka_ws/src/install/joint_impedance_controller/lib:/home/jiataoding/franco_ros2_franka_ws/src/install/integration_launch_testing/lib:/home/jiataoding/franco_ros2_franka_ws/src/install/gravity_compensation/lib:/home/jiataoding/franco_ros2_franka_ws/src/install/franka_robot_state_broadcaster/lib:/home/jiataoding/franco_ros2_franka_ws/src/install/franka_example_controllers/lib:/home/jiataoding/franco_ros2_franka_ws/src/install/franka_semantic_components/lib:/home/jiataoding/franco_ros2_franka_ws/src/install/franka_ign_ros2_control/lib:/home/jiataoding/franco_ros2_franka_ws/src/install/franka_gripper/lib:/home/jiataoding/franco_ros2_franka_ws/src/install/cartesian_impedance_controller/lib:/home/jiataoding/franco_ros2_franka_ws/src/install/effort_controller_base/lib:/home/jiataoding/franco_ros2_franka_ws/src/install/debug_msg/lib:/home/jiataoding/libs/onnxruntime-linux-x64-1.21.0/lib:/home/jiataoding/ros2_franka_ws/install/joint_impedance_controller/lib:/home/jiataoding/ros2_franka_ws/install/integration_launch_testing/lib:/home/jiataoding/ros2_franka_ws/install/gravity_compensation/lib:/home/jiataoding/ros2_franka_ws/install/franka_robot_state_broadcaster/lib:/home/jiataoding/ros2_franka_ws/install/franka_example_controllers/lib:/home/jiataoding/ros2_franka_ws/install/franka_semantic_components/lib:/home/jiataoding/ros2_franka_ws/install/franka_ign_ros2_control/lib:/home/jiataoding/ros2_franka_ws/install/franka_hardware/lib:/home/jiataoding/ros2_franka_ws/install/franka_gripper/lib:/home/jiataoding/ros2_franka_ws/install/franka_msgs/lib:/home/jiataoding/ros2_franka_ws/install/cartesian_impedance_controller/lib:/home/jiataoding/ros2_franka_ws/install/effort_controller_base/lib:/home/jiataoding/ros2_franka_ws/install/debug_msg/lib:/home/jiataoding/franco_ros2_franka_ws/install/joint_impedance_controller/lib:/home/jiataoding/franco_ros2_franka_ws/install/integration_launch_testing/lib:/home/jiataoding/franco_ros2_franka_ws/install/gravity_compensation/lib:/home/jiataoding/franco_ros2_franka_ws/install/franka_robot_state_broadcaster/lib:/home/jiataoding/franco_ros2_franka_ws/install/franka_example_controllers/lib:/home/jiataoding/franco_ros2_franka_ws/install/franka_semantic_components/lib:/home/jiataoding/franco_ros2_franka_ws/install/franka_ign_ros2_control/lib:/home/jiataoding/franco_ros2_franka_ws/install/franka_hardware/lib:/home/jiataoding/franco_ros2_franka_ws/install/franka_gripper/lib:/home/jiataoding/franco_ros2_franka_ws/install/franka_msgs/lib:/home/jiataoding/franco_ros2_franka_ws/install/cartesian_impedance_controller/lib:/home/jiataoding/franco_ros2_franka_ws/install/effort_controller_base/lib:/home/jiataoding/franco_ros2_franka_ws/install/debug_msg/lib:/opt/openrobots/lib:/opt/ros/humble/opt/rviz_ogre_vendor/lib:/opt/ros/humble/lib/x86_64-linux-gnu:/opt/ros/humble/lib /usr/bin/cmake --build /home/jiataoding/franco_ros2_franka_ws/src/build/franka_semantic_components -- -j24 -l24
[1.499s] DEBUG:colcon.colcon_core.event_handler.log_command:Invoking command in '/home/jiataoding/franco_ros2_franka_ws/src/build/franka_semantic_components': CMAKE_PREFIX_PATH=/home/jiataoding/franco_ros2_franka_ws/src/install/franka_hardware:/home/jiataoding/franco_ros2_franka_ws/src/install/franka_msgs:/home/jiataoding/franco_ros2_franka_ws/src/install/joint_impedance_controller:/home/jiataoding/franco_ros2_franka_ws/src/install/integration_launch_testing:/home/jiataoding/franco_ros2_franka_ws/src/install/idra_franka_launch:/home/jiataoding/franco_ros2_franka_ws/src/install/gravity_compensation:/home/jiataoding/franco_ros2_franka_ws/src/install/franka_task_pipeline:/home/jiataoding/franco_ros2_franka_ws/src/install/franka_ros2:/home/jiataoding/franco_ros2_franka_ws/src/install/franka_bringup:/home/jiataoding/franco_ros2_franka_ws/src/install/franka_robot_state_broadcaster:/home/jiataoding/franco_ros2_franka_ws/src/install/franka_example_controllers:/home/jiataoding/franco_ros2_franka_ws/src/install/franka_semantic_components:/home/jiataoding/franco_ros2_franka_ws/src/install/franka_gazebo_bringup:/home/jiataoding/franco_ros2_franka_ws/src/install/franka_ign_ros2_control:/home/jiataoding/franco_ros2_franka_ws/src/install/franka_fr3_moveit_config:/home/jiataoding/franco_ros2_franka_ws/src/install/franka_gripper:/home/jiataoding/franco_ros2_franka_ws/src/install/franka_description:/home/jiataoding/franco_ros2_franka_ws/src/install/cartesian_impedance_controller:/opt/ros/humble:/home/jiataoding/franco_ros2_franka_ws/src/install/effort_controller_base:/home/jiataoding/franco_ros2_franka_ws/src/install/debug_msg:/home/jiataoding/ros2_franka_ws/install/joint_impedance_controller:/home/jiataoding/ros2_franka_ws/install/integration_launch_testing:/home/jiataoding/ros2_franka_ws/install/idra_franka_launch:/home/jiataoding/ros2_franka_ws/install/gravity_compensation:/home/jiataoding/ros2_franka_ws/install/franka_task_pipeline:/home/jiataoding/ros2_franka_ws/install/franka_ros2:/home/jiataoding/ros2_franka_ws/install/franka_bringup:/home/jiataoding/ros2_franka_ws/install/franka_robot_state_broadcaster:/home/jiataoding/ros2_franka_ws/install/franka_example_controllers:/home/jiataoding/ros2_franka_ws/install/franka_semantic_components:/home/jiataoding/ros2_franka_ws/install/franka_gazebo_bringup:/home/jiataoding/ros2_franka_ws/install/franka_ign_ros2_control:/home/jiataoding/ros2_franka_ws/install/franka_fr3_moveit_config:/home/jiataoding/ros2_franka_ws/install/franka_hardware:/home/jiataoding/ros2_franka_ws/install/franka_gripper:/home/jiataoding/ros2_franka_ws/install/franka_msgs:/home/jiataoding/ros2_franka_ws/install/franka_description:/home/jiataoding/ros2_franka_ws/install/cartesian_impedance_controller:/home/jiataoding/ros2_franka_ws/install/effort_controller_base:/home/jiataoding/ros2_franka_ws/install/debug_msg:/home/jiataoding/franco_ros2_franka_ws/install/joint_impedance_controller:/home/jiataoding/franco_ros2_franka_ws/install/integration_launch_testing:/home/jiataoding/franco_ros2_franka_ws/install/idra_franka_launch:/home/jiataoding/franco_ros2_franka_ws/install/gravity_compensation:/home/jiataoding/franco_ros2_franka_ws/install/franka_task_pipeline:/home/jiataoding/franco_ros2_franka_ws/install/franka_ros2:/home/jiataoding/franco_ros2_franka_ws/install/franka_bringup:/home/jiataoding/franco_ros2_franka_ws/install/franka_robot_state_broadcaster:/home/jiataoding/franco_ros2_franka_ws/install/franka_example_controllers:/home/jiataoding/franco_ros2_franka_ws/install/franka_semantic_components:/home/jiataoding/franco_ros2_franka_ws/install/franka_gazebo_bringup:/home/jiataoding/franco_ros2_franka_ws/install/franka_ign_ros2_control:/home/jiataoding/franco_ros2_franka_ws/install/franka_fr3_moveit_config:/home/jiataoding/franco_ros2_franka_ws/install/franka_hardware:/home/jiataoding/franco_ros2_franka_ws/install/franka_gripper:/home/jiataoding/franco_ros2_franka_ws/install/franka_msgs:/home/jiataoding/franco_ros2_franka_ws/install/franka_description:/home/jiataoding/franco_ros2_franka_ws/install/cartesian_impedance_controller:/home/jiataoding/franco_ros2_franka_ws/install/effort_controller_base:/home/jiataoding/franco_ros2_franka_ws/install/debug_msg:/opt/openrobots LD_LIBRARY_PATH=/home/jiataoding/franco_ros2_franka_ws/src/install/franka_hardware/lib:/home/jiataoding/franco_ros2_franka_ws/src/install/franka_msgs/lib:/home/jiataoding/franco_ros2_franka_ws/src/install/joint_impedance_controller/lib:/home/jiataoding/franco_ros2_franka_ws/src/install/integration_launch_testing/lib:/home/jiataoding/franco_ros2_franka_ws/src/install/gravity_compensation/lib:/home/jiataoding/franco_ros2_franka_ws/src/install/franka_robot_state_broadcaster/lib:/home/jiataoding/franco_ros2_franka_ws/src/install/franka_example_controllers/lib:/home/jiataoding/franco_ros2_franka_ws/src/install/franka_semantic_components/lib:/home/jiataoding/franco_ros2_franka_ws/src/install/franka_ign_ros2_control/lib:/home/jiataoding/franco_ros2_franka_ws/src/install/franka_gripper/lib:/home/jiataoding/franco_ros2_franka_ws/src/install/cartesian_impedance_controller/lib:/home/jiataoding/franco_ros2_franka_ws/src/install/effort_controller_base/lib:/home/jiataoding/franco_ros2_franka_ws/src/install/debug_msg/lib:/home/jiataoding/libs/onnxruntime-linux-x64-1.21.0/lib:/home/jiataoding/ros2_franka_ws/install/joint_impedance_controller/lib:/home/jiataoding/ros2_franka_ws/install/integration_launch_testing/lib:/home/jiataoding/ros2_franka_ws/install/gravity_compensation/lib:/home/jiataoding/ros2_franka_ws/install/franka_robot_state_broadcaster/lib:/home/jiataoding/ros2_franka_ws/install/franka_example_controllers/lib:/home/jiataoding/ros2_franka_ws/install/franka_semantic_components/lib:/home/jiataoding/ros2_franka_ws/install/franka_ign_ros2_control/lib:/home/jiataoding/ros2_franka_ws/install/franka_hardware/lib:/home/jiataoding/ros2_franka_ws/install/franka_gripper/lib:/home/jiataoding/ros2_franka_ws/install/franka_msgs/lib:/home/jiataoding/ros2_franka_ws/install/cartesian_impedance_controller/lib:/home/jiataoding/ros2_franka_ws/install/effort_controller_base/lib:/home/jiataoding/ros2_franka_ws/install/debug_msg/lib:/home/jiataoding/franco_ros2_franka_ws/install/joint_impedance_controller/lib:/home/jiataoding/franco_ros2_franka_ws/install/integration_launch_testing/lib:/home/jiataoding/franco_ros2_franka_ws/install/gravity_compensation/lib:/home/jiataoding/franco_ros2_franka_ws/install/franka_robot_state_broadcaster/lib:/home/jiataoding/franco_ros2_franka_ws/install/franka_example_controllers/lib:/home/jiataoding/franco_ros2_franka_ws/install/franka_semantic_components/lib:/home/jiataoding/franco_ros2_franka_ws/install/franka_ign_ros2_control/lib:/home/jiataoding/franco_ros2_franka_ws/install/franka_hardware/lib:/home/jiataoding/franco_ros2_franka_ws/install/franka_gripper/lib:/home/jiataoding/franco_ros2_franka_ws/install/franka_msgs/lib:/home/jiataoding/franco_ros2_franka_ws/install/cartesian_impedance_controller/lib:/home/jiataoding/franco_ros2_franka_ws/install/effort_controller_base/lib:/home/jiataoding/franco_ros2_franka_ws/install/debug_msg/lib:/opt/openrobots/lib:/opt/ros/humble/opt/rviz_ogre_vendor/lib:/opt/ros/humble/lib/x86_64-linux-gnu:/opt/ros/humble/lib /usr/bin/cmake --install /home/jiataoding/franco_ros2_franka_ws/src/build/franka_semantic_components
[1.514s] Level 1:colcon.colcon_core.environment:create_environment_scripts_only(franka_gripper)
[1.515s] Level 1:colcon.colcon_core.environment:checking '/home/jiataoding/franco_ros2_franka_ws/src/install/franka_gripper' for CMake module files
[1.515s] DEBUG:colcon.colcon_core.event_handler.log_command:Invoked command in '/home/jiataoding/franco_ros2_franka_ws/src/build/franka_gripper' returned '0': CMAKE_PREFIX_PATH=/home/jiataoding/franco_ros2_franka_ws/src/install/franka_msgs:/home/jiataoding/franco_ros2_franka_ws/src/install/joint_impedance_controller:/home/jiataoding/franco_ros2_franka_ws/src/install/integration_launch_testing:/home/jiataoding/franco_ros2_franka_ws/src/install/idra_franka_launch:/home/jiataoding/franco_ros2_franka_ws/src/install/gravity_compensation:/home/jiataoding/franco_ros2_franka_ws/src/install/franka_task_pipeline:/home/jiataoding/franco_ros2_franka_ws/src/install/franka_ros2:/home/jiataoding/franco_ros2_franka_ws/src/install/franka_bringup:/home/jiataoding/franco_ros2_franka_ws/src/install/franka_robot_state_broadcaster:/home/jiataoding/franco_ros2_franka_ws/src/install/franka_example_controllers:/home/jiataoding/franco_ros2_franka_ws/src/install/franka_semantic_components:/home/jiataoding/franco_ros2_franka_ws/src/install/franka_gazebo_bringup:/home/jiataoding/franco_ros2_franka_ws/src/install/franka_ign_ros2_control:/home/jiataoding/franco_ros2_franka_ws/src/install/franka_fr3_moveit_config:/home/jiataoding/franco_ros2_franka_ws/src/install/franka_hardware:/home/jiataoding/franco_ros2_franka_ws/src/install/franka_gripper:/home/jiataoding/franco_ros2_franka_ws/src/install/franka_description:/home/jiataoding/franco_ros2_franka_ws/src/install/cartesian_impedance_controller:/opt/ros/humble:/home/jiataoding/franco_ros2_franka_ws/src/install/effort_controller_base:/home/jiataoding/franco_ros2_franka_ws/src/install/debug_msg:/home/jiataoding/ros2_franka_ws/install/joint_impedance_controller:/home/jiataoding/ros2_franka_ws/install/integration_launch_testing:/home/jiataoding/ros2_franka_ws/install/idra_franka_launch:/home/jiataoding/ros2_franka_ws/install/gravity_compensation:/home/jiataoding/ros2_franka_ws/install/franka_task_pipeline:/home/jiataoding/ros2_franka_ws/install/franka_ros2:/home/jiataoding/ros2_franka_ws/install/franka_bringup:/home/jiataoding/ros2_franka_ws/install/franka_robot_state_broadcaster:/home/jiataoding/ros2_franka_ws/install/franka_example_controllers:/home/jiataoding/ros2_franka_ws/install/franka_semantic_components:/home/jiataoding/ros2_franka_ws/install/franka_gazebo_bringup:/home/jiataoding/ros2_franka_ws/install/franka_ign_ros2_control:/home/jiataoding/ros2_franka_ws/install/franka_fr3_moveit_config:/home/jiataoding/ros2_franka_ws/install/franka_hardware:/home/jiataoding/ros2_franka_ws/install/franka_gripper:/home/jiataoding/ros2_franka_ws/install/franka_msgs:/home/jiataoding/ros2_franka_ws/install/franka_description:/home/jiataoding/ros2_franka_ws/install/cartesian_impedance_controller:/home/jiataoding/ros2_franka_ws/install/effort_controller_base:/home/jiataoding/ros2_franka_ws/install/debug_msg:/home/jiataoding/franco_ros2_franka_ws/install/joint_impedance_controller:/home/jiataoding/franco_ros2_franka_ws/install/integration_launch_testing:/home/jiataoding/franco_ros2_franka_ws/install/idra_franka_launch:/home/jiataoding/franco_ros2_franka_ws/install/gravity_compensation:/home/jiataoding/franco_ros2_franka_ws/install/franka_task_pipeline:/home/jiataoding/franco_ros2_franka_ws/install/franka_ros2:/home/jiataoding/franco_ros2_franka_ws/install/franka_bringup:/home/jiataoding/franco_ros2_franka_ws/install/franka_robot_state_broadcaster:/home/jiataoding/franco_ros2_franka_ws/install/franka_example_controllers:/home/jiataoding/franco_ros2_franka_ws/install/franka_semantic_components:/home/jiataoding/franco_ros2_franka_ws/install/franka_gazebo_bringup:/home/jiataoding/franco_ros2_franka_ws/install/franka_ign_ros2_control:/home/jiataoding/franco_ros2_franka_ws/install/franka_fr3_moveit_config:/home/jiataoding/franco_ros2_franka_ws/install/franka_hardware:/home/jiataoding/franco_ros2_franka_ws/install/franka_gripper:/home/jiataoding/franco_ros2_franka_ws/install/franka_msgs:/home/jiataoding/franco_ros2_franka_ws/install/franka_description:/home/jiataoding/franco_ros2_franka_ws/install/cartesian_impedance_controller:/home/jiataoding/franco_ros2_franka_ws/install/effort_controller_base:/home/jiataoding/franco_ros2_franka_ws/install/debug_msg:/opt/openrobots LD_LIBRARY_PATH=/home/jiataoding/franco_ros2_franka_ws/src/install/franka_msgs/lib:/home/jiataoding/franco_ros2_franka_ws/src/install/joint_impedance_controller/lib:/home/jiataoding/franco_ros2_franka_ws/src/install/integration_launch_testing/lib:/home/jiataoding/franco_ros2_franka_ws/src/install/gravity_compensation/lib:/home/jiataoding/franco_ros2_franka_ws/src/install/franka_robot_state_broadcaster/lib:/home/jiataoding/franco_ros2_franka_ws/src/install/franka_example_controllers/lib:/home/jiataoding/franco_ros2_franka_ws/src/install/franka_semantic_components/lib:/home/jiataoding/franco_ros2_franka_ws/src/install/franka_ign_ros2_control/lib:/home/jiataoding/franco_ros2_franka_ws/src/install/franka_hardware/lib:/home/jiataoding/franco_ros2_franka_ws/src/install/franka_gripper/lib:/home/jiataoding/franco_ros2_franka_ws/src/install/cartesian_impedance_controller/lib:/home/jiataoding/franco_ros2_franka_ws/src/install/effort_controller_base/lib:/home/jiataoding/franco_ros2_franka_ws/src/install/debug_msg/lib:/home/jiataoding/libs/onnxruntime-linux-x64-1.21.0/lib:/home/jiataoding/ros2_franka_ws/install/joint_impedance_controller/lib:/home/jiataoding/ros2_franka_ws/install/integration_launch_testing/lib:/home/jiataoding/ros2_franka_ws/install/gravity_compensation/lib:/home/jiataoding/ros2_franka_ws/install/franka_robot_state_broadcaster/lib:/home/jiataoding/ros2_franka_ws/install/franka_example_controllers/lib:/home/jiataoding/ros2_franka_ws/install/franka_semantic_components/lib:/home/jiataoding/ros2_franka_ws/install/franka_ign_ros2_control/lib:/home/jiataoding/ros2_franka_ws/install/franka_hardware/lib:/home/jiataoding/ros2_franka_ws/install/franka_gripper/lib:/home/jiataoding/ros2_franka_ws/install/franka_msgs/lib:/home/jiataoding/ros2_franka_ws/install/cartesian_impedance_controller/lib:/home/jiataoding/ros2_franka_ws/install/effort_controller_base/lib:/home/jiataoding/ros2_franka_ws/install/debug_msg/lib:/home/jiataoding/franco_ros2_franka_ws/install/joint_impedance_controller/lib:/home/jiataoding/franco_ros2_franka_ws/install/integration_launch_testing/lib:/home/jiataoding/franco_ros2_franka_ws/install/gravity_compensation/lib:/home/jiataoding/franco_ros2_franka_ws/install/franka_robot_state_broadcaster/lib:/home/jiataoding/franco_ros2_franka_ws/install/franka_example_controllers/lib:/home/jiataoding/franco_ros2_franka_ws/install/franka_semantic_components/lib:/home/jiataoding/franco_ros2_franka_ws/install/franka_ign_ros2_control/lib:/home/jiataoding/franco_ros2_franka_ws/install/franka_hardware/lib:/home/jiataoding/franco_ros2_franka_ws/install/franka_gripper/lib:/home/jiataoding/franco_ros2_franka_ws/install/franka_msgs/lib:/home/jiataoding/franco_ros2_franka_ws/install/cartesian_impedance_controller/lib:/home/jiataoding/franco_ros2_franka_ws/install/effort_controller_base/lib:/home/jiataoding/franco_ros2_franka_ws/install/debug_msg/lib:/opt/openrobots/lib:/opt/ros/humble/opt/rviz_ogre_vendor/lib:/opt/ros/humble/lib/x86_64-linux-gnu:/opt/ros/humble/lib /usr/bin/cmake --install /home/jiataoding/franco_ros2_franka_ws/src/build/franka_gripper
[1.516s] Level 1:colcon.colcon_core.environment:checking '/home/jiataoding/franco_ros2_franka_ws/src/install/franka_gripper' for CMake config files
[1.516s] Level 1:colcon.colcon_core.shell:create_environment_hook('franka_gripper', 'cmake_prefix_path')
[1.516s] INFO:colcon.colcon_core.shell:Creating environment hook '/home/jiataoding/franco_ros2_franka_ws/src/install/franka_gripper/share/franka_gripper/hook/cmake_prefix_path.ps1'
[1.517s] INFO:colcon.colcon_core.shell:Creating environment descriptor '/home/jiataoding/franco_ros2_franka_ws/src/install/franka_gripper/share/franka_gripper/hook/cmake_prefix_path.dsv'
[1.517s] INFO:colcon.colcon_core.shell:Creating environment hook '/home/jiataoding/franco_ros2_franka_ws/src/install/franka_gripper/share/franka_gripper/hook/cmake_prefix_path.sh'
[1.518s] Level 1:colcon.colcon_core.environment:checking '/home/jiataoding/franco_ros2_franka_ws/src/install/franka_gripper/lib'
[1.518s] Level 1:colcon.colcon_core.shell:create_environment_hook('franka_gripper', 'ld_library_path_lib')
[1.518s] INFO:colcon.colcon_core.shell:Creating environment hook '/home/jiataoding/franco_ros2_franka_ws/src/install/franka_gripper/share/franka_gripper/hook/ld_library_path_lib.ps1'
[1.518s] INFO:colcon.colcon_core.shell:Creating environment descriptor '/home/jiataoding/franco_ros2_franka_ws/src/install/franka_gripper/share/franka_gripper/hook/ld_library_path_lib.dsv'
[1.519s] INFO:colcon.colcon_core.shell:Creating environment hook '/home/jiataoding/franco_ros2_franka_ws/src/install/franka_gripper/share/franka_gripper/hook/ld_library_path_lib.sh'
[1.519s] Level 1:colcon.colcon_core.environment:checking '/home/jiataoding/franco_ros2_franka_ws/src/install/franka_gripper/bin'
[1.519s] Level 1:colcon.colcon_core.environment:checking '/home/jiataoding/franco_ros2_franka_ws/src/install/franka_gripper/lib/pkgconfig/franka_gripper.pc'
[1.520s] Level 1:colcon.colcon_core.environment:checking '/home/jiataoding/franco_ros2_franka_ws/src/install/franka_gripper/lib/python3.10/site-packages'
[1.520s] Level 1:colcon.colcon_core.environment:checking '/home/jiataoding/franco_ros2_franka_ws/src/install/franka_gripper/bin'
[1.520s] INFO:colcon.colcon_core.shell:Creating package script '/home/jiataoding/franco_ros2_franka_ws/src/install/franka_gripper/share/franka_gripper/package.ps1'
[1.521s] INFO:colcon.colcon_core.shell:Creating package descriptor '/home/jiataoding/franco_ros2_franka_ws/src/install/franka_gripper/share/franka_gripper/package.dsv'
[1.522s] INFO:colcon.colcon_core.shell:Creating package script '/home/jiataoding/franco_ros2_franka_ws/src/install/franka_gripper/share/franka_gripper/package.sh'
[1.522s] INFO:colcon.colcon_core.shell:Creating package script '/home/jiataoding/franco_ros2_franka_ws/src/install/franka_gripper/share/franka_gripper/package.bash'
[1.523s] INFO:colcon.colcon_core.shell:Creating package script '/home/jiataoding/franco_ros2_franka_ws/src/install/franka_gripper/share/franka_gripper/package.zsh'
[1.523s] Level 1:colcon.colcon_core.environment:create_file_with_runtime_dependencies(/home/jiataoding/franco_ros2_franka_ws/src/install/franka_gripper/share/colcon-core/packages/franka_gripper)
[1.524s] Level 1:colcon.colcon_core.environment:create_environment_scripts_only(franka_gripper)
[1.524s] Level 1:colcon.colcon_core.environment:checking '/home/jiataoding/franco_ros2_franka_ws/src/install/franka_gripper' for CMake module files
[1.524s] Level 1:colcon.colcon_core.environment:checking '/home/jiataoding/franco_ros2_franka_ws/src/install/franka_gripper' for CMake config files
[1.525s] Level 1:colcon.colcon_core.shell:create_environment_hook('franka_gripper', 'cmake_prefix_path')
[1.525s] INFO:colcon.colcon_core.shell:Creating environment hook '/home/jiataoding/franco_ros2_franka_ws/src/install/franka_gripper/share/franka_gripper/hook/cmake_prefix_path.ps1'
[1.525s] INFO:colcon.colcon_core.shell:Creating environment descriptor '/home/jiataoding/franco_ros2_franka_ws/src/install/franka_gripper/share/franka_gripper/hook/cmake_prefix_path.dsv'
[1.526s] INFO:colcon.colcon_core.shell:Creating environment hook '/home/jiataoding/franco_ros2_franka_ws/src/install/franka_gripper/share/franka_gripper/hook/cmake_prefix_path.sh'
[1.526s] Level 1:colcon.colcon_core.environment:checking '/home/jiataoding/franco_ros2_franka_ws/src/install/franka_gripper/lib'
[1.526s] Level 1:colcon.colcon_core.shell:create_environment_hook('franka_gripper', 'ld_library_path_lib')
[1.527s] INFO:colcon.colcon_core.shell:Creating environment hook '/home/jiataoding/franco_ros2_franka_ws/src/install/franka_gripper/share/franka_gripper/hook/ld_library_path_lib.ps1'
[1.527s] INFO:colcon.colcon_core.shell:Creating environment descriptor '/home/jiataoding/franco_ros2_franka_ws/src/install/franka_gripper/share/franka_gripper/hook/ld_library_path_lib.dsv'
[1.527s] INFO:colcon.colcon_core.shell:Creating environment hook '/home/jiataoding/franco_ros2_franka_ws/src/install/franka_gripper/share/franka_gripper/hook/ld_library_path_lib.sh'
[1.527s] Level 1:colcon.colcon_core.environment:checking '/home/jiataoding/franco_ros2_franka_ws/src/install/franka_gripper/bin'
[1.527s] Level 1:colcon.colcon_core.environment:checking '/home/jiataoding/franco_ros2_franka_ws/src/install/franka_gripper/lib/pkgconfig/franka_gripper.pc'
[1.527s] Level 1:colcon.colcon_core.environment:checking '/home/jiataoding/franco_ros2_franka_ws/src/install/franka_gripper/lib/python3.10/site-packages'
[1.528s] Level 1:colcon.colcon_core.environment:checking '/home/jiataoding/franco_ros2_franka_ws/src/install/franka_gripper/bin'
[1.528s] INFO:colcon.colcon_core.shell:Creating package script '/home/jiataoding/franco_ros2_franka_ws/src/install/franka_gripper/share/franka_gripper/package.ps1'
[1.528s] INFO:colcon.colcon_core.shell:Creating package descriptor '/home/jiataoding/franco_ros2_franka_ws/src/install/franka_gripper/share/franka_gripper/package.dsv'
[1.529s] INFO:colcon.colcon_core.shell:Creating package script '/home/jiataoding/franco_ros2_franka_ws/src/install/franka_gripper/share/franka_gripper/package.sh'
[1.529s] INFO:colcon.colcon_core.shell:Creating package script '/home/jiataoding/franco_ros2_franka_ws/src/install/franka_gripper/share/franka_gripper/package.bash'
[1.529s] INFO:colcon.colcon_core.shell:Creating package script '/home/jiataoding/franco_ros2_franka_ws/src/install/franka_gripper/share/franka_gripper/package.zsh'
[1.529s] Level 1:colcon.colcon_core.environment:create_file_with_runtime_dependencies(/home/jiataoding/franco_ros2_franka_ws/src/install/franka_gripper/share/colcon-core/packages/franka_gripper)
[1.530s] INFO:colcon.colcon_ros.task.ament_cmake.build:Building ROS package in '/home/jiataoding/franco_ros2_franka_ws/src/franka_ros2/franka_fr3_moveit_config' with build type 'ament_cmake'
[1.530s] INFO:colcon.colcon_cmake.task.cmake.build:Building CMake package in '/home/jiataoding/franco_ros2_franka_ws/src/franka_ros2/franka_fr3_moveit_config'
[1.530s] INFO:colcon.colcon_core.shell:Skip shell extension 'powershell' for command environment: Not usable outside of PowerShell
[1.530s] DEBUG:colcon.colcon_core.shell:Skip shell extension 'dsv' for command environment
[1.541s] Level 1:colcon.colcon_core.environment:create_environment_scripts_only(franka_semantic_components)
[1.541s] Level 1:colcon.colcon_core.environment:checking '/home/jiataoding/franco_ros2_franka_ws/src/install/franka_semantic_components' for CMake module files
[1.542s] Level 1:colcon.colcon_core.environment:checking '/home/jiataoding/franco_ros2_franka_ws/src/install/franka_semantic_components' for CMake config files
[1.542s] DEBUG:colcon.colcon_core.event_handler.log_command:Invoking command in '/home/jiataoding/franco_ros2_franka_ws/src/build/franka_gazebo_bringup': CMAKE_PREFIX_PATH=/home/jiataoding/franco_ros2_franka_ws/src/install/franka_ign_ros2_control:/home/jiataoding/franco_ros2_franka_ws/src/install/franka_hardware:/home/jiataoding/franco_ros2_franka_ws/src/install/franka_msgs:/home/jiataoding/franco_ros2_franka_ws/src/install/franka_description:/home/jiataoding/franco_ros2_franka_ws/src/install/joint_impedance_controller:/home/jiataoding/franco_ros2_franka_ws/src/install/integration_launch_testing:/home/jiataoding/franco_ros2_franka_ws/src/install/idra_franka_launch:/home/jiataoding/franco_ros2_franka_ws/src/install/gravity_compensation:/home/jiataoding/franco_ros2_franka_ws/src/install/franka_task_pipeline:/home/jiataoding/franco_ros2_franka_ws/src/install/franka_ros2:/home/jiataoding/franco_ros2_franka_ws/src/install/franka_bringup:/home/jiataoding/franco_ros2_franka_ws/src/install/franka_robot_state_broadcaster:/home/jiataoding/franco_ros2_franka_ws/src/install/franka_example_controllers:/home/jiataoding/franco_ros2_franka_ws/src/install/franka_semantic_components:/home/jiataoding/franco_ros2_franka_ws/src/install/franka_gazebo_bringup:/home/jiataoding/franco_ros2_franka_ws/src/install/franka_fr3_moveit_config:/home/jiataoding/franco_ros2_franka_ws/src/install/franka_gripper:/home/jiataoding/franco_ros2_franka_ws/src/install/cartesian_impedance_controller:/opt/ros/humble:/home/jiataoding/franco_ros2_franka_ws/src/install/effort_controller_base:/home/jiataoding/franco_ros2_franka_ws/src/install/debug_msg:/home/jiataoding/ros2_franka_ws/install/joint_impedance_controller:/home/jiataoding/ros2_franka_ws/install/integration_launch_testing:/home/jiataoding/ros2_franka_ws/install/idra_franka_launch:/home/jiataoding/ros2_franka_ws/install/gravity_compensation:/home/jiataoding/ros2_franka_ws/install/franka_task_pipeline:/home/jiataoding/ros2_franka_ws/install/franka_ros2:/home/jiataoding/ros2_franka_ws/install/franka_bringup:/home/jiataoding/ros2_franka_ws/install/franka_robot_state_broadcaster:/home/jiataoding/ros2_franka_ws/install/franka_example_controllers:/home/jiataoding/ros2_franka_ws/install/franka_semantic_components:/home/jiataoding/ros2_franka_ws/install/franka_gazebo_bringup:/home/jiataoding/ros2_franka_ws/install/franka_ign_ros2_control:/home/jiataoding/ros2_franka_ws/install/franka_fr3_moveit_config:/home/jiataoding/ros2_franka_ws/install/franka_hardware:/home/jiataoding/ros2_franka_ws/install/franka_gripper:/home/jiataoding/ros2_franka_ws/install/franka_msgs:/home/jiataoding/ros2_franka_ws/install/franka_description:/home/jiataoding/ros2_franka_ws/install/cartesian_impedance_controller:/home/jiataoding/ros2_franka_ws/install/effort_controller_base:/home/jiataoding/ros2_franka_ws/install/debug_msg:/home/jiataoding/franco_ros2_franka_ws/install/joint_impedance_controller:/home/jiataoding/franco_ros2_franka_ws/install/integration_launch_testing:/home/jiataoding/franco_ros2_franka_ws/install/idra_franka_launch:/home/jiataoding/franco_ros2_franka_ws/install/gravity_compensation:/home/jiataoding/franco_ros2_franka_ws/install/franka_task_pipeline:/home/jiataoding/franco_ros2_franka_ws/install/franka_ros2:/home/jiataoding/franco_ros2_franka_ws/install/franka_bringup:/home/jiataoding/franco_ros2_franka_ws/install/franka_robot_state_broadcaster:/home/jiataoding/franco_ros2_franka_ws/install/franka_example_controllers:/home/jiataoding/franco_ros2_franka_ws/install/franka_semantic_components:/home/jiataoding/franco_ros2_franka_ws/install/franka_gazebo_bringup:/home/jiataoding/franco_ros2_franka_ws/install/franka_ign_ros2_control:/home/jiataoding/franco_ros2_franka_ws/install/franka_fr3_moveit_config:/home/jiataoding/franco_ros2_franka_ws/install/franka_hardware:/home/jiataoding/franco_ros2_franka_ws/install/franka_gripper:/home/jiataoding/franco_ros2_franka_ws/install/franka_msgs:/home/jiataoding/franco_ros2_franka_ws/install/franka_description:/home/jiataoding/franco_ros2_franka_ws/install/cartesian_impedance_controller:/home/jiataoding/franco_ros2_franka_ws/install/effort_controller_base:/home/jiataoding/franco_ros2_franka_ws/install/debug_msg:/opt/openrobots LD_LIBRARY_PATH=/home/jiataoding/franco_ros2_franka_ws/src/install/franka_ign_ros2_control/lib:/home/jiataoding/franco_ros2_franka_ws/src/install/franka_hardware/lib:/home/jiataoding/franco_ros2_franka_ws/src/install/franka_msgs/lib:/home/jiataoding/franco_ros2_franka_ws/src/install/joint_impedance_controller/lib:/home/jiataoding/franco_ros2_franka_ws/src/install/integration_launch_testing/lib:/home/jiataoding/franco_ros2_franka_ws/src/install/gravity_compensation/lib:/home/jiataoding/franco_ros2_franka_ws/src/install/franka_robot_state_broadcaster/lib:/home/jiataoding/franco_ros2_franka_ws/src/install/franka_example_controllers/lib:/home/jiataoding/franco_ros2_franka_ws/src/install/franka_semantic_components/lib:/home/jiataoding/franco_ros2_franka_ws/src/install/franka_gripper/lib:/home/jiataoding/franco_ros2_franka_ws/src/install/cartesian_impedance_controller/lib:/home/jiataoding/franco_ros2_franka_ws/src/install/effort_controller_base/lib:/home/jiataoding/franco_ros2_franka_ws/src/install/debug_msg/lib:/home/jiataoding/libs/onnxruntime-linux-x64-1.21.0/lib:/home/jiataoding/ros2_franka_ws/install/joint_impedance_controller/lib:/home/jiataoding/ros2_franka_ws/install/integration_launch_testing/lib:/home/jiataoding/ros2_franka_ws/install/gravity_compensation/lib:/home/jiataoding/ros2_franka_ws/install/franka_robot_state_broadcaster/lib:/home/jiataoding/ros2_franka_ws/install/franka_example_controllers/lib:/home/jiataoding/ros2_franka_ws/install/franka_semantic_components/lib:/home/jiataoding/ros2_franka_ws/install/franka_ign_ros2_control/lib:/home/jiataoding/ros2_franka_ws/install/franka_hardware/lib:/home/jiataoding/ros2_franka_ws/install/franka_gripper/lib:/home/jiataoding/ros2_franka_ws/install/franka_msgs/lib:/home/jiataoding/ros2_franka_ws/install/cartesian_impedance_controller/lib:/home/jiataoding/ros2_franka_ws/install/effort_controller_base/lib:/home/jiataoding/ros2_franka_ws/install/debug_msg/lib:/home/jiataoding/franco_ros2_franka_ws/install/joint_impedance_controller/lib:/home/jiataoding/franco_ros2_franka_ws/install/integration_launch_testing/lib:/home/jiataoding/franco_ros2_franka_ws/install/gravity_compensation/lib:/home/jiataoding/franco_ros2_franka_ws/install/franka_robot_state_broadcaster/lib:/home/jiataoding/franco_ros2_franka_ws/install/franka_example_controllers/lib:/home/jiataoding/franco_ros2_franka_ws/install/franka_semantic_components/lib:/home/jiataoding/franco_ros2_franka_ws/install/franka_ign_ros2_control/lib:/home/jiataoding/franco_ros2_franka_ws/install/franka_hardware/lib:/home/jiataoding/franco_ros2_franka_ws/install/franka_gripper/lib:/home/jiataoding/franco_ros2_franka_ws/install/franka_msgs/lib:/home/jiataoding/franco_ros2_franka_ws/install/cartesian_impedance_controller/lib:/home/jiataoding/franco_ros2_franka_ws/install/effort_controller_base/lib:/home/jiataoding/franco_ros2_franka_ws/install/debug_msg/lib:/opt/openrobots/lib:/opt/ros/humble/opt/rviz_ogre_vendor/lib:/opt/ros/humble/lib/x86_64-linux-gnu:/opt/ros/humble/lib /usr/bin/cmake --build /home/jiataoding/franco_ros2_franka_ws/src/build/franka_gazebo_bringup -- -j24 -l24
[1.543s] DEBUG:colcon.colcon_core.event_handler.log_command:Invoked command in '/home/jiataoding/franco_ros2_franka_ws/src/build/franka_semantic_components' returned '0': CMAKE_PREFIX_PATH=/home/jiataoding/franco_ros2_franka_ws/src/install/franka_hardware:/home/jiataoding/franco_ros2_franka_ws/src/install/franka_msgs:/home/jiataoding/franco_ros2_franka_ws/src/install/joint_impedance_controller:/home/jiataoding/franco_ros2_franka_ws/src/install/integration_launch_testing:/home/jiataoding/franco_ros2_franka_ws/src/install/idra_franka_launch:/home/jiataoding/franco_ros2_franka_ws/src/install/gravity_compensation:/home/jiataoding/franco_ros2_franka_ws/src/install/franka_task_pipeline:/home/jiataoding/franco_ros2_franka_ws/src/install/franka_ros2:/home/jiataoding/franco_ros2_franka_ws/src/install/franka_bringup:/home/jiataoding/franco_ros2_franka_ws/src/install/franka_robot_state_broadcaster:/home/jiataoding/franco_ros2_franka_ws/src/install/franka_example_controllers:/home/jiataoding/franco_ros2_franka_ws/src/install/franka_semantic_components:/home/jiataoding/franco_ros2_franka_ws/src/install/franka_gazebo_bringup:/home/jiataoding/franco_ros2_franka_ws/src/install/franka_ign_ros2_control:/home/jiataoding/franco_ros2_franka_ws/src/install/franka_fr3_moveit_config:/home/jiataoding/franco_ros2_franka_ws/src/install/franka_gripper:/home/jiataoding/franco_ros2_franka_ws/src/install/franka_description:/home/jiataoding/franco_ros2_franka_ws/src/install/cartesian_impedance_controller:/opt/ros/humble:/home/jiataoding/franco_ros2_franka_ws/src/install/effort_controller_base:/home/jiataoding/franco_ros2_franka_ws/src/install/debug_msg:/home/jiataoding/ros2_franka_ws/install/joint_impedance_controller:/home/jiataoding/ros2_franka_ws/install/integration_launch_testing:/home/jiataoding/ros2_franka_ws/install/idra_franka_launch:/home/jiataoding/ros2_franka_ws/install/gravity_compensation:/home/jiataoding/ros2_franka_ws/install/franka_task_pipeline:/home/jiataoding/ros2_franka_ws/install/franka_ros2:/home/jiataoding/ros2_franka_ws/install/franka_bringup:/home/jiataoding/ros2_franka_ws/install/franka_robot_state_broadcaster:/home/jiataoding/ros2_franka_ws/install/franka_example_controllers:/home/jiataoding/ros2_franka_ws/install/franka_semantic_components:/home/jiataoding/ros2_franka_ws/install/franka_gazebo_bringup:/home/jiataoding/ros2_franka_ws/install/franka_ign_ros2_control:/home/jiataoding/ros2_franka_ws/install/franka_fr3_moveit_config:/home/jiataoding/ros2_franka_ws/install/franka_hardware:/home/jiataoding/ros2_franka_ws/install/franka_gripper:/home/jiataoding/ros2_franka_ws/install/franka_msgs:/home/jiataoding/ros2_franka_ws/install/franka_description:/home/jiataoding/ros2_franka_ws/install/cartesian_impedance_controller:/home/jiataoding/ros2_franka_ws/install/effort_controller_base:/home/jiataoding/ros2_franka_ws/install/debug_msg:/home/jiataoding/franco_ros2_franka_ws/install/joint_impedance_controller:/home/jiataoding/franco_ros2_franka_ws/install/integration_launch_testing:/home/jiataoding/franco_ros2_franka_ws/install/idra_franka_launch:/home/jiataoding/franco_ros2_franka_ws/install/gravity_compensation:/home/jiataoding/franco_ros2_franka_ws/install/franka_task_pipeline:/home/jiataoding/franco_ros2_franka_ws/install/franka_ros2:/home/jiataoding/franco_ros2_franka_ws/install/franka_bringup:/home/jiataoding/franco_ros2_franka_ws/install/franka_robot_state_broadcaster:/home/jiataoding/franco_ros2_franka_ws/install/franka_example_controllers:/home/jiataoding/franco_ros2_franka_ws/install/franka_semantic_components:/home/jiataoding/franco_ros2_franka_ws/install/franka_gazebo_bringup:/home/jiataoding/franco_ros2_franka_ws/install/franka_ign_ros2_control:/home/jiataoding/franco_ros2_franka_ws/install/franka_fr3_moveit_config:/home/jiataoding/franco_ros2_franka_ws/install/franka_hardware:/home/jiataoding/franco_ros2_franka_ws/install/franka_gripper:/home/jiataoding/franco_ros2_franka_ws/install/franka_msgs:/home/jiataoding/franco_ros2_franka_ws/install/franka_description:/home/jiataoding/franco_ros2_franka_ws/install/cartesian_impedance_controller:/home/jiataoding/franco_ros2_franka_ws/install/effort_controller_base:/home/jiataoding/franco_ros2_franka_ws/install/debug_msg:/opt/openrobots LD_LIBRARY_PATH=/home/jiataoding/franco_ros2_franka_ws/src/install/franka_hardware/lib:/home/jiataoding/franco_ros2_franka_ws/src/install/franka_msgs/lib:/home/jiataoding/franco_ros2_franka_ws/src/install/joint_impedance_controller/lib:/home/jiataoding/franco_ros2_franka_ws/src/install/integration_launch_testing/lib:/home/jiataoding/franco_ros2_franka_ws/src/install/gravity_compensation/lib:/home/jiataoding/franco_ros2_franka_ws/src/install/franka_robot_state_broadcaster/lib:/home/jiataoding/franco_ros2_franka_ws/src/install/franka_example_controllers/lib:/home/jiataoding/franco_ros2_franka_ws/src/install/franka_semantic_components/lib:/home/jiataoding/franco_ros2_franka_ws/src/install/franka_ign_ros2_control/lib:/home/jiataoding/franco_ros2_franka_ws/src/install/franka_gripper/lib:/home/jiataoding/franco_ros2_franka_ws/src/install/cartesian_impedance_controller/lib:/home/jiataoding/franco_ros2_franka_ws/src/install/effort_controller_base/lib:/home/jiataoding/franco_ros2_franka_ws/src/install/debug_msg/lib:/home/jiataoding/libs/onnxruntime-linux-x64-1.21.0/lib:/home/jiataoding/ros2_franka_ws/install/joint_impedance_controller/lib:/home/jiataoding/ros2_franka_ws/install/integration_launch_testing/lib:/home/jiataoding/ros2_franka_ws/install/gravity_compensation/lib:/home/jiataoding/ros2_franka_ws/install/franka_robot_state_broadcaster/lib:/home/jiataoding/ros2_franka_ws/install/franka_example_controllers/lib:/home/jiataoding/ros2_franka_ws/install/franka_semantic_components/lib:/home/jiataoding/ros2_franka_ws/install/franka_ign_ros2_control/lib:/home/jiataoding/ros2_franka_ws/install/franka_hardware/lib:/home/jiataoding/ros2_franka_ws/install/franka_gripper/lib:/home/jiataoding/ros2_franka_ws/install/franka_msgs/lib:/home/jiataoding/ros2_franka_ws/install/cartesian_impedance_controller/lib:/home/jiataoding/ros2_franka_ws/install/effort_controller_base/lib:/home/jiataoding/ros2_franka_ws/install/debug_msg/lib:/home/jiataoding/franco_ros2_franka_ws/install/joint_impedance_controller/lib:/home/jiataoding/franco_ros2_franka_ws/install/integration_launch_testing/lib:/home/jiataoding/franco_ros2_franka_ws/install/gravity_compensation/lib:/home/jiataoding/franco_ros2_franka_ws/install/franka_robot_state_broadcaster/lib:/home/jiataoding/franco_ros2_franka_ws/install/franka_example_controllers/lib:/home/jiataoding/franco_ros2_franka_ws/install/franka_semantic_components/lib:/home/jiataoding/franco_ros2_franka_ws/install/franka_ign_ros2_control/lib:/home/jiataoding/franco_ros2_franka_ws/install/franka_hardware/lib:/home/jiataoding/franco_ros2_franka_ws/install/franka_gripper/lib:/home/jiataoding/franco_ros2_franka_ws/install/franka_msgs/lib:/home/jiataoding/franco_ros2_franka_ws/install/cartesian_impedance_controller/lib:/home/jiataoding/franco_ros2_franka_ws/install/effort_controller_base/lib:/home/jiataoding/franco_ros2_franka_ws/install/debug_msg/lib:/opt/openrobots/lib:/opt/ros/humble/opt/rviz_ogre_vendor/lib:/opt/ros/humble/lib/x86_64-linux-gnu:/opt/ros/humble/lib /usr/bin/cmake --install /home/jiataoding/franco_ros2_franka_ws/src/build/franka_semantic_components
[1.543s] Level 1:colcon.colcon_core.shell:create_environment_hook('franka_semantic_components', 'cmake_prefix_path')
[1.543s] INFO:colcon.colcon_core.shell:Creating environment hook '/home/jiataoding/franco_ros2_franka_ws/src/install/franka_semantic_components/share/franka_semantic_components/hook/cmake_prefix_path.ps1'
[1.544s] INFO:colcon.colcon_core.shell:Creating environment descriptor '/home/jiataoding/franco_ros2_franka_ws/src/install/franka_semantic_components/share/franka_semantic_components/hook/cmake_prefix_path.dsv'
[1.544s] INFO:colcon.colcon_core.shell:Creating environment hook '/home/jiataoding/franco_ros2_franka_ws/src/install/franka_semantic_components/share/franka_semantic_components/hook/cmake_prefix_path.sh'
[1.545s] Level 1:colcon.colcon_core.environment:checking '/home/jiataoding/franco_ros2_franka_ws/src/install/franka_semantic_components/lib'
[1.545s] Level 1:colcon.colcon_core.shell:create_environment_hook('franka_semantic_components', 'ld_library_path_lib')
[1.545s] INFO:colcon.colcon_core.shell:Creating environment hook '/home/jiataoding/franco_ros2_franka_ws/src/install/franka_semantic_components/share/franka_semantic_components/hook/ld_library_path_lib.ps1'
[1.545s] INFO:colcon.colcon_core.shell:Creating environment descriptor '/home/jiataoding/franco_ros2_franka_ws/src/install/franka_semantic_components/share/franka_semantic_components/hook/ld_library_path_lib.dsv'
[1.546s] INFO:colcon.colcon_core.shell:Creating environment hook '/home/jiataoding/franco_ros2_franka_ws/src/install/franka_semantic_components/share/franka_semantic_components/hook/ld_library_path_lib.sh'
[1.546s] Level 1:colcon.colcon_core.environment:checking '/home/jiataoding/franco_ros2_franka_ws/src/install/franka_semantic_components/bin'
[1.546s] Level 1:colcon.colcon_core.environment:checking '/home/jiataoding/franco_ros2_franka_ws/src/install/franka_semantic_components/lib/pkgconfig/franka_semantic_components.pc'
[1.547s] Level 1:colcon.colcon_core.environment:checking '/home/jiataoding/franco_ros2_franka_ws/src/install/franka_semantic_components/lib/python3.10/site-packages'
[1.547s] Level 1:colcon.colcon_core.environment:checking '/home/jiataoding/franco_ros2_franka_ws/src/install/franka_semantic_components/bin'
[1.548s] INFO:colcon.colcon_core.shell:Creating package script '/home/jiataoding/franco_ros2_franka_ws/src/install/franka_semantic_components/share/franka_semantic_components/package.ps1'
[1.548s] INFO:colcon.colcon_core.shell:Creating package descriptor '/home/jiataoding/franco_ros2_franka_ws/src/install/franka_semantic_components/share/franka_semantic_components/package.dsv'
[1.549s] INFO:colcon.colcon_core.shell:Creating package script '/home/jiataoding/franco_ros2_franka_ws/src/install/franka_semantic_components/share/franka_semantic_components/package.sh'
[1.549s] INFO:colcon.colcon_core.shell:Creating package script '/home/jiataoding/franco_ros2_franka_ws/src/install/franka_semantic_components/share/franka_semantic_components/package.bash'
[1.550s] INFO:colcon.colcon_core.shell:Creating package script '/home/jiataoding/franco_ros2_franka_ws/src/install/franka_semantic_components/share/franka_semantic_components/package.zsh'
[1.551s] Level 1:colcon.colcon_core.environment:create_file_with_runtime_dependencies(/home/jiataoding/franco_ros2_franka_ws/src/install/franka_semantic_components/share/colcon-core/packages/franka_semantic_components)
[1.551s] Level 1:colcon.colcon_core.environment:create_environment_scripts_only(franka_semantic_components)
[1.552s] Level 1:colcon.colcon_core.environment:checking '/home/jiataoding/franco_ros2_franka_ws/src/install/franka_semantic_components' for CMake module files
[1.552s] Level 1:colcon.colcon_core.environment:checking '/home/jiataoding/franco_ros2_franka_ws/src/install/franka_semantic_components' for CMake config files
[1.553s] Level 1:colcon.colcon_core.shell:create_environment_hook('franka_semantic_components', 'cmake_prefix_path')
[1.553s] INFO:colcon.colcon_core.shell:Creating environment hook '/home/jiataoding/franco_ros2_franka_ws/src/install/franka_semantic_components/share/franka_semantic_components/hook/cmake_prefix_path.ps1'
[1.553s] INFO:colcon.colcon_core.shell:Creating environment descriptor '/home/jiataoding/franco_ros2_franka_ws/src/install/franka_semantic_components/share/franka_semantic_components/hook/cmake_prefix_path.dsv'
[1.553s] INFO:colcon.colcon_core.shell:Creating environment hook '/home/jiataoding/franco_ros2_franka_ws/src/install/franka_semantic_components/share/franka_semantic_components/hook/cmake_prefix_path.sh'
[1.554s] Level 1:colcon.colcon_core.environment:checking '/home/jiataoding/franco_ros2_franka_ws/src/install/franka_semantic_components/lib'
[1.554s] Level 1:colcon.colcon_core.shell:create_environment_hook('franka_semantic_components', 'ld_library_path_lib')
[1.554s] INFO:colcon.colcon_core.shell:Creating environment hook '/home/jiataoding/franco_ros2_franka_ws/src/install/franka_semantic_components/share/franka_semantic_components/hook/ld_library_path_lib.ps1'
[1.555s] INFO:colcon.colcon_core.shell:Creating environment descriptor '/home/jiataoding/franco_ros2_franka_ws/src/install/franka_semantic_components/share/franka_semantic_components/hook/ld_library_path_lib.dsv'
[1.555s] INFO:colcon.colcon_core.shell:Creating environment hook '/home/jiataoding/franco_ros2_franka_ws/src/install/franka_semantic_components/share/franka_semantic_components/hook/ld_library_path_lib.sh'
[1.555s] Level 1:colcon.colcon_core.environment:checking '/home/jiataoding/franco_ros2_franka_ws/src/install/franka_semantic_components/bin'
[1.555s] Level 1:colcon.colcon_core.environment:checking '/home/jiataoding/franco_ros2_franka_ws/src/install/franka_semantic_components/lib/pkgconfig/franka_semantic_components.pc'
[1.556s] Level 1:colcon.colcon_core.environment:checking '/home/jiataoding/franco_ros2_franka_ws/src/install/franka_semantic_components/lib/python3.10/site-packages'
[1.556s] Level 1:colcon.colcon_core.environment:checking '/home/jiataoding/franco_ros2_franka_ws/src/install/franka_semantic_components/bin'
[1.556s] INFO:colcon.colcon_core.shell:Creating package script '/home/jiataoding/franco_ros2_franka_ws/src/install/franka_semantic_components/share/franka_semantic_components/package.ps1'
[1.557s] INFO:colcon.colcon_core.shell:Creating package descriptor '/home/jiataoding/franco_ros2_franka_ws/src/install/franka_semantic_components/share/franka_semantic_components/package.dsv'
[1.557s] INFO:colcon.colcon_core.shell:Creating package script '/home/jiataoding/franco_ros2_franka_ws/src/install/franka_semantic_components/share/franka_semantic_components/package.sh'
[1.558s] INFO:colcon.colcon_core.shell:Creating package script '/home/jiataoding/franco_ros2_franka_ws/src/install/franka_semantic_components/share/franka_semantic_components/package.bash'
[1.558s] INFO:colcon.colcon_core.shell:Creating package script '/home/jiataoding/franco_ros2_franka_ws/src/install/franka_semantic_components/share/franka_semantic_components/package.zsh'
[1.559s] Level 1:colcon.colcon_core.environment:create_file_with_runtime_dependencies(/home/jiataoding/franco_ros2_franka_ws/src/install/franka_semantic_components/share/colcon-core/packages/franka_semantic_components)
[1.559s] INFO:colcon.colcon_ros.task.ament_cmake.build:Building ROS package in '/home/jiataoding/franco_ros2_franka_ws/src/franka_ros2/franka_robot_state_broadcaster' with build type 'ament_cmake'
[1.559s] INFO:colcon.colcon_cmake.task.cmake.build:Building CMake package in '/home/jiataoding/franco_ros2_franka_ws/src/franka_ros2/franka_robot_state_broadcaster'
[1.559s] INFO:colcon.colcon_core.shell:Skip shell extension 'powershell' for command environment: Not usable outside of PowerShell
[1.559s] DEBUG:colcon.colcon_core.shell:Skip shell extension 'dsv' for command environment
[1.567s] INFO:colcon.colcon_ros.task.ament_cmake.build:Building ROS package in '/home/jiataoding/franco_ros2_franka_ws/src/franka_ros2/franka_example_controllers' with build type 'ament_cmake'
[1.567s] INFO:colcon.colcon_cmake.task.cmake.build:Building CMake package in '/home/jiataoding/franco_ros2_franka_ws/src/franka_ros2/franka_example_controllers'
[1.567s] INFO:colcon.colcon_core.shell:Skip shell extension 'powershell' for command environment: Not usable outside of PowerShell
[1.567s] DEBUG:colcon.colcon_core.shell:Skip shell extension 'dsv' for command environment
[1.575s] DEBUG:colcon.colcon_core.event_handler.log_command:Invoking command in '/home/jiataoding/franco_ros2_franka_ws/src/build/franka_fr3_moveit_config': CMAKE_PREFIX_PATH=/home/jiataoding/franco_ros2_franka_ws/src/install/franka_hardware:/home/jiataoding/franco_ros2_franka_ws/src/install/franka_gripper:/home/jiataoding/franco_ros2_franka_ws/src/install/franka_msgs:/home/jiataoding/franco_ros2_franka_ws/src/install/franka_description:/home/jiataoding/franco_ros2_franka_ws/src/install/joint_impedance_controller:/home/jiataoding/franco_ros2_franka_ws/src/install/integration_launch_testing:/home/jiataoding/franco_ros2_franka_ws/src/install/idra_franka_launch:/home/jiataoding/franco_ros2_franka_ws/src/install/gravity_compensation:/home/jiataoding/franco_ros2_franka_ws/src/install/franka_task_pipeline:/home/jiataoding/franco_ros2_franka_ws/src/install/franka_ros2:/home/jiataoding/franco_ros2_franka_ws/src/install/franka_bringup:/home/jiataoding/franco_ros2_franka_ws/src/install/franka_robot_state_broadcaster:/home/jiataoding/franco_ros2_franka_ws/src/install/franka_example_controllers:/home/jiataoding/franco_ros2_franka_ws/src/install/franka_semantic_components:/home/jiataoding/franco_ros2_franka_ws/src/install/franka_gazebo_bringup:/home/jiataoding/franco_ros2_franka_ws/src/install/franka_ign_ros2_control:/home/jiataoding/franco_ros2_franka_ws/src/install/franka_fr3_moveit_config:/home/jiataoding/franco_ros2_franka_ws/src/install/cartesian_impedance_controller:/opt/ros/humble:/home/jiataoding/franco_ros2_franka_ws/src/install/effort_controller_base:/home/jiataoding/franco_ros2_franka_ws/src/install/debug_msg:/home/jiataoding/ros2_franka_ws/install/joint_impedance_controller:/home/jiataoding/ros2_franka_ws/install/integration_launch_testing:/home/jiataoding/ros2_franka_ws/install/idra_franka_launch:/home/jiataoding/ros2_franka_ws/install/gravity_compensation:/home/jiataoding/ros2_franka_ws/install/franka_task_pipeline:/home/jiataoding/ros2_franka_ws/install/franka_ros2:/home/jiataoding/ros2_franka_ws/install/franka_bringup:/home/jiataoding/ros2_franka_ws/install/franka_robot_state_broadcaster:/home/jiataoding/ros2_franka_ws/install/franka_example_controllers:/home/jiataoding/ros2_franka_ws/install/franka_semantic_components:/home/jiataoding/ros2_franka_ws/install/franka_gazebo_bringup:/home/jiataoding/ros2_franka_ws/install/franka_ign_ros2_control:/home/jiataoding/ros2_franka_ws/install/franka_fr3_moveit_config:/home/jiataoding/ros2_franka_ws/install/franka_hardware:/home/jiataoding/ros2_franka_ws/install/franka_gripper:/home/jiataoding/ros2_franka_ws/install/franka_msgs:/home/jiataoding/ros2_franka_ws/install/franka_description:/home/jiataoding/ros2_franka_ws/install/cartesian_impedance_controller:/home/jiataoding/ros2_franka_ws/install/effort_controller_base:/home/jiataoding/ros2_franka_ws/install/debug_msg:/home/jiataoding/franco_ros2_franka_ws/install/joint_impedance_controller:/home/jiataoding/franco_ros2_franka_ws/install/integration_launch_testing:/home/jiataoding/franco_ros2_franka_ws/install/idra_franka_launch:/home/jiataoding/franco_ros2_franka_ws/install/gravity_compensation:/home/jiataoding/franco_ros2_franka_ws/install/franka_task_pipeline:/home/jiataoding/franco_ros2_franka_ws/install/franka_ros2:/home/jiataoding/franco_ros2_franka_ws/install/franka_bringup:/home/jiataoding/franco_ros2_franka_ws/install/franka_robot_state_broadcaster:/home/jiataoding/franco_ros2_franka_ws/install/franka_example_controllers:/home/jiataoding/franco_ros2_franka_ws/install/franka_semantic_components:/home/jiataoding/franco_ros2_franka_ws/install/franka_gazebo_bringup:/home/jiataoding/franco_ros2_franka_ws/install/franka_ign_ros2_control:/home/jiataoding/franco_ros2_franka_ws/install/franka_fr3_moveit_config:/home/jiataoding/franco_ros2_franka_ws/install/franka_hardware:/home/jiataoding/franco_ros2_franka_ws/install/franka_gripper:/home/jiataoding/franco_ros2_franka_ws/install/franka_msgs:/home/jiataoding/franco_ros2_franka_ws/install/franka_description:/home/jiataoding/franco_ros2_franka_ws/install/cartesian_impedance_controller:/home/jiataoding/franco_ros2_franka_ws/install/effort_controller_base:/home/jiataoding/franco_ros2_franka_ws/install/debug_msg:/opt/openrobots LD_LIBRARY_PATH=/home/jiataoding/franco_ros2_franka_ws/src/install/franka_hardware/lib:/home/jiataoding/franco_ros2_franka_ws/src/install/franka_gripper/lib:/home/jiataoding/franco_ros2_franka_ws/src/install/franka_msgs/lib:/home/jiataoding/franco_ros2_franka_ws/src/install/joint_impedance_controller/lib:/home/jiataoding/franco_ros2_franka_ws/src/install/integration_launch_testing/lib:/home/jiataoding/franco_ros2_franka_ws/src/install/gravity_compensation/lib:/home/jiataoding/franco_ros2_franka_ws/src/install/franka_robot_state_broadcaster/lib:/home/jiataoding/franco_ros2_franka_ws/src/install/franka_example_controllers/lib:/home/jiataoding/franco_ros2_franka_ws/src/install/franka_semantic_components/lib:/home/jiataoding/franco_ros2_franka_ws/src/install/franka_ign_ros2_control/lib:/home/jiataoding/franco_ros2_franka_ws/src/install/cartesian_impedance_controller/lib:/home/jiataoding/franco_ros2_franka_ws/src/install/effort_controller_base/lib:/home/jiataoding/franco_ros2_franka_ws/src/install/debug_msg/lib:/home/jiataoding/libs/onnxruntime-linux-x64-1.21.0/lib:/home/jiataoding/ros2_franka_ws/install/joint_impedance_controller/lib:/home/jiataoding/ros2_franka_ws/install/integration_launch_testing/lib:/home/jiataoding/ros2_franka_ws/install/gravity_compensation/lib:/home/jiataoding/ros2_franka_ws/install/franka_robot_state_broadcaster/lib:/home/jiataoding/ros2_franka_ws/install/franka_example_controllers/lib:/home/jiataoding/ros2_franka_ws/install/franka_semantic_components/lib:/home/jiataoding/ros2_franka_ws/install/franka_ign_ros2_control/lib:/home/jiataoding/ros2_franka_ws/install/franka_hardware/lib:/home/jiataoding/ros2_franka_ws/install/franka_gripper/lib:/home/jiataoding/ros2_franka_ws/install/franka_msgs/lib:/home/jiataoding/ros2_franka_ws/install/cartesian_impedance_controller/lib:/home/jiataoding/ros2_franka_ws/install/effort_controller_base/lib:/home/jiataoding/ros2_franka_ws/install/debug_msg/lib:/home/jiataoding/franco_ros2_franka_ws/install/joint_impedance_controller/lib:/home/jiataoding/franco_ros2_franka_ws/install/integration_launch_testing/lib:/home/jiataoding/franco_ros2_franka_ws/install/gravity_compensation/lib:/home/jiataoding/franco_ros2_franka_ws/install/franka_robot_state_broadcaster/lib:/home/jiataoding/franco_ros2_franka_ws/install/franka_example_controllers/lib:/home/jiataoding/franco_ros2_franka_ws/install/franka_semantic_components/lib:/home/jiataoding/franco_ros2_franka_ws/install/franka_ign_ros2_control/lib:/home/jiataoding/franco_ros2_franka_ws/install/franka_hardware/lib:/home/jiataoding/franco_ros2_franka_ws/install/franka_gripper/lib:/home/jiataoding/franco_ros2_franka_ws/install/franka_msgs/lib:/home/jiataoding/franco_ros2_franka_ws/install/cartesian_impedance_controller/lib:/home/jiataoding/franco_ros2_franka_ws/install/effort_controller_base/lib:/home/jiataoding/franco_ros2_franka_ws/install/debug_msg/lib:/opt/openrobots/lib:/opt/ros/humble/opt/rviz_ogre_vendor/lib:/opt/ros/humble/lib/x86_64-linux-gnu:/opt/ros/humble/lib /usr/bin/cmake --build /home/jiataoding/franco_ros2_franka_ws/src/build/franka_fr3_moveit_config -- -j24 -l24
[1.588s] DEBUG:colcon.colcon_core.event_handler.log_command:Invoking command in '/home/jiataoding/franco_ros2_franka_ws/src/build/franka_robot_state_broadcaster': CMAKE_PREFIX_PATH=/home/jiataoding/franco_ros2_franka_ws/src/install/franka_semantic_components:/home/jiataoding/franco_ros2_franka_ws/src/install/franka_hardware:/home/jiataoding/franco_ros2_franka_ws/src/install/franka_msgs:/home/jiataoding/franco_ros2_franka_ws/src/install/joint_impedance_controller:/home/jiataoding/franco_ros2_franka_ws/src/install/integration_launch_testing:/home/jiataoding/franco_ros2_franka_ws/src/install/idra_franka_launch:/home/jiataoding/franco_ros2_franka_ws/src/install/gravity_compensation:/home/jiataoding/franco_ros2_franka_ws/src/install/franka_task_pipeline:/home/jiataoding/franco_ros2_franka_ws/src/install/franka_ros2:/home/jiataoding/franco_ros2_franka_ws/src/install/franka_bringup:/home/jiataoding/franco_ros2_franka_ws/src/install/franka_robot_state_broadcaster:/home/jiataoding/franco_ros2_franka_ws/src/install/franka_example_controllers:/home/jiataoding/franco_ros2_franka_ws/src/install/franka_gazebo_bringup:/home/jiataoding/franco_ros2_franka_ws/src/install/franka_ign_ros2_control:/home/jiataoding/franco_ros2_franka_ws/src/install/franka_fr3_moveit_config:/home/jiataoding/franco_ros2_franka_ws/src/install/franka_gripper:/home/jiataoding/franco_ros2_franka_ws/src/install/franka_description:/home/jiataoding/franco_ros2_franka_ws/src/install/cartesian_impedance_controller:/opt/ros/humble:/home/jiataoding/franco_ros2_franka_ws/src/install/effort_controller_base:/home/jiataoding/franco_ros2_franka_ws/src/install/debug_msg:/home/jiataoding/ros2_franka_ws/install/joint_impedance_controller:/home/jiataoding/ros2_franka_ws/install/integration_launch_testing:/home/jiataoding/ros2_franka_ws/install/idra_franka_launch:/home/jiataoding/ros2_franka_ws/install/gravity_compensation:/home/jiataoding/ros2_franka_ws/install/franka_task_pipeline:/home/jiataoding/ros2_franka_ws/install/franka_ros2:/home/jiataoding/ros2_franka_ws/install/franka_bringup:/home/jiataoding/ros2_franka_ws/install/franka_robot_state_broadcaster:/home/jiataoding/ros2_franka_ws/install/franka_example_controllers:/home/jiataoding/ros2_franka_ws/install/franka_semantic_components:/home/jiataoding/ros2_franka_ws/install/franka_gazebo_bringup:/home/jiataoding/ros2_franka_ws/install/franka_ign_ros2_control:/home/jiataoding/ros2_franka_ws/install/franka_fr3_moveit_config:/home/jiataoding/ros2_franka_ws/install/franka_hardware:/home/jiataoding/ros2_franka_ws/install/franka_gripper:/home/jiataoding/ros2_franka_ws/install/franka_msgs:/home/jiataoding/ros2_franka_ws/install/franka_description:/home/jiataoding/ros2_franka_ws/install/cartesian_impedance_controller:/home/jiataoding/ros2_franka_ws/install/effort_controller_base:/home/jiataoding/ros2_franka_ws/install/debug_msg:/home/jiataoding/franco_ros2_franka_ws/install/joint_impedance_controller:/home/jiataoding/franco_ros2_franka_ws/install/integration_launch_testing:/home/jiataoding/franco_ros2_franka_ws/install/idra_franka_launch:/home/jiataoding/franco_ros2_franka_ws/install/gravity_compensation:/home/jiataoding/franco_ros2_franka_ws/install/franka_task_pipeline:/home/jiataoding/franco_ros2_franka_ws/install/franka_ros2:/home/jiataoding/franco_ros2_franka_ws/install/franka_bringup:/home/jiataoding/franco_ros2_franka_ws/install/franka_robot_state_broadcaster:/home/jiataoding/franco_ros2_franka_ws/install/franka_example_controllers:/home/jiataoding/franco_ros2_franka_ws/install/franka_semantic_components:/home/jiataoding/franco_ros2_franka_ws/install/franka_gazebo_bringup:/home/jiataoding/franco_ros2_franka_ws/install/franka_ign_ros2_control:/home/jiataoding/franco_ros2_franka_ws/install/franka_fr3_moveit_config:/home/jiataoding/franco_ros2_franka_ws/install/franka_hardware:/home/jiataoding/franco_ros2_franka_ws/install/franka_gripper:/home/jiataoding/franco_ros2_franka_ws/install/franka_msgs:/home/jiataoding/franco_ros2_franka_ws/install/franka_description:/home/jiataoding/franco_ros2_franka_ws/install/cartesian_impedance_controller:/home/jiataoding/franco_ros2_franka_ws/install/effort_controller_base:/home/jiataoding/franco_ros2_franka_ws/install/debug_msg:/opt/openrobots LD_LIBRARY_PATH=/home/jiataoding/franco_ros2_franka_ws/src/install/franka_semantic_components/lib:/home/jiataoding/franco_ros2_franka_ws/src/install/franka_hardware/lib:/home/jiataoding/franco_ros2_franka_ws/src/install/franka_msgs/lib:/home/jiataoding/franco_ros2_franka_ws/src/install/joint_impedance_controller/lib:/home/jiataoding/franco_ros2_franka_ws/src/install/integration_launch_testing/lib:/home/jiataoding/franco_ros2_franka_ws/src/install/gravity_compensation/lib:/home/jiataoding/franco_ros2_franka_ws/src/install/franka_robot_state_broadcaster/lib:/home/jiataoding/franco_ros2_franka_ws/src/install/franka_example_controllers/lib:/home/jiataoding/franco_ros2_franka_ws/src/install/franka_ign_ros2_control/lib:/home/jiataoding/franco_ros2_franka_ws/src/install/franka_gripper/lib:/home/jiataoding/franco_ros2_franka_ws/src/install/cartesian_impedance_controller/lib:/home/jiataoding/franco_ros2_franka_ws/src/install/effort_controller_base/lib:/home/jiataoding/franco_ros2_franka_ws/src/install/debug_msg/lib:/home/jiataoding/libs/onnxruntime-linux-x64-1.21.0/lib:/home/jiataoding/ros2_franka_ws/install/joint_impedance_controller/lib:/home/jiataoding/ros2_franka_ws/install/integration_launch_testing/lib:/home/jiataoding/ros2_franka_ws/install/gravity_compensation/lib:/home/jiataoding/ros2_franka_ws/install/franka_robot_state_broadcaster/lib:/home/jiataoding/ros2_franka_ws/install/franka_example_controllers/lib:/home/jiataoding/ros2_franka_ws/install/franka_semantic_components/lib:/home/jiataoding/ros2_franka_ws/install/franka_ign_ros2_control/lib:/home/jiataoding/ros2_franka_ws/install/franka_hardware/lib:/home/jiataoding/ros2_franka_ws/install/franka_gripper/lib:/home/jiataoding/ros2_franka_ws/install/franka_msgs/lib:/home/jiataoding/ros2_franka_ws/install/cartesian_impedance_controller/lib:/home/jiataoding/ros2_franka_ws/install/effort_controller_base/lib:/home/jiataoding/ros2_franka_ws/install/debug_msg/lib:/home/jiataoding/franco_ros2_franka_ws/install/joint_impedance_controller/lib:/home/jiataoding/franco_ros2_franka_ws/install/integration_launch_testing/lib:/home/jiataoding/franco_ros2_franka_ws/install/gravity_compensation/lib:/home/jiataoding/franco_ros2_franka_ws/install/franka_robot_state_broadcaster/lib:/home/jiataoding/franco_ros2_franka_ws/install/franka_example_controllers/lib:/home/jiataoding/franco_ros2_franka_ws/install/franka_semantic_components/lib:/home/jiataoding/franco_ros2_franka_ws/install/franka_ign_ros2_control/lib:/home/jiataoding/franco_ros2_franka_ws/install/franka_hardware/lib:/home/jiataoding/franco_ros2_franka_ws/install/franka_gripper/lib:/home/jiataoding/franco_ros2_franka_ws/install/franka_msgs/lib:/home/jiataoding/franco_ros2_franka_ws/install/cartesian_impedance_controller/lib:/home/jiataoding/franco_ros2_franka_ws/install/effort_controller_base/lib:/home/jiataoding/franco_ros2_franka_ws/install/debug_msg/lib:/opt/openrobots/lib:/opt/ros/humble/opt/rviz_ogre_vendor/lib:/opt/ros/humble/lib/x86_64-linux-gnu:/opt/ros/humble/lib /usr/bin/cmake --build /home/jiataoding/franco_ros2_franka_ws/src/build/franka_robot_state_broadcaster -- -j24 -l24
[1.596s] DEBUG:colcon.colcon_core.event_handler.log_command:Invoking command in '/home/jiataoding/franco_ros2_franka_ws/src/build/franka_example_controllers': CMAKE_PREFIX_PATH=/home/jiataoding/franco_ros2_franka_ws/src/install/franka_semantic_components:/home/jiataoding/franco_ros2_franka_ws/src/install/franka_hardware:/home/jiataoding/franco_ros2_franka_ws/src/install/franka_msgs:/home/jiataoding/franco_ros2_franka_ws/src/install/joint_impedance_controller:/home/jiataoding/franco_ros2_franka_ws/src/install/integration_launch_testing:/home/jiataoding/franco_ros2_franka_ws/src/install/idra_franka_launch:/home/jiataoding/franco_ros2_franka_ws/src/install/gravity_compensation:/home/jiataoding/franco_ros2_franka_ws/src/install/franka_task_pipeline:/home/jiataoding/franco_ros2_franka_ws/src/install/franka_ros2:/home/jiataoding/franco_ros2_franka_ws/src/install/franka_bringup:/home/jiataoding/franco_ros2_franka_ws/src/install/franka_robot_state_broadcaster:/home/jiataoding/franco_ros2_franka_ws/src/install/franka_example_controllers:/home/jiataoding/franco_ros2_franka_ws/src/install/franka_gazebo_bringup:/home/jiataoding/franco_ros2_franka_ws/src/install/franka_ign_ros2_control:/home/jiataoding/franco_ros2_franka_ws/src/install/franka_fr3_moveit_config:/home/jiataoding/franco_ros2_franka_ws/src/install/franka_gripper:/home/jiataoding/franco_ros2_franka_ws/src/install/franka_description:/home/jiataoding/franco_ros2_franka_ws/src/install/cartesian_impedance_controller:/opt/ros/humble:/home/jiataoding/franco_ros2_franka_ws/src/install/effort_controller_base:/home/jiataoding/franco_ros2_franka_ws/src/install/debug_msg:/home/jiataoding/ros2_franka_ws/install/joint_impedance_controller:/home/jiataoding/ros2_franka_ws/install/integration_launch_testing:/home/jiataoding/ros2_franka_ws/install/idra_franka_launch:/home/jiataoding/ros2_franka_ws/install/gravity_compensation:/home/jiataoding/ros2_franka_ws/install/franka_task_pipeline:/home/jiataoding/ros2_franka_ws/install/franka_ros2:/home/jiataoding/ros2_franka_ws/install/franka_bringup:/home/jiataoding/ros2_franka_ws/install/franka_robot_state_broadcaster:/home/jiataoding/ros2_franka_ws/install/franka_example_controllers:/home/jiataoding/ros2_franka_ws/install/franka_semantic_components:/home/jiataoding/ros2_franka_ws/install/franka_gazebo_bringup:/home/jiataoding/ros2_franka_ws/install/franka_ign_ros2_control:/home/jiataoding/ros2_franka_ws/install/franka_fr3_moveit_config:/home/jiataoding/ros2_franka_ws/install/franka_hardware:/home/jiataoding/ros2_franka_ws/install/franka_gripper:/home/jiataoding/ros2_franka_ws/install/franka_msgs:/home/jiataoding/ros2_franka_ws/install/franka_description:/home/jiataoding/ros2_franka_ws/install/cartesian_impedance_controller:/home/jiataoding/ros2_franka_ws/install/effort_controller_base:/home/jiataoding/ros2_franka_ws/install/debug_msg:/home/jiataoding/franco_ros2_franka_ws/install/joint_impedance_controller:/home/jiataoding/franco_ros2_franka_ws/install/integration_launch_testing:/home/jiataoding/franco_ros2_franka_ws/install/idra_franka_launch:/home/jiataoding/franco_ros2_franka_ws/install/gravity_compensation:/home/jiataoding/franco_ros2_franka_ws/install/franka_task_pipeline:/home/jiataoding/franco_ros2_franka_ws/install/franka_ros2:/home/jiataoding/franco_ros2_franka_ws/install/franka_bringup:/home/jiataoding/franco_ros2_franka_ws/install/franka_robot_state_broadcaster:/home/jiataoding/franco_ros2_franka_ws/install/franka_example_controllers:/home/jiataoding/franco_ros2_franka_ws/install/franka_semantic_components:/home/jiataoding/franco_ros2_franka_ws/install/franka_gazebo_bringup:/home/jiataoding/franco_ros2_franka_ws/install/franka_ign_ros2_control:/home/jiataoding/franco_ros2_franka_ws/install/franka_fr3_moveit_config:/home/jiataoding/franco_ros2_franka_ws/install/franka_hardware:/home/jiataoding/franco_ros2_franka_ws/install/franka_gripper:/home/jiataoding/franco_ros2_franka_ws/install/franka_msgs:/home/jiataoding/franco_ros2_franka_ws/install/franka_description:/home/jiataoding/franco_ros2_franka_ws/install/cartesian_impedance_controller:/home/jiataoding/franco_ros2_franka_ws/install/effort_controller_base:/home/jiataoding/franco_ros2_franka_ws/install/debug_msg:/opt/openrobots LD_LIBRARY_PATH=/home/jiataoding/franco_ros2_franka_ws/src/install/franka_semantic_components/lib:/home/jiataoding/franco_ros2_franka_ws/src/install/franka_hardware/lib:/home/jiataoding/franco_ros2_franka_ws/src/install/franka_msgs/lib:/home/jiataoding/franco_ros2_franka_ws/src/install/joint_impedance_controller/lib:/home/jiataoding/franco_ros2_franka_ws/src/install/integration_launch_testing/lib:/home/jiataoding/franco_ros2_franka_ws/src/install/gravity_compensation/lib:/home/jiataoding/franco_ros2_franka_ws/src/install/franka_robot_state_broadcaster/lib:/home/jiataoding/franco_ros2_franka_ws/src/install/franka_example_controllers/lib:/home/jiataoding/franco_ros2_franka_ws/src/install/franka_ign_ros2_control/lib:/home/jiataoding/franco_ros2_franka_ws/src/install/franka_gripper/lib:/home/jiataoding/franco_ros2_franka_ws/src/install/cartesian_impedance_controller/lib:/home/jiataoding/franco_ros2_franka_ws/src/install/effort_controller_base/lib:/home/jiataoding/franco_ros2_franka_ws/src/install/debug_msg/lib:/home/jiataoding/libs/onnxruntime-linux-x64-1.21.0/lib:/home/jiataoding/ros2_franka_ws/install/joint_impedance_controller/lib:/home/jiataoding/ros2_franka_ws/install/integration_launch_testing/lib:/home/jiataoding/ros2_franka_ws/install/gravity_compensation/lib:/home/jiataoding/ros2_franka_ws/install/franka_robot_state_broadcaster/lib:/home/jiataoding/ros2_franka_ws/install/franka_example_controllers/lib:/home/jiataoding/ros2_franka_ws/install/franka_semantic_components/lib:/home/jiataoding/ros2_franka_ws/install/franka_ign_ros2_control/lib:/home/jiataoding/ros2_franka_ws/install/franka_hardware/lib:/home/jiataoding/ros2_franka_ws/install/franka_gripper/lib:/home/jiataoding/ros2_franka_ws/install/franka_msgs/lib:/home/jiataoding/ros2_franka_ws/install/cartesian_impedance_controller/lib:/home/jiataoding/ros2_franka_ws/install/effort_controller_base/lib:/home/jiataoding/ros2_franka_ws/install/debug_msg/lib:/home/jiataoding/franco_ros2_franka_ws/install/joint_impedance_controller/lib:/home/jiataoding/franco_ros2_franka_ws/install/integration_launch_testing/lib:/home/jiataoding/franco_ros2_franka_ws/install/gravity_compensation/lib:/home/jiataoding/franco_ros2_franka_ws/install/franka_robot_state_broadcaster/lib:/home/jiataoding/franco_ros2_franka_ws/install/franka_example_controllers/lib:/home/jiataoding/franco_ros2_franka_ws/install/franka_semantic_components/lib:/home/jiataoding/franco_ros2_franka_ws/install/franka_ign_ros2_control/lib:/home/jiataoding/franco_ros2_franka_ws/install/franka_hardware/lib:/home/jiataoding/franco_ros2_franka_ws/install/franka_gripper/lib:/home/jiataoding/franco_ros2_franka_ws/install/franka_msgs/lib:/home/jiataoding/franco_ros2_franka_ws/install/cartesian_impedance_controller/lib:/home/jiataoding/franco_ros2_franka_ws/install/effort_controller_base/lib:/home/jiataoding/franco_ros2_franka_ws/install/debug_msg/lib:/opt/openrobots/lib:/opt/ros/humble/opt/rviz_ogre_vendor/lib:/opt/ros/humble/lib/x86_64-linux-gnu:/opt/ros/humble/lib /usr/bin/cmake --build /home/jiataoding/franco_ros2_franka_ws/src/build/franka_example_controllers -- -j24 -l24
[1.614s] DEBUG:colcon.colcon_core.event_handler.log_command:Invoked command in '/home/jiataoding/franco_ros2_franka_ws/src/build/franka_gazebo_bringup' returned '0': CMAKE_PREFIX_PATH=/home/jiataoding/franco_ros2_franka_ws/src/install/franka_ign_ros2_control:/home/jiataoding/franco_ros2_franka_ws/src/install/franka_hardware:/home/jiataoding/franco_ros2_franka_ws/src/install/franka_msgs:/home/jiataoding/franco_ros2_franka_ws/src/install/franka_description:/home/jiataoding/franco_ros2_franka_ws/src/install/joint_impedance_controller:/home/jiataoding/franco_ros2_franka_ws/src/install/integration_launch_testing:/home/jiataoding/franco_ros2_franka_ws/src/install/idra_franka_launch:/home/jiataoding/franco_ros2_franka_ws/src/install/gravity_compensation:/home/jiataoding/franco_ros2_franka_ws/src/install/franka_task_pipeline:/home/jiataoding/franco_ros2_franka_ws/src/install/franka_ros2:/home/jiataoding/franco_ros2_franka_ws/src/install/franka_bringup:/home/jiataoding/franco_ros2_franka_ws/src/install/franka_robot_state_broadcaster:/home/jiataoding/franco_ros2_franka_ws/src/install/franka_example_controllers:/home/jiataoding/franco_ros2_franka_ws/src/install/franka_semantic_components:/home/jiataoding/franco_ros2_franka_ws/src/install/franka_gazebo_bringup:/home/jiataoding/franco_ros2_franka_ws/src/install/franka_fr3_moveit_config:/home/jiataoding/franco_ros2_franka_ws/src/install/franka_gripper:/home/jiataoding/franco_ros2_franka_ws/src/install/cartesian_impedance_controller:/opt/ros/humble:/home/jiataoding/franco_ros2_franka_ws/src/install/effort_controller_base:/home/jiataoding/franco_ros2_franka_ws/src/install/debug_msg:/home/jiataoding/ros2_franka_ws/install/joint_impedance_controller:/home/jiataoding/ros2_franka_ws/install/integration_launch_testing:/home/jiataoding/ros2_franka_ws/install/idra_franka_launch:/home/jiataoding/ros2_franka_ws/install/gravity_compensation:/home/jiataoding/ros2_franka_ws/install/franka_task_pipeline:/home/jiataoding/ros2_franka_ws/install/franka_ros2:/home/jiataoding/ros2_franka_ws/install/franka_bringup:/home/jiataoding/ros2_franka_ws/install/franka_robot_state_broadcaster:/home/jiataoding/ros2_franka_ws/install/franka_example_controllers:/home/jiataoding/ros2_franka_ws/install/franka_semantic_components:/home/jiataoding/ros2_franka_ws/install/franka_gazebo_bringup:/home/jiataoding/ros2_franka_ws/install/franka_ign_ros2_control:/home/jiataoding/ros2_franka_ws/install/franka_fr3_moveit_config:/home/jiataoding/ros2_franka_ws/install/franka_hardware:/home/jiataoding/ros2_franka_ws/install/franka_gripper:/home/jiataoding/ros2_franka_ws/install/franka_msgs:/home/jiataoding/ros2_franka_ws/install/franka_description:/home/jiataoding/ros2_franka_ws/install/cartesian_impedance_controller:/home/jiataoding/ros2_franka_ws/install/effort_controller_base:/home/jiataoding/ros2_franka_ws/install/debug_msg:/home/jiataoding/franco_ros2_franka_ws/install/joint_impedance_controller:/home/jiataoding/franco_ros2_franka_ws/install/integration_launch_testing:/home/jiataoding/franco_ros2_franka_ws/install/idra_franka_launch:/home/jiataoding/franco_ros2_franka_ws/install/gravity_compensation:/home/jiataoding/franco_ros2_franka_ws/install/franka_task_pipeline:/home/jiataoding/franco_ros2_franka_ws/install/franka_ros2:/home/jiataoding/franco_ros2_franka_ws/install/franka_bringup:/home/jiataoding/franco_ros2_franka_ws/install/franka_robot_state_broadcaster:/home/jiataoding/franco_ros2_franka_ws/install/franka_example_controllers:/home/jiataoding/franco_ros2_franka_ws/install/franka_semantic_components:/home/jiataoding/franco_ros2_franka_ws/install/franka_gazebo_bringup:/home/jiataoding/franco_ros2_franka_ws/install/franka_ign_ros2_control:/home/jiataoding/franco_ros2_franka_ws/install/franka_fr3_moveit_config:/home/jiataoding/franco_ros2_franka_ws/install/franka_hardware:/home/jiataoding/franco_ros2_franka_ws/install/franka_gripper:/home/jiataoding/franco_ros2_franka_ws/install/franka_msgs:/home/jiataoding/franco_ros2_franka_ws/install/franka_description:/home/jiataoding/franco_ros2_franka_ws/install/cartesian_impedance_controller:/home/jiataoding/franco_ros2_franka_ws/install/effort_controller_base:/home/jiataoding/franco_ros2_franka_ws/install/debug_msg:/opt/openrobots LD_LIBRARY_PATH=/home/jiataoding/franco_ros2_franka_ws/src/install/franka_ign_ros2_control/lib:/home/jiataoding/franco_ros2_franka_ws/src/install/franka_hardware/lib:/home/jiataoding/franco_ros2_franka_ws/src/install/franka_msgs/lib:/home/jiataoding/franco_ros2_franka_ws/src/install/joint_impedance_controller/lib:/home/jiataoding/franco_ros2_franka_ws/src/install/integration_launch_testing/lib:/home/jiataoding/franco_ros2_franka_ws/src/install/gravity_compensation/lib:/home/jiataoding/franco_ros2_franka_ws/src/install/franka_robot_state_broadcaster/lib:/home/jiataoding/franco_ros2_franka_ws/src/install/franka_example_controllers/lib:/home/jiataoding/franco_ros2_franka_ws/src/install/franka_semantic_components/lib:/home/jiataoding/franco_ros2_franka_ws/src/install/franka_gripper/lib:/home/jiataoding/franco_ros2_franka_ws/src/install/cartesian_impedance_controller/lib:/home/jiataoding/franco_ros2_franka_ws/src/install/effort_controller_base/lib:/home/jiataoding/franco_ros2_franka_ws/src/install/debug_msg/lib:/home/jiataoding/libs/onnxruntime-linux-x64-1.21.0/lib:/home/jiataoding/ros2_franka_ws/install/joint_impedance_controller/lib:/home/jiataoding/ros2_franka_ws/install/integration_launch_testing/lib:/home/jiataoding/ros2_franka_ws/install/gravity_compensation/lib:/home/jiataoding/ros2_franka_ws/install/franka_robot_state_broadcaster/lib:/home/jiataoding/ros2_franka_ws/install/franka_example_controllers/lib:/home/jiataoding/ros2_franka_ws/install/franka_semantic_components/lib:/home/jiataoding/ros2_franka_ws/install/franka_ign_ros2_control/lib:/home/jiataoding/ros2_franka_ws/install/franka_hardware/lib:/home/jiataoding/ros2_franka_ws/install/franka_gripper/lib:/home/jiataoding/ros2_franka_ws/install/franka_msgs/lib:/home/jiataoding/ros2_franka_ws/install/cartesian_impedance_controller/lib:/home/jiataoding/ros2_franka_ws/install/effort_controller_base/lib:/home/jiataoding/ros2_franka_ws/install/debug_msg/lib:/home/jiataoding/franco_ros2_franka_ws/install/joint_impedance_controller/lib:/home/jiataoding/franco_ros2_franka_ws/install/integration_launch_testing/lib:/home/jiataoding/franco_ros2_franka_ws/install/gravity_compensation/lib:/home/jiataoding/franco_ros2_franka_ws/install/franka_robot_state_broadcaster/lib:/home/jiataoding/franco_ros2_franka_ws/install/franka_example_controllers/lib:/home/jiataoding/franco_ros2_franka_ws/install/franka_semantic_components/lib:/home/jiataoding/franco_ros2_franka_ws/install/franka_ign_ros2_control/lib:/home/jiataoding/franco_ros2_franka_ws/install/franka_hardware/lib:/home/jiataoding/franco_ros2_franka_ws/install/franka_gripper/lib:/home/jiataoding/franco_ros2_franka_ws/install/franka_msgs/lib:/home/jiataoding/franco_ros2_franka_ws/install/cartesian_impedance_controller/lib:/home/jiataoding/franco_ros2_franka_ws/install/effort_controller_base/lib:/home/jiataoding/franco_ros2_franka_ws/install/debug_msg/lib:/opt/openrobots/lib:/opt/ros/humble/opt/rviz_ogre_vendor/lib:/opt/ros/humble/lib/x86_64-linux-gnu:/opt/ros/humble/lib /usr/bin/cmake --build /home/jiataoding/franco_ros2_franka_ws/src/build/franka_gazebo_bringup -- -j24 -l24
[1.615s] DEBUG:colcon.colcon_core.event_handler.log_command:Invoking command in '/home/jiataoding/franco_ros2_franka_ws/src/build/franka_gazebo_bringup': CMAKE_PREFIX_PATH=/home/jiataoding/franco_ros2_franka_ws/src/install/franka_ign_ros2_control:/home/jiataoding/franco_ros2_franka_ws/src/install/franka_hardware:/home/jiataoding/franco_ros2_franka_ws/src/install/franka_msgs:/home/jiataoding/franco_ros2_franka_ws/src/install/franka_description:/home/jiataoding/franco_ros2_franka_ws/src/install/joint_impedance_controller:/home/jiataoding/franco_ros2_franka_ws/src/install/integration_launch_testing:/home/jiataoding/franco_ros2_franka_ws/src/install/idra_franka_launch:/home/jiataoding/franco_ros2_franka_ws/src/install/gravity_compensation:/home/jiataoding/franco_ros2_franka_ws/src/install/franka_task_pipeline:/home/jiataoding/franco_ros2_franka_ws/src/install/franka_ros2:/home/jiataoding/franco_ros2_franka_ws/src/install/franka_bringup:/home/jiataoding/franco_ros2_franka_ws/src/install/franka_robot_state_broadcaster:/home/jiataoding/franco_ros2_franka_ws/src/install/franka_example_controllers:/home/jiataoding/franco_ros2_franka_ws/src/install/franka_semantic_components:/home/jiataoding/franco_ros2_franka_ws/src/install/franka_gazebo_bringup:/home/jiataoding/franco_ros2_franka_ws/src/install/franka_fr3_moveit_config:/home/jiataoding/franco_ros2_franka_ws/src/install/franka_gripper:/home/jiataoding/franco_ros2_franka_ws/src/install/cartesian_impedance_controller:/opt/ros/humble:/home/jiataoding/franco_ros2_franka_ws/src/install/effort_controller_base:/home/jiataoding/franco_ros2_franka_ws/src/install/debug_msg:/home/jiataoding/ros2_franka_ws/install/joint_impedance_controller:/home/jiataoding/ros2_franka_ws/install/integration_launch_testing:/home/jiataoding/ros2_franka_ws/install/idra_franka_launch:/home/jiataoding/ros2_franka_ws/install/gravity_compensation:/home/jiataoding/ros2_franka_ws/install/franka_task_pipeline:/home/jiataoding/ros2_franka_ws/install/franka_ros2:/home/jiataoding/ros2_franka_ws/install/franka_bringup:/home/jiataoding/ros2_franka_ws/install/franka_robot_state_broadcaster:/home/jiataoding/ros2_franka_ws/install/franka_example_controllers:/home/jiataoding/ros2_franka_ws/install/franka_semantic_components:/home/jiataoding/ros2_franka_ws/install/franka_gazebo_bringup:/home/jiataoding/ros2_franka_ws/install/franka_ign_ros2_control:/home/jiataoding/ros2_franka_ws/install/franka_fr3_moveit_config:/home/jiataoding/ros2_franka_ws/install/franka_hardware:/home/jiataoding/ros2_franka_ws/install/franka_gripper:/home/jiataoding/ros2_franka_ws/install/franka_msgs:/home/jiataoding/ros2_franka_ws/install/franka_description:/home/jiataoding/ros2_franka_ws/install/cartesian_impedance_controller:/home/jiataoding/ros2_franka_ws/install/effort_controller_base:/home/jiataoding/ros2_franka_ws/install/debug_msg:/home/jiataoding/franco_ros2_franka_ws/install/joint_impedance_controller:/home/jiataoding/franco_ros2_franka_ws/install/integration_launch_testing:/home/jiataoding/franco_ros2_franka_ws/install/idra_franka_launch:/home/jiataoding/franco_ros2_franka_ws/install/gravity_compensation:/home/jiataoding/franco_ros2_franka_ws/install/franka_task_pipeline:/home/jiataoding/franco_ros2_franka_ws/install/franka_ros2:/home/jiataoding/franco_ros2_franka_ws/install/franka_bringup:/home/jiataoding/franco_ros2_franka_ws/install/franka_robot_state_broadcaster:/home/jiataoding/franco_ros2_franka_ws/install/franka_example_controllers:/home/jiataoding/franco_ros2_franka_ws/install/franka_semantic_components:/home/jiataoding/franco_ros2_franka_ws/install/franka_gazebo_bringup:/home/jiataoding/franco_ros2_franka_ws/install/franka_ign_ros2_control:/home/jiataoding/franco_ros2_franka_ws/install/franka_fr3_moveit_config:/home/jiataoding/franco_ros2_franka_ws/install/franka_hardware:/home/jiataoding/franco_ros2_franka_ws/install/franka_gripper:/home/jiataoding/franco_ros2_franka_ws/install/franka_msgs:/home/jiataoding/franco_ros2_franka_ws/install/franka_description:/home/jiataoding/franco_ros2_franka_ws/install/cartesian_impedance_controller:/home/jiataoding/franco_ros2_franka_ws/install/effort_controller_base:/home/jiataoding/franco_ros2_franka_ws/install/debug_msg:/opt/openrobots LD_LIBRARY_PATH=/home/jiataoding/franco_ros2_franka_ws/src/install/franka_ign_ros2_control/lib:/home/jiataoding/franco_ros2_franka_ws/src/install/franka_hardware/lib:/home/jiataoding/franco_ros2_franka_ws/src/install/franka_msgs/lib:/home/jiataoding/franco_ros2_franka_ws/src/install/joint_impedance_controller/lib:/home/jiataoding/franco_ros2_franka_ws/src/install/integration_launch_testing/lib:/home/jiataoding/franco_ros2_franka_ws/src/install/gravity_compensation/lib:/home/jiataoding/franco_ros2_franka_ws/src/install/franka_robot_state_broadcaster/lib:/home/jiataoding/franco_ros2_franka_ws/src/install/franka_example_controllers/lib:/home/jiataoding/franco_ros2_franka_ws/src/install/franka_semantic_components/lib:/home/jiataoding/franco_ros2_franka_ws/src/install/franka_gripper/lib:/home/jiataoding/franco_ros2_franka_ws/src/install/cartesian_impedance_controller/lib:/home/jiataoding/franco_ros2_franka_ws/src/install/effort_controller_base/lib:/home/jiataoding/franco_ros2_franka_ws/src/install/debug_msg/lib:/home/jiataoding/libs/onnxruntime-linux-x64-1.21.0/lib:/home/jiataoding/ros2_franka_ws/install/joint_impedance_controller/lib:/home/jiataoding/ros2_franka_ws/install/integration_launch_testing/lib:/home/jiataoding/ros2_franka_ws/install/gravity_compensation/lib:/home/jiataoding/ros2_franka_ws/install/franka_robot_state_broadcaster/lib:/home/jiataoding/ros2_franka_ws/install/franka_example_controllers/lib:/home/jiataoding/ros2_franka_ws/install/franka_semantic_components/lib:/home/jiataoding/ros2_franka_ws/install/franka_ign_ros2_control/lib:/home/jiataoding/ros2_franka_ws/install/franka_hardware/lib:/home/jiataoding/ros2_franka_ws/install/franka_gripper/lib:/home/jiataoding/ros2_franka_ws/install/franka_msgs/lib:/home/jiataoding/ros2_franka_ws/install/cartesian_impedance_controller/lib:/home/jiataoding/ros2_franka_ws/install/effort_controller_base/lib:/home/jiataoding/ros2_franka_ws/install/debug_msg/lib:/home/jiataoding/franco_ros2_franka_ws/install/joint_impedance_controller/lib:/home/jiataoding/franco_ros2_franka_ws/install/integration_launch_testing/lib:/home/jiataoding/franco_ros2_franka_ws/install/gravity_compensation/lib:/home/jiataoding/franco_ros2_franka_ws/install/franka_robot_state_broadcaster/lib:/home/jiataoding/franco_ros2_franka_ws/install/franka_example_controllers/lib:/home/jiataoding/franco_ros2_franka_ws/install/franka_semantic_components/lib:/home/jiataoding/franco_ros2_franka_ws/install/franka_ign_ros2_control/lib:/home/jiataoding/franco_ros2_franka_ws/install/franka_hardware/lib:/home/jiataoding/franco_ros2_franka_ws/install/franka_gripper/lib:/home/jiataoding/franco_ros2_franka_ws/install/franka_msgs/lib:/home/jiataoding/franco_ros2_franka_ws/install/cartesian_impedance_controller/lib:/home/jiataoding/franco_ros2_franka_ws/install/effort_controller_base/lib:/home/jiataoding/franco_ros2_franka_ws/install/debug_msg/lib:/opt/openrobots/lib:/opt/ros/humble/opt/rviz_ogre_vendor/lib:/opt/ros/humble/lib/x86_64-linux-gnu:/opt/ros/humble/lib /usr/bin/cmake --install /home/jiataoding/franco_ros2_franka_ws/src/build/franka_gazebo_bringup
[1.638s] DEBUG:colcon.colcon_core.event_handler.log_command:Invoked command in '/home/jiataoding/franco_ros2_franka_ws/src/build/franka_fr3_moveit_config' returned '0': CMAKE_PREFIX_PATH=/home/jiataoding/franco_ros2_franka_ws/src/install/franka_hardware:/home/jiataoding/franco_ros2_franka_ws/src/install/franka_gripper:/home/jiataoding/franco_ros2_franka_ws/src/install/franka_msgs:/home/jiataoding/franco_ros2_franka_ws/src/install/franka_description:/home/jiataoding/franco_ros2_franka_ws/src/install/joint_impedance_controller:/home/jiataoding/franco_ros2_franka_ws/src/install/integration_launch_testing:/home/jiataoding/franco_ros2_franka_ws/src/install/idra_franka_launch:/home/jiataoding/franco_ros2_franka_ws/src/install/gravity_compensation:/home/jiataoding/franco_ros2_franka_ws/src/install/franka_task_pipeline:/home/jiataoding/franco_ros2_franka_ws/src/install/franka_ros2:/home/jiataoding/franco_ros2_franka_ws/src/install/franka_bringup:/home/jiataoding/franco_ros2_franka_ws/src/install/franka_robot_state_broadcaster:/home/jiataoding/franco_ros2_franka_ws/src/install/franka_example_controllers:/home/jiataoding/franco_ros2_franka_ws/src/install/franka_semantic_components:/home/jiataoding/franco_ros2_franka_ws/src/install/franka_gazebo_bringup:/home/jiataoding/franco_ros2_franka_ws/src/install/franka_ign_ros2_control:/home/jiataoding/franco_ros2_franka_ws/src/install/franka_fr3_moveit_config:/home/jiataoding/franco_ros2_franka_ws/src/install/cartesian_impedance_controller:/opt/ros/humble:/home/jiataoding/franco_ros2_franka_ws/src/install/effort_controller_base:/home/jiataoding/franco_ros2_franka_ws/src/install/debug_msg:/home/jiataoding/ros2_franka_ws/install/joint_impedance_controller:/home/jiataoding/ros2_franka_ws/install/integration_launch_testing:/home/jiataoding/ros2_franka_ws/install/idra_franka_launch:/home/jiataoding/ros2_franka_ws/install/gravity_compensation:/home/jiataoding/ros2_franka_ws/install/franka_task_pipeline:/home/jiataoding/ros2_franka_ws/install/franka_ros2:/home/jiataoding/ros2_franka_ws/install/franka_bringup:/home/jiataoding/ros2_franka_ws/install/franka_robot_state_broadcaster:/home/jiataoding/ros2_franka_ws/install/franka_example_controllers:/home/jiataoding/ros2_franka_ws/install/franka_semantic_components:/home/jiataoding/ros2_franka_ws/install/franka_gazebo_bringup:/home/jiataoding/ros2_franka_ws/install/franka_ign_ros2_control:/home/jiataoding/ros2_franka_ws/install/franka_fr3_moveit_config:/home/jiataoding/ros2_franka_ws/install/franka_hardware:/home/jiataoding/ros2_franka_ws/install/franka_gripper:/home/jiataoding/ros2_franka_ws/install/franka_msgs:/home/jiataoding/ros2_franka_ws/install/franka_description:/home/jiataoding/ros2_franka_ws/install/cartesian_impedance_controller:/home/jiataoding/ros2_franka_ws/install/effort_controller_base:/home/jiataoding/ros2_franka_ws/install/debug_msg:/home/jiataoding/franco_ros2_franka_ws/install/joint_impedance_controller:/home/jiataoding/franco_ros2_franka_ws/install/integration_launch_testing:/home/jiataoding/franco_ros2_franka_ws/install/idra_franka_launch:/home/jiataoding/franco_ros2_franka_ws/install/gravity_compensation:/home/jiataoding/franco_ros2_franka_ws/install/franka_task_pipeline:/home/jiataoding/franco_ros2_franka_ws/install/franka_ros2:/home/jiataoding/franco_ros2_franka_ws/install/franka_bringup:/home/jiataoding/franco_ros2_franka_ws/install/franka_robot_state_broadcaster:/home/jiataoding/franco_ros2_franka_ws/install/franka_example_controllers:/home/jiataoding/franco_ros2_franka_ws/install/franka_semantic_components:/home/jiataoding/franco_ros2_franka_ws/install/franka_gazebo_bringup:/home/jiataoding/franco_ros2_franka_ws/install/franka_ign_ros2_control:/home/jiataoding/franco_ros2_franka_ws/install/franka_fr3_moveit_config:/home/jiataoding/franco_ros2_franka_ws/install/franka_hardware:/home/jiataoding/franco_ros2_franka_ws/install/franka_gripper:/home/jiataoding/franco_ros2_franka_ws/install/franka_msgs:/home/jiataoding/franco_ros2_franka_ws/install/franka_description:/home/jiataoding/franco_ros2_franka_ws/install/cartesian_impedance_controller:/home/jiataoding/franco_ros2_franka_ws/install/effort_controller_base:/home/jiataoding/franco_ros2_franka_ws/install/debug_msg:/opt/openrobots LD_LIBRARY_PATH=/home/jiataoding/franco_ros2_franka_ws/src/install/franka_hardware/lib:/home/jiataoding/franco_ros2_franka_ws/src/install/franka_gripper/lib:/home/jiataoding/franco_ros2_franka_ws/src/install/franka_msgs/lib:/home/jiataoding/franco_ros2_franka_ws/src/install/joint_impedance_controller/lib:/home/jiataoding/franco_ros2_franka_ws/src/install/integration_launch_testing/lib:/home/jiataoding/franco_ros2_franka_ws/src/install/gravity_compensation/lib:/home/jiataoding/franco_ros2_franka_ws/src/install/franka_robot_state_broadcaster/lib:/home/jiataoding/franco_ros2_franka_ws/src/install/franka_example_controllers/lib:/home/jiataoding/franco_ros2_franka_ws/src/install/franka_semantic_components/lib:/home/jiataoding/franco_ros2_franka_ws/src/install/franka_ign_ros2_control/lib:/home/jiataoding/franco_ros2_franka_ws/src/install/cartesian_impedance_controller/lib:/home/jiataoding/franco_ros2_franka_ws/src/install/effort_controller_base/lib:/home/jiataoding/franco_ros2_franka_ws/src/install/debug_msg/lib:/home/jiataoding/libs/onnxruntime-linux-x64-1.21.0/lib:/home/jiataoding/ros2_franka_ws/install/joint_impedance_controller/lib:/home/jiataoding/ros2_franka_ws/install/integration_launch_testing/lib:/home/jiataoding/ros2_franka_ws/install/gravity_compensation/lib:/home/jiataoding/ros2_franka_ws/install/franka_robot_state_broadcaster/lib:/home/jiataoding/ros2_franka_ws/install/franka_example_controllers/lib:/home/jiataoding/ros2_franka_ws/install/franka_semantic_components/lib:/home/jiataoding/ros2_franka_ws/install/franka_ign_ros2_control/lib:/home/jiataoding/ros2_franka_ws/install/franka_hardware/lib:/home/jiataoding/ros2_franka_ws/install/franka_gripper/lib:/home/jiataoding/ros2_franka_ws/install/franka_msgs/lib:/home/jiataoding/ros2_franka_ws/install/cartesian_impedance_controller/lib:/home/jiataoding/ros2_franka_ws/install/effort_controller_base/lib:/home/jiataoding/ros2_franka_ws/install/debug_msg/lib:/home/jiataoding/franco_ros2_franka_ws/install/joint_impedance_controller/lib:/home/jiataoding/franco_ros2_franka_ws/install/integration_launch_testing/lib:/home/jiataoding/franco_ros2_franka_ws/install/gravity_compensation/lib:/home/jiataoding/franco_ros2_franka_ws/install/franka_robot_state_broadcaster/lib:/home/jiataoding/franco_ros2_franka_ws/install/franka_example_controllers/lib:/home/jiataoding/franco_ros2_franka_ws/install/franka_semantic_components/lib:/home/jiataoding/franco_ros2_franka_ws/install/franka_ign_ros2_control/lib:/home/jiataoding/franco_ros2_franka_ws/install/franka_hardware/lib:/home/jiataoding/franco_ros2_franka_ws/install/franka_gripper/lib:/home/jiataoding/franco_ros2_franka_ws/install/franka_msgs/lib:/home/jiataoding/franco_ros2_franka_ws/install/cartesian_impedance_controller/lib:/home/jiataoding/franco_ros2_franka_ws/install/effort_controller_base/lib:/home/jiataoding/franco_ros2_franka_ws/install/debug_msg/lib:/opt/openrobots/lib:/opt/ros/humble/opt/rviz_ogre_vendor/lib:/opt/ros/humble/lib/x86_64-linux-gnu:/opt/ros/humble/lib /usr/bin/cmake --build /home/jiataoding/franco_ros2_franka_ws/src/build/franka_fr3_moveit_config -- -j24 -l24
[1.640s] DEBUG:colcon.colcon_core.event_handler.log_command:Invoking command in '/home/jiataoding/franco_ros2_franka_ws/src/build/franka_fr3_moveit_config': CMAKE_PREFIX_PATH=/home/jiataoding/franco_ros2_franka_ws/src/install/franka_hardware:/home/jiataoding/franco_ros2_franka_ws/src/install/franka_gripper:/home/jiataoding/franco_ros2_franka_ws/src/install/franka_msgs:/home/jiataoding/franco_ros2_franka_ws/src/install/franka_description:/home/jiataoding/franco_ros2_franka_ws/src/install/joint_impedance_controller:/home/jiataoding/franco_ros2_franka_ws/src/install/integration_launch_testing:/home/jiataoding/franco_ros2_franka_ws/src/install/idra_franka_launch:/home/jiataoding/franco_ros2_franka_ws/src/install/gravity_compensation:/home/jiataoding/franco_ros2_franka_ws/src/install/franka_task_pipeline:/home/jiataoding/franco_ros2_franka_ws/src/install/franka_ros2:/home/jiataoding/franco_ros2_franka_ws/src/install/franka_bringup:/home/jiataoding/franco_ros2_franka_ws/src/install/franka_robot_state_broadcaster:/home/jiataoding/franco_ros2_franka_ws/src/install/franka_example_controllers:/home/jiataoding/franco_ros2_franka_ws/src/install/franka_semantic_components:/home/jiataoding/franco_ros2_franka_ws/src/install/franka_gazebo_bringup:/home/jiataoding/franco_ros2_franka_ws/src/install/franka_ign_ros2_control:/home/jiataoding/franco_ros2_franka_ws/src/install/franka_fr3_moveit_config:/home/jiataoding/franco_ros2_franka_ws/src/install/cartesian_impedance_controller:/opt/ros/humble:/home/jiataoding/franco_ros2_franka_ws/src/install/effort_controller_base:/home/jiataoding/franco_ros2_franka_ws/src/install/debug_msg:/home/jiataoding/ros2_franka_ws/install/joint_impedance_controller:/home/jiataoding/ros2_franka_ws/install/integration_launch_testing:/home/jiataoding/ros2_franka_ws/install/idra_franka_launch:/home/jiataoding/ros2_franka_ws/install/gravity_compensation:/home/jiataoding/ros2_franka_ws/install/franka_task_pipeline:/home/jiataoding/ros2_franka_ws/install/franka_ros2:/home/jiataoding/ros2_franka_ws/install/franka_bringup:/home/jiataoding/ros2_franka_ws/install/franka_robot_state_broadcaster:/home/jiataoding/ros2_franka_ws/install/franka_example_controllers:/home/jiataoding/ros2_franka_ws/install/franka_semantic_components:/home/jiataoding/ros2_franka_ws/install/franka_gazebo_bringup:/home/jiataoding/ros2_franka_ws/install/franka_ign_ros2_control:/home/jiataoding/ros2_franka_ws/install/franka_fr3_moveit_config:/home/jiataoding/ros2_franka_ws/install/franka_hardware:/home/jiataoding/ros2_franka_ws/install/franka_gripper:/home/jiataoding/ros2_franka_ws/install/franka_msgs:/home/jiataoding/ros2_franka_ws/install/franka_description:/home/jiataoding/ros2_franka_ws/install/cartesian_impedance_controller:/home/jiataoding/ros2_franka_ws/install/effort_controller_base:/home/jiataoding/ros2_franka_ws/install/debug_msg:/home/jiataoding/franco_ros2_franka_ws/install/joint_impedance_controller:/home/jiataoding/franco_ros2_franka_ws/install/integration_launch_testing:/home/jiataoding/franco_ros2_franka_ws/install/idra_franka_launch:/home/jiataoding/franco_ros2_franka_ws/install/gravity_compensation:/home/jiataoding/franco_ros2_franka_ws/install/franka_task_pipeline:/home/jiataoding/franco_ros2_franka_ws/install/franka_ros2:/home/jiataoding/franco_ros2_franka_ws/install/franka_bringup:/home/jiataoding/franco_ros2_franka_ws/install/franka_robot_state_broadcaster:/home/jiataoding/franco_ros2_franka_ws/install/franka_example_controllers:/home/jiataoding/franco_ros2_franka_ws/install/franka_semantic_components:/home/jiataoding/franco_ros2_franka_ws/install/franka_gazebo_bringup:/home/jiataoding/franco_ros2_franka_ws/install/franka_ign_ros2_control:/home/jiataoding/franco_ros2_franka_ws/install/franka_fr3_moveit_config:/home/jiataoding/franco_ros2_franka_ws/install/franka_hardware:/home/jiataoding/franco_ros2_franka_ws/install/franka_gripper:/home/jiataoding/franco_ros2_franka_ws/install/franka_msgs:/home/jiataoding/franco_ros2_franka_ws/install/franka_description:/home/jiataoding/franco_ros2_franka_ws/install/cartesian_impedance_controller:/home/jiataoding/franco_ros2_franka_ws/install/effort_controller_base:/home/jiataoding/franco_ros2_franka_ws/install/debug_msg:/opt/openrobots LD_LIBRARY_PATH=/home/jiataoding/franco_ros2_franka_ws/src/install/franka_hardware/lib:/home/jiataoding/franco_ros2_franka_ws/src/install/franka_gripper/lib:/home/jiataoding/franco_ros2_franka_ws/src/install/franka_msgs/lib:/home/jiataoding/franco_ros2_franka_ws/src/install/joint_impedance_controller/lib:/home/jiataoding/franco_ros2_franka_ws/src/install/integration_launch_testing/lib:/home/jiataoding/franco_ros2_franka_ws/src/install/gravity_compensation/lib:/home/jiataoding/franco_ros2_franka_ws/src/install/franka_robot_state_broadcaster/lib:/home/jiataoding/franco_ros2_franka_ws/src/install/franka_example_controllers/lib:/home/jiataoding/franco_ros2_franka_ws/src/install/franka_semantic_components/lib:/home/jiataoding/franco_ros2_franka_ws/src/install/franka_ign_ros2_control/lib:/home/jiataoding/franco_ros2_franka_ws/src/install/cartesian_impedance_controller/lib:/home/jiataoding/franco_ros2_franka_ws/src/install/effort_controller_base/lib:/home/jiataoding/franco_ros2_franka_ws/src/install/debug_msg/lib:/home/jiataoding/libs/onnxruntime-linux-x64-1.21.0/lib:/home/jiataoding/ros2_franka_ws/install/joint_impedance_controller/lib:/home/jiataoding/ros2_franka_ws/install/integration_launch_testing/lib:/home/jiataoding/ros2_franka_ws/install/gravity_compensation/lib:/home/jiataoding/ros2_franka_ws/install/franka_robot_state_broadcaster/lib:/home/jiataoding/ros2_franka_ws/install/franka_example_controllers/lib:/home/jiataoding/ros2_franka_ws/install/franka_semantic_components/lib:/home/jiataoding/ros2_franka_ws/install/franka_ign_ros2_control/lib:/home/jiataoding/ros2_franka_ws/install/franka_hardware/lib:/home/jiataoding/ros2_franka_ws/install/franka_gripper/lib:/home/jiataoding/ros2_franka_ws/install/franka_msgs/lib:/home/jiataoding/ros2_franka_ws/install/cartesian_impedance_controller/lib:/home/jiataoding/ros2_franka_ws/install/effort_controller_base/lib:/home/jiataoding/ros2_franka_ws/install/debug_msg/lib:/home/jiataoding/franco_ros2_franka_ws/install/joint_impedance_controller/lib:/home/jiataoding/franco_ros2_franka_ws/install/integration_launch_testing/lib:/home/jiataoding/franco_ros2_franka_ws/install/gravity_compensation/lib:/home/jiataoding/franco_ros2_franka_ws/install/franka_robot_state_broadcaster/lib:/home/jiataoding/franco_ros2_franka_ws/install/franka_example_controllers/lib:/home/jiataoding/franco_ros2_franka_ws/install/franka_semantic_components/lib:/home/jiataoding/franco_ros2_franka_ws/install/franka_ign_ros2_control/lib:/home/jiataoding/franco_ros2_franka_ws/install/franka_hardware/lib:/home/jiataoding/franco_ros2_franka_ws/install/franka_gripper/lib:/home/jiataoding/franco_ros2_franka_ws/install/franka_msgs/lib:/home/jiataoding/franco_ros2_franka_ws/install/cartesian_impedance_controller/lib:/home/jiataoding/franco_ros2_franka_ws/install/effort_controller_base/lib:/home/jiataoding/franco_ros2_franka_ws/install/debug_msg/lib:/opt/openrobots/lib:/opt/ros/humble/opt/rviz_ogre_vendor/lib:/opt/ros/humble/lib/x86_64-linux-gnu:/opt/ros/humble/lib /usr/bin/cmake --install /home/jiataoding/franco_ros2_franka_ws/src/build/franka_fr3_moveit_config
[1.649s] Level 1:colcon.colcon_core.environment:create_environment_scripts_only(franka_gazebo_bringup)
[1.650s] Level 1:colcon.colcon_core.environment:checking '/home/jiataoding/franco_ros2_franka_ws/src/install/franka_gazebo_bringup' for CMake module files
[1.650s] DEBUG:colcon.colcon_core.event_handler.log_command:Invoked command in '/home/jiataoding/franco_ros2_franka_ws/src/build/franka_gazebo_bringup' returned '0': CMAKE_PREFIX_PATH=/home/jiataoding/franco_ros2_franka_ws/src/install/franka_ign_ros2_control:/home/jiataoding/franco_ros2_franka_ws/src/install/franka_hardware:/home/jiataoding/franco_ros2_franka_ws/src/install/franka_msgs:/home/jiataoding/franco_ros2_franka_ws/src/install/franka_description:/home/jiataoding/franco_ros2_franka_ws/src/install/joint_impedance_controller:/home/jiataoding/franco_ros2_franka_ws/src/install/integration_launch_testing:/home/jiataoding/franco_ros2_franka_ws/src/install/idra_franka_launch:/home/jiataoding/franco_ros2_franka_ws/src/install/gravity_compensation:/home/jiataoding/franco_ros2_franka_ws/src/install/franka_task_pipeline:/home/jiataoding/franco_ros2_franka_ws/src/install/franka_ros2:/home/jiataoding/franco_ros2_franka_ws/src/install/franka_bringup:/home/jiataoding/franco_ros2_franka_ws/src/install/franka_robot_state_broadcaster:/home/jiataoding/franco_ros2_franka_ws/src/install/franka_example_controllers:/home/jiataoding/franco_ros2_franka_ws/src/install/franka_semantic_components:/home/jiataoding/franco_ros2_franka_ws/src/install/franka_gazebo_bringup:/home/jiataoding/franco_ros2_franka_ws/src/install/franka_fr3_moveit_config:/home/jiataoding/franco_ros2_franka_ws/src/install/franka_gripper:/home/jiataoding/franco_ros2_franka_ws/src/install/cartesian_impedance_controller:/opt/ros/humble:/home/jiataoding/franco_ros2_franka_ws/src/install/effort_controller_base:/home/jiataoding/franco_ros2_franka_ws/src/install/debug_msg:/home/jiataoding/ros2_franka_ws/install/joint_impedance_controller:/home/jiataoding/ros2_franka_ws/install/integration_launch_testing:/home/jiataoding/ros2_franka_ws/install/idra_franka_launch:/home/jiataoding/ros2_franka_ws/install/gravity_compensation:/home/jiataoding/ros2_franka_ws/install/franka_task_pipeline:/home/jiataoding/ros2_franka_ws/install/franka_ros2:/home/jiataoding/ros2_franka_ws/install/franka_bringup:/home/jiataoding/ros2_franka_ws/install/franka_robot_state_broadcaster:/home/jiataoding/ros2_franka_ws/install/franka_example_controllers:/home/jiataoding/ros2_franka_ws/install/franka_semantic_components:/home/jiataoding/ros2_franka_ws/install/franka_gazebo_bringup:/home/jiataoding/ros2_franka_ws/install/franka_ign_ros2_control:/home/jiataoding/ros2_franka_ws/install/franka_fr3_moveit_config:/home/jiataoding/ros2_franka_ws/install/franka_hardware:/home/jiataoding/ros2_franka_ws/install/franka_gripper:/home/jiataoding/ros2_franka_ws/install/franka_msgs:/home/jiataoding/ros2_franka_ws/install/franka_description:/home/jiataoding/ros2_franka_ws/install/cartesian_impedance_controller:/home/jiataoding/ros2_franka_ws/install/effort_controller_base:/home/jiataoding/ros2_franka_ws/install/debug_msg:/home/jiataoding/franco_ros2_franka_ws/install/joint_impedance_controller:/home/jiataoding/franco_ros2_franka_ws/install/integration_launch_testing:/home/jiataoding/franco_ros2_franka_ws/install/idra_franka_launch:/home/jiataoding/franco_ros2_franka_ws/install/gravity_compensation:/home/jiataoding/franco_ros2_franka_ws/install/franka_task_pipeline:/home/jiataoding/franco_ros2_franka_ws/install/franka_ros2:/home/jiataoding/franco_ros2_franka_ws/install/franka_bringup:/home/jiataoding/franco_ros2_franka_ws/install/franka_robot_state_broadcaster:/home/jiataoding/franco_ros2_franka_ws/install/franka_example_controllers:/home/jiataoding/franco_ros2_franka_ws/install/franka_semantic_components:/home/jiataoding/franco_ros2_franka_ws/install/franka_gazebo_bringup:/home/jiataoding/franco_ros2_franka_ws/install/franka_ign_ros2_control:/home/jiataoding/franco_ros2_franka_ws/install/franka_fr3_moveit_config:/home/jiataoding/franco_ros2_franka_ws/install/franka_hardware:/home/jiataoding/franco_ros2_franka_ws/install/franka_gripper:/home/jiataoding/franco_ros2_franka_ws/install/franka_msgs:/home/jiataoding/franco_ros2_franka_ws/install/franka_description:/home/jiataoding/franco_ros2_franka_ws/install/cartesian_impedance_controller:/home/jiataoding/franco_ros2_franka_ws/install/effort_controller_base:/home/jiataoding/franco_ros2_franka_ws/install/debug_msg:/opt/openrobots LD_LIBRARY_PATH=/home/jiataoding/franco_ros2_franka_ws/src/install/franka_ign_ros2_control/lib:/home/jiataoding/franco_ros2_franka_ws/src/install/franka_hardware/lib:/home/jiataoding/franco_ros2_franka_ws/src/install/franka_msgs/lib:/home/jiataoding/franco_ros2_franka_ws/src/install/joint_impedance_controller/lib:/home/jiataoding/franco_ros2_franka_ws/src/install/integration_launch_testing/lib:/home/jiataoding/franco_ros2_franka_ws/src/install/gravity_compensation/lib:/home/jiataoding/franco_ros2_franka_ws/src/install/franka_robot_state_broadcaster/lib:/home/jiataoding/franco_ros2_franka_ws/src/install/franka_example_controllers/lib:/home/jiataoding/franco_ros2_franka_ws/src/install/franka_semantic_components/lib:/home/jiataoding/franco_ros2_franka_ws/src/install/franka_gripper/lib:/home/jiataoding/franco_ros2_franka_ws/src/install/cartesian_impedance_controller/lib:/home/jiataoding/franco_ros2_franka_ws/src/install/effort_controller_base/lib:/home/jiataoding/franco_ros2_franka_ws/src/install/debug_msg/lib:/home/jiataoding/libs/onnxruntime-linux-x64-1.21.0/lib:/home/jiataoding/ros2_franka_ws/install/joint_impedance_controller/lib:/home/jiataoding/ros2_franka_ws/install/integration_launch_testing/lib:/home/jiataoding/ros2_franka_ws/install/gravity_compensation/lib:/home/jiataoding/ros2_franka_ws/install/franka_robot_state_broadcaster/lib:/home/jiataoding/ros2_franka_ws/install/franka_example_controllers/lib:/home/jiataoding/ros2_franka_ws/install/franka_semantic_components/lib:/home/jiataoding/ros2_franka_ws/install/franka_ign_ros2_control/lib:/home/jiataoding/ros2_franka_ws/install/franka_hardware/lib:/home/jiataoding/ros2_franka_ws/install/franka_gripper/lib:/home/jiataoding/ros2_franka_ws/install/franka_msgs/lib:/home/jiataoding/ros2_franka_ws/install/cartesian_impedance_controller/lib:/home/jiataoding/ros2_franka_ws/install/effort_controller_base/lib:/home/jiataoding/ros2_franka_ws/install/debug_msg/lib:/home/jiataoding/franco_ros2_franka_ws/install/joint_impedance_controller/lib:/home/jiataoding/franco_ros2_franka_ws/install/integration_launch_testing/lib:/home/jiataoding/franco_ros2_franka_ws/install/gravity_compensation/lib:/home/jiataoding/franco_ros2_franka_ws/install/franka_robot_state_broadcaster/lib:/home/jiataoding/franco_ros2_franka_ws/install/franka_example_controllers/lib:/home/jiataoding/franco_ros2_franka_ws/install/franka_semantic_components/lib:/home/jiataoding/franco_ros2_franka_ws/install/franka_ign_ros2_control/lib:/home/jiataoding/franco_ros2_franka_ws/install/franka_hardware/lib:/home/jiataoding/franco_ros2_franka_ws/install/franka_gripper/lib:/home/jiataoding/franco_ros2_franka_ws/install/franka_msgs/lib:/home/jiataoding/franco_ros2_franka_ws/install/cartesian_impedance_controller/lib:/home/jiataoding/franco_ros2_franka_ws/install/effort_controller_base/lib:/home/jiataoding/franco_ros2_franka_ws/install/debug_msg/lib:/opt/openrobots/lib:/opt/ros/humble/opt/rviz_ogre_vendor/lib:/opt/ros/humble/lib/x86_64-linux-gnu:/opt/ros/humble/lib /usr/bin/cmake --install /home/jiataoding/franco_ros2_franka_ws/src/build/franka_gazebo_bringup
[1.651s] Level 1:colcon.colcon_core.environment:checking '/home/jiataoding/franco_ros2_franka_ws/src/install/franka_gazebo_bringup' for CMake config files
[1.651s] Level 1:colcon.colcon_core.shell:create_environment_hook('franka_gazebo_bringup', 'cmake_prefix_path')
[1.651s] INFO:colcon.colcon_core.shell:Creating environment hook '/home/jiataoding/franco_ros2_franka_ws/src/install/franka_gazebo_bringup/share/franka_gazebo_bringup/hook/cmake_prefix_path.ps1'
[1.652s] INFO:colcon.colcon_core.shell:Creating environment descriptor '/home/jiataoding/franco_ros2_franka_ws/src/install/franka_gazebo_bringup/share/franka_gazebo_bringup/hook/cmake_prefix_path.dsv'
[1.652s] INFO:colcon.colcon_core.shell:Creating environment hook '/home/jiataoding/franco_ros2_franka_ws/src/install/franka_gazebo_bringup/share/franka_gazebo_bringup/hook/cmake_prefix_path.sh'
[1.653s] Level 1:colcon.colcon_core.environment:checking '/home/jiataoding/franco_ros2_franka_ws/src/install/franka_gazebo_bringup/bin'
[1.653s] Level 1:colcon.colcon_core.environment:checking '/home/jiataoding/franco_ros2_franka_ws/src/install/franka_gazebo_bringup/lib/pkgconfig/franka_gazebo_bringup.pc'
[1.653s] Level 1:colcon.colcon_core.environment:checking '/home/jiataoding/franco_ros2_franka_ws/src/install/franka_gazebo_bringup/lib/python3.10/site-packages'
[1.654s] Level 1:colcon.colcon_core.environment:checking '/home/jiataoding/franco_ros2_franka_ws/src/install/franka_gazebo_bringup/bin'
[1.654s] INFO:colcon.colcon_core.shell:Creating package script '/home/jiataoding/franco_ros2_franka_ws/src/install/franka_gazebo_bringup/share/franka_gazebo_bringup/package.ps1'
[1.655s] INFO:colcon.colcon_core.shell:Creating package descriptor '/home/jiataoding/franco_ros2_franka_ws/src/install/franka_gazebo_bringup/share/franka_gazebo_bringup/package.dsv'
[1.656s] INFO:colcon.colcon_core.shell:Creating package script '/home/jiataoding/franco_ros2_franka_ws/src/install/franka_gazebo_bringup/share/franka_gazebo_bringup/package.sh'
[1.656s] INFO:colcon.colcon_core.shell:Creating package script '/home/jiataoding/franco_ros2_franka_ws/src/install/franka_gazebo_bringup/share/franka_gazebo_bringup/package.bash'
[1.657s] INFO:colcon.colcon_core.shell:Creating package script '/home/jiataoding/franco_ros2_franka_ws/src/install/franka_gazebo_bringup/share/franka_gazebo_bringup/package.zsh'
[1.657s] Level 1:colcon.colcon_core.environment:create_file_with_runtime_dependencies(/home/jiataoding/franco_ros2_franka_ws/src/install/franka_gazebo_bringup/share/colcon-core/packages/franka_gazebo_bringup)
[1.658s] Level 1:colcon.colcon_core.environment:create_environment_scripts_only(franka_gazebo_bringup)
[1.658s] Level 1:colcon.colcon_core.environment:checking '/home/jiataoding/franco_ros2_franka_ws/src/install/franka_gazebo_bringup' for CMake module files
[1.658s] Level 1:colcon.colcon_core.environment:checking '/home/jiataoding/franco_ros2_franka_ws/src/install/franka_gazebo_bringup' for CMake config files
[1.659s] Level 1:colcon.colcon_core.shell:create_environment_hook('franka_gazebo_bringup', 'cmake_prefix_path')
[1.659s] INFO:colcon.colcon_core.shell:Creating environment hook '/home/jiataoding/franco_ros2_franka_ws/src/install/franka_gazebo_bringup/share/franka_gazebo_bringup/hook/cmake_prefix_path.ps1'
[1.659s] INFO:colcon.colcon_core.shell:Creating environment descriptor '/home/jiataoding/franco_ros2_franka_ws/src/install/franka_gazebo_bringup/share/franka_gazebo_bringup/hook/cmake_prefix_path.dsv'
[1.660s] INFO:colcon.colcon_core.shell:Creating environment hook '/home/jiataoding/franco_ros2_franka_ws/src/install/franka_gazebo_bringup/share/franka_gazebo_bringup/hook/cmake_prefix_path.sh'
[1.660s] Level 1:colcon.colcon_core.environment:checking '/home/jiataoding/franco_ros2_franka_ws/src/install/franka_gazebo_bringup/bin'
[1.660s] Level 1:colcon.colcon_core.environment:checking '/home/jiataoding/franco_ros2_franka_ws/src/install/franka_gazebo_bringup/lib/pkgconfig/franka_gazebo_bringup.pc'
[1.660s] Level 1:colcon.colcon_core.environment:checking '/home/jiataoding/franco_ros2_franka_ws/src/install/franka_gazebo_bringup/lib/python3.10/site-packages'
[1.661s] Level 1:colcon.colcon_core.environment:checking '/home/jiataoding/franco_ros2_franka_ws/src/install/franka_gazebo_bringup/bin'
[1.661s] INFO:colcon.colcon_core.shell:Creating package script '/home/jiataoding/franco_ros2_franka_ws/src/install/franka_gazebo_bringup/share/franka_gazebo_bringup/package.ps1'
[1.661s] INFO:colcon.colcon_core.shell:Creating package descriptor '/home/jiataoding/franco_ros2_franka_ws/src/install/franka_gazebo_bringup/share/franka_gazebo_bringup/package.dsv'
[1.662s] INFO:colcon.colcon_core.shell:Creating package script '/home/jiataoding/franco_ros2_franka_ws/src/install/franka_gazebo_bringup/share/franka_gazebo_bringup/package.sh'
[1.662s] INFO:colcon.colcon_core.shell:Creating package script '/home/jiataoding/franco_ros2_franka_ws/src/install/franka_gazebo_bringup/share/franka_gazebo_bringup/package.bash'
[1.663s] INFO:colcon.colcon_core.shell:Creating package script '/home/jiataoding/franco_ros2_franka_ws/src/install/franka_gazebo_bringup/share/franka_gazebo_bringup/package.zsh'
[1.663s] Level 1:colcon.colcon_core.environment:create_file_with_runtime_dependencies(/home/jiataoding/franco_ros2_franka_ws/src/install/franka_gazebo_bringup/share/colcon-core/packages/franka_gazebo_bringup)
[1.674s] Level 1:colcon.colcon_core.environment:create_environment_scripts_only(franka_fr3_moveit_config)
[1.674s] Level 1:colcon.colcon_core.environment:checking '/home/jiataoding/franco_ros2_franka_ws/src/install/franka_fr3_moveit_config' for CMake module files
[1.675s] DEBUG:colcon.colcon_core.event_handler.log_command:Invoked command in '/home/jiataoding/franco_ros2_franka_ws/src/build/franka_fr3_moveit_config' returned '0': CMAKE_PREFIX_PATH=/home/jiataoding/franco_ros2_franka_ws/src/install/franka_hardware:/home/jiataoding/franco_ros2_franka_ws/src/install/franka_gripper:/home/jiataoding/franco_ros2_franka_ws/src/install/franka_msgs:/home/jiataoding/franco_ros2_franka_ws/src/install/franka_description:/home/jiataoding/franco_ros2_franka_ws/src/install/joint_impedance_controller:/home/jiataoding/franco_ros2_franka_ws/src/install/integration_launch_testing:/home/jiataoding/franco_ros2_franka_ws/src/install/idra_franka_launch:/home/jiataoding/franco_ros2_franka_ws/src/install/gravity_compensation:/home/jiataoding/franco_ros2_franka_ws/src/install/franka_task_pipeline:/home/jiataoding/franco_ros2_franka_ws/src/install/franka_ros2:/home/jiataoding/franco_ros2_franka_ws/src/install/franka_bringup:/home/jiataoding/franco_ros2_franka_ws/src/install/franka_robot_state_broadcaster:/home/jiataoding/franco_ros2_franka_ws/src/install/franka_example_controllers:/home/jiataoding/franco_ros2_franka_ws/src/install/franka_semantic_components:/home/jiataoding/franco_ros2_franka_ws/src/install/franka_gazebo_bringup:/home/jiataoding/franco_ros2_franka_ws/src/install/franka_ign_ros2_control:/home/jiataoding/franco_ros2_franka_ws/src/install/franka_fr3_moveit_config:/home/jiataoding/franco_ros2_franka_ws/src/install/cartesian_impedance_controller:/opt/ros/humble:/home/jiataoding/franco_ros2_franka_ws/src/install/effort_controller_base:/home/jiataoding/franco_ros2_franka_ws/src/install/debug_msg:/home/jiataoding/ros2_franka_ws/install/joint_impedance_controller:/home/jiataoding/ros2_franka_ws/install/integration_launch_testing:/home/jiataoding/ros2_franka_ws/install/idra_franka_launch:/home/jiataoding/ros2_franka_ws/install/gravity_compensation:/home/jiataoding/ros2_franka_ws/install/franka_task_pipeline:/home/jiataoding/ros2_franka_ws/install/franka_ros2:/home/jiataoding/ros2_franka_ws/install/franka_bringup:/home/jiataoding/ros2_franka_ws/install/franka_robot_state_broadcaster:/home/jiataoding/ros2_franka_ws/install/franka_example_controllers:/home/jiataoding/ros2_franka_ws/install/franka_semantic_components:/home/jiataoding/ros2_franka_ws/install/franka_gazebo_bringup:/home/jiataoding/ros2_franka_ws/install/franka_ign_ros2_control:/home/jiataoding/ros2_franka_ws/install/franka_fr3_moveit_config:/home/jiataoding/ros2_franka_ws/install/franka_hardware:/home/jiataoding/ros2_franka_ws/install/franka_gripper:/home/jiataoding/ros2_franka_ws/install/franka_msgs:/home/jiataoding/ros2_franka_ws/install/franka_description:/home/jiataoding/ros2_franka_ws/install/cartesian_impedance_controller:/home/jiataoding/ros2_franka_ws/install/effort_controller_base:/home/jiataoding/ros2_franka_ws/install/debug_msg:/home/jiataoding/franco_ros2_franka_ws/install/joint_impedance_controller:/home/jiataoding/franco_ros2_franka_ws/install/integration_launch_testing:/home/jiataoding/franco_ros2_franka_ws/install/idra_franka_launch:/home/jiataoding/franco_ros2_franka_ws/install/gravity_compensation:/home/jiataoding/franco_ros2_franka_ws/install/franka_task_pipeline:/home/jiataoding/franco_ros2_franka_ws/install/franka_ros2:/home/jiataoding/franco_ros2_franka_ws/install/franka_bringup:/home/jiataoding/franco_ros2_franka_ws/install/franka_robot_state_broadcaster:/home/jiataoding/franco_ros2_franka_ws/install/franka_example_controllers:/home/jiataoding/franco_ros2_franka_ws/install/franka_semantic_components:/home/jiataoding/franco_ros2_franka_ws/install/franka_gazebo_bringup:/home/jiataoding/franco_ros2_franka_ws/install/franka_ign_ros2_control:/home/jiataoding/franco_ros2_franka_ws/install/franka_fr3_moveit_config:/home/jiataoding/franco_ros2_franka_ws/install/franka_hardware:/home/jiataoding/franco_ros2_franka_ws/install/franka_gripper:/home/jiataoding/franco_ros2_franka_ws/install/franka_msgs:/home/jiataoding/franco_ros2_franka_ws/install/franka_description:/home/jiataoding/franco_ros2_franka_ws/install/cartesian_impedance_controller:/home/jiataoding/franco_ros2_franka_ws/install/effort_controller_base:/home/jiataoding/franco_ros2_franka_ws/install/debug_msg:/opt/openrobots LD_LIBRARY_PATH=/home/jiataoding/franco_ros2_franka_ws/src/install/franka_hardware/lib:/home/jiataoding/franco_ros2_franka_ws/src/install/franka_gripper/lib:/home/jiataoding/franco_ros2_franka_ws/src/install/franka_msgs/lib:/home/jiataoding/franco_ros2_franka_ws/src/install/joint_impedance_controller/lib:/home/jiataoding/franco_ros2_franka_ws/src/install/integration_launch_testing/lib:/home/jiataoding/franco_ros2_franka_ws/src/install/gravity_compensation/lib:/home/jiataoding/franco_ros2_franka_ws/src/install/franka_robot_state_broadcaster/lib:/home/jiataoding/franco_ros2_franka_ws/src/install/franka_example_controllers/lib:/home/jiataoding/franco_ros2_franka_ws/src/install/franka_semantic_components/lib:/home/jiataoding/franco_ros2_franka_ws/src/install/franka_ign_ros2_control/lib:/home/jiataoding/franco_ros2_franka_ws/src/install/cartesian_impedance_controller/lib:/home/jiataoding/franco_ros2_franka_ws/src/install/effort_controller_base/lib:/home/jiataoding/franco_ros2_franka_ws/src/install/debug_msg/lib:/home/jiataoding/libs/onnxruntime-linux-x64-1.21.0/lib:/home/jiataoding/ros2_franka_ws/install/joint_impedance_controller/lib:/home/jiataoding/ros2_franka_ws/install/integration_launch_testing/lib:/home/jiataoding/ros2_franka_ws/install/gravity_compensation/lib:/home/jiataoding/ros2_franka_ws/install/franka_robot_state_broadcaster/lib:/home/jiataoding/ros2_franka_ws/install/franka_example_controllers/lib:/home/jiataoding/ros2_franka_ws/install/franka_semantic_components/lib:/home/jiataoding/ros2_franka_ws/install/franka_ign_ros2_control/lib:/home/jiataoding/ros2_franka_ws/install/franka_hardware/lib:/home/jiataoding/ros2_franka_ws/install/franka_gripper/lib:/home/jiataoding/ros2_franka_ws/install/franka_msgs/lib:/home/jiataoding/ros2_franka_ws/install/cartesian_impedance_controller/lib:/home/jiataoding/ros2_franka_ws/install/effort_controller_base/lib:/home/jiataoding/ros2_franka_ws/install/debug_msg/lib:/home/jiataoding/franco_ros2_franka_ws/install/joint_impedance_controller/lib:/home/jiataoding/franco_ros2_franka_ws/install/integration_launch_testing/lib:/home/jiataoding/franco_ros2_franka_ws/install/gravity_compensation/lib:/home/jiataoding/franco_ros2_franka_ws/install/franka_robot_state_broadcaster/lib:/home/jiataoding/franco_ros2_franka_ws/install/franka_example_controllers/lib:/home/jiataoding/franco_ros2_franka_ws/install/franka_semantic_components/lib:/home/jiataoding/franco_ros2_franka_ws/install/franka_ign_ros2_control/lib:/home/jiataoding/franco_ros2_franka_ws/install/franka_hardware/lib:/home/jiataoding/franco_ros2_franka_ws/install/franka_gripper/lib:/home/jiataoding/franco_ros2_franka_ws/install/franka_msgs/lib:/home/jiataoding/franco_ros2_franka_ws/install/cartesian_impedance_controller/lib:/home/jiataoding/franco_ros2_franka_ws/install/effort_controller_base/lib:/home/jiataoding/franco_ros2_franka_ws/install/debug_msg/lib:/opt/openrobots/lib:/opt/ros/humble/opt/rviz_ogre_vendor/lib:/opt/ros/humble/lib/x86_64-linux-gnu:/opt/ros/humble/lib /usr/bin/cmake --install /home/jiataoding/franco_ros2_franka_ws/src/build/franka_fr3_moveit_config
[1.675s] Level 1:colcon.colcon_core.environment:checking '/home/jiataoding/franco_ros2_franka_ws/src/install/franka_fr3_moveit_config' for CMake config files
[1.675s] Level 1:colcon.colcon_core.shell:create_environment_hook('franka_fr3_moveit_config', 'cmake_prefix_path')
[1.675s] INFO:colcon.colcon_core.shell:Creating environment hook '/home/jiataoding/franco_ros2_franka_ws/src/install/franka_fr3_moveit_config/share/franka_fr3_moveit_config/hook/cmake_prefix_path.ps1'
[1.676s] INFO:colcon.colcon_core.shell:Creating environment descriptor '/home/jiataoding/franco_ros2_franka_ws/src/install/franka_fr3_moveit_config/share/franka_fr3_moveit_config/hook/cmake_prefix_path.dsv'
[1.676s] INFO:colcon.colcon_core.shell:Creating environment hook '/home/jiataoding/franco_ros2_franka_ws/src/install/franka_fr3_moveit_config/share/franka_fr3_moveit_config/hook/cmake_prefix_path.sh'
[1.677s] Level 1:colcon.colcon_core.environment:checking '/home/jiataoding/franco_ros2_franka_ws/src/install/franka_fr3_moveit_config/bin'
[1.677s] Level 1:colcon.colcon_core.environment:checking '/home/jiataoding/franco_ros2_franka_ws/src/install/franka_fr3_moveit_config/lib/pkgconfig/franka_fr3_moveit_config.pc'
[1.677s] Level 1:colcon.colcon_core.environment:checking '/home/jiataoding/franco_ros2_franka_ws/src/install/franka_fr3_moveit_config/lib/python3.10/site-packages'
[1.677s] Level 1:colcon.colcon_core.environment:checking '/home/jiataoding/franco_ros2_franka_ws/src/install/franka_fr3_moveit_config/bin'
[1.677s] INFO:colcon.colcon_core.shell:Creating package script '/home/jiataoding/franco_ros2_franka_ws/src/install/franka_fr3_moveit_config/share/franka_fr3_moveit_config/package.ps1'
[1.677s] INFO:colcon.colcon_core.shell:Creating package descriptor '/home/jiataoding/franco_ros2_franka_ws/src/install/franka_fr3_moveit_config/share/franka_fr3_moveit_config/package.dsv'
[1.678s] INFO:colcon.colcon_core.shell:Creating package script '/home/jiataoding/franco_ros2_franka_ws/src/install/franka_fr3_moveit_config/share/franka_fr3_moveit_config/package.sh'
[1.678s] INFO:colcon.colcon_core.shell:Creating package script '/home/jiataoding/franco_ros2_franka_ws/src/install/franka_fr3_moveit_config/share/franka_fr3_moveit_config/package.bash'
[1.678s] INFO:colcon.colcon_core.shell:Creating package script '/home/jiataoding/franco_ros2_franka_ws/src/install/franka_fr3_moveit_config/share/franka_fr3_moveit_config/package.zsh'
[1.679s] Level 1:colcon.colcon_core.environment:create_file_with_runtime_dependencies(/home/jiataoding/franco_ros2_franka_ws/src/install/franka_fr3_moveit_config/share/colcon-core/packages/franka_fr3_moveit_config)
[1.679s] Level 1:colcon.colcon_core.environment:create_environment_scripts_only(franka_fr3_moveit_config)
[1.679s] Level 1:colcon.colcon_core.environment:checking '/home/jiataoding/franco_ros2_franka_ws/src/install/franka_fr3_moveit_config' for CMake module files
[1.679s] Level 1:colcon.colcon_core.environment:checking '/home/jiataoding/franco_ros2_franka_ws/src/install/franka_fr3_moveit_config' for CMake config files
[1.680s] Level 1:colcon.colcon_core.shell:create_environment_hook('franka_fr3_moveit_config', 'cmake_prefix_path')
[1.680s] INFO:colcon.colcon_core.shell:Creating environment hook '/home/jiataoding/franco_ros2_franka_ws/src/install/franka_fr3_moveit_config/share/franka_fr3_moveit_config/hook/cmake_prefix_path.ps1'
[1.680s] INFO:colcon.colcon_core.shell:Creating environment descriptor '/home/jiataoding/franco_ros2_franka_ws/src/install/franka_fr3_moveit_config/share/franka_fr3_moveit_config/hook/cmake_prefix_path.dsv'
[1.680s] INFO:colcon.colcon_core.shell:Creating environment hook '/home/jiataoding/franco_ros2_franka_ws/src/install/franka_fr3_moveit_config/share/franka_fr3_moveit_config/hook/cmake_prefix_path.sh'
[1.681s] Level 1:colcon.colcon_core.environment:checking '/home/jiataoding/franco_ros2_franka_ws/src/install/franka_fr3_moveit_config/bin'
[1.681s] Level 1:colcon.colcon_core.environment:checking '/home/jiataoding/franco_ros2_franka_ws/src/install/franka_fr3_moveit_config/lib/pkgconfig/franka_fr3_moveit_config.pc'
[1.681s] Level 1:colcon.colcon_core.environment:checking '/home/jiataoding/franco_ros2_franka_ws/src/install/franka_fr3_moveit_config/lib/python3.10/site-packages'
[1.681s] Level 1:colcon.colcon_core.environment:checking '/home/jiataoding/franco_ros2_franka_ws/src/install/franka_fr3_moveit_config/bin'
[1.682s] INFO:colcon.colcon_core.shell:Creating package script '/home/jiataoding/franco_ros2_franka_ws/src/install/franka_fr3_moveit_config/share/franka_fr3_moveit_config/package.ps1'
[1.682s] INFO:colcon.colcon_core.shell:Creating package descriptor '/home/jiataoding/franco_ros2_franka_ws/src/install/franka_fr3_moveit_config/share/franka_fr3_moveit_config/package.dsv'
[1.682s] INFO:colcon.colcon_core.shell:Creating package script '/home/jiataoding/franco_ros2_franka_ws/src/install/franka_fr3_moveit_config/share/franka_fr3_moveit_config/package.sh'
[1.682s] INFO:colcon.colcon_core.shell:Creating package script '/home/jiataoding/franco_ros2_franka_ws/src/install/franka_fr3_moveit_config/share/franka_fr3_moveit_config/package.bash'
[1.683s] INFO:colcon.colcon_core.shell:Creating package script '/home/jiataoding/franco_ros2_franka_ws/src/install/franka_fr3_moveit_config/share/franka_fr3_moveit_config/package.zsh'
[1.683s] Level 1:colcon.colcon_core.environment:create_file_with_runtime_dependencies(/home/jiataoding/franco_ros2_franka_ws/src/install/franka_fr3_moveit_config/share/colcon-core/packages/franka_fr3_moveit_config)
[1.795s] DEBUG:colcon.colcon_core.event_handler.log_command:Invoked command in '/home/jiataoding/franco_ros2_franka_ws/src/build/franka_robot_state_broadcaster' returned '0': CMAKE_PREFIX_PATH=/home/jiataoding/franco_ros2_franka_ws/src/install/franka_semantic_components:/home/jiataoding/franco_ros2_franka_ws/src/install/franka_hardware:/home/jiataoding/franco_ros2_franka_ws/src/install/franka_msgs:/home/jiataoding/franco_ros2_franka_ws/src/install/joint_impedance_controller:/home/jiataoding/franco_ros2_franka_ws/src/install/integration_launch_testing:/home/jiataoding/franco_ros2_franka_ws/src/install/idra_franka_launch:/home/jiataoding/franco_ros2_franka_ws/src/install/gravity_compensation:/home/jiataoding/franco_ros2_franka_ws/src/install/franka_task_pipeline:/home/jiataoding/franco_ros2_franka_ws/src/install/franka_ros2:/home/jiataoding/franco_ros2_franka_ws/src/install/franka_bringup:/home/jiataoding/franco_ros2_franka_ws/src/install/franka_robot_state_broadcaster:/home/jiataoding/franco_ros2_franka_ws/src/install/franka_example_controllers:/home/jiataoding/franco_ros2_franka_ws/src/install/franka_gazebo_bringup:/home/jiataoding/franco_ros2_franka_ws/src/install/franka_ign_ros2_control:/home/jiataoding/franco_ros2_franka_ws/src/install/franka_fr3_moveit_config:/home/jiataoding/franco_ros2_franka_ws/src/install/franka_gripper:/home/jiataoding/franco_ros2_franka_ws/src/install/franka_description:/home/jiataoding/franco_ros2_franka_ws/src/install/cartesian_impedance_controller:/opt/ros/humble:/home/jiataoding/franco_ros2_franka_ws/src/install/effort_controller_base:/home/jiataoding/franco_ros2_franka_ws/src/install/debug_msg:/home/jiataoding/ros2_franka_ws/install/joint_impedance_controller:/home/jiataoding/ros2_franka_ws/install/integration_launch_testing:/home/jiataoding/ros2_franka_ws/install/idra_franka_launch:/home/jiataoding/ros2_franka_ws/install/gravity_compensation:/home/jiataoding/ros2_franka_ws/install/franka_task_pipeline:/home/jiataoding/ros2_franka_ws/install/franka_ros2:/home/jiataoding/ros2_franka_ws/install/franka_bringup:/home/jiataoding/ros2_franka_ws/install/franka_robot_state_broadcaster:/home/jiataoding/ros2_franka_ws/install/franka_example_controllers:/home/jiataoding/ros2_franka_ws/install/franka_semantic_components:/home/jiataoding/ros2_franka_ws/install/franka_gazebo_bringup:/home/jiataoding/ros2_franka_ws/install/franka_ign_ros2_control:/home/jiataoding/ros2_franka_ws/install/franka_fr3_moveit_config:/home/jiataoding/ros2_franka_ws/install/franka_hardware:/home/jiataoding/ros2_franka_ws/install/franka_gripper:/home/jiataoding/ros2_franka_ws/install/franka_msgs:/home/jiataoding/ros2_franka_ws/install/franka_description:/home/jiataoding/ros2_franka_ws/install/cartesian_impedance_controller:/home/jiataoding/ros2_franka_ws/install/effort_controller_base:/home/jiataoding/ros2_franka_ws/install/debug_msg:/home/jiataoding/franco_ros2_franka_ws/install/joint_impedance_controller:/home/jiataoding/franco_ros2_franka_ws/install/integration_launch_testing:/home/jiataoding/franco_ros2_franka_ws/install/idra_franka_launch:/home/jiataoding/franco_ros2_franka_ws/install/gravity_compensation:/home/jiataoding/franco_ros2_franka_ws/install/franka_task_pipeline:/home/jiataoding/franco_ros2_franka_ws/install/franka_ros2:/home/jiataoding/franco_ros2_franka_ws/install/franka_bringup:/home/jiataoding/franco_ros2_franka_ws/install/franka_robot_state_broadcaster:/home/jiataoding/franco_ros2_franka_ws/install/franka_example_controllers:/home/jiataoding/franco_ros2_franka_ws/install/franka_semantic_components:/home/jiataoding/franco_ros2_franka_ws/install/franka_gazebo_bringup:/home/jiataoding/franco_ros2_franka_ws/install/franka_ign_ros2_control:/home/jiataoding/franco_ros2_franka_ws/install/franka_fr3_moveit_config:/home/jiataoding/franco_ros2_franka_ws/install/franka_hardware:/home/jiataoding/franco_ros2_franka_ws/install/franka_gripper:/home/jiataoding/franco_ros2_franka_ws/install/franka_msgs:/home/jiataoding/franco_ros2_franka_ws/install/franka_description:/home/jiataoding/franco_ros2_franka_ws/install/cartesian_impedance_controller:/home/jiataoding/franco_ros2_franka_ws/install/effort_controller_base:/home/jiataoding/franco_ros2_franka_ws/install/debug_msg:/opt/openrobots LD_LIBRARY_PATH=/home/jiataoding/franco_ros2_franka_ws/src/install/franka_semantic_components/lib:/home/jiataoding/franco_ros2_franka_ws/src/install/franka_hardware/lib:/home/jiataoding/franco_ros2_franka_ws/src/install/franka_msgs/lib:/home/jiataoding/franco_ros2_franka_ws/src/install/joint_impedance_controller/lib:/home/jiataoding/franco_ros2_franka_ws/src/install/integration_launch_testing/lib:/home/jiataoding/franco_ros2_franka_ws/src/install/gravity_compensation/lib:/home/jiataoding/franco_ros2_franka_ws/src/install/franka_robot_state_broadcaster/lib:/home/jiataoding/franco_ros2_franka_ws/src/install/franka_example_controllers/lib:/home/jiataoding/franco_ros2_franka_ws/src/install/franka_ign_ros2_control/lib:/home/jiataoding/franco_ros2_franka_ws/src/install/franka_gripper/lib:/home/jiataoding/franco_ros2_franka_ws/src/install/cartesian_impedance_controller/lib:/home/jiataoding/franco_ros2_franka_ws/src/install/effort_controller_base/lib:/home/jiataoding/franco_ros2_franka_ws/src/install/debug_msg/lib:/home/jiataoding/libs/onnxruntime-linux-x64-1.21.0/lib:/home/jiataoding/ros2_franka_ws/install/joint_impedance_controller/lib:/home/jiataoding/ros2_franka_ws/install/integration_launch_testing/lib:/home/jiataoding/ros2_franka_ws/install/gravity_compensation/lib:/home/jiataoding/ros2_franka_ws/install/franka_robot_state_broadcaster/lib:/home/jiataoding/ros2_franka_ws/install/franka_example_controllers/lib:/home/jiataoding/ros2_franka_ws/install/franka_semantic_components/lib:/home/jiataoding/ros2_franka_ws/install/franka_ign_ros2_control/lib:/home/jiataoding/ros2_franka_ws/install/franka_hardware/lib:/home/jiataoding/ros2_franka_ws/install/franka_gripper/lib:/home/jiataoding/ros2_franka_ws/install/franka_msgs/lib:/home/jiataoding/ros2_franka_ws/install/cartesian_impedance_controller/lib:/home/jiataoding/ros2_franka_ws/install/effort_controller_base/lib:/home/jiataoding/ros2_franka_ws/install/debug_msg/lib:/home/jiataoding/franco_ros2_franka_ws/install/joint_impedance_controller/lib:/home/jiataoding/franco_ros2_franka_ws/install/integration_launch_testing/lib:/home/jiataoding/franco_ros2_franka_ws/install/gravity_compensation/lib:/home/jiataoding/franco_ros2_franka_ws/install/franka_robot_state_broadcaster/lib:/home/jiataoding/franco_ros2_franka_ws/install/franka_example_controllers/lib:/home/jiataoding/franco_ros2_franka_ws/install/franka_semantic_components/lib:/home/jiataoding/franco_ros2_franka_ws/install/franka_ign_ros2_control/lib:/home/jiataoding/franco_ros2_franka_ws/install/franka_hardware/lib:/home/jiataoding/franco_ros2_franka_ws/install/franka_gripper/lib:/home/jiataoding/franco_ros2_franka_ws/install/franka_msgs/lib:/home/jiataoding/franco_ros2_franka_ws/install/cartesian_impedance_controller/lib:/home/jiataoding/franco_ros2_franka_ws/install/effort_controller_base/lib:/home/jiataoding/franco_ros2_franka_ws/install/debug_msg/lib:/opt/openrobots/lib:/opt/ros/humble/opt/rviz_ogre_vendor/lib:/opt/ros/humble/lib/x86_64-linux-gnu:/opt/ros/humble/lib /usr/bin/cmake --build /home/jiataoding/franco_ros2_franka_ws/src/build/franka_robot_state_broadcaster -- -j24 -l24
[1.797s] DEBUG:colcon.colcon_core.event_handler.log_command:Invoking command in '/home/jiataoding/franco_ros2_franka_ws/src/build/franka_robot_state_broadcaster': CMAKE_PREFIX_PATH=/home/jiataoding/franco_ros2_franka_ws/src/install/franka_semantic_components:/home/jiataoding/franco_ros2_franka_ws/src/install/franka_hardware:/home/jiataoding/franco_ros2_franka_ws/src/install/franka_msgs:/home/jiataoding/franco_ros2_franka_ws/src/install/joint_impedance_controller:/home/jiataoding/franco_ros2_franka_ws/src/install/integration_launch_testing:/home/jiataoding/franco_ros2_franka_ws/src/install/idra_franka_launch:/home/jiataoding/franco_ros2_franka_ws/src/install/gravity_compensation:/home/jiataoding/franco_ros2_franka_ws/src/install/franka_task_pipeline:/home/jiataoding/franco_ros2_franka_ws/src/install/franka_ros2:/home/jiataoding/franco_ros2_franka_ws/src/install/franka_bringup:/home/jiataoding/franco_ros2_franka_ws/src/install/franka_robot_state_broadcaster:/home/jiataoding/franco_ros2_franka_ws/src/install/franka_example_controllers:/home/jiataoding/franco_ros2_franka_ws/src/install/franka_gazebo_bringup:/home/jiataoding/franco_ros2_franka_ws/src/install/franka_ign_ros2_control:/home/jiataoding/franco_ros2_franka_ws/src/install/franka_fr3_moveit_config:/home/jiataoding/franco_ros2_franka_ws/src/install/franka_gripper:/home/jiataoding/franco_ros2_franka_ws/src/install/franka_description:/home/jiataoding/franco_ros2_franka_ws/src/install/cartesian_impedance_controller:/opt/ros/humble:/home/jiataoding/franco_ros2_franka_ws/src/install/effort_controller_base:/home/jiataoding/franco_ros2_franka_ws/src/install/debug_msg:/home/jiataoding/ros2_franka_ws/install/joint_impedance_controller:/home/jiataoding/ros2_franka_ws/install/integration_launch_testing:/home/jiataoding/ros2_franka_ws/install/idra_franka_launch:/home/jiataoding/ros2_franka_ws/install/gravity_compensation:/home/jiataoding/ros2_franka_ws/install/franka_task_pipeline:/home/jiataoding/ros2_franka_ws/install/franka_ros2:/home/jiataoding/ros2_franka_ws/install/franka_bringup:/home/jiataoding/ros2_franka_ws/install/franka_robot_state_broadcaster:/home/jiataoding/ros2_franka_ws/install/franka_example_controllers:/home/jiataoding/ros2_franka_ws/install/franka_semantic_components:/home/jiataoding/ros2_franka_ws/install/franka_gazebo_bringup:/home/jiataoding/ros2_franka_ws/install/franka_ign_ros2_control:/home/jiataoding/ros2_franka_ws/install/franka_fr3_moveit_config:/home/jiataoding/ros2_franka_ws/install/franka_hardware:/home/jiataoding/ros2_franka_ws/install/franka_gripper:/home/jiataoding/ros2_franka_ws/install/franka_msgs:/home/jiataoding/ros2_franka_ws/install/franka_description:/home/jiataoding/ros2_franka_ws/install/cartesian_impedance_controller:/home/jiataoding/ros2_franka_ws/install/effort_controller_base:/home/jiataoding/ros2_franka_ws/install/debug_msg:/home/jiataoding/franco_ros2_franka_ws/install/joint_impedance_controller:/home/jiataoding/franco_ros2_franka_ws/install/integration_launch_testing:/home/jiataoding/franco_ros2_franka_ws/install/idra_franka_launch:/home/jiataoding/franco_ros2_franka_ws/install/gravity_compensation:/home/jiataoding/franco_ros2_franka_ws/install/franka_task_pipeline:/home/jiataoding/franco_ros2_franka_ws/install/franka_ros2:/home/jiataoding/franco_ros2_franka_ws/install/franka_bringup:/home/jiataoding/franco_ros2_franka_ws/install/franka_robot_state_broadcaster:/home/jiataoding/franco_ros2_franka_ws/install/franka_example_controllers:/home/jiataoding/franco_ros2_franka_ws/install/franka_semantic_components:/home/jiataoding/franco_ros2_franka_ws/install/franka_gazebo_bringup:/home/jiataoding/franco_ros2_franka_ws/install/franka_ign_ros2_control:/home/jiataoding/franco_ros2_franka_ws/install/franka_fr3_moveit_config:/home/jiataoding/franco_ros2_franka_ws/install/franka_hardware:/home/jiataoding/franco_ros2_franka_ws/install/franka_gripper:/home/jiataoding/franco_ros2_franka_ws/install/franka_msgs:/home/jiataoding/franco_ros2_franka_ws/install/franka_description:/home/jiataoding/franco_ros2_franka_ws/install/cartesian_impedance_controller:/home/jiataoding/franco_ros2_franka_ws/install/effort_controller_base:/home/jiataoding/franco_ros2_franka_ws/install/debug_msg:/opt/openrobots LD_LIBRARY_PATH=/home/jiataoding/franco_ros2_franka_ws/src/install/franka_semantic_components/lib:/home/jiataoding/franco_ros2_franka_ws/src/install/franka_hardware/lib:/home/jiataoding/franco_ros2_franka_ws/src/install/franka_msgs/lib:/home/jiataoding/franco_ros2_franka_ws/src/install/joint_impedance_controller/lib:/home/jiataoding/franco_ros2_franka_ws/src/install/integration_launch_testing/lib:/home/jiataoding/franco_ros2_franka_ws/src/install/gravity_compensation/lib:/home/jiataoding/franco_ros2_franka_ws/src/install/franka_robot_state_broadcaster/lib:/home/jiataoding/franco_ros2_franka_ws/src/install/franka_example_controllers/lib:/home/jiataoding/franco_ros2_franka_ws/src/install/franka_ign_ros2_control/lib:/home/jiataoding/franco_ros2_franka_ws/src/install/franka_gripper/lib:/home/jiataoding/franco_ros2_franka_ws/src/install/cartesian_impedance_controller/lib:/home/jiataoding/franco_ros2_franka_ws/src/install/effort_controller_base/lib:/home/jiataoding/franco_ros2_franka_ws/src/install/debug_msg/lib:/home/jiataoding/libs/onnxruntime-linux-x64-1.21.0/lib:/home/jiataoding/ros2_franka_ws/install/joint_impedance_controller/lib:/home/jiataoding/ros2_franka_ws/install/integration_launch_testing/lib:/home/jiataoding/ros2_franka_ws/install/gravity_compensation/lib:/home/jiataoding/ros2_franka_ws/install/franka_robot_state_broadcaster/lib:/home/jiataoding/ros2_franka_ws/install/franka_example_controllers/lib:/home/jiataoding/ros2_franka_ws/install/franka_semantic_components/lib:/home/jiataoding/ros2_franka_ws/install/franka_ign_ros2_control/lib:/home/jiataoding/ros2_franka_ws/install/franka_hardware/lib:/home/jiataoding/ros2_franka_ws/install/franka_gripper/lib:/home/jiataoding/ros2_franka_ws/install/franka_msgs/lib:/home/jiataoding/ros2_franka_ws/install/cartesian_impedance_controller/lib:/home/jiataoding/ros2_franka_ws/install/effort_controller_base/lib:/home/jiataoding/ros2_franka_ws/install/debug_msg/lib:/home/jiataoding/franco_ros2_franka_ws/install/joint_impedance_controller/lib:/home/jiataoding/franco_ros2_franka_ws/install/integration_launch_testing/lib:/home/jiataoding/franco_ros2_franka_ws/install/gravity_compensation/lib:/home/jiataoding/franco_ros2_franka_ws/install/franka_robot_state_broadcaster/lib:/home/jiataoding/franco_ros2_franka_ws/install/franka_example_controllers/lib:/home/jiataoding/franco_ros2_franka_ws/install/franka_semantic_components/lib:/home/jiataoding/franco_ros2_franka_ws/install/franka_ign_ros2_control/lib:/home/jiataoding/franco_ros2_franka_ws/install/franka_hardware/lib:/home/jiataoding/franco_ros2_franka_ws/install/franka_gripper/lib:/home/jiataoding/franco_ros2_franka_ws/install/franka_msgs/lib:/home/jiataoding/franco_ros2_franka_ws/install/cartesian_impedance_controller/lib:/home/jiataoding/franco_ros2_franka_ws/install/effort_controller_base/lib:/home/jiataoding/franco_ros2_franka_ws/install/debug_msg/lib:/opt/openrobots/lib:/opt/ros/humble/opt/rviz_ogre_vendor/lib:/opt/ros/humble/lib/x86_64-linux-gnu:/opt/ros/humble/lib /usr/bin/cmake --install /home/jiataoding/franco_ros2_franka_ws/src/build/franka_robot_state_broadcaster
[1.839s] Level 1:colcon.colcon_core.environment:create_environment_scripts_only(franka_robot_state_broadcaster)
[1.840s] Level 1:colcon.colcon_core.environment:checking '/home/jiataoding/franco_ros2_franka_ws/src/install/franka_robot_state_broadcaster' for CMake module files
[1.840s] DEBUG:colcon.colcon_core.event_handler.log_command:Invoked command in '/home/jiataoding/franco_ros2_franka_ws/src/build/franka_robot_state_broadcaster' returned '0': CMAKE_PREFIX_PATH=/home/jiataoding/franco_ros2_franka_ws/src/install/franka_semantic_components:/home/jiataoding/franco_ros2_franka_ws/src/install/franka_hardware:/home/jiataoding/franco_ros2_franka_ws/src/install/franka_msgs:/home/jiataoding/franco_ros2_franka_ws/src/install/joint_impedance_controller:/home/jiataoding/franco_ros2_franka_ws/src/install/integration_launch_testing:/home/jiataoding/franco_ros2_franka_ws/src/install/idra_franka_launch:/home/jiataoding/franco_ros2_franka_ws/src/install/gravity_compensation:/home/jiataoding/franco_ros2_franka_ws/src/install/franka_task_pipeline:/home/jiataoding/franco_ros2_franka_ws/src/install/franka_ros2:/home/jiataoding/franco_ros2_franka_ws/src/install/franka_bringup:/home/jiataoding/franco_ros2_franka_ws/src/install/franka_robot_state_broadcaster:/home/jiataoding/franco_ros2_franka_ws/src/install/franka_example_controllers:/home/jiataoding/franco_ros2_franka_ws/src/install/franka_gazebo_bringup:/home/jiataoding/franco_ros2_franka_ws/src/install/franka_ign_ros2_control:/home/jiataoding/franco_ros2_franka_ws/src/install/franka_fr3_moveit_config:/home/jiataoding/franco_ros2_franka_ws/src/install/franka_gripper:/home/jiataoding/franco_ros2_franka_ws/src/install/franka_description:/home/jiataoding/franco_ros2_franka_ws/src/install/cartesian_impedance_controller:/opt/ros/humble:/home/jiataoding/franco_ros2_franka_ws/src/install/effort_controller_base:/home/jiataoding/franco_ros2_franka_ws/src/install/debug_msg:/home/jiataoding/ros2_franka_ws/install/joint_impedance_controller:/home/jiataoding/ros2_franka_ws/install/integration_launch_testing:/home/jiataoding/ros2_franka_ws/install/idra_franka_launch:/home/jiataoding/ros2_franka_ws/install/gravity_compensation:/home/jiataoding/ros2_franka_ws/install/franka_task_pipeline:/home/jiataoding/ros2_franka_ws/install/franka_ros2:/home/jiataoding/ros2_franka_ws/install/franka_bringup:/home/jiataoding/ros2_franka_ws/install/franka_robot_state_broadcaster:/home/jiataoding/ros2_franka_ws/install/franka_example_controllers:/home/jiataoding/ros2_franka_ws/install/franka_semantic_components:/home/jiataoding/ros2_franka_ws/install/franka_gazebo_bringup:/home/jiataoding/ros2_franka_ws/install/franka_ign_ros2_control:/home/jiataoding/ros2_franka_ws/install/franka_fr3_moveit_config:/home/jiataoding/ros2_franka_ws/install/franka_hardware:/home/jiataoding/ros2_franka_ws/install/franka_gripper:/home/jiataoding/ros2_franka_ws/install/franka_msgs:/home/jiataoding/ros2_franka_ws/install/franka_description:/home/jiataoding/ros2_franka_ws/install/cartesian_impedance_controller:/home/jiataoding/ros2_franka_ws/install/effort_controller_base:/home/jiataoding/ros2_franka_ws/install/debug_msg:/home/jiataoding/franco_ros2_franka_ws/install/joint_impedance_controller:/home/jiataoding/franco_ros2_franka_ws/install/integration_launch_testing:/home/jiataoding/franco_ros2_franka_ws/install/idra_franka_launch:/home/jiataoding/franco_ros2_franka_ws/install/gravity_compensation:/home/jiataoding/franco_ros2_franka_ws/install/franka_task_pipeline:/home/jiataoding/franco_ros2_franka_ws/install/franka_ros2:/home/jiataoding/franco_ros2_franka_ws/install/franka_bringup:/home/jiataoding/franco_ros2_franka_ws/install/franka_robot_state_broadcaster:/home/jiataoding/franco_ros2_franka_ws/install/franka_example_controllers:/home/jiataoding/franco_ros2_franka_ws/install/franka_semantic_components:/home/jiataoding/franco_ros2_franka_ws/install/franka_gazebo_bringup:/home/jiataoding/franco_ros2_franka_ws/install/franka_ign_ros2_control:/home/jiataoding/franco_ros2_franka_ws/install/franka_fr3_moveit_config:/home/jiataoding/franco_ros2_franka_ws/install/franka_hardware:/home/jiataoding/franco_ros2_franka_ws/install/franka_gripper:/home/jiataoding/franco_ros2_franka_ws/install/franka_msgs:/home/jiataoding/franco_ros2_franka_ws/install/franka_description:/home/jiataoding/franco_ros2_franka_ws/install/cartesian_impedance_controller:/home/jiataoding/franco_ros2_franka_ws/install/effort_controller_base:/home/jiataoding/franco_ros2_franka_ws/install/debug_msg:/opt/openrobots LD_LIBRARY_PATH=/home/jiataoding/franco_ros2_franka_ws/src/install/franka_semantic_components/lib:/home/jiataoding/franco_ros2_franka_ws/src/install/franka_hardware/lib:/home/jiataoding/franco_ros2_franka_ws/src/install/franka_msgs/lib:/home/jiataoding/franco_ros2_franka_ws/src/install/joint_impedance_controller/lib:/home/jiataoding/franco_ros2_franka_ws/src/install/integration_launch_testing/lib:/home/jiataoding/franco_ros2_franka_ws/src/install/gravity_compensation/lib:/home/jiataoding/franco_ros2_franka_ws/src/install/franka_robot_state_broadcaster/lib:/home/jiataoding/franco_ros2_franka_ws/src/install/franka_example_controllers/lib:/home/jiataoding/franco_ros2_franka_ws/src/install/franka_ign_ros2_control/lib:/home/jiataoding/franco_ros2_franka_ws/src/install/franka_gripper/lib:/home/jiataoding/franco_ros2_franka_ws/src/install/cartesian_impedance_controller/lib:/home/jiataoding/franco_ros2_franka_ws/src/install/effort_controller_base/lib:/home/jiataoding/franco_ros2_franka_ws/src/install/debug_msg/lib:/home/jiataoding/libs/onnxruntime-linux-x64-1.21.0/lib:/home/jiataoding/ros2_franka_ws/install/joint_impedance_controller/lib:/home/jiataoding/ros2_franka_ws/install/integration_launch_testing/lib:/home/jiataoding/ros2_franka_ws/install/gravity_compensation/lib:/home/jiataoding/ros2_franka_ws/install/franka_robot_state_broadcaster/lib:/home/jiataoding/ros2_franka_ws/install/franka_example_controllers/lib:/home/jiataoding/ros2_franka_ws/install/franka_semantic_components/lib:/home/jiataoding/ros2_franka_ws/install/franka_ign_ros2_control/lib:/home/jiataoding/ros2_franka_ws/install/franka_hardware/lib:/home/jiataoding/ros2_franka_ws/install/franka_gripper/lib:/home/jiataoding/ros2_franka_ws/install/franka_msgs/lib:/home/jiataoding/ros2_franka_ws/install/cartesian_impedance_controller/lib:/home/jiataoding/ros2_franka_ws/install/effort_controller_base/lib:/home/jiataoding/ros2_franka_ws/install/debug_msg/lib:/home/jiataoding/franco_ros2_franka_ws/install/joint_impedance_controller/lib:/home/jiataoding/franco_ros2_franka_ws/install/integration_launch_testing/lib:/home/jiataoding/franco_ros2_franka_ws/install/gravity_compensation/lib:/home/jiataoding/franco_ros2_franka_ws/install/franka_robot_state_broadcaster/lib:/home/jiataoding/franco_ros2_franka_ws/install/franka_example_controllers/lib:/home/jiataoding/franco_ros2_franka_ws/install/franka_semantic_components/lib:/home/jiataoding/franco_ros2_franka_ws/install/franka_ign_ros2_control/lib:/home/jiataoding/franco_ros2_franka_ws/install/franka_hardware/lib:/home/jiataoding/franco_ros2_franka_ws/install/franka_gripper/lib:/home/jiataoding/franco_ros2_franka_ws/install/franka_msgs/lib:/home/jiataoding/franco_ros2_franka_ws/install/cartesian_impedance_controller/lib:/home/jiataoding/franco_ros2_franka_ws/install/effort_controller_base/lib:/home/jiataoding/franco_ros2_franka_ws/install/debug_msg/lib:/opt/openrobots/lib:/opt/ros/humble/opt/rviz_ogre_vendor/lib:/opt/ros/humble/lib/x86_64-linux-gnu:/opt/ros/humble/lib /usr/bin/cmake --install /home/jiataoding/franco_ros2_franka_ws/src/build/franka_robot_state_broadcaster
[1.841s] Level 1:colcon.colcon_core.environment:checking '/home/jiataoding/franco_ros2_franka_ws/src/install/franka_robot_state_broadcaster' for CMake config files
[1.842s] Level 1:colcon.colcon_core.shell:create_environment_hook('franka_robot_state_broadcaster', 'cmake_prefix_path')
[1.842s] INFO:colcon.colcon_core.shell:Creating environment hook '/home/jiataoding/franco_ros2_franka_ws/src/install/franka_robot_state_broadcaster/share/franka_robot_state_broadcaster/hook/cmake_prefix_path.ps1'
[1.843s] INFO:colcon.colcon_core.shell:Creating environment descriptor '/home/jiataoding/franco_ros2_franka_ws/src/install/franka_robot_state_broadcaster/share/franka_robot_state_broadcaster/hook/cmake_prefix_path.dsv'
[1.843s] INFO:colcon.colcon_core.shell:Creating environment hook '/home/jiataoding/franco_ros2_franka_ws/src/install/franka_robot_state_broadcaster/share/franka_robot_state_broadcaster/hook/cmake_prefix_path.sh'
[1.844s] Level 1:colcon.colcon_core.environment:checking '/home/jiataoding/franco_ros2_franka_ws/src/install/franka_robot_state_broadcaster/lib'
[1.844s] Level 1:colcon.colcon_core.shell:create_environment_hook('franka_robot_state_broadcaster', 'ld_library_path_lib')
[1.845s] INFO:colcon.colcon_core.shell:Creating environment hook '/home/jiataoding/franco_ros2_franka_ws/src/install/franka_robot_state_broadcaster/share/franka_robot_state_broadcaster/hook/ld_library_path_lib.ps1'
[1.845s] INFO:colcon.colcon_core.shell:Creating environment descriptor '/home/jiataoding/franco_ros2_franka_ws/src/install/franka_robot_state_broadcaster/share/franka_robot_state_broadcaster/hook/ld_library_path_lib.dsv'
[1.846s] INFO:colcon.colcon_core.shell:Creating environment hook '/home/jiataoding/franco_ros2_franka_ws/src/install/franka_robot_state_broadcaster/share/franka_robot_state_broadcaster/hook/ld_library_path_lib.sh'
[1.846s] Level 1:colcon.colcon_core.environment:checking '/home/jiataoding/franco_ros2_franka_ws/src/install/franka_robot_state_broadcaster/bin'
[1.846s] Level 1:colcon.colcon_core.environment:checking '/home/jiataoding/franco_ros2_franka_ws/src/install/franka_robot_state_broadcaster/lib/pkgconfig/franka_robot_state_broadcaster.pc'
[1.847s] Level 1:colcon.colcon_core.environment:checking '/home/jiataoding/franco_ros2_franka_ws/src/install/franka_robot_state_broadcaster/lib/python3.10/site-packages'
[1.847s] Level 1:colcon.colcon_core.environment:checking '/home/jiataoding/franco_ros2_franka_ws/src/install/franka_robot_state_broadcaster/bin'
[1.848s] INFO:colcon.colcon_core.shell:Creating package script '/home/jiataoding/franco_ros2_franka_ws/src/install/franka_robot_state_broadcaster/share/franka_robot_state_broadcaster/package.ps1'
[1.849s] INFO:colcon.colcon_core.shell:Creating package descriptor '/home/jiataoding/franco_ros2_franka_ws/src/install/franka_robot_state_broadcaster/share/franka_robot_state_broadcaster/package.dsv'
[1.849s] INFO:colcon.colcon_core.shell:Creating package script '/home/jiataoding/franco_ros2_franka_ws/src/install/franka_robot_state_broadcaster/share/franka_robot_state_broadcaster/package.sh'
[1.850s] INFO:colcon.colcon_core.shell:Creating package script '/home/jiataoding/franco_ros2_franka_ws/src/install/franka_robot_state_broadcaster/share/franka_robot_state_broadcaster/package.bash'
[1.850s] INFO:colcon.colcon_core.shell:Creating package script '/home/jiataoding/franco_ros2_franka_ws/src/install/franka_robot_state_broadcaster/share/franka_robot_state_broadcaster/package.zsh'
[1.851s] Level 1:colcon.colcon_core.environment:create_file_with_runtime_dependencies(/home/jiataoding/franco_ros2_franka_ws/src/install/franka_robot_state_broadcaster/share/colcon-core/packages/franka_robot_state_broadcaster)
[1.851s] Level 1:colcon.colcon_core.environment:create_environment_scripts_only(franka_robot_state_broadcaster)
[1.852s] Level 1:colcon.colcon_core.environment:checking '/home/jiataoding/franco_ros2_franka_ws/src/install/franka_robot_state_broadcaster' for CMake module files
[1.852s] Level 1:colcon.colcon_core.environment:checking '/home/jiataoding/franco_ros2_franka_ws/src/install/franka_robot_state_broadcaster' for CMake config files
[1.853s] Level 1:colcon.colcon_core.shell:create_environment_hook('franka_robot_state_broadcaster', 'cmake_prefix_path')
[1.853s] INFO:colcon.colcon_core.shell:Creating environment hook '/home/jiataoding/franco_ros2_franka_ws/src/install/franka_robot_state_broadcaster/share/franka_robot_state_broadcaster/hook/cmake_prefix_path.ps1'
[1.853s] INFO:colcon.colcon_core.shell:Creating environment descriptor '/home/jiataoding/franco_ros2_franka_ws/src/install/franka_robot_state_broadcaster/share/franka_robot_state_broadcaster/hook/cmake_prefix_path.dsv'
[1.854s] INFO:colcon.colcon_core.shell:Creating environment hook '/home/jiataoding/franco_ros2_franka_ws/src/install/franka_robot_state_broadcaster/share/franka_robot_state_broadcaster/hook/cmake_prefix_path.sh'
[1.854s] Level 1:colcon.colcon_core.environment:checking '/home/jiataoding/franco_ros2_franka_ws/src/install/franka_robot_state_broadcaster/lib'
[1.855s] Level 1:colcon.colcon_core.shell:create_environment_hook('franka_robot_state_broadcaster', 'ld_library_path_lib')
[1.855s] INFO:colcon.colcon_core.shell:Creating environment hook '/home/jiataoding/franco_ros2_franka_ws/src/install/franka_robot_state_broadcaster/share/franka_robot_state_broadcaster/hook/ld_library_path_lib.ps1'
[1.855s] INFO:colcon.colcon_core.shell:Creating environment descriptor '/home/jiataoding/franco_ros2_franka_ws/src/install/franka_robot_state_broadcaster/share/franka_robot_state_broadcaster/hook/ld_library_path_lib.dsv'
[1.856s] INFO:colcon.colcon_core.shell:Creating environment hook '/home/jiataoding/franco_ros2_franka_ws/src/install/franka_robot_state_broadcaster/share/franka_robot_state_broadcaster/hook/ld_library_path_lib.sh'
[1.856s] Level 1:colcon.colcon_core.environment:checking '/home/jiataoding/franco_ros2_franka_ws/src/install/franka_robot_state_broadcaster/bin'
[1.856s] Level 1:colcon.colcon_core.environment:checking '/home/jiataoding/franco_ros2_franka_ws/src/install/franka_robot_state_broadcaster/lib/pkgconfig/franka_robot_state_broadcaster.pc'
[1.856s] Level 1:colcon.colcon_core.environment:checking '/home/jiataoding/franco_ros2_franka_ws/src/install/franka_robot_state_broadcaster/lib/python3.10/site-packages'
[1.857s] Level 1:colcon.colcon_core.environment:checking '/home/jiataoding/franco_ros2_franka_ws/src/install/franka_robot_state_broadcaster/bin'
[1.857s] INFO:colcon.colcon_core.shell:Creating package script '/home/jiataoding/franco_ros2_franka_ws/src/install/franka_robot_state_broadcaster/share/franka_robot_state_broadcaster/package.ps1'
[1.858s] INFO:colcon.colcon_core.shell:Creating package descriptor '/home/jiataoding/franco_ros2_franka_ws/src/install/franka_robot_state_broadcaster/share/franka_robot_state_broadcaster/package.dsv'
[1.858s] INFO:colcon.colcon_core.shell:Creating package script '/home/jiataoding/franco_ros2_franka_ws/src/install/franka_robot_state_broadcaster/share/franka_robot_state_broadcaster/package.sh'
[1.859s] INFO:colcon.colcon_core.shell:Creating package script '/home/jiataoding/franco_ros2_franka_ws/src/install/franka_robot_state_broadcaster/share/franka_robot_state_broadcaster/package.bash'
[1.859s] INFO:colcon.colcon_core.shell:Creating package script '/home/jiataoding/franco_ros2_franka_ws/src/install/franka_robot_state_broadcaster/share/franka_robot_state_broadcaster/package.zsh'
[1.860s] Level 1:colcon.colcon_core.environment:create_file_with_runtime_dependencies(/home/jiataoding/franco_ros2_franka_ws/src/install/franka_robot_state_broadcaster/share/colcon-core/packages/franka_robot_state_broadcaster)
[1.860s] INFO:colcon.colcon_ros.task.ament_cmake.build:Building ROS package in '/home/jiataoding/franco_ros2_franka_ws/src/franka_ros2/franka_bringup' with build type 'ament_cmake'
[1.860s] INFO:colcon.colcon_cmake.task.cmake.build:Building CMake package in '/home/jiataoding/franco_ros2_franka_ws/src/franka_ros2/franka_bringup'
[1.861s] INFO:colcon.colcon_core.shell:Skip shell extension 'powershell' for command environment: Not usable outside of PowerShell
[1.861s] DEBUG:colcon.colcon_core.shell:Skip shell extension 'dsv' for command environment
[1.907s] DEBUG:colcon.colcon_core.event_handler.log_command:Invoking command in '/home/jiataoding/franco_ros2_franka_ws/src/build/franka_bringup': CMAKE_PREFIX_PATH=/home/jiataoding/franco_ros2_franka_ws/src/install/franka_robot_state_broadcaster:/home/jiataoding/franco_ros2_franka_ws/src/install/franka_semantic_components:/home/jiataoding/franco_ros2_franka_ws/src/install/franka_hardware:/home/jiataoding/franco_ros2_franka_ws/src/install/franka_msgs:/home/jiataoding/franco_ros2_franka_ws/src/install/franka_description:/home/jiataoding/franco_ros2_franka_ws/src/install/joint_impedance_controller:/home/jiataoding/franco_ros2_franka_ws/src/install/integration_launch_testing:/home/jiataoding/franco_ros2_franka_ws/src/install/idra_franka_launch:/home/jiataoding/franco_ros2_franka_ws/src/install/gravity_compensation:/home/jiataoding/franco_ros2_franka_ws/src/install/franka_task_pipeline:/home/jiataoding/franco_ros2_franka_ws/src/install/franka_ros2:/home/jiataoding/franco_ros2_franka_ws/src/install/franka_bringup:/home/jiataoding/franco_ros2_franka_ws/src/install/franka_example_controllers:/home/jiataoding/franco_ros2_franka_ws/src/install/franka_gazebo_bringup:/home/jiataoding/franco_ros2_franka_ws/src/install/franka_ign_ros2_control:/home/jiataoding/franco_ros2_franka_ws/src/install/franka_fr3_moveit_config:/home/jiataoding/franco_ros2_franka_ws/src/install/franka_gripper:/home/jiataoding/franco_ros2_franka_ws/src/install/cartesian_impedance_controller:/opt/ros/humble:/home/jiataoding/franco_ros2_franka_ws/src/install/effort_controller_base:/home/jiataoding/franco_ros2_franka_ws/src/install/debug_msg:/home/jiataoding/ros2_franka_ws/install/joint_impedance_controller:/home/jiataoding/ros2_franka_ws/install/integration_launch_testing:/home/jiataoding/ros2_franka_ws/install/idra_franka_launch:/home/jiataoding/ros2_franka_ws/install/gravity_compensation:/home/jiataoding/ros2_franka_ws/install/franka_task_pipeline:/home/jiataoding/ros2_franka_ws/install/franka_ros2:/home/jiataoding/ros2_franka_ws/install/franka_bringup:/home/jiataoding/ros2_franka_ws/install/franka_robot_state_broadcaster:/home/jiataoding/ros2_franka_ws/install/franka_example_controllers:/home/jiataoding/ros2_franka_ws/install/franka_semantic_components:/home/jiataoding/ros2_franka_ws/install/franka_gazebo_bringup:/home/jiataoding/ros2_franka_ws/install/franka_ign_ros2_control:/home/jiataoding/ros2_franka_ws/install/franka_fr3_moveit_config:/home/jiataoding/ros2_franka_ws/install/franka_hardware:/home/jiataoding/ros2_franka_ws/install/franka_gripper:/home/jiataoding/ros2_franka_ws/install/franka_msgs:/home/jiataoding/ros2_franka_ws/install/franka_description:/home/jiataoding/ros2_franka_ws/install/cartesian_impedance_controller:/home/jiataoding/ros2_franka_ws/install/effort_controller_base:/home/jiataoding/ros2_franka_ws/install/debug_msg:/home/jiataoding/franco_ros2_franka_ws/install/joint_impedance_controller:/home/jiataoding/franco_ros2_franka_ws/install/integration_launch_testing:/home/jiataoding/franco_ros2_franka_ws/install/idra_franka_launch:/home/jiataoding/franco_ros2_franka_ws/install/gravity_compensation:/home/jiataoding/franco_ros2_franka_ws/install/franka_task_pipeline:/home/jiataoding/franco_ros2_franka_ws/install/franka_ros2:/home/jiataoding/franco_ros2_franka_ws/install/franka_bringup:/home/jiataoding/franco_ros2_franka_ws/install/franka_robot_state_broadcaster:/home/jiataoding/franco_ros2_franka_ws/install/franka_example_controllers:/home/jiataoding/franco_ros2_franka_ws/install/franka_semantic_components:/home/jiataoding/franco_ros2_franka_ws/install/franka_gazebo_bringup:/home/jiataoding/franco_ros2_franka_ws/install/franka_ign_ros2_control:/home/jiataoding/franco_ros2_franka_ws/install/franka_fr3_moveit_config:/home/jiataoding/franco_ros2_franka_ws/install/franka_hardware:/home/jiataoding/franco_ros2_franka_ws/install/franka_gripper:/home/jiataoding/franco_ros2_franka_ws/install/franka_msgs:/home/jiataoding/franco_ros2_franka_ws/install/franka_description:/home/jiataoding/franco_ros2_franka_ws/install/cartesian_impedance_controller:/home/jiataoding/franco_ros2_franka_ws/install/effort_controller_base:/home/jiataoding/franco_ros2_franka_ws/install/debug_msg:/opt/openrobots LD_LIBRARY_PATH=/home/jiataoding/franco_ros2_franka_ws/src/install/franka_robot_state_broadcaster/lib:/home/jiataoding/franco_ros2_franka_ws/src/install/franka_semantic_components/lib:/home/jiataoding/franco_ros2_franka_ws/src/install/franka_hardware/lib:/home/jiataoding/franco_ros2_franka_ws/src/install/franka_msgs/lib:/home/jiataoding/franco_ros2_franka_ws/src/install/joint_impedance_controller/lib:/home/jiataoding/franco_ros2_franka_ws/src/install/integration_launch_testing/lib:/home/jiataoding/franco_ros2_franka_ws/src/install/gravity_compensation/lib:/home/jiataoding/franco_ros2_franka_ws/src/install/franka_example_controllers/lib:/home/jiataoding/franco_ros2_franka_ws/src/install/franka_ign_ros2_control/lib:/home/jiataoding/franco_ros2_franka_ws/src/install/franka_gripper/lib:/home/jiataoding/franco_ros2_franka_ws/src/install/cartesian_impedance_controller/lib:/home/jiataoding/franco_ros2_franka_ws/src/install/effort_controller_base/lib:/home/jiataoding/franco_ros2_franka_ws/src/install/debug_msg/lib:/home/jiataoding/libs/onnxruntime-linux-x64-1.21.0/lib:/home/jiataoding/ros2_franka_ws/install/joint_impedance_controller/lib:/home/jiataoding/ros2_franka_ws/install/integration_launch_testing/lib:/home/jiataoding/ros2_franka_ws/install/gravity_compensation/lib:/home/jiataoding/ros2_franka_ws/install/franka_robot_state_broadcaster/lib:/home/jiataoding/ros2_franka_ws/install/franka_example_controllers/lib:/home/jiataoding/ros2_franka_ws/install/franka_semantic_components/lib:/home/jiataoding/ros2_franka_ws/install/franka_ign_ros2_control/lib:/home/jiataoding/ros2_franka_ws/install/franka_hardware/lib:/home/jiataoding/ros2_franka_ws/install/franka_gripper/lib:/home/jiataoding/ros2_franka_ws/install/franka_msgs/lib:/home/jiataoding/ros2_franka_ws/install/cartesian_impedance_controller/lib:/home/jiataoding/ros2_franka_ws/install/effort_controller_base/lib:/home/jiataoding/ros2_franka_ws/install/debug_msg/lib:/home/jiataoding/franco_ros2_franka_ws/install/joint_impedance_controller/lib:/home/jiataoding/franco_ros2_franka_ws/install/integration_launch_testing/lib:/home/jiataoding/franco_ros2_franka_ws/install/gravity_compensation/lib:/home/jiataoding/franco_ros2_franka_ws/install/franka_robot_state_broadcaster/lib:/home/jiataoding/franco_ros2_franka_ws/install/franka_example_controllers/lib:/home/jiataoding/franco_ros2_franka_ws/install/franka_semantic_components/lib:/home/jiataoding/franco_ros2_franka_ws/install/franka_ign_ros2_control/lib:/home/jiataoding/franco_ros2_franka_ws/install/franka_hardware/lib:/home/jiataoding/franco_ros2_franka_ws/install/franka_gripper/lib:/home/jiataoding/franco_ros2_franka_ws/install/franka_msgs/lib:/home/jiataoding/franco_ros2_franka_ws/install/cartesian_impedance_controller/lib:/home/jiataoding/franco_ros2_franka_ws/install/effort_controller_base/lib:/home/jiataoding/franco_ros2_franka_ws/install/debug_msg/lib:/opt/openrobots/lib:/opt/ros/humble/opt/rviz_ogre_vendor/lib:/opt/ros/humble/lib/x86_64-linux-gnu:/opt/ros/humble/lib /usr/bin/cmake --build /home/jiataoding/franco_ros2_franka_ws/src/build/franka_bringup -- -j24 -l24
[1.911s] DEBUG:colcon.colcon_core.event_handler.log_command:Invoked command in '/home/jiataoding/franco_ros2_franka_ws/src/build/franka_example_controllers' returned '0': CMAKE_PREFIX_PATH=/home/jiataoding/franco_ros2_franka_ws/src/install/franka_semantic_components:/home/jiataoding/franco_ros2_franka_ws/src/install/franka_hardware:/home/jiataoding/franco_ros2_franka_ws/src/install/franka_msgs:/home/jiataoding/franco_ros2_franka_ws/src/install/joint_impedance_controller:/home/jiataoding/franco_ros2_franka_ws/src/install/integration_launch_testing:/home/jiataoding/franco_ros2_franka_ws/src/install/idra_franka_launch:/home/jiataoding/franco_ros2_franka_ws/src/install/gravity_compensation:/home/jiataoding/franco_ros2_franka_ws/src/install/franka_task_pipeline:/home/jiataoding/franco_ros2_franka_ws/src/install/franka_ros2:/home/jiataoding/franco_ros2_franka_ws/src/install/franka_bringup:/home/jiataoding/franco_ros2_franka_ws/src/install/franka_robot_state_broadcaster:/home/jiataoding/franco_ros2_franka_ws/src/install/franka_example_controllers:/home/jiataoding/franco_ros2_franka_ws/src/install/franka_gazebo_bringup:/home/jiataoding/franco_ros2_franka_ws/src/install/franka_ign_ros2_control:/home/jiataoding/franco_ros2_franka_ws/src/install/franka_fr3_moveit_config:/home/jiataoding/franco_ros2_franka_ws/src/install/franka_gripper:/home/jiataoding/franco_ros2_franka_ws/src/install/franka_description:/home/jiataoding/franco_ros2_franka_ws/src/install/cartesian_impedance_controller:/opt/ros/humble:/home/jiataoding/franco_ros2_franka_ws/src/install/effort_controller_base:/home/jiataoding/franco_ros2_franka_ws/src/install/debug_msg:/home/jiataoding/ros2_franka_ws/install/joint_impedance_controller:/home/jiataoding/ros2_franka_ws/install/integration_launch_testing:/home/jiataoding/ros2_franka_ws/install/idra_franka_launch:/home/jiataoding/ros2_franka_ws/install/gravity_compensation:/home/jiataoding/ros2_franka_ws/install/franka_task_pipeline:/home/jiataoding/ros2_franka_ws/install/franka_ros2:/home/jiataoding/ros2_franka_ws/install/franka_bringup:/home/jiataoding/ros2_franka_ws/install/franka_robot_state_broadcaster:/home/jiataoding/ros2_franka_ws/install/franka_example_controllers:/home/jiataoding/ros2_franka_ws/install/franka_semantic_components:/home/jiataoding/ros2_franka_ws/install/franka_gazebo_bringup:/home/jiataoding/ros2_franka_ws/install/franka_ign_ros2_control:/home/jiataoding/ros2_franka_ws/install/franka_fr3_moveit_config:/home/jiataoding/ros2_franka_ws/install/franka_hardware:/home/jiataoding/ros2_franka_ws/install/franka_gripper:/home/jiataoding/ros2_franka_ws/install/franka_msgs:/home/jiataoding/ros2_franka_ws/install/franka_description:/home/jiataoding/ros2_franka_ws/install/cartesian_impedance_controller:/home/jiataoding/ros2_franka_ws/install/effort_controller_base:/home/jiataoding/ros2_franka_ws/install/debug_msg:/home/jiataoding/franco_ros2_franka_ws/install/joint_impedance_controller:/home/jiataoding/franco_ros2_franka_ws/install/integration_launch_testing:/home/jiataoding/franco_ros2_franka_ws/install/idra_franka_launch:/home/jiataoding/franco_ros2_franka_ws/install/gravity_compensation:/home/jiataoding/franco_ros2_franka_ws/install/franka_task_pipeline:/home/jiataoding/franco_ros2_franka_ws/install/franka_ros2:/home/jiataoding/franco_ros2_franka_ws/install/franka_bringup:/home/jiataoding/franco_ros2_franka_ws/install/franka_robot_state_broadcaster:/home/jiataoding/franco_ros2_franka_ws/install/franka_example_controllers:/home/jiataoding/franco_ros2_franka_ws/install/franka_semantic_components:/home/jiataoding/franco_ros2_franka_ws/install/franka_gazebo_bringup:/home/jiataoding/franco_ros2_franka_ws/install/franka_ign_ros2_control:/home/jiataoding/franco_ros2_franka_ws/install/franka_fr3_moveit_config:/home/jiataoding/franco_ros2_franka_ws/install/franka_hardware:/home/jiataoding/franco_ros2_franka_ws/install/franka_gripper:/home/jiataoding/franco_ros2_franka_ws/install/franka_msgs:/home/jiataoding/franco_ros2_franka_ws/install/franka_description:/home/jiataoding/franco_ros2_franka_ws/install/cartesian_impedance_controller:/home/jiataoding/franco_ros2_franka_ws/install/effort_controller_base:/home/jiataoding/franco_ros2_franka_ws/install/debug_msg:/opt/openrobots LD_LIBRARY_PATH=/home/jiataoding/franco_ros2_franka_ws/src/install/franka_semantic_components/lib:/home/jiataoding/franco_ros2_franka_ws/src/install/franka_hardware/lib:/home/jiataoding/franco_ros2_franka_ws/src/install/franka_msgs/lib:/home/jiataoding/franco_ros2_franka_ws/src/install/joint_impedance_controller/lib:/home/jiataoding/franco_ros2_franka_ws/src/install/integration_launch_testing/lib:/home/jiataoding/franco_ros2_franka_ws/src/install/gravity_compensation/lib:/home/jiataoding/franco_ros2_franka_ws/src/install/franka_robot_state_broadcaster/lib:/home/jiataoding/franco_ros2_franka_ws/src/install/franka_example_controllers/lib:/home/jiataoding/franco_ros2_franka_ws/src/install/franka_ign_ros2_control/lib:/home/jiataoding/franco_ros2_franka_ws/src/install/franka_gripper/lib:/home/jiataoding/franco_ros2_franka_ws/src/install/cartesian_impedance_controller/lib:/home/jiataoding/franco_ros2_franka_ws/src/install/effort_controller_base/lib:/home/jiataoding/franco_ros2_franka_ws/src/install/debug_msg/lib:/home/jiataoding/libs/onnxruntime-linux-x64-1.21.0/lib:/home/jiataoding/ros2_franka_ws/install/joint_impedance_controller/lib:/home/jiataoding/ros2_franka_ws/install/integration_launch_testing/lib:/home/jiataoding/ros2_franka_ws/install/gravity_compensation/lib:/home/jiataoding/ros2_franka_ws/install/franka_robot_state_broadcaster/lib:/home/jiataoding/ros2_franka_ws/install/franka_example_controllers/lib:/home/jiataoding/ros2_franka_ws/install/franka_semantic_components/lib:/home/jiataoding/ros2_franka_ws/install/franka_ign_ros2_control/lib:/home/jiataoding/ros2_franka_ws/install/franka_hardware/lib:/home/jiataoding/ros2_franka_ws/install/franka_gripper/lib:/home/jiataoding/ros2_franka_ws/install/franka_msgs/lib:/home/jiataoding/ros2_franka_ws/install/cartesian_impedance_controller/lib:/home/jiataoding/ros2_franka_ws/install/effort_controller_base/lib:/home/jiataoding/ros2_franka_ws/install/debug_msg/lib:/home/jiataoding/franco_ros2_franka_ws/install/joint_impedance_controller/lib:/home/jiataoding/franco_ros2_franka_ws/install/integration_launch_testing/lib:/home/jiataoding/franco_ros2_franka_ws/install/gravity_compensation/lib:/home/jiataoding/franco_ros2_franka_ws/install/franka_robot_state_broadcaster/lib:/home/jiataoding/franco_ros2_franka_ws/install/franka_example_controllers/lib:/home/jiataoding/franco_ros2_franka_ws/install/franka_semantic_components/lib:/home/jiataoding/franco_ros2_franka_ws/install/franka_ign_ros2_control/lib:/home/jiataoding/franco_ros2_franka_ws/install/franka_hardware/lib:/home/jiataoding/franco_ros2_franka_ws/install/franka_gripper/lib:/home/jiataoding/franco_ros2_franka_ws/install/franka_msgs/lib:/home/jiataoding/franco_ros2_franka_ws/install/cartesian_impedance_controller/lib:/home/jiataoding/franco_ros2_franka_ws/install/effort_controller_base/lib:/home/jiataoding/franco_ros2_franka_ws/install/debug_msg/lib:/opt/openrobots/lib:/opt/ros/humble/opt/rviz_ogre_vendor/lib:/opt/ros/humble/lib/x86_64-linux-gnu:/opt/ros/humble/lib /usr/bin/cmake --build /home/jiataoding/franco_ros2_franka_ws/src/build/franka_example_controllers -- -j24 -l24
[1.913s] DEBUG:colcon.colcon_core.event_handler.log_command:Invoking command in '/home/jiataoding/franco_ros2_franka_ws/src/build/franka_example_controllers': CMAKE_PREFIX_PATH=/home/jiataoding/franco_ros2_franka_ws/src/install/franka_semantic_components:/home/jiataoding/franco_ros2_franka_ws/src/install/franka_hardware:/home/jiataoding/franco_ros2_franka_ws/src/install/franka_msgs:/home/jiataoding/franco_ros2_franka_ws/src/install/joint_impedance_controller:/home/jiataoding/franco_ros2_franka_ws/src/install/integration_launch_testing:/home/jiataoding/franco_ros2_franka_ws/src/install/idra_franka_launch:/home/jiataoding/franco_ros2_franka_ws/src/install/gravity_compensation:/home/jiataoding/franco_ros2_franka_ws/src/install/franka_task_pipeline:/home/jiataoding/franco_ros2_franka_ws/src/install/franka_ros2:/home/jiataoding/franco_ros2_franka_ws/src/install/franka_bringup:/home/jiataoding/franco_ros2_franka_ws/src/install/franka_robot_state_broadcaster:/home/jiataoding/franco_ros2_franka_ws/src/install/franka_example_controllers:/home/jiataoding/franco_ros2_franka_ws/src/install/franka_gazebo_bringup:/home/jiataoding/franco_ros2_franka_ws/src/install/franka_ign_ros2_control:/home/jiataoding/franco_ros2_franka_ws/src/install/franka_fr3_moveit_config:/home/jiataoding/franco_ros2_franka_ws/src/install/franka_gripper:/home/jiataoding/franco_ros2_franka_ws/src/install/franka_description:/home/jiataoding/franco_ros2_franka_ws/src/install/cartesian_impedance_controller:/opt/ros/humble:/home/jiataoding/franco_ros2_franka_ws/src/install/effort_controller_base:/home/jiataoding/franco_ros2_franka_ws/src/install/debug_msg:/home/jiataoding/ros2_franka_ws/install/joint_impedance_controller:/home/jiataoding/ros2_franka_ws/install/integration_launch_testing:/home/jiataoding/ros2_franka_ws/install/idra_franka_launch:/home/jiataoding/ros2_franka_ws/install/gravity_compensation:/home/jiataoding/ros2_franka_ws/install/franka_task_pipeline:/home/jiataoding/ros2_franka_ws/install/franka_ros2:/home/jiataoding/ros2_franka_ws/install/franka_bringup:/home/jiataoding/ros2_franka_ws/install/franka_robot_state_broadcaster:/home/jiataoding/ros2_franka_ws/install/franka_example_controllers:/home/jiataoding/ros2_franka_ws/install/franka_semantic_components:/home/jiataoding/ros2_franka_ws/install/franka_gazebo_bringup:/home/jiataoding/ros2_franka_ws/install/franka_ign_ros2_control:/home/jiataoding/ros2_franka_ws/install/franka_fr3_moveit_config:/home/jiataoding/ros2_franka_ws/install/franka_hardware:/home/jiataoding/ros2_franka_ws/install/franka_gripper:/home/jiataoding/ros2_franka_ws/install/franka_msgs:/home/jiataoding/ros2_franka_ws/install/franka_description:/home/jiataoding/ros2_franka_ws/install/cartesian_impedance_controller:/home/jiataoding/ros2_franka_ws/install/effort_controller_base:/home/jiataoding/ros2_franka_ws/install/debug_msg:/home/jiataoding/franco_ros2_franka_ws/install/joint_impedance_controller:/home/jiataoding/franco_ros2_franka_ws/install/integration_launch_testing:/home/jiataoding/franco_ros2_franka_ws/install/idra_franka_launch:/home/jiataoding/franco_ros2_franka_ws/install/gravity_compensation:/home/jiataoding/franco_ros2_franka_ws/install/franka_task_pipeline:/home/jiataoding/franco_ros2_franka_ws/install/franka_ros2:/home/jiataoding/franco_ros2_franka_ws/install/franka_bringup:/home/jiataoding/franco_ros2_franka_ws/install/franka_robot_state_broadcaster:/home/jiataoding/franco_ros2_franka_ws/install/franka_example_controllers:/home/jiataoding/franco_ros2_franka_ws/install/franka_semantic_components:/home/jiataoding/franco_ros2_franka_ws/install/franka_gazebo_bringup:/home/jiataoding/franco_ros2_franka_ws/install/franka_ign_ros2_control:/home/jiataoding/franco_ros2_franka_ws/install/franka_fr3_moveit_config:/home/jiataoding/franco_ros2_franka_ws/install/franka_hardware:/home/jiataoding/franco_ros2_franka_ws/install/franka_gripper:/home/jiataoding/franco_ros2_franka_ws/install/franka_msgs:/home/jiataoding/franco_ros2_franka_ws/install/franka_description:/home/jiataoding/franco_ros2_franka_ws/install/cartesian_impedance_controller:/home/jiataoding/franco_ros2_franka_ws/install/effort_controller_base:/home/jiataoding/franco_ros2_franka_ws/install/debug_msg:/opt/openrobots LD_LIBRARY_PATH=/home/jiataoding/franco_ros2_franka_ws/src/install/franka_semantic_components/lib:/home/jiataoding/franco_ros2_franka_ws/src/install/franka_hardware/lib:/home/jiataoding/franco_ros2_franka_ws/src/install/franka_msgs/lib:/home/jiataoding/franco_ros2_franka_ws/src/install/joint_impedance_controller/lib:/home/jiataoding/franco_ros2_franka_ws/src/install/integration_launch_testing/lib:/home/jiataoding/franco_ros2_franka_ws/src/install/gravity_compensation/lib:/home/jiataoding/franco_ros2_franka_ws/src/install/franka_robot_state_broadcaster/lib:/home/jiataoding/franco_ros2_franka_ws/src/install/franka_example_controllers/lib:/home/jiataoding/franco_ros2_franka_ws/src/install/franka_ign_ros2_control/lib:/home/jiataoding/franco_ros2_franka_ws/src/install/franka_gripper/lib:/home/jiataoding/franco_ros2_franka_ws/src/install/cartesian_impedance_controller/lib:/home/jiataoding/franco_ros2_franka_ws/src/install/effort_controller_base/lib:/home/jiataoding/franco_ros2_franka_ws/src/install/debug_msg/lib:/home/jiataoding/libs/onnxruntime-linux-x64-1.21.0/lib:/home/jiataoding/ros2_franka_ws/install/joint_impedance_controller/lib:/home/jiataoding/ros2_franka_ws/install/integration_launch_testing/lib:/home/jiataoding/ros2_franka_ws/install/gravity_compensation/lib:/home/jiataoding/ros2_franka_ws/install/franka_robot_state_broadcaster/lib:/home/jiataoding/ros2_franka_ws/install/franka_example_controllers/lib:/home/jiataoding/ros2_franka_ws/install/franka_semantic_components/lib:/home/jiataoding/ros2_franka_ws/install/franka_ign_ros2_control/lib:/home/jiataoding/ros2_franka_ws/install/franka_hardware/lib:/home/jiataoding/ros2_franka_ws/install/franka_gripper/lib:/home/jiataoding/ros2_franka_ws/install/franka_msgs/lib:/home/jiataoding/ros2_franka_ws/install/cartesian_impedance_controller/lib:/home/jiataoding/ros2_franka_ws/install/effort_controller_base/lib:/home/jiataoding/ros2_franka_ws/install/debug_msg/lib:/home/jiataoding/franco_ros2_franka_ws/install/joint_impedance_controller/lib:/home/jiataoding/franco_ros2_franka_ws/install/integration_launch_testing/lib:/home/jiataoding/franco_ros2_franka_ws/install/gravity_compensation/lib:/home/jiataoding/franco_ros2_franka_ws/install/franka_robot_state_broadcaster/lib:/home/jiataoding/franco_ros2_franka_ws/install/franka_example_controllers/lib:/home/jiataoding/franco_ros2_franka_ws/install/franka_semantic_components/lib:/home/jiataoding/franco_ros2_franka_ws/install/franka_ign_ros2_control/lib:/home/jiataoding/franco_ros2_franka_ws/install/franka_hardware/lib:/home/jiataoding/franco_ros2_franka_ws/install/franka_gripper/lib:/home/jiataoding/franco_ros2_franka_ws/install/franka_msgs/lib:/home/jiataoding/franco_ros2_franka_ws/install/cartesian_impedance_controller/lib:/home/jiataoding/franco_ros2_franka_ws/install/effort_controller_base/lib:/home/jiataoding/franco_ros2_franka_ws/install/debug_msg/lib:/opt/openrobots/lib:/opt/ros/humble/opt/rviz_ogre_vendor/lib:/opt/ros/humble/lib/x86_64-linux-gnu:/opt/ros/humble/lib /usr/bin/cmake --install /home/jiataoding/franco_ros2_franka_ws/src/build/franka_example_controllers
[1.960s] Level 1:colcon.colcon_core.environment:create_environment_scripts_only(franka_example_controllers)
[1.961s] Level 1:colcon.colcon_core.environment:checking '/home/jiataoding/franco_ros2_franka_ws/src/install/franka_example_controllers' for CMake module files
[1.961s] DEBUG:colcon.colcon_core.event_handler.log_command:Invoked command in '/home/jiataoding/franco_ros2_franka_ws/src/build/franka_example_controllers' returned '0': CMAKE_PREFIX_PATH=/home/jiataoding/franco_ros2_franka_ws/src/install/franka_semantic_components:/home/jiataoding/franco_ros2_franka_ws/src/install/franka_hardware:/home/jiataoding/franco_ros2_franka_ws/src/install/franka_msgs:/home/jiataoding/franco_ros2_franka_ws/src/install/joint_impedance_controller:/home/jiataoding/franco_ros2_franka_ws/src/install/integration_launch_testing:/home/jiataoding/franco_ros2_franka_ws/src/install/idra_franka_launch:/home/jiataoding/franco_ros2_franka_ws/src/install/gravity_compensation:/home/jiataoding/franco_ros2_franka_ws/src/install/franka_task_pipeline:/home/jiataoding/franco_ros2_franka_ws/src/install/franka_ros2:/home/jiataoding/franco_ros2_franka_ws/src/install/franka_bringup:/home/jiataoding/franco_ros2_franka_ws/src/install/franka_robot_state_broadcaster:/home/jiataoding/franco_ros2_franka_ws/src/install/franka_example_controllers:/home/jiataoding/franco_ros2_franka_ws/src/install/franka_gazebo_bringup:/home/jiataoding/franco_ros2_franka_ws/src/install/franka_ign_ros2_control:/home/jiataoding/franco_ros2_franka_ws/src/install/franka_fr3_moveit_config:/home/jiataoding/franco_ros2_franka_ws/src/install/franka_gripper:/home/jiataoding/franco_ros2_franka_ws/src/install/franka_description:/home/jiataoding/franco_ros2_franka_ws/src/install/cartesian_impedance_controller:/opt/ros/humble:/home/jiataoding/franco_ros2_franka_ws/src/install/effort_controller_base:/home/jiataoding/franco_ros2_franka_ws/src/install/debug_msg:/home/jiataoding/ros2_franka_ws/install/joint_impedance_controller:/home/jiataoding/ros2_franka_ws/install/integration_launch_testing:/home/jiataoding/ros2_franka_ws/install/idra_franka_launch:/home/jiataoding/ros2_franka_ws/install/gravity_compensation:/home/jiataoding/ros2_franka_ws/install/franka_task_pipeline:/home/jiataoding/ros2_franka_ws/install/franka_ros2:/home/jiataoding/ros2_franka_ws/install/franka_bringup:/home/jiataoding/ros2_franka_ws/install/franka_robot_state_broadcaster:/home/jiataoding/ros2_franka_ws/install/franka_example_controllers:/home/jiataoding/ros2_franka_ws/install/franka_semantic_components:/home/jiataoding/ros2_franka_ws/install/franka_gazebo_bringup:/home/jiataoding/ros2_franka_ws/install/franka_ign_ros2_control:/home/jiataoding/ros2_franka_ws/install/franka_fr3_moveit_config:/home/jiataoding/ros2_franka_ws/install/franka_hardware:/home/jiataoding/ros2_franka_ws/install/franka_gripper:/home/jiataoding/ros2_franka_ws/install/franka_msgs:/home/jiataoding/ros2_franka_ws/install/franka_description:/home/jiataoding/ros2_franka_ws/install/cartesian_impedance_controller:/home/jiataoding/ros2_franka_ws/install/effort_controller_base:/home/jiataoding/ros2_franka_ws/install/debug_msg:/home/jiataoding/franco_ros2_franka_ws/install/joint_impedance_controller:/home/jiataoding/franco_ros2_franka_ws/install/integration_launch_testing:/home/jiataoding/franco_ros2_franka_ws/install/idra_franka_launch:/home/jiataoding/franco_ros2_franka_ws/install/gravity_compensation:/home/jiataoding/franco_ros2_franka_ws/install/franka_task_pipeline:/home/jiataoding/franco_ros2_franka_ws/install/franka_ros2:/home/jiataoding/franco_ros2_franka_ws/install/franka_bringup:/home/jiataoding/franco_ros2_franka_ws/install/franka_robot_state_broadcaster:/home/jiataoding/franco_ros2_franka_ws/install/franka_example_controllers:/home/jiataoding/franco_ros2_franka_ws/install/franka_semantic_components:/home/jiataoding/franco_ros2_franka_ws/install/franka_gazebo_bringup:/home/jiataoding/franco_ros2_franka_ws/install/franka_ign_ros2_control:/home/jiataoding/franco_ros2_franka_ws/install/franka_fr3_moveit_config:/home/jiataoding/franco_ros2_franka_ws/install/franka_hardware:/home/jiataoding/franco_ros2_franka_ws/install/franka_gripper:/home/jiataoding/franco_ros2_franka_ws/install/franka_msgs:/home/jiataoding/franco_ros2_franka_ws/install/franka_description:/home/jiataoding/franco_ros2_franka_ws/install/cartesian_impedance_controller:/home/jiataoding/franco_ros2_franka_ws/install/effort_controller_base:/home/jiataoding/franco_ros2_franka_ws/install/debug_msg:/opt/openrobots LD_LIBRARY_PATH=/home/jiataoding/franco_ros2_franka_ws/src/install/franka_semantic_components/lib:/home/jiataoding/franco_ros2_franka_ws/src/install/franka_hardware/lib:/home/jiataoding/franco_ros2_franka_ws/src/install/franka_msgs/lib:/home/jiataoding/franco_ros2_franka_ws/src/install/joint_impedance_controller/lib:/home/jiataoding/franco_ros2_franka_ws/src/install/integration_launch_testing/lib:/home/jiataoding/franco_ros2_franka_ws/src/install/gravity_compensation/lib:/home/jiataoding/franco_ros2_franka_ws/src/install/franka_robot_state_broadcaster/lib:/home/jiataoding/franco_ros2_franka_ws/src/install/franka_example_controllers/lib:/home/jiataoding/franco_ros2_franka_ws/src/install/franka_ign_ros2_control/lib:/home/jiataoding/franco_ros2_franka_ws/src/install/franka_gripper/lib:/home/jiataoding/franco_ros2_franka_ws/src/install/cartesian_impedance_controller/lib:/home/jiataoding/franco_ros2_franka_ws/src/install/effort_controller_base/lib:/home/jiataoding/franco_ros2_franka_ws/src/install/debug_msg/lib:/home/jiataoding/libs/onnxruntime-linux-x64-1.21.0/lib:/home/jiataoding/ros2_franka_ws/install/joint_impedance_controller/lib:/home/jiataoding/ros2_franka_ws/install/integration_launch_testing/lib:/home/jiataoding/ros2_franka_ws/install/gravity_compensation/lib:/home/jiataoding/ros2_franka_ws/install/franka_robot_state_broadcaster/lib:/home/jiataoding/ros2_franka_ws/install/franka_example_controllers/lib:/home/jiataoding/ros2_franka_ws/install/franka_semantic_components/lib:/home/jiataoding/ros2_franka_ws/install/franka_ign_ros2_control/lib:/home/jiataoding/ros2_franka_ws/install/franka_hardware/lib:/home/jiataoding/ros2_franka_ws/install/franka_gripper/lib:/home/jiataoding/ros2_franka_ws/install/franka_msgs/lib:/home/jiataoding/ros2_franka_ws/install/cartesian_impedance_controller/lib:/home/jiataoding/ros2_franka_ws/install/effort_controller_base/lib:/home/jiataoding/ros2_franka_ws/install/debug_msg/lib:/home/jiataoding/franco_ros2_franka_ws/install/joint_impedance_controller/lib:/home/jiataoding/franco_ros2_franka_ws/install/integration_launch_testing/lib:/home/jiataoding/franco_ros2_franka_ws/install/gravity_compensation/lib:/home/jiataoding/franco_ros2_franka_ws/install/franka_robot_state_broadcaster/lib:/home/jiataoding/franco_ros2_franka_ws/install/franka_example_controllers/lib:/home/jiataoding/franco_ros2_franka_ws/install/franka_semantic_components/lib:/home/jiataoding/franco_ros2_franka_ws/install/franka_ign_ros2_control/lib:/home/jiataoding/franco_ros2_franka_ws/install/franka_hardware/lib:/home/jiataoding/franco_ros2_franka_ws/install/franka_gripper/lib:/home/jiataoding/franco_ros2_franka_ws/install/franka_msgs/lib:/home/jiataoding/franco_ros2_franka_ws/install/cartesian_impedance_controller/lib:/home/jiataoding/franco_ros2_franka_ws/install/effort_controller_base/lib:/home/jiataoding/franco_ros2_franka_ws/install/debug_msg/lib:/opt/openrobots/lib:/opt/ros/humble/opt/rviz_ogre_vendor/lib:/opt/ros/humble/lib/x86_64-linux-gnu:/opt/ros/humble/lib /usr/bin/cmake --install /home/jiataoding/franco_ros2_franka_ws/src/build/franka_example_controllers
[1.961s] Level 1:colcon.colcon_core.environment:checking '/home/jiataoding/franco_ros2_franka_ws/src/install/franka_example_controllers' for CMake config files
[1.962s] Level 1:colcon.colcon_core.shell:create_environment_hook('franka_example_controllers', 'cmake_prefix_path')
[1.962s] INFO:colcon.colcon_core.shell:Creating environment hook '/home/jiataoding/franco_ros2_franka_ws/src/install/franka_example_controllers/share/franka_example_controllers/hook/cmake_prefix_path.ps1'
[1.963s] INFO:colcon.colcon_core.shell:Creating environment descriptor '/home/jiataoding/franco_ros2_franka_ws/src/install/franka_example_controllers/share/franka_example_controllers/hook/cmake_prefix_path.dsv'
[1.963s] INFO:colcon.colcon_core.shell:Creating environment hook '/home/jiataoding/franco_ros2_franka_ws/src/install/franka_example_controllers/share/franka_example_controllers/hook/cmake_prefix_path.sh'
[1.965s] Level 1:colcon.colcon_core.environment:checking '/home/jiataoding/franco_ros2_franka_ws/src/install/franka_example_controllers/lib'
[1.965s] Level 1:colcon.colcon_core.shell:create_environment_hook('franka_example_controllers', 'ld_library_path_lib')
[1.965s] INFO:colcon.colcon_core.shell:Creating environment hook '/home/jiataoding/franco_ros2_franka_ws/src/install/franka_example_controllers/share/franka_example_controllers/hook/ld_library_path_lib.ps1'
[1.966s] INFO:colcon.colcon_core.shell:Creating environment descriptor '/home/jiataoding/franco_ros2_franka_ws/src/install/franka_example_controllers/share/franka_example_controllers/hook/ld_library_path_lib.dsv'
[1.966s] INFO:colcon.colcon_core.shell:Creating environment hook '/home/jiataoding/franco_ros2_franka_ws/src/install/franka_example_controllers/share/franka_example_controllers/hook/ld_library_path_lib.sh'
[1.967s] Level 1:colcon.colcon_core.environment:checking '/home/jiataoding/franco_ros2_franka_ws/src/install/franka_example_controllers/bin'
[1.967s] Level 1:colcon.colcon_core.environment:checking '/home/jiataoding/franco_ros2_franka_ws/src/install/franka_example_controllers/lib/pkgconfig/franka_example_controllers.pc'
[1.967s] Level 1:colcon.colcon_core.environment:checking '/home/jiataoding/franco_ros2_franka_ws/src/install/franka_example_controllers/lib/python3.10/site-packages'
[1.967s] Level 1:colcon.colcon_core.environment:checking '/home/jiataoding/franco_ros2_franka_ws/src/install/franka_example_controllers/bin'
[1.967s] INFO:colcon.colcon_core.shell:Creating package script '/home/jiataoding/franco_ros2_franka_ws/src/install/franka_example_controllers/share/franka_example_controllers/package.ps1'
[1.968s] INFO:colcon.colcon_core.shell:Creating package descriptor '/home/jiataoding/franco_ros2_franka_ws/src/install/franka_example_controllers/share/franka_example_controllers/package.dsv'
[1.968s] INFO:colcon.colcon_core.shell:Creating package script '/home/jiataoding/franco_ros2_franka_ws/src/install/franka_example_controllers/share/franka_example_controllers/package.sh'
[1.968s] INFO:colcon.colcon_core.shell:Creating package script '/home/jiataoding/franco_ros2_franka_ws/src/install/franka_example_controllers/share/franka_example_controllers/package.bash'
[1.969s] INFO:colcon.colcon_core.shell:Creating package script '/home/jiataoding/franco_ros2_franka_ws/src/install/franka_example_controllers/share/franka_example_controllers/package.zsh'
[1.969s] Level 1:colcon.colcon_core.environment:create_file_with_runtime_dependencies(/home/jiataoding/franco_ros2_franka_ws/src/install/franka_example_controllers/share/colcon-core/packages/franka_example_controllers)
[1.970s] Level 1:colcon.colcon_core.environment:create_environment_scripts_only(franka_example_controllers)
[1.970s] Level 1:colcon.colcon_core.environment:checking '/home/jiataoding/franco_ros2_franka_ws/src/install/franka_example_controllers' for CMake module files
[1.970s] Level 1:colcon.colcon_core.environment:checking '/home/jiataoding/franco_ros2_franka_ws/src/install/franka_example_controllers' for CMake config files
[1.971s] Level 1:colcon.colcon_core.shell:create_environment_hook('franka_example_controllers', 'cmake_prefix_path')
[1.971s] INFO:colcon.colcon_core.shell:Creating environment hook '/home/jiataoding/franco_ros2_franka_ws/src/install/franka_example_controllers/share/franka_example_controllers/hook/cmake_prefix_path.ps1'
[1.971s] INFO:colcon.colcon_core.shell:Creating environment descriptor '/home/jiataoding/franco_ros2_franka_ws/src/install/franka_example_controllers/share/franka_example_controllers/hook/cmake_prefix_path.dsv'
[1.971s] INFO:colcon.colcon_core.shell:Creating environment hook '/home/jiataoding/franco_ros2_franka_ws/src/install/franka_example_controllers/share/franka_example_controllers/hook/cmake_prefix_path.sh'
[1.972s] Level 1:colcon.colcon_core.environment:checking '/home/jiataoding/franco_ros2_franka_ws/src/install/franka_example_controllers/lib'
[1.972s] Level 1:colcon.colcon_core.shell:create_environment_hook('franka_example_controllers', 'ld_library_path_lib')
[1.972s] INFO:colcon.colcon_core.shell:Creating environment hook '/home/jiataoding/franco_ros2_franka_ws/src/install/franka_example_controllers/share/franka_example_controllers/hook/ld_library_path_lib.ps1'
[1.973s] INFO:colcon.colcon_core.shell:Creating environment descriptor '/home/jiataoding/franco_ros2_franka_ws/src/install/franka_example_controllers/share/franka_example_controllers/hook/ld_library_path_lib.dsv'
[1.973s] INFO:colcon.colcon_core.shell:Creating environment hook '/home/jiataoding/franco_ros2_franka_ws/src/install/franka_example_controllers/share/franka_example_controllers/hook/ld_library_path_lib.sh'
[1.973s] Level 1:colcon.colcon_core.environment:checking '/home/jiataoding/franco_ros2_franka_ws/src/install/franka_example_controllers/bin'
[1.973s] Level 1:colcon.colcon_core.environment:checking '/home/jiataoding/franco_ros2_franka_ws/src/install/franka_example_controllers/lib/pkgconfig/franka_example_controllers.pc'
[1.973s] Level 1:colcon.colcon_core.environment:checking '/home/jiataoding/franco_ros2_franka_ws/src/install/franka_example_controllers/lib/python3.10/site-packages'
[1.974s] Level 1:colcon.colcon_core.environment:checking '/home/jiataoding/franco_ros2_franka_ws/src/install/franka_example_controllers/bin'
[1.974s] INFO:colcon.colcon_core.shell:Creating package script '/home/jiataoding/franco_ros2_franka_ws/src/install/franka_example_controllers/share/franka_example_controllers/package.ps1'
[1.974s] INFO:colcon.colcon_core.shell:Creating package descriptor '/home/jiataoding/franco_ros2_franka_ws/src/install/franka_example_controllers/share/franka_example_controllers/package.dsv'
[1.975s] INFO:colcon.colcon_core.shell:Creating package script '/home/jiataoding/franco_ros2_franka_ws/src/install/franka_example_controllers/share/franka_example_controllers/package.sh'
[1.975s] INFO:colcon.colcon_core.shell:Creating package script '/home/jiataoding/franco_ros2_franka_ws/src/install/franka_example_controllers/share/franka_example_controllers/package.bash'
[1.976s] INFO:colcon.colcon_core.shell:Creating package script '/home/jiataoding/franco_ros2_franka_ws/src/install/franka_example_controllers/share/franka_example_controllers/package.zsh'
[1.976s] Level 1:colcon.colcon_core.environment:create_file_with_runtime_dependencies(/home/jiataoding/franco_ros2_franka_ws/src/install/franka_example_controllers/share/colcon-core/packages/franka_example_controllers)
[1.978s] DEBUG:colcon.colcon_core.event_handler.log_command:Invoked command in '/home/jiataoding/franco_ros2_franka_ws/src/build/franka_bringup' returned '0': CMAKE_PREFIX_PATH=/home/jiataoding/franco_ros2_franka_ws/src/install/franka_robot_state_broadcaster:/home/jiataoding/franco_ros2_franka_ws/src/install/franka_semantic_components:/home/jiataoding/franco_ros2_franka_ws/src/install/franka_hardware:/home/jiataoding/franco_ros2_franka_ws/src/install/franka_msgs:/home/jiataoding/franco_ros2_franka_ws/src/install/franka_description:/home/jiataoding/franco_ros2_franka_ws/src/install/joint_impedance_controller:/home/jiataoding/franco_ros2_franka_ws/src/install/integration_launch_testing:/home/jiataoding/franco_ros2_franka_ws/src/install/idra_franka_launch:/home/jiataoding/franco_ros2_franka_ws/src/install/gravity_compensation:/home/jiataoding/franco_ros2_franka_ws/src/install/franka_task_pipeline:/home/jiataoding/franco_ros2_franka_ws/src/install/franka_ros2:/home/jiataoding/franco_ros2_franka_ws/src/install/franka_bringup:/home/jiataoding/franco_ros2_franka_ws/src/install/franka_example_controllers:/home/jiataoding/franco_ros2_franka_ws/src/install/franka_gazebo_bringup:/home/jiataoding/franco_ros2_franka_ws/src/install/franka_ign_ros2_control:/home/jiataoding/franco_ros2_franka_ws/src/install/franka_fr3_moveit_config:/home/jiataoding/franco_ros2_franka_ws/src/install/franka_gripper:/home/jiataoding/franco_ros2_franka_ws/src/install/cartesian_impedance_controller:/opt/ros/humble:/home/jiataoding/franco_ros2_franka_ws/src/install/effort_controller_base:/home/jiataoding/franco_ros2_franka_ws/src/install/debug_msg:/home/jiataoding/ros2_franka_ws/install/joint_impedance_controller:/home/jiataoding/ros2_franka_ws/install/integration_launch_testing:/home/jiataoding/ros2_franka_ws/install/idra_franka_launch:/home/jiataoding/ros2_franka_ws/install/gravity_compensation:/home/jiataoding/ros2_franka_ws/install/franka_task_pipeline:/home/jiataoding/ros2_franka_ws/install/franka_ros2:/home/jiataoding/ros2_franka_ws/install/franka_bringup:/home/jiataoding/ros2_franka_ws/install/franka_robot_state_broadcaster:/home/jiataoding/ros2_franka_ws/install/franka_example_controllers:/home/jiataoding/ros2_franka_ws/install/franka_semantic_components:/home/jiataoding/ros2_franka_ws/install/franka_gazebo_bringup:/home/jiataoding/ros2_franka_ws/install/franka_ign_ros2_control:/home/jiataoding/ros2_franka_ws/install/franka_fr3_moveit_config:/home/jiataoding/ros2_franka_ws/install/franka_hardware:/home/jiataoding/ros2_franka_ws/install/franka_gripper:/home/jiataoding/ros2_franka_ws/install/franka_msgs:/home/jiataoding/ros2_franka_ws/install/franka_description:/home/jiataoding/ros2_franka_ws/install/cartesian_impedance_controller:/home/jiataoding/ros2_franka_ws/install/effort_controller_base:/home/jiataoding/ros2_franka_ws/install/debug_msg:/home/jiataoding/franco_ros2_franka_ws/install/joint_impedance_controller:/home/jiataoding/franco_ros2_franka_ws/install/integration_launch_testing:/home/jiataoding/franco_ros2_franka_ws/install/idra_franka_launch:/home/jiataoding/franco_ros2_franka_ws/install/gravity_compensation:/home/jiataoding/franco_ros2_franka_ws/install/franka_task_pipeline:/home/jiataoding/franco_ros2_franka_ws/install/franka_ros2:/home/jiataoding/franco_ros2_franka_ws/install/franka_bringup:/home/jiataoding/franco_ros2_franka_ws/install/franka_robot_state_broadcaster:/home/jiataoding/franco_ros2_franka_ws/install/franka_example_controllers:/home/jiataoding/franco_ros2_franka_ws/install/franka_semantic_components:/home/jiataoding/franco_ros2_franka_ws/install/franka_gazebo_bringup:/home/jiataoding/franco_ros2_franka_ws/install/franka_ign_ros2_control:/home/jiataoding/franco_ros2_franka_ws/install/franka_fr3_moveit_config:/home/jiataoding/franco_ros2_franka_ws/install/franka_hardware:/home/jiataoding/franco_ros2_franka_ws/install/franka_gripper:/home/jiataoding/franco_ros2_franka_ws/install/franka_msgs:/home/jiataoding/franco_ros2_franka_ws/install/franka_description:/home/jiataoding/franco_ros2_franka_ws/install/cartesian_impedance_controller:/home/jiataoding/franco_ros2_franka_ws/install/effort_controller_base:/home/jiataoding/franco_ros2_franka_ws/install/debug_msg:/opt/openrobots LD_LIBRARY_PATH=/home/jiataoding/franco_ros2_franka_ws/src/install/franka_robot_state_broadcaster/lib:/home/jiataoding/franco_ros2_franka_ws/src/install/franka_semantic_components/lib:/home/jiataoding/franco_ros2_franka_ws/src/install/franka_hardware/lib:/home/jiataoding/franco_ros2_franka_ws/src/install/franka_msgs/lib:/home/jiataoding/franco_ros2_franka_ws/src/install/joint_impedance_controller/lib:/home/jiataoding/franco_ros2_franka_ws/src/install/integration_launch_testing/lib:/home/jiataoding/franco_ros2_franka_ws/src/install/gravity_compensation/lib:/home/jiataoding/franco_ros2_franka_ws/src/install/franka_example_controllers/lib:/home/jiataoding/franco_ros2_franka_ws/src/install/franka_ign_ros2_control/lib:/home/jiataoding/franco_ros2_franka_ws/src/install/franka_gripper/lib:/home/jiataoding/franco_ros2_franka_ws/src/install/cartesian_impedance_controller/lib:/home/jiataoding/franco_ros2_franka_ws/src/install/effort_controller_base/lib:/home/jiataoding/franco_ros2_franka_ws/src/install/debug_msg/lib:/home/jiataoding/libs/onnxruntime-linux-x64-1.21.0/lib:/home/jiataoding/ros2_franka_ws/install/joint_impedance_controller/lib:/home/jiataoding/ros2_franka_ws/install/integration_launch_testing/lib:/home/jiataoding/ros2_franka_ws/install/gravity_compensation/lib:/home/jiataoding/ros2_franka_ws/install/franka_robot_state_broadcaster/lib:/home/jiataoding/ros2_franka_ws/install/franka_example_controllers/lib:/home/jiataoding/ros2_franka_ws/install/franka_semantic_components/lib:/home/jiataoding/ros2_franka_ws/install/franka_ign_ros2_control/lib:/home/jiataoding/ros2_franka_ws/install/franka_hardware/lib:/home/jiataoding/ros2_franka_ws/install/franka_gripper/lib:/home/jiataoding/ros2_franka_ws/install/franka_msgs/lib:/home/jiataoding/ros2_franka_ws/install/cartesian_impedance_controller/lib:/home/jiataoding/ros2_franka_ws/install/effort_controller_base/lib:/home/jiataoding/ros2_franka_ws/install/debug_msg/lib:/home/jiataoding/franco_ros2_franka_ws/install/joint_impedance_controller/lib:/home/jiataoding/franco_ros2_franka_ws/install/integration_launch_testing/lib:/home/jiataoding/franco_ros2_franka_ws/install/gravity_compensation/lib:/home/jiataoding/franco_ros2_franka_ws/install/franka_robot_state_broadcaster/lib:/home/jiataoding/franco_ros2_franka_ws/install/franka_example_controllers/lib:/home/jiataoding/franco_ros2_franka_ws/install/franka_semantic_components/lib:/home/jiataoding/franco_ros2_franka_ws/install/franka_ign_ros2_control/lib:/home/jiataoding/franco_ros2_franka_ws/install/franka_hardware/lib:/home/jiataoding/franco_ros2_franka_ws/install/franka_gripper/lib:/home/jiataoding/franco_ros2_franka_ws/install/franka_msgs/lib:/home/jiataoding/franco_ros2_franka_ws/install/cartesian_impedance_controller/lib:/home/jiataoding/franco_ros2_franka_ws/install/effort_controller_base/lib:/home/jiataoding/franco_ros2_franka_ws/install/debug_msg/lib:/opt/openrobots/lib:/opt/ros/humble/opt/rviz_ogre_vendor/lib:/opt/ros/humble/lib/x86_64-linux-gnu:/opt/ros/humble/lib /usr/bin/cmake --build /home/jiataoding/franco_ros2_franka_ws/src/build/franka_bringup -- -j24 -l24
[1.978s] DEBUG:colcon.colcon_core.event_handler.log_command:Invoking command in '/home/jiataoding/franco_ros2_franka_ws/src/build/franka_bringup': CMAKE_PREFIX_PATH=/home/jiataoding/franco_ros2_franka_ws/src/install/franka_robot_state_broadcaster:/home/jiataoding/franco_ros2_franka_ws/src/install/franka_semantic_components:/home/jiataoding/franco_ros2_franka_ws/src/install/franka_hardware:/home/jiataoding/franco_ros2_franka_ws/src/install/franka_msgs:/home/jiataoding/franco_ros2_franka_ws/src/install/franka_description:/home/jiataoding/franco_ros2_franka_ws/src/install/joint_impedance_controller:/home/jiataoding/franco_ros2_franka_ws/src/install/integration_launch_testing:/home/jiataoding/franco_ros2_franka_ws/src/install/idra_franka_launch:/home/jiataoding/franco_ros2_franka_ws/src/install/gravity_compensation:/home/jiataoding/franco_ros2_franka_ws/src/install/franka_task_pipeline:/home/jiataoding/franco_ros2_franka_ws/src/install/franka_ros2:/home/jiataoding/franco_ros2_franka_ws/src/install/franka_bringup:/home/jiataoding/franco_ros2_franka_ws/src/install/franka_example_controllers:/home/jiataoding/franco_ros2_franka_ws/src/install/franka_gazebo_bringup:/home/jiataoding/franco_ros2_franka_ws/src/install/franka_ign_ros2_control:/home/jiataoding/franco_ros2_franka_ws/src/install/franka_fr3_moveit_config:/home/jiataoding/franco_ros2_franka_ws/src/install/franka_gripper:/home/jiataoding/franco_ros2_franka_ws/src/install/cartesian_impedance_controller:/opt/ros/humble:/home/jiataoding/franco_ros2_franka_ws/src/install/effort_controller_base:/home/jiataoding/franco_ros2_franka_ws/src/install/debug_msg:/home/jiataoding/ros2_franka_ws/install/joint_impedance_controller:/home/jiataoding/ros2_franka_ws/install/integration_launch_testing:/home/jiataoding/ros2_franka_ws/install/idra_franka_launch:/home/jiataoding/ros2_franka_ws/install/gravity_compensation:/home/jiataoding/ros2_franka_ws/install/franka_task_pipeline:/home/jiataoding/ros2_franka_ws/install/franka_ros2:/home/jiataoding/ros2_franka_ws/install/franka_bringup:/home/jiataoding/ros2_franka_ws/install/franka_robot_state_broadcaster:/home/jiataoding/ros2_franka_ws/install/franka_example_controllers:/home/jiataoding/ros2_franka_ws/install/franka_semantic_components:/home/jiataoding/ros2_franka_ws/install/franka_gazebo_bringup:/home/jiataoding/ros2_franka_ws/install/franka_ign_ros2_control:/home/jiataoding/ros2_franka_ws/install/franka_fr3_moveit_config:/home/jiataoding/ros2_franka_ws/install/franka_hardware:/home/jiataoding/ros2_franka_ws/install/franka_gripper:/home/jiataoding/ros2_franka_ws/install/franka_msgs:/home/jiataoding/ros2_franka_ws/install/franka_description:/home/jiataoding/ros2_franka_ws/install/cartesian_impedance_controller:/home/jiataoding/ros2_franka_ws/install/effort_controller_base:/home/jiataoding/ros2_franka_ws/install/debug_msg:/home/jiataoding/franco_ros2_franka_ws/install/joint_impedance_controller:/home/jiataoding/franco_ros2_franka_ws/install/integration_launch_testing:/home/jiataoding/franco_ros2_franka_ws/install/idra_franka_launch:/home/jiataoding/franco_ros2_franka_ws/install/gravity_compensation:/home/jiataoding/franco_ros2_franka_ws/install/franka_task_pipeline:/home/jiataoding/franco_ros2_franka_ws/install/franka_ros2:/home/jiataoding/franco_ros2_franka_ws/install/franka_bringup:/home/jiataoding/franco_ros2_franka_ws/install/franka_robot_state_broadcaster:/home/jiataoding/franco_ros2_franka_ws/install/franka_example_controllers:/home/jiataoding/franco_ros2_franka_ws/install/franka_semantic_components:/home/jiataoding/franco_ros2_franka_ws/install/franka_gazebo_bringup:/home/jiataoding/franco_ros2_franka_ws/install/franka_ign_ros2_control:/home/jiataoding/franco_ros2_franka_ws/install/franka_fr3_moveit_config:/home/jiataoding/franco_ros2_franka_ws/install/franka_hardware:/home/jiataoding/franco_ros2_franka_ws/install/franka_gripper:/home/jiataoding/franco_ros2_franka_ws/install/franka_msgs:/home/jiataoding/franco_ros2_franka_ws/install/franka_description:/home/jiataoding/franco_ros2_franka_ws/install/cartesian_impedance_controller:/home/jiataoding/franco_ros2_franka_ws/install/effort_controller_base:/home/jiataoding/franco_ros2_franka_ws/install/debug_msg:/opt/openrobots LD_LIBRARY_PATH=/home/jiataoding/franco_ros2_franka_ws/src/install/franka_robot_state_broadcaster/lib:/home/jiataoding/franco_ros2_franka_ws/src/install/franka_semantic_components/lib:/home/jiataoding/franco_ros2_franka_ws/src/install/franka_hardware/lib:/home/jiataoding/franco_ros2_franka_ws/src/install/franka_msgs/lib:/home/jiataoding/franco_ros2_franka_ws/src/install/joint_impedance_controller/lib:/home/jiataoding/franco_ros2_franka_ws/src/install/integration_launch_testing/lib:/home/jiataoding/franco_ros2_franka_ws/src/install/gravity_compensation/lib:/home/jiataoding/franco_ros2_franka_ws/src/install/franka_example_controllers/lib:/home/jiataoding/franco_ros2_franka_ws/src/install/franka_ign_ros2_control/lib:/home/jiataoding/franco_ros2_franka_ws/src/install/franka_gripper/lib:/home/jiataoding/franco_ros2_franka_ws/src/install/cartesian_impedance_controller/lib:/home/jiataoding/franco_ros2_franka_ws/src/install/effort_controller_base/lib:/home/jiataoding/franco_ros2_franka_ws/src/install/debug_msg/lib:/home/jiataoding/libs/onnxruntime-linux-x64-1.21.0/lib:/home/jiataoding/ros2_franka_ws/install/joint_impedance_controller/lib:/home/jiataoding/ros2_franka_ws/install/integration_launch_testing/lib:/home/jiataoding/ros2_franka_ws/install/gravity_compensation/lib:/home/jiataoding/ros2_franka_ws/install/franka_robot_state_broadcaster/lib:/home/jiataoding/ros2_franka_ws/install/franka_example_controllers/lib:/home/jiataoding/ros2_franka_ws/install/franka_semantic_components/lib:/home/jiataoding/ros2_franka_ws/install/franka_ign_ros2_control/lib:/home/jiataoding/ros2_franka_ws/install/franka_hardware/lib:/home/jiataoding/ros2_franka_ws/install/franka_gripper/lib:/home/jiataoding/ros2_franka_ws/install/franka_msgs/lib:/home/jiataoding/ros2_franka_ws/install/cartesian_impedance_controller/lib:/home/jiataoding/ros2_franka_ws/install/effort_controller_base/lib:/home/jiataoding/ros2_franka_ws/install/debug_msg/lib:/home/jiataoding/franco_ros2_franka_ws/install/joint_impedance_controller/lib:/home/jiataoding/franco_ros2_franka_ws/install/integration_launch_testing/lib:/home/jiataoding/franco_ros2_franka_ws/install/gravity_compensation/lib:/home/jiataoding/franco_ros2_franka_ws/install/franka_robot_state_broadcaster/lib:/home/jiataoding/franco_ros2_franka_ws/install/franka_example_controllers/lib:/home/jiataoding/franco_ros2_franka_ws/install/franka_semantic_components/lib:/home/jiataoding/franco_ros2_franka_ws/install/franka_ign_ros2_control/lib:/home/jiataoding/franco_ros2_franka_ws/install/franka_hardware/lib:/home/jiataoding/franco_ros2_franka_ws/install/franka_gripper/lib:/home/jiataoding/franco_ros2_franka_ws/install/franka_msgs/lib:/home/jiataoding/franco_ros2_franka_ws/install/cartesian_impedance_controller/lib:/home/jiataoding/franco_ros2_franka_ws/install/effort_controller_base/lib:/home/jiataoding/franco_ros2_franka_ws/install/debug_msg/lib:/opt/openrobots/lib:/opt/ros/humble/opt/rviz_ogre_vendor/lib:/opt/ros/humble/lib/x86_64-linux-gnu:/opt/ros/humble/lib /usr/bin/cmake --install /home/jiataoding/franco_ros2_franka_ws/src/build/franka_bringup
[2.015s] Level 1:colcon.colcon_core.environment:create_environment_scripts_only(franka_bringup)
[2.015s] Level 1:colcon.colcon_core.environment:checking '/home/jiataoding/franco_ros2_franka_ws/src/install/franka_bringup' for CMake module files
[2.015s] DEBUG:colcon.colcon_core.event_handler.log_command:Invoked command in '/home/jiataoding/franco_ros2_franka_ws/src/build/franka_bringup' returned '0': CMAKE_PREFIX_PATH=/home/jiataoding/franco_ros2_franka_ws/src/install/franka_robot_state_broadcaster:/home/jiataoding/franco_ros2_franka_ws/src/install/franka_semantic_components:/home/jiataoding/franco_ros2_franka_ws/src/install/franka_hardware:/home/jiataoding/franco_ros2_franka_ws/src/install/franka_msgs:/home/jiataoding/franco_ros2_franka_ws/src/install/franka_description:/home/jiataoding/franco_ros2_franka_ws/src/install/joint_impedance_controller:/home/jiataoding/franco_ros2_franka_ws/src/install/integration_launch_testing:/home/jiataoding/franco_ros2_franka_ws/src/install/idra_franka_launch:/home/jiataoding/franco_ros2_franka_ws/src/install/gravity_compensation:/home/jiataoding/franco_ros2_franka_ws/src/install/franka_task_pipeline:/home/jiataoding/franco_ros2_franka_ws/src/install/franka_ros2:/home/jiataoding/franco_ros2_franka_ws/src/install/franka_bringup:/home/jiataoding/franco_ros2_franka_ws/src/install/franka_example_controllers:/home/jiataoding/franco_ros2_franka_ws/src/install/franka_gazebo_bringup:/home/jiataoding/franco_ros2_franka_ws/src/install/franka_ign_ros2_control:/home/jiataoding/franco_ros2_franka_ws/src/install/franka_fr3_moveit_config:/home/jiataoding/franco_ros2_franka_ws/src/install/franka_gripper:/home/jiataoding/franco_ros2_franka_ws/src/install/cartesian_impedance_controller:/opt/ros/humble:/home/jiataoding/franco_ros2_franka_ws/src/install/effort_controller_base:/home/jiataoding/franco_ros2_franka_ws/src/install/debug_msg:/home/jiataoding/ros2_franka_ws/install/joint_impedance_controller:/home/jiataoding/ros2_franka_ws/install/integration_launch_testing:/home/jiataoding/ros2_franka_ws/install/idra_franka_launch:/home/jiataoding/ros2_franka_ws/install/gravity_compensation:/home/jiataoding/ros2_franka_ws/install/franka_task_pipeline:/home/jiataoding/ros2_franka_ws/install/franka_ros2:/home/jiataoding/ros2_franka_ws/install/franka_bringup:/home/jiataoding/ros2_franka_ws/install/franka_robot_state_broadcaster:/home/jiataoding/ros2_franka_ws/install/franka_example_controllers:/home/jiataoding/ros2_franka_ws/install/franka_semantic_components:/home/jiataoding/ros2_franka_ws/install/franka_gazebo_bringup:/home/jiataoding/ros2_franka_ws/install/franka_ign_ros2_control:/home/jiataoding/ros2_franka_ws/install/franka_fr3_moveit_config:/home/jiataoding/ros2_franka_ws/install/franka_hardware:/home/jiataoding/ros2_franka_ws/install/franka_gripper:/home/jiataoding/ros2_franka_ws/install/franka_msgs:/home/jiataoding/ros2_franka_ws/install/franka_description:/home/jiataoding/ros2_franka_ws/install/cartesian_impedance_controller:/home/jiataoding/ros2_franka_ws/install/effort_controller_base:/home/jiataoding/ros2_franka_ws/install/debug_msg:/home/jiataoding/franco_ros2_franka_ws/install/joint_impedance_controller:/home/jiataoding/franco_ros2_franka_ws/install/integration_launch_testing:/home/jiataoding/franco_ros2_franka_ws/install/idra_franka_launch:/home/jiataoding/franco_ros2_franka_ws/install/gravity_compensation:/home/jiataoding/franco_ros2_franka_ws/install/franka_task_pipeline:/home/jiataoding/franco_ros2_franka_ws/install/franka_ros2:/home/jiataoding/franco_ros2_franka_ws/install/franka_bringup:/home/jiataoding/franco_ros2_franka_ws/install/franka_robot_state_broadcaster:/home/jiataoding/franco_ros2_franka_ws/install/franka_example_controllers:/home/jiataoding/franco_ros2_franka_ws/install/franka_semantic_components:/home/jiataoding/franco_ros2_franka_ws/install/franka_gazebo_bringup:/home/jiataoding/franco_ros2_franka_ws/install/franka_ign_ros2_control:/home/jiataoding/franco_ros2_franka_ws/install/franka_fr3_moveit_config:/home/jiataoding/franco_ros2_franka_ws/install/franka_hardware:/home/jiataoding/franco_ros2_franka_ws/install/franka_gripper:/home/jiataoding/franco_ros2_franka_ws/install/franka_msgs:/home/jiataoding/franco_ros2_franka_ws/install/franka_description:/home/jiataoding/franco_ros2_franka_ws/install/cartesian_impedance_controller:/home/jiataoding/franco_ros2_franka_ws/install/effort_controller_base:/home/jiataoding/franco_ros2_franka_ws/install/debug_msg:/opt/openrobots LD_LIBRARY_PATH=/home/jiataoding/franco_ros2_franka_ws/src/install/franka_robot_state_broadcaster/lib:/home/jiataoding/franco_ros2_franka_ws/src/install/franka_semantic_components/lib:/home/jiataoding/franco_ros2_franka_ws/src/install/franka_hardware/lib:/home/jiataoding/franco_ros2_franka_ws/src/install/franka_msgs/lib:/home/jiataoding/franco_ros2_franka_ws/src/install/joint_impedance_controller/lib:/home/jiataoding/franco_ros2_franka_ws/src/install/integration_launch_testing/lib:/home/jiataoding/franco_ros2_franka_ws/src/install/gravity_compensation/lib:/home/jiataoding/franco_ros2_franka_ws/src/install/franka_example_controllers/lib:/home/jiataoding/franco_ros2_franka_ws/src/install/franka_ign_ros2_control/lib:/home/jiataoding/franco_ros2_franka_ws/src/install/franka_gripper/lib:/home/jiataoding/franco_ros2_franka_ws/src/install/cartesian_impedance_controller/lib:/home/jiataoding/franco_ros2_franka_ws/src/install/effort_controller_base/lib:/home/jiataoding/franco_ros2_franka_ws/src/install/debug_msg/lib:/home/jiataoding/libs/onnxruntime-linux-x64-1.21.0/lib:/home/jiataoding/ros2_franka_ws/install/joint_impedance_controller/lib:/home/jiataoding/ros2_franka_ws/install/integration_launch_testing/lib:/home/jiataoding/ros2_franka_ws/install/gravity_compensation/lib:/home/jiataoding/ros2_franka_ws/install/franka_robot_state_broadcaster/lib:/home/jiataoding/ros2_franka_ws/install/franka_example_controllers/lib:/home/jiataoding/ros2_franka_ws/install/franka_semantic_components/lib:/home/jiataoding/ros2_franka_ws/install/franka_ign_ros2_control/lib:/home/jiataoding/ros2_franka_ws/install/franka_hardware/lib:/home/jiataoding/ros2_franka_ws/install/franka_gripper/lib:/home/jiataoding/ros2_franka_ws/install/franka_msgs/lib:/home/jiataoding/ros2_franka_ws/install/cartesian_impedance_controller/lib:/home/jiataoding/ros2_franka_ws/install/effort_controller_base/lib:/home/jiataoding/ros2_franka_ws/install/debug_msg/lib:/home/jiataoding/franco_ros2_franka_ws/install/joint_impedance_controller/lib:/home/jiataoding/franco_ros2_franka_ws/install/integration_launch_testing/lib:/home/jiataoding/franco_ros2_franka_ws/install/gravity_compensation/lib:/home/jiataoding/franco_ros2_franka_ws/install/franka_robot_state_broadcaster/lib:/home/jiataoding/franco_ros2_franka_ws/install/franka_example_controllers/lib:/home/jiataoding/franco_ros2_franka_ws/install/franka_semantic_components/lib:/home/jiataoding/franco_ros2_franka_ws/install/franka_ign_ros2_control/lib:/home/jiataoding/franco_ros2_franka_ws/install/franka_hardware/lib:/home/jiataoding/franco_ros2_franka_ws/install/franka_gripper/lib:/home/jiataoding/franco_ros2_franka_ws/install/franka_msgs/lib:/home/jiataoding/franco_ros2_franka_ws/install/cartesian_impedance_controller/lib:/home/jiataoding/franco_ros2_franka_ws/install/effort_controller_base/lib:/home/jiataoding/franco_ros2_franka_ws/install/debug_msg/lib:/opt/openrobots/lib:/opt/ros/humble/opt/rviz_ogre_vendor/lib:/opt/ros/humble/lib/x86_64-linux-gnu:/opt/ros/humble/lib /usr/bin/cmake --install /home/jiataoding/franco_ros2_franka_ws/src/build/franka_bringup
[2.016s] Level 1:colcon.colcon_core.environment:checking '/home/jiataoding/franco_ros2_franka_ws/src/install/franka_bringup' for CMake config files
[2.016s] Level 1:colcon.colcon_core.shell:create_environment_hook('franka_bringup', 'cmake_prefix_path')
[2.016s] INFO:colcon.colcon_core.shell:Creating environment hook '/home/jiataoding/franco_ros2_franka_ws/src/install/franka_bringup/share/franka_bringup/hook/cmake_prefix_path.ps1'
[2.016s] INFO:colcon.colcon_core.shell:Creating environment descriptor '/home/jiataoding/franco_ros2_franka_ws/src/install/franka_bringup/share/franka_bringup/hook/cmake_prefix_path.dsv'
[2.017s] INFO:colcon.colcon_core.shell:Creating environment hook '/home/jiataoding/franco_ros2_franka_ws/src/install/franka_bringup/share/franka_bringup/hook/cmake_prefix_path.sh'
[2.017s] Level 1:colcon.colcon_core.environment:checking '/home/jiataoding/franco_ros2_franka_ws/src/install/franka_bringup/lib'
[2.017s] Level 1:colcon.colcon_core.environment:checking '/home/jiataoding/franco_ros2_franka_ws/src/install/franka_bringup/bin'
[2.017s] Level 1:colcon.colcon_core.environment:checking '/home/jiataoding/franco_ros2_franka_ws/src/install/franka_bringup/lib/pkgconfig/franka_bringup.pc'
[2.017s] Level 1:colcon.colcon_core.environment:checking '/home/jiataoding/franco_ros2_franka_ws/src/install/franka_bringup/lib/python3.10/site-packages'
[2.018s] Level 1:colcon.colcon_core.environment:checking '/home/jiataoding/franco_ros2_franka_ws/src/install/franka_bringup/bin'
[2.018s] INFO:colcon.colcon_core.shell:Creating package script '/home/jiataoding/franco_ros2_franka_ws/src/install/franka_bringup/share/franka_bringup/package.ps1'
[2.018s] INFO:colcon.colcon_core.shell:Creating package descriptor '/home/jiataoding/franco_ros2_franka_ws/src/install/franka_bringup/share/franka_bringup/package.dsv'
[2.019s] INFO:colcon.colcon_core.shell:Creating package script '/home/jiataoding/franco_ros2_franka_ws/src/install/franka_bringup/share/franka_bringup/package.sh'
[2.019s] INFO:colcon.colcon_core.shell:Creating package script '/home/jiataoding/franco_ros2_franka_ws/src/install/franka_bringup/share/franka_bringup/package.bash'
[2.019s] INFO:colcon.colcon_core.shell:Creating package script '/home/jiataoding/franco_ros2_franka_ws/src/install/franka_bringup/share/franka_bringup/package.zsh'
[2.020s] Level 1:colcon.colcon_core.environment:create_file_with_runtime_dependencies(/home/jiataoding/franco_ros2_franka_ws/src/install/franka_bringup/share/colcon-core/packages/franka_bringup)
[2.020s] Level 1:colcon.colcon_core.environment:create_environment_scripts_only(franka_bringup)
[2.020s] Level 1:colcon.colcon_core.environment:checking '/home/jiataoding/franco_ros2_franka_ws/src/install/franka_bringup' for CMake module files
[2.021s] Level 1:colcon.colcon_core.environment:checking '/home/jiataoding/franco_ros2_franka_ws/src/install/franka_bringup' for CMake config files
[2.021s] Level 1:colcon.colcon_core.shell:create_environment_hook('franka_bringup', 'cmake_prefix_path')
[2.021s] INFO:colcon.colcon_core.shell:Creating environment hook '/home/jiataoding/franco_ros2_franka_ws/src/install/franka_bringup/share/franka_bringup/hook/cmake_prefix_path.ps1'
[2.021s] INFO:colcon.colcon_core.shell:Creating environment descriptor '/home/jiataoding/franco_ros2_franka_ws/src/install/franka_bringup/share/franka_bringup/hook/cmake_prefix_path.dsv'
[2.022s] INFO:colcon.colcon_core.shell:Creating environment hook '/home/jiataoding/franco_ros2_franka_ws/src/install/franka_bringup/share/franka_bringup/hook/cmake_prefix_path.sh'
[2.022s] Level 1:colcon.colcon_core.environment:checking '/home/jiataoding/franco_ros2_franka_ws/src/install/franka_bringup/lib'
[2.022s] Level 1:colcon.colcon_core.environment:checking '/home/jiataoding/franco_ros2_franka_ws/src/install/franka_bringup/bin'
[2.022s] Level 1:colcon.colcon_core.environment:checking '/home/jiataoding/franco_ros2_franka_ws/src/install/franka_bringup/lib/pkgconfig/franka_bringup.pc'
[2.023s] Level 1:colcon.colcon_core.environment:checking '/home/jiataoding/franco_ros2_franka_ws/src/install/franka_bringup/lib/python3.10/site-packages'
[2.023s] Level 1:colcon.colcon_core.environment:checking '/home/jiataoding/franco_ros2_franka_ws/src/install/franka_bringup/bin'
[2.023s] INFO:colcon.colcon_core.shell:Creating package script '/home/jiataoding/franco_ros2_franka_ws/src/install/franka_bringup/share/franka_bringup/package.ps1'
[2.023s] INFO:colcon.colcon_core.shell:Creating package descriptor '/home/jiataoding/franco_ros2_franka_ws/src/install/franka_bringup/share/franka_bringup/package.dsv'
[2.024s] INFO:colcon.colcon_core.shell:Creating package script '/home/jiataoding/franco_ros2_franka_ws/src/install/franka_bringup/share/franka_bringup/package.sh'
[2.024s] INFO:colcon.colcon_core.shell:Creating package script '/home/jiataoding/franco_ros2_franka_ws/src/install/franka_bringup/share/franka_bringup/package.bash'
[2.024s] INFO:colcon.colcon_core.shell:Creating package script '/home/jiataoding/franco_ros2_franka_ws/src/install/franka_bringup/share/franka_bringup/package.zsh'
[2.025s] Level 1:colcon.colcon_core.environment:create_file_with_runtime_dependencies(/home/jiataoding/franco_ros2_franka_ws/src/install/franka_bringup/share/colcon-core/packages/franka_bringup)
[2.025s] INFO:colcon.colcon_ros.task.ament_cmake.build:Building ROS package in '/home/jiataoding/franco_ros2_franka_ws/src/franka_ros2/franka_ros2' with build type 'ament_cmake'
[2.025s] INFO:colcon.colcon_cmake.task.cmake.build:Building CMake package in '/home/jiataoding/franco_ros2_franka_ws/src/franka_ros2/franka_ros2'
[2.025s] INFO:colcon.colcon_core.shell:Skip shell extension 'powershell' for command environment: Not usable outside of PowerShell
[2.026s] DEBUG:colcon.colcon_core.shell:Skip shell extension 'dsv' for command environment
[2.036s] INFO:colcon.colcon_ros.task.ament_cmake.build:Building ROS package in '/home/jiataoding/franco_ros2_franka_ws/src/idra_franka_launch' with build type 'ament_cmake'
[2.036s] INFO:colcon.colcon_cmake.task.cmake.build:Building CMake package in '/home/jiataoding/franco_ros2_franka_ws/src/idra_franka_launch'
[2.036s] INFO:colcon.colcon_core.shell:Skip shell extension 'powershell' for command environment: Not usable outside of PowerShell
[2.036s] DEBUG:colcon.colcon_core.shell:Skip shell extension 'dsv' for command environment
[2.086s] DEBUG:colcon.colcon_core.event_handler.log_command:Invoking command in '/home/jiataoding/franco_ros2_franka_ws/src/build/idra_franka_launch': CMAKE_PREFIX_PATH=/home/jiataoding/franco_ros2_franka_ws/src/install/franka_bringup:/home/jiataoding/franco_ros2_franka_ws/src/install/franka_robot_state_broadcaster:/home/jiataoding/franco_ros2_franka_ws/src/install/franka_semantic_components:/home/jiataoding/franco_ros2_franka_ws/src/install/franka_hardware:/home/jiataoding/franco_ros2_franka_ws/src/install/franka_msgs:/home/jiataoding/franco_ros2_franka_ws/src/install/franka_description:/home/jiataoding/franco_ros2_franka_ws/src/install/joint_impedance_controller:/home/jiataoding/franco_ros2_franka_ws/src/install/integration_launch_testing:/home/jiataoding/franco_ros2_franka_ws/src/install/idra_franka_launch:/home/jiataoding/franco_ros2_franka_ws/src/install/gravity_compensation:/home/jiataoding/franco_ros2_franka_ws/src/install/franka_task_pipeline:/home/jiataoding/franco_ros2_franka_ws/src/install/franka_ros2:/home/jiataoding/franco_ros2_franka_ws/src/install/franka_example_controllers:/home/jiataoding/franco_ros2_franka_ws/src/install/franka_gazebo_bringup:/home/jiataoding/franco_ros2_franka_ws/src/install/franka_ign_ros2_control:/home/jiataoding/franco_ros2_franka_ws/src/install/franka_fr3_moveit_config:/home/jiataoding/franco_ros2_franka_ws/src/install/franka_gripper:/home/jiataoding/franco_ros2_franka_ws/src/install/cartesian_impedance_controller:/opt/ros/humble:/home/jiataoding/franco_ros2_franka_ws/src/install/effort_controller_base:/home/jiataoding/franco_ros2_franka_ws/src/install/debug_msg:/home/jiataoding/ros2_franka_ws/install/joint_impedance_controller:/home/jiataoding/ros2_franka_ws/install/integration_launch_testing:/home/jiataoding/ros2_franka_ws/install/idra_franka_launch:/home/jiataoding/ros2_franka_ws/install/gravity_compensation:/home/jiataoding/ros2_franka_ws/install/franka_task_pipeline:/home/jiataoding/ros2_franka_ws/install/franka_ros2:/home/jiataoding/ros2_franka_ws/install/franka_bringup:/home/jiataoding/ros2_franka_ws/install/franka_robot_state_broadcaster:/home/jiataoding/ros2_franka_ws/install/franka_example_controllers:/home/jiataoding/ros2_franka_ws/install/franka_semantic_components:/home/jiataoding/ros2_franka_ws/install/franka_gazebo_bringup:/home/jiataoding/ros2_franka_ws/install/franka_ign_ros2_control:/home/jiataoding/ros2_franka_ws/install/franka_fr3_moveit_config:/home/jiataoding/ros2_franka_ws/install/franka_hardware:/home/jiataoding/ros2_franka_ws/install/franka_gripper:/home/jiataoding/ros2_franka_ws/install/franka_msgs:/home/jiataoding/ros2_franka_ws/install/franka_description:/home/jiataoding/ros2_franka_ws/install/cartesian_impedance_controller:/home/jiataoding/ros2_franka_ws/install/effort_controller_base:/home/jiataoding/ros2_franka_ws/install/debug_msg:/home/jiataoding/franco_ros2_franka_ws/install/joint_impedance_controller:/home/jiataoding/franco_ros2_franka_ws/install/integration_launch_testing:/home/jiataoding/franco_ros2_franka_ws/install/idra_franka_launch:/home/jiataoding/franco_ros2_franka_ws/install/gravity_compensation:/home/jiataoding/franco_ros2_franka_ws/install/franka_task_pipeline:/home/jiataoding/franco_ros2_franka_ws/install/franka_ros2:/home/jiataoding/franco_ros2_franka_ws/install/franka_bringup:/home/jiataoding/franco_ros2_franka_ws/install/franka_robot_state_broadcaster:/home/jiataoding/franco_ros2_franka_ws/install/franka_example_controllers:/home/jiataoding/franco_ros2_franka_ws/install/franka_semantic_components:/home/jiataoding/franco_ros2_franka_ws/install/franka_gazebo_bringup:/home/jiataoding/franco_ros2_franka_ws/install/franka_ign_ros2_control:/home/jiataoding/franco_ros2_franka_ws/install/franka_fr3_moveit_config:/home/jiataoding/franco_ros2_franka_ws/install/franka_hardware:/home/jiataoding/franco_ros2_franka_ws/install/franka_gripper:/home/jiataoding/franco_ros2_franka_ws/install/franka_msgs:/home/jiataoding/franco_ros2_franka_ws/install/franka_description:/home/jiataoding/franco_ros2_franka_ws/install/cartesian_impedance_controller:/home/jiataoding/franco_ros2_franka_ws/install/effort_controller_base:/home/jiataoding/franco_ros2_franka_ws/install/debug_msg:/opt/openrobots LD_LIBRARY_PATH=/home/jiataoding/franco_ros2_franka_ws/src/install/franka_robot_state_broadcaster/lib:/home/jiataoding/franco_ros2_franka_ws/src/install/franka_semantic_components/lib:/home/jiataoding/franco_ros2_franka_ws/src/install/franka_hardware/lib:/home/jiataoding/franco_ros2_franka_ws/src/install/franka_msgs/lib:/home/jiataoding/franco_ros2_franka_ws/src/install/joint_impedance_controller/lib:/home/jiataoding/franco_ros2_franka_ws/src/install/integration_launch_testing/lib:/home/jiataoding/franco_ros2_franka_ws/src/install/gravity_compensation/lib:/home/jiataoding/franco_ros2_franka_ws/src/install/franka_example_controllers/lib:/home/jiataoding/franco_ros2_franka_ws/src/install/franka_ign_ros2_control/lib:/home/jiataoding/franco_ros2_franka_ws/src/install/franka_gripper/lib:/home/jiataoding/franco_ros2_franka_ws/src/install/cartesian_impedance_controller/lib:/home/jiataoding/franco_ros2_franka_ws/src/install/effort_controller_base/lib:/home/jiataoding/franco_ros2_franka_ws/src/install/debug_msg/lib:/home/jiataoding/libs/onnxruntime-linux-x64-1.21.0/lib:/home/jiataoding/ros2_franka_ws/install/joint_impedance_controller/lib:/home/jiataoding/ros2_franka_ws/install/integration_launch_testing/lib:/home/jiataoding/ros2_franka_ws/install/gravity_compensation/lib:/home/jiataoding/ros2_franka_ws/install/franka_robot_state_broadcaster/lib:/home/jiataoding/ros2_franka_ws/install/franka_example_controllers/lib:/home/jiataoding/ros2_franka_ws/install/franka_semantic_components/lib:/home/jiataoding/ros2_franka_ws/install/franka_ign_ros2_control/lib:/home/jiataoding/ros2_franka_ws/install/franka_hardware/lib:/home/jiataoding/ros2_franka_ws/install/franka_gripper/lib:/home/jiataoding/ros2_franka_ws/install/franka_msgs/lib:/home/jiataoding/ros2_franka_ws/install/cartesian_impedance_controller/lib:/home/jiataoding/ros2_franka_ws/install/effort_controller_base/lib:/home/jiataoding/ros2_franka_ws/install/debug_msg/lib:/home/jiataoding/franco_ros2_franka_ws/install/joint_impedance_controller/lib:/home/jiataoding/franco_ros2_franka_ws/install/integration_launch_testing/lib:/home/jiataoding/franco_ros2_franka_ws/install/gravity_compensation/lib:/home/jiataoding/franco_ros2_franka_ws/install/franka_robot_state_broadcaster/lib:/home/jiataoding/franco_ros2_franka_ws/install/franka_example_controllers/lib:/home/jiataoding/franco_ros2_franka_ws/install/franka_semantic_components/lib:/home/jiataoding/franco_ros2_franka_ws/install/franka_ign_ros2_control/lib:/home/jiataoding/franco_ros2_franka_ws/install/franka_hardware/lib:/home/jiataoding/franco_ros2_franka_ws/install/franka_gripper/lib:/home/jiataoding/franco_ros2_franka_ws/install/franka_msgs/lib:/home/jiataoding/franco_ros2_franka_ws/install/cartesian_impedance_controller/lib:/home/jiataoding/franco_ros2_franka_ws/install/effort_controller_base/lib:/home/jiataoding/franco_ros2_franka_ws/install/debug_msg/lib:/opt/openrobots/lib:/opt/ros/humble/opt/rviz_ogre_vendor/lib:/opt/ros/humble/lib/x86_64-linux-gnu:/opt/ros/humble/lib /usr/bin/cmake --build /home/jiataoding/franco_ros2_franka_ws/src/build/idra_franka_launch -- -j24 -l24
[2.099s] DEBUG:colcon.colcon_core.event_handler.log_command:Invoking command in '/home/jiataoding/franco_ros2_franka_ws/src/build/franka_ros2': CMAKE_PREFIX_PATH=/home/jiataoding/franco_ros2_franka_ws/src/install/franka_bringup:/home/jiataoding/franco_ros2_franka_ws/src/install/franka_robot_state_broadcaster:/home/jiataoding/franco_ros2_franka_ws/src/install/franka_gazebo_bringup:/home/jiataoding/franco_ros2_franka_ws/src/install/franka_example_controllers:/home/jiataoding/franco_ros2_franka_ws/src/install/franka_semantic_components:/home/jiataoding/franco_ros2_franka_ws/src/install/franka_ign_ros2_control:/home/jiataoding/franco_ros2_franka_ws/src/install/franka_fr3_moveit_config:/home/jiataoding/franco_ros2_franka_ws/src/install/franka_hardware:/home/jiataoding/franco_ros2_franka_ws/src/install/franka_gripper:/home/jiataoding/franco_ros2_franka_ws/src/install/franka_msgs:/home/jiataoding/franco_ros2_franka_ws/src/install/franka_description:/home/jiataoding/franco_ros2_franka_ws/src/install/joint_impedance_controller:/home/jiataoding/franco_ros2_franka_ws/src/install/integration_launch_testing:/home/jiataoding/franco_ros2_franka_ws/src/install/idra_franka_launch:/home/jiataoding/franco_ros2_franka_ws/src/install/gravity_compensation:/home/jiataoding/franco_ros2_franka_ws/src/install/franka_task_pipeline:/home/jiataoding/franco_ros2_franka_ws/src/install/franka_ros2:/home/jiataoding/franco_ros2_franka_ws/src/install/cartesian_impedance_controller:/opt/ros/humble:/home/jiataoding/franco_ros2_franka_ws/src/install/effort_controller_base:/home/jiataoding/franco_ros2_franka_ws/src/install/debug_msg:/home/jiataoding/ros2_franka_ws/install/joint_impedance_controller:/home/jiataoding/ros2_franka_ws/install/integration_launch_testing:/home/jiataoding/ros2_franka_ws/install/idra_franka_launch:/home/jiataoding/ros2_franka_ws/install/gravity_compensation:/home/jiataoding/ros2_franka_ws/install/franka_task_pipeline:/home/jiataoding/ros2_franka_ws/install/franka_ros2:/home/jiataoding/ros2_franka_ws/install/franka_bringup:/home/jiataoding/ros2_franka_ws/install/franka_robot_state_broadcaster:/home/jiataoding/ros2_franka_ws/install/franka_example_controllers:/home/jiataoding/ros2_franka_ws/install/franka_semantic_components:/home/jiataoding/ros2_franka_ws/install/franka_gazebo_bringup:/home/jiataoding/ros2_franka_ws/install/franka_ign_ros2_control:/home/jiataoding/ros2_franka_ws/install/franka_fr3_moveit_config:/home/jiataoding/ros2_franka_ws/install/franka_hardware:/home/jiataoding/ros2_franka_ws/install/franka_gripper:/home/jiataoding/ros2_franka_ws/install/franka_msgs:/home/jiataoding/ros2_franka_ws/install/franka_description:/home/jiataoding/ros2_franka_ws/install/cartesian_impedance_controller:/home/jiataoding/ros2_franka_ws/install/effort_controller_base:/home/jiataoding/ros2_franka_ws/install/debug_msg:/home/jiataoding/franco_ros2_franka_ws/install/joint_impedance_controller:/home/jiataoding/franco_ros2_franka_ws/install/integration_launch_testing:/home/jiataoding/franco_ros2_franka_ws/install/idra_franka_launch:/home/jiataoding/franco_ros2_franka_ws/install/gravity_compensation:/home/jiataoding/franco_ros2_franka_ws/install/franka_task_pipeline:/home/jiataoding/franco_ros2_franka_ws/install/franka_ros2:/home/jiataoding/franco_ros2_franka_ws/install/franka_bringup:/home/jiataoding/franco_ros2_franka_ws/install/franka_robot_state_broadcaster:/home/jiataoding/franco_ros2_franka_ws/install/franka_example_controllers:/home/jiataoding/franco_ros2_franka_ws/install/franka_semantic_components:/home/jiataoding/franco_ros2_franka_ws/install/franka_gazebo_bringup:/home/jiataoding/franco_ros2_franka_ws/install/franka_ign_ros2_control:/home/jiataoding/franco_ros2_franka_ws/install/franka_fr3_moveit_config:/home/jiataoding/franco_ros2_franka_ws/install/franka_hardware:/home/jiataoding/franco_ros2_franka_ws/install/franka_gripper:/home/jiataoding/franco_ros2_franka_ws/install/franka_msgs:/home/jiataoding/franco_ros2_franka_ws/install/franka_description:/home/jiataoding/franco_ros2_franka_ws/install/cartesian_impedance_controller:/home/jiataoding/franco_ros2_franka_ws/install/effort_controller_base:/home/jiataoding/franco_ros2_franka_ws/install/debug_msg:/opt/openrobots LD_LIBRARY_PATH=/home/jiataoding/franco_ros2_franka_ws/src/install/franka_robot_state_broadcaster/lib:/home/jiataoding/franco_ros2_franka_ws/src/install/franka_example_controllers/lib:/home/jiataoding/franco_ros2_franka_ws/src/install/franka_semantic_components/lib:/home/jiataoding/franco_ros2_franka_ws/src/install/franka_ign_ros2_control/lib:/home/jiataoding/franco_ros2_franka_ws/src/install/franka_hardware/lib:/home/jiataoding/franco_ros2_franka_ws/src/install/franka_gripper/lib:/home/jiataoding/franco_ros2_franka_ws/src/install/franka_msgs/lib:/home/jiataoding/franco_ros2_franka_ws/src/install/joint_impedance_controller/lib:/home/jiataoding/franco_ros2_franka_ws/src/install/integration_launch_testing/lib:/home/jiataoding/franco_ros2_franka_ws/src/install/gravity_compensation/lib:/home/jiataoding/franco_ros2_franka_ws/src/install/cartesian_impedance_controller/lib:/home/jiataoding/franco_ros2_franka_ws/src/install/effort_controller_base/lib:/home/jiataoding/franco_ros2_franka_ws/src/install/debug_msg/lib:/home/jiataoding/libs/onnxruntime-linux-x64-1.21.0/lib:/home/jiataoding/ros2_franka_ws/install/joint_impedance_controller/lib:/home/jiataoding/ros2_franka_ws/install/integration_launch_testing/lib:/home/jiataoding/ros2_franka_ws/install/gravity_compensation/lib:/home/jiataoding/ros2_franka_ws/install/franka_robot_state_broadcaster/lib:/home/jiataoding/ros2_franka_ws/install/franka_example_controllers/lib:/home/jiataoding/ros2_franka_ws/install/franka_semantic_components/lib:/home/jiataoding/ros2_franka_ws/install/franka_ign_ros2_control/lib:/home/jiataoding/ros2_franka_ws/install/franka_hardware/lib:/home/jiataoding/ros2_franka_ws/install/franka_gripper/lib:/home/jiataoding/ros2_franka_ws/install/franka_msgs/lib:/home/jiataoding/ros2_franka_ws/install/cartesian_impedance_controller/lib:/home/jiataoding/ros2_franka_ws/install/effort_controller_base/lib:/home/jiataoding/ros2_franka_ws/install/debug_msg/lib:/home/jiataoding/franco_ros2_franka_ws/install/joint_impedance_controller/lib:/home/jiataoding/franco_ros2_franka_ws/install/integration_launch_testing/lib:/home/jiataoding/franco_ros2_franka_ws/install/gravity_compensation/lib:/home/jiataoding/franco_ros2_franka_ws/install/franka_robot_state_broadcaster/lib:/home/jiataoding/franco_ros2_franka_ws/install/franka_example_controllers/lib:/home/jiataoding/franco_ros2_franka_ws/install/franka_semantic_components/lib:/home/jiataoding/franco_ros2_franka_ws/install/franka_ign_ros2_control/lib:/home/jiataoding/franco_ros2_franka_ws/install/franka_hardware/lib:/home/jiataoding/franco_ros2_franka_ws/install/franka_gripper/lib:/home/jiataoding/franco_ros2_franka_ws/install/franka_msgs/lib:/home/jiataoding/franco_ros2_franka_ws/install/cartesian_impedance_controller/lib:/home/jiataoding/franco_ros2_franka_ws/install/effort_controller_base/lib:/home/jiataoding/franco_ros2_franka_ws/install/debug_msg/lib:/opt/openrobots/lib:/opt/ros/humble/opt/rviz_ogre_vendor/lib:/opt/ros/humble/lib/x86_64-linux-gnu:/opt/ros/humble/lib /usr/bin/cmake --build /home/jiataoding/franco_ros2_franka_ws/src/build/franka_ros2 -- -j24 -l24
[2.170s] DEBUG:colcon.colcon_core.event_handler.log_command:Invoked command in '/home/jiataoding/franco_ros2_franka_ws/src/build/idra_franka_launch' returned '0': CMAKE_PREFIX_PATH=/home/jiataoding/franco_ros2_franka_ws/src/install/franka_bringup:/home/jiataoding/franco_ros2_franka_ws/src/install/franka_robot_state_broadcaster:/home/jiataoding/franco_ros2_franka_ws/src/install/franka_semantic_components:/home/jiataoding/franco_ros2_franka_ws/src/install/franka_hardware:/home/jiataoding/franco_ros2_franka_ws/src/install/franka_msgs:/home/jiataoding/franco_ros2_franka_ws/src/install/franka_description:/home/jiataoding/franco_ros2_franka_ws/src/install/joint_impedance_controller:/home/jiataoding/franco_ros2_franka_ws/src/install/integration_launch_testing:/home/jiataoding/franco_ros2_franka_ws/src/install/idra_franka_launch:/home/jiataoding/franco_ros2_franka_ws/src/install/gravity_compensation:/home/jiataoding/franco_ros2_franka_ws/src/install/franka_task_pipeline:/home/jiataoding/franco_ros2_franka_ws/src/install/franka_ros2:/home/jiataoding/franco_ros2_franka_ws/src/install/franka_example_controllers:/home/jiataoding/franco_ros2_franka_ws/src/install/franka_gazebo_bringup:/home/jiataoding/franco_ros2_franka_ws/src/install/franka_ign_ros2_control:/home/jiataoding/franco_ros2_franka_ws/src/install/franka_fr3_moveit_config:/home/jiataoding/franco_ros2_franka_ws/src/install/franka_gripper:/home/jiataoding/franco_ros2_franka_ws/src/install/cartesian_impedance_controller:/opt/ros/humble:/home/jiataoding/franco_ros2_franka_ws/src/install/effort_controller_base:/home/jiataoding/franco_ros2_franka_ws/src/install/debug_msg:/home/jiataoding/ros2_franka_ws/install/joint_impedance_controller:/home/jiataoding/ros2_franka_ws/install/integration_launch_testing:/home/jiataoding/ros2_franka_ws/install/idra_franka_launch:/home/jiataoding/ros2_franka_ws/install/gravity_compensation:/home/jiataoding/ros2_franka_ws/install/franka_task_pipeline:/home/jiataoding/ros2_franka_ws/install/franka_ros2:/home/jiataoding/ros2_franka_ws/install/franka_bringup:/home/jiataoding/ros2_franka_ws/install/franka_robot_state_broadcaster:/home/jiataoding/ros2_franka_ws/install/franka_example_controllers:/home/jiataoding/ros2_franka_ws/install/franka_semantic_components:/home/jiataoding/ros2_franka_ws/install/franka_gazebo_bringup:/home/jiataoding/ros2_franka_ws/install/franka_ign_ros2_control:/home/jiataoding/ros2_franka_ws/install/franka_fr3_moveit_config:/home/jiataoding/ros2_franka_ws/install/franka_hardware:/home/jiataoding/ros2_franka_ws/install/franka_gripper:/home/jiataoding/ros2_franka_ws/install/franka_msgs:/home/jiataoding/ros2_franka_ws/install/franka_description:/home/jiataoding/ros2_franka_ws/install/cartesian_impedance_controller:/home/jiataoding/ros2_franka_ws/install/effort_controller_base:/home/jiataoding/ros2_franka_ws/install/debug_msg:/home/jiataoding/franco_ros2_franka_ws/install/joint_impedance_controller:/home/jiataoding/franco_ros2_franka_ws/install/integration_launch_testing:/home/jiataoding/franco_ros2_franka_ws/install/idra_franka_launch:/home/jiataoding/franco_ros2_franka_ws/install/gravity_compensation:/home/jiataoding/franco_ros2_franka_ws/install/franka_task_pipeline:/home/jiataoding/franco_ros2_franka_ws/install/franka_ros2:/home/jiataoding/franco_ros2_franka_ws/install/franka_bringup:/home/jiataoding/franco_ros2_franka_ws/install/franka_robot_state_broadcaster:/home/jiataoding/franco_ros2_franka_ws/install/franka_example_controllers:/home/jiataoding/franco_ros2_franka_ws/install/franka_semantic_components:/home/jiataoding/franco_ros2_franka_ws/install/franka_gazebo_bringup:/home/jiataoding/franco_ros2_franka_ws/install/franka_ign_ros2_control:/home/jiataoding/franco_ros2_franka_ws/install/franka_fr3_moveit_config:/home/jiataoding/franco_ros2_franka_ws/install/franka_hardware:/home/jiataoding/franco_ros2_franka_ws/install/franka_gripper:/home/jiataoding/franco_ros2_franka_ws/install/franka_msgs:/home/jiataoding/franco_ros2_franka_ws/install/franka_description:/home/jiataoding/franco_ros2_franka_ws/install/cartesian_impedance_controller:/home/jiataoding/franco_ros2_franka_ws/install/effort_controller_base:/home/jiataoding/franco_ros2_franka_ws/install/debug_msg:/opt/openrobots LD_LIBRARY_PATH=/home/jiataoding/franco_ros2_franka_ws/src/install/franka_robot_state_broadcaster/lib:/home/jiataoding/franco_ros2_franka_ws/src/install/franka_semantic_components/lib:/home/jiataoding/franco_ros2_franka_ws/src/install/franka_hardware/lib:/home/jiataoding/franco_ros2_franka_ws/src/install/franka_msgs/lib:/home/jiataoding/franco_ros2_franka_ws/src/install/joint_impedance_controller/lib:/home/jiataoding/franco_ros2_franka_ws/src/install/integration_launch_testing/lib:/home/jiataoding/franco_ros2_franka_ws/src/install/gravity_compensation/lib:/home/jiataoding/franco_ros2_franka_ws/src/install/franka_example_controllers/lib:/home/jiataoding/franco_ros2_franka_ws/src/install/franka_ign_ros2_control/lib:/home/jiataoding/franco_ros2_franka_ws/src/install/franka_gripper/lib:/home/jiataoding/franco_ros2_franka_ws/src/install/cartesian_impedance_controller/lib:/home/jiataoding/franco_ros2_franka_ws/src/install/effort_controller_base/lib:/home/jiataoding/franco_ros2_franka_ws/src/install/debug_msg/lib:/home/jiataoding/libs/onnxruntime-linux-x64-1.21.0/lib:/home/jiataoding/ros2_franka_ws/install/joint_impedance_controller/lib:/home/jiataoding/ros2_franka_ws/install/integration_launch_testing/lib:/home/jiataoding/ros2_franka_ws/install/gravity_compensation/lib:/home/jiataoding/ros2_franka_ws/install/franka_robot_state_broadcaster/lib:/home/jiataoding/ros2_franka_ws/install/franka_example_controllers/lib:/home/jiataoding/ros2_franka_ws/install/franka_semantic_components/lib:/home/jiataoding/ros2_franka_ws/install/franka_ign_ros2_control/lib:/home/jiataoding/ros2_franka_ws/install/franka_hardware/lib:/home/jiataoding/ros2_franka_ws/install/franka_gripper/lib:/home/jiataoding/ros2_franka_ws/install/franka_msgs/lib:/home/jiataoding/ros2_franka_ws/install/cartesian_impedance_controller/lib:/home/jiataoding/ros2_franka_ws/install/effort_controller_base/lib:/home/jiataoding/ros2_franka_ws/install/debug_msg/lib:/home/jiataoding/franco_ros2_franka_ws/install/joint_impedance_controller/lib:/home/jiataoding/franco_ros2_franka_ws/install/integration_launch_testing/lib:/home/jiataoding/franco_ros2_franka_ws/install/gravity_compensation/lib:/home/jiataoding/franco_ros2_franka_ws/install/franka_robot_state_broadcaster/lib:/home/jiataoding/franco_ros2_franka_ws/install/franka_example_controllers/lib:/home/jiataoding/franco_ros2_franka_ws/install/franka_semantic_components/lib:/home/jiataoding/franco_ros2_franka_ws/install/franka_ign_ros2_control/lib:/home/jiataoding/franco_ros2_franka_ws/install/franka_hardware/lib:/home/jiataoding/franco_ros2_franka_ws/install/franka_gripper/lib:/home/jiataoding/franco_ros2_franka_ws/install/franka_msgs/lib:/home/jiataoding/franco_ros2_franka_ws/install/cartesian_impedance_controller/lib:/home/jiataoding/franco_ros2_franka_ws/install/effort_controller_base/lib:/home/jiataoding/franco_ros2_franka_ws/install/debug_msg/lib:/opt/openrobots/lib:/opt/ros/humble/opt/rviz_ogre_vendor/lib:/opt/ros/humble/lib/x86_64-linux-gnu:/opt/ros/humble/lib /usr/bin/cmake --build /home/jiataoding/franco_ros2_franka_ws/src/build/idra_franka_launch -- -j24 -l24
[2.172s] DEBUG:colcon.colcon_core.event_handler.log_command:Invoking command in '/home/jiataoding/franco_ros2_franka_ws/src/build/idra_franka_launch': CMAKE_PREFIX_PATH=/home/jiataoding/franco_ros2_franka_ws/src/install/franka_bringup:/home/jiataoding/franco_ros2_franka_ws/src/install/franka_robot_state_broadcaster:/home/jiataoding/franco_ros2_franka_ws/src/install/franka_semantic_components:/home/jiataoding/franco_ros2_franka_ws/src/install/franka_hardware:/home/jiataoding/franco_ros2_franka_ws/src/install/franka_msgs:/home/jiataoding/franco_ros2_franka_ws/src/install/franka_description:/home/jiataoding/franco_ros2_franka_ws/src/install/joint_impedance_controller:/home/jiataoding/franco_ros2_franka_ws/src/install/integration_launch_testing:/home/jiataoding/franco_ros2_franka_ws/src/install/idra_franka_launch:/home/jiataoding/franco_ros2_franka_ws/src/install/gravity_compensation:/home/jiataoding/franco_ros2_franka_ws/src/install/franka_task_pipeline:/home/jiataoding/franco_ros2_franka_ws/src/install/franka_ros2:/home/jiataoding/franco_ros2_franka_ws/src/install/franka_example_controllers:/home/jiataoding/franco_ros2_franka_ws/src/install/franka_gazebo_bringup:/home/jiataoding/franco_ros2_franka_ws/src/install/franka_ign_ros2_control:/home/jiataoding/franco_ros2_franka_ws/src/install/franka_fr3_moveit_config:/home/jiataoding/franco_ros2_franka_ws/src/install/franka_gripper:/home/jiataoding/franco_ros2_franka_ws/src/install/cartesian_impedance_controller:/opt/ros/humble:/home/jiataoding/franco_ros2_franka_ws/src/install/effort_controller_base:/home/jiataoding/franco_ros2_franka_ws/src/install/debug_msg:/home/jiataoding/ros2_franka_ws/install/joint_impedance_controller:/home/jiataoding/ros2_franka_ws/install/integration_launch_testing:/home/jiataoding/ros2_franka_ws/install/idra_franka_launch:/home/jiataoding/ros2_franka_ws/install/gravity_compensation:/home/jiataoding/ros2_franka_ws/install/franka_task_pipeline:/home/jiataoding/ros2_franka_ws/install/franka_ros2:/home/jiataoding/ros2_franka_ws/install/franka_bringup:/home/jiataoding/ros2_franka_ws/install/franka_robot_state_broadcaster:/home/jiataoding/ros2_franka_ws/install/franka_example_controllers:/home/jiataoding/ros2_franka_ws/install/franka_semantic_components:/home/jiataoding/ros2_franka_ws/install/franka_gazebo_bringup:/home/jiataoding/ros2_franka_ws/install/franka_ign_ros2_control:/home/jiataoding/ros2_franka_ws/install/franka_fr3_moveit_config:/home/jiataoding/ros2_franka_ws/install/franka_hardware:/home/jiataoding/ros2_franka_ws/install/franka_gripper:/home/jiataoding/ros2_franka_ws/install/franka_msgs:/home/jiataoding/ros2_franka_ws/install/franka_description:/home/jiataoding/ros2_franka_ws/install/cartesian_impedance_controller:/home/jiataoding/ros2_franka_ws/install/effort_controller_base:/home/jiataoding/ros2_franka_ws/install/debug_msg:/home/jiataoding/franco_ros2_franka_ws/install/joint_impedance_controller:/home/jiataoding/franco_ros2_franka_ws/install/integration_launch_testing:/home/jiataoding/franco_ros2_franka_ws/install/idra_franka_launch:/home/jiataoding/franco_ros2_franka_ws/install/gravity_compensation:/home/jiataoding/franco_ros2_franka_ws/install/franka_task_pipeline:/home/jiataoding/franco_ros2_franka_ws/install/franka_ros2:/home/jiataoding/franco_ros2_franka_ws/install/franka_bringup:/home/jiataoding/franco_ros2_franka_ws/install/franka_robot_state_broadcaster:/home/jiataoding/franco_ros2_franka_ws/install/franka_example_controllers:/home/jiataoding/franco_ros2_franka_ws/install/franka_semantic_components:/home/jiataoding/franco_ros2_franka_ws/install/franka_gazebo_bringup:/home/jiataoding/franco_ros2_franka_ws/install/franka_ign_ros2_control:/home/jiataoding/franco_ros2_franka_ws/install/franka_fr3_moveit_config:/home/jiataoding/franco_ros2_franka_ws/install/franka_hardware:/home/jiataoding/franco_ros2_franka_ws/install/franka_gripper:/home/jiataoding/franco_ros2_franka_ws/install/franka_msgs:/home/jiataoding/franco_ros2_franka_ws/install/franka_description:/home/jiataoding/franco_ros2_franka_ws/install/cartesian_impedance_controller:/home/jiataoding/franco_ros2_franka_ws/install/effort_controller_base:/home/jiataoding/franco_ros2_franka_ws/install/debug_msg:/opt/openrobots LD_LIBRARY_PATH=/home/jiataoding/franco_ros2_franka_ws/src/install/franka_robot_state_broadcaster/lib:/home/jiataoding/franco_ros2_franka_ws/src/install/franka_semantic_components/lib:/home/jiataoding/franco_ros2_franka_ws/src/install/franka_hardware/lib:/home/jiataoding/franco_ros2_franka_ws/src/install/franka_msgs/lib:/home/jiataoding/franco_ros2_franka_ws/src/install/joint_impedance_controller/lib:/home/jiataoding/franco_ros2_franka_ws/src/install/integration_launch_testing/lib:/home/jiataoding/franco_ros2_franka_ws/src/install/gravity_compensation/lib:/home/jiataoding/franco_ros2_franka_ws/src/install/franka_example_controllers/lib:/home/jiataoding/franco_ros2_franka_ws/src/install/franka_ign_ros2_control/lib:/home/jiataoding/franco_ros2_franka_ws/src/install/franka_gripper/lib:/home/jiataoding/franco_ros2_franka_ws/src/install/cartesian_impedance_controller/lib:/home/jiataoding/franco_ros2_franka_ws/src/install/effort_controller_base/lib:/home/jiataoding/franco_ros2_franka_ws/src/install/debug_msg/lib:/home/jiataoding/libs/onnxruntime-linux-x64-1.21.0/lib:/home/jiataoding/ros2_franka_ws/install/joint_impedance_controller/lib:/home/jiataoding/ros2_franka_ws/install/integration_launch_testing/lib:/home/jiataoding/ros2_franka_ws/install/gravity_compensation/lib:/home/jiataoding/ros2_franka_ws/install/franka_robot_state_broadcaster/lib:/home/jiataoding/ros2_franka_ws/install/franka_example_controllers/lib:/home/jiataoding/ros2_franka_ws/install/franka_semantic_components/lib:/home/jiataoding/ros2_franka_ws/install/franka_ign_ros2_control/lib:/home/jiataoding/ros2_franka_ws/install/franka_hardware/lib:/home/jiataoding/ros2_franka_ws/install/franka_gripper/lib:/home/jiataoding/ros2_franka_ws/install/franka_msgs/lib:/home/jiataoding/ros2_franka_ws/install/cartesian_impedance_controller/lib:/home/jiataoding/ros2_franka_ws/install/effort_controller_base/lib:/home/jiataoding/ros2_franka_ws/install/debug_msg/lib:/home/jiataoding/franco_ros2_franka_ws/install/joint_impedance_controller/lib:/home/jiataoding/franco_ros2_franka_ws/install/integration_launch_testing/lib:/home/jiataoding/franco_ros2_franka_ws/install/gravity_compensation/lib:/home/jiataoding/franco_ros2_franka_ws/install/franka_robot_state_broadcaster/lib:/home/jiataoding/franco_ros2_franka_ws/install/franka_example_controllers/lib:/home/jiataoding/franco_ros2_franka_ws/install/franka_semantic_components/lib:/home/jiataoding/franco_ros2_franka_ws/install/franka_ign_ros2_control/lib:/home/jiataoding/franco_ros2_franka_ws/install/franka_hardware/lib:/home/jiataoding/franco_ros2_franka_ws/install/franka_gripper/lib:/home/jiataoding/franco_ros2_franka_ws/install/franka_msgs/lib:/home/jiataoding/franco_ros2_franka_ws/install/cartesian_impedance_controller/lib:/home/jiataoding/franco_ros2_franka_ws/install/effort_controller_base/lib:/home/jiataoding/franco_ros2_franka_ws/install/debug_msg/lib:/opt/openrobots/lib:/opt/ros/humble/opt/rviz_ogre_vendor/lib:/opt/ros/humble/lib/x86_64-linux-gnu:/opt/ros/humble/lib /usr/bin/cmake --install /home/jiataoding/franco_ros2_franka_ws/src/build/idra_franka_launch
[2.184s] DEBUG:colcon.colcon_core.event_handler.log_command:Invoked command in '/home/jiataoding/franco_ros2_franka_ws/src/build/franka_ros2' returned '0': CMAKE_PREFIX_PATH=/home/jiataoding/franco_ros2_franka_ws/src/install/franka_bringup:/home/jiataoding/franco_ros2_franka_ws/src/install/franka_robot_state_broadcaster:/home/jiataoding/franco_ros2_franka_ws/src/install/franka_gazebo_bringup:/home/jiataoding/franco_ros2_franka_ws/src/install/franka_example_controllers:/home/jiataoding/franco_ros2_franka_ws/src/install/franka_semantic_components:/home/jiataoding/franco_ros2_franka_ws/src/install/franka_ign_ros2_control:/home/jiataoding/franco_ros2_franka_ws/src/install/franka_fr3_moveit_config:/home/jiataoding/franco_ros2_franka_ws/src/install/franka_hardware:/home/jiataoding/franco_ros2_franka_ws/src/install/franka_gripper:/home/jiataoding/franco_ros2_franka_ws/src/install/franka_msgs:/home/jiataoding/franco_ros2_franka_ws/src/install/franka_description:/home/jiataoding/franco_ros2_franka_ws/src/install/joint_impedance_controller:/home/jiataoding/franco_ros2_franka_ws/src/install/integration_launch_testing:/home/jiataoding/franco_ros2_franka_ws/src/install/idra_franka_launch:/home/jiataoding/franco_ros2_franka_ws/src/install/gravity_compensation:/home/jiataoding/franco_ros2_franka_ws/src/install/franka_task_pipeline:/home/jiataoding/franco_ros2_franka_ws/src/install/franka_ros2:/home/jiataoding/franco_ros2_franka_ws/src/install/cartesian_impedance_controller:/opt/ros/humble:/home/jiataoding/franco_ros2_franka_ws/src/install/effort_controller_base:/home/jiataoding/franco_ros2_franka_ws/src/install/debug_msg:/home/jiataoding/ros2_franka_ws/install/joint_impedance_controller:/home/jiataoding/ros2_franka_ws/install/integration_launch_testing:/home/jiataoding/ros2_franka_ws/install/idra_franka_launch:/home/jiataoding/ros2_franka_ws/install/gravity_compensation:/home/jiataoding/ros2_franka_ws/install/franka_task_pipeline:/home/jiataoding/ros2_franka_ws/install/franka_ros2:/home/jiataoding/ros2_franka_ws/install/franka_bringup:/home/jiataoding/ros2_franka_ws/install/franka_robot_state_broadcaster:/home/jiataoding/ros2_franka_ws/install/franka_example_controllers:/home/jiataoding/ros2_franka_ws/install/franka_semantic_components:/home/jiataoding/ros2_franka_ws/install/franka_gazebo_bringup:/home/jiataoding/ros2_franka_ws/install/franka_ign_ros2_control:/home/jiataoding/ros2_franka_ws/install/franka_fr3_moveit_config:/home/jiataoding/ros2_franka_ws/install/franka_hardware:/home/jiataoding/ros2_franka_ws/install/franka_gripper:/home/jiataoding/ros2_franka_ws/install/franka_msgs:/home/jiataoding/ros2_franka_ws/install/franka_description:/home/jiataoding/ros2_franka_ws/install/cartesian_impedance_controller:/home/jiataoding/ros2_franka_ws/install/effort_controller_base:/home/jiataoding/ros2_franka_ws/install/debug_msg:/home/jiataoding/franco_ros2_franka_ws/install/joint_impedance_controller:/home/jiataoding/franco_ros2_franka_ws/install/integration_launch_testing:/home/jiataoding/franco_ros2_franka_ws/install/idra_franka_launch:/home/jiataoding/franco_ros2_franka_ws/install/gravity_compensation:/home/jiataoding/franco_ros2_franka_ws/install/franka_task_pipeline:/home/jiataoding/franco_ros2_franka_ws/install/franka_ros2:/home/jiataoding/franco_ros2_franka_ws/install/franka_bringup:/home/jiataoding/franco_ros2_franka_ws/install/franka_robot_state_broadcaster:/home/jiataoding/franco_ros2_franka_ws/install/franka_example_controllers:/home/jiataoding/franco_ros2_franka_ws/install/franka_semantic_components:/home/jiataoding/franco_ros2_franka_ws/install/franka_gazebo_bringup:/home/jiataoding/franco_ros2_franka_ws/install/franka_ign_ros2_control:/home/jiataoding/franco_ros2_franka_ws/install/franka_fr3_moveit_config:/home/jiataoding/franco_ros2_franka_ws/install/franka_hardware:/home/jiataoding/franco_ros2_franka_ws/install/franka_gripper:/home/jiataoding/franco_ros2_franka_ws/install/franka_msgs:/home/jiataoding/franco_ros2_franka_ws/install/franka_description:/home/jiataoding/franco_ros2_franka_ws/install/cartesian_impedance_controller:/home/jiataoding/franco_ros2_franka_ws/install/effort_controller_base:/home/jiataoding/franco_ros2_franka_ws/install/debug_msg:/opt/openrobots LD_LIBRARY_PATH=/home/jiataoding/franco_ros2_franka_ws/src/install/franka_robot_state_broadcaster/lib:/home/jiataoding/franco_ros2_franka_ws/src/install/franka_example_controllers/lib:/home/jiataoding/franco_ros2_franka_ws/src/install/franka_semantic_components/lib:/home/jiataoding/franco_ros2_franka_ws/src/install/franka_ign_ros2_control/lib:/home/jiataoding/franco_ros2_franka_ws/src/install/franka_hardware/lib:/home/jiataoding/franco_ros2_franka_ws/src/install/franka_gripper/lib:/home/jiataoding/franco_ros2_franka_ws/src/install/franka_msgs/lib:/home/jiataoding/franco_ros2_franka_ws/src/install/joint_impedance_controller/lib:/home/jiataoding/franco_ros2_franka_ws/src/install/integration_launch_testing/lib:/home/jiataoding/franco_ros2_franka_ws/src/install/gravity_compensation/lib:/home/jiataoding/franco_ros2_franka_ws/src/install/cartesian_impedance_controller/lib:/home/jiataoding/franco_ros2_franka_ws/src/install/effort_controller_base/lib:/home/jiataoding/franco_ros2_franka_ws/src/install/debug_msg/lib:/home/jiataoding/libs/onnxruntime-linux-x64-1.21.0/lib:/home/jiataoding/ros2_franka_ws/install/joint_impedance_controller/lib:/home/jiataoding/ros2_franka_ws/install/integration_launch_testing/lib:/home/jiataoding/ros2_franka_ws/install/gravity_compensation/lib:/home/jiataoding/ros2_franka_ws/install/franka_robot_state_broadcaster/lib:/home/jiataoding/ros2_franka_ws/install/franka_example_controllers/lib:/home/jiataoding/ros2_franka_ws/install/franka_semantic_components/lib:/home/jiataoding/ros2_franka_ws/install/franka_ign_ros2_control/lib:/home/jiataoding/ros2_franka_ws/install/franka_hardware/lib:/home/jiataoding/ros2_franka_ws/install/franka_gripper/lib:/home/jiataoding/ros2_franka_ws/install/franka_msgs/lib:/home/jiataoding/ros2_franka_ws/install/cartesian_impedance_controller/lib:/home/jiataoding/ros2_franka_ws/install/effort_controller_base/lib:/home/jiataoding/ros2_franka_ws/install/debug_msg/lib:/home/jiataoding/franco_ros2_franka_ws/install/joint_impedance_controller/lib:/home/jiataoding/franco_ros2_franka_ws/install/integration_launch_testing/lib:/home/jiataoding/franco_ros2_franka_ws/install/gravity_compensation/lib:/home/jiataoding/franco_ros2_franka_ws/install/franka_robot_state_broadcaster/lib:/home/jiataoding/franco_ros2_franka_ws/install/franka_example_controllers/lib:/home/jiataoding/franco_ros2_franka_ws/install/franka_semantic_components/lib:/home/jiataoding/franco_ros2_franka_ws/install/franka_ign_ros2_control/lib:/home/jiataoding/franco_ros2_franka_ws/install/franka_hardware/lib:/home/jiataoding/franco_ros2_franka_ws/install/franka_gripper/lib:/home/jiataoding/franco_ros2_franka_ws/install/franka_msgs/lib:/home/jiataoding/franco_ros2_franka_ws/install/cartesian_impedance_controller/lib:/home/jiataoding/franco_ros2_franka_ws/install/effort_controller_base/lib:/home/jiataoding/franco_ros2_franka_ws/install/debug_msg/lib:/opt/openrobots/lib:/opt/ros/humble/opt/rviz_ogre_vendor/lib:/opt/ros/humble/lib/x86_64-linux-gnu:/opt/ros/humble/lib /usr/bin/cmake --build /home/jiataoding/franco_ros2_franka_ws/src/build/franka_ros2 -- -j24 -l24
[2.187s] DEBUG:colcon.colcon_core.event_handler.log_command:Invoking command in '/home/jiataoding/franco_ros2_franka_ws/src/build/franka_ros2': CMAKE_PREFIX_PATH=/home/jiataoding/franco_ros2_franka_ws/src/install/franka_bringup:/home/jiataoding/franco_ros2_franka_ws/src/install/franka_robot_state_broadcaster:/home/jiataoding/franco_ros2_franka_ws/src/install/franka_gazebo_bringup:/home/jiataoding/franco_ros2_franka_ws/src/install/franka_example_controllers:/home/jiataoding/franco_ros2_franka_ws/src/install/franka_semantic_components:/home/jiataoding/franco_ros2_franka_ws/src/install/franka_ign_ros2_control:/home/jiataoding/franco_ros2_franka_ws/src/install/franka_fr3_moveit_config:/home/jiataoding/franco_ros2_franka_ws/src/install/franka_hardware:/home/jiataoding/franco_ros2_franka_ws/src/install/franka_gripper:/home/jiataoding/franco_ros2_franka_ws/src/install/franka_msgs:/home/jiataoding/franco_ros2_franka_ws/src/install/franka_description:/home/jiataoding/franco_ros2_franka_ws/src/install/joint_impedance_controller:/home/jiataoding/franco_ros2_franka_ws/src/install/integration_launch_testing:/home/jiataoding/franco_ros2_franka_ws/src/install/idra_franka_launch:/home/jiataoding/franco_ros2_franka_ws/src/install/gravity_compensation:/home/jiataoding/franco_ros2_franka_ws/src/install/franka_task_pipeline:/home/jiataoding/franco_ros2_franka_ws/src/install/franka_ros2:/home/jiataoding/franco_ros2_franka_ws/src/install/cartesian_impedance_controller:/opt/ros/humble:/home/jiataoding/franco_ros2_franka_ws/src/install/effort_controller_base:/home/jiataoding/franco_ros2_franka_ws/src/install/debug_msg:/home/jiataoding/ros2_franka_ws/install/joint_impedance_controller:/home/jiataoding/ros2_franka_ws/install/integration_launch_testing:/home/jiataoding/ros2_franka_ws/install/idra_franka_launch:/home/jiataoding/ros2_franka_ws/install/gravity_compensation:/home/jiataoding/ros2_franka_ws/install/franka_task_pipeline:/home/jiataoding/ros2_franka_ws/install/franka_ros2:/home/jiataoding/ros2_franka_ws/install/franka_bringup:/home/jiataoding/ros2_franka_ws/install/franka_robot_state_broadcaster:/home/jiataoding/ros2_franka_ws/install/franka_example_controllers:/home/jiataoding/ros2_franka_ws/install/franka_semantic_components:/home/jiataoding/ros2_franka_ws/install/franka_gazebo_bringup:/home/jiataoding/ros2_franka_ws/install/franka_ign_ros2_control:/home/jiataoding/ros2_franka_ws/install/franka_fr3_moveit_config:/home/jiataoding/ros2_franka_ws/install/franka_hardware:/home/jiataoding/ros2_franka_ws/install/franka_gripper:/home/jiataoding/ros2_franka_ws/install/franka_msgs:/home/jiataoding/ros2_franka_ws/install/franka_description:/home/jiataoding/ros2_franka_ws/install/cartesian_impedance_controller:/home/jiataoding/ros2_franka_ws/install/effort_controller_base:/home/jiataoding/ros2_franka_ws/install/debug_msg:/home/jiataoding/franco_ros2_franka_ws/install/joint_impedance_controller:/home/jiataoding/franco_ros2_franka_ws/install/integration_launch_testing:/home/jiataoding/franco_ros2_franka_ws/install/idra_franka_launch:/home/jiataoding/franco_ros2_franka_ws/install/gravity_compensation:/home/jiataoding/franco_ros2_franka_ws/install/franka_task_pipeline:/home/jiataoding/franco_ros2_franka_ws/install/franka_ros2:/home/jiataoding/franco_ros2_franka_ws/install/franka_bringup:/home/jiataoding/franco_ros2_franka_ws/install/franka_robot_state_broadcaster:/home/jiataoding/franco_ros2_franka_ws/install/franka_example_controllers:/home/jiataoding/franco_ros2_franka_ws/install/franka_semantic_components:/home/jiataoding/franco_ros2_franka_ws/install/franka_gazebo_bringup:/home/jiataoding/franco_ros2_franka_ws/install/franka_ign_ros2_control:/home/jiataoding/franco_ros2_franka_ws/install/franka_fr3_moveit_config:/home/jiataoding/franco_ros2_franka_ws/install/franka_hardware:/home/jiataoding/franco_ros2_franka_ws/install/franka_gripper:/home/jiataoding/franco_ros2_franka_ws/install/franka_msgs:/home/jiataoding/franco_ros2_franka_ws/install/franka_description:/home/jiataoding/franco_ros2_franka_ws/install/cartesian_impedance_controller:/home/jiataoding/franco_ros2_franka_ws/install/effort_controller_base:/home/jiataoding/franco_ros2_franka_ws/install/debug_msg:/opt/openrobots LD_LIBRARY_PATH=/home/jiataoding/franco_ros2_franka_ws/src/install/franka_robot_state_broadcaster/lib:/home/jiataoding/franco_ros2_franka_ws/src/install/franka_example_controllers/lib:/home/jiataoding/franco_ros2_franka_ws/src/install/franka_semantic_components/lib:/home/jiataoding/franco_ros2_franka_ws/src/install/franka_ign_ros2_control/lib:/home/jiataoding/franco_ros2_franka_ws/src/install/franka_hardware/lib:/home/jiataoding/franco_ros2_franka_ws/src/install/franka_gripper/lib:/home/jiataoding/franco_ros2_franka_ws/src/install/franka_msgs/lib:/home/jiataoding/franco_ros2_franka_ws/src/install/joint_impedance_controller/lib:/home/jiataoding/franco_ros2_franka_ws/src/install/integration_launch_testing/lib:/home/jiataoding/franco_ros2_franka_ws/src/install/gravity_compensation/lib:/home/jiataoding/franco_ros2_franka_ws/src/install/cartesian_impedance_controller/lib:/home/jiataoding/franco_ros2_franka_ws/src/install/effort_controller_base/lib:/home/jiataoding/franco_ros2_franka_ws/src/install/debug_msg/lib:/home/jiataoding/libs/onnxruntime-linux-x64-1.21.0/lib:/home/jiataoding/ros2_franka_ws/install/joint_impedance_controller/lib:/home/jiataoding/ros2_franka_ws/install/integration_launch_testing/lib:/home/jiataoding/ros2_franka_ws/install/gravity_compensation/lib:/home/jiataoding/ros2_franka_ws/install/franka_robot_state_broadcaster/lib:/home/jiataoding/ros2_franka_ws/install/franka_example_controllers/lib:/home/jiataoding/ros2_franka_ws/install/franka_semantic_components/lib:/home/jiataoding/ros2_franka_ws/install/franka_ign_ros2_control/lib:/home/jiataoding/ros2_franka_ws/install/franka_hardware/lib:/home/jiataoding/ros2_franka_ws/install/franka_gripper/lib:/home/jiataoding/ros2_franka_ws/install/franka_msgs/lib:/home/jiataoding/ros2_franka_ws/install/cartesian_impedance_controller/lib:/home/jiataoding/ros2_franka_ws/install/effort_controller_base/lib:/home/jiataoding/ros2_franka_ws/install/debug_msg/lib:/home/jiataoding/franco_ros2_franka_ws/install/joint_impedance_controller/lib:/home/jiataoding/franco_ros2_franka_ws/install/integration_launch_testing/lib:/home/jiataoding/franco_ros2_franka_ws/install/gravity_compensation/lib:/home/jiataoding/franco_ros2_franka_ws/install/franka_robot_state_broadcaster/lib:/home/jiataoding/franco_ros2_franka_ws/install/franka_example_controllers/lib:/home/jiataoding/franco_ros2_franka_ws/install/franka_semantic_components/lib:/home/jiataoding/franco_ros2_franka_ws/install/franka_ign_ros2_control/lib:/home/jiataoding/franco_ros2_franka_ws/install/franka_hardware/lib:/home/jiataoding/franco_ros2_franka_ws/install/franka_gripper/lib:/home/jiataoding/franco_ros2_franka_ws/install/franka_msgs/lib:/home/jiataoding/franco_ros2_franka_ws/install/cartesian_impedance_controller/lib:/home/jiataoding/franco_ros2_franka_ws/install/effort_controller_base/lib:/home/jiataoding/franco_ros2_franka_ws/install/debug_msg/lib:/opt/openrobots/lib:/opt/ros/humble/opt/rviz_ogre_vendor/lib:/opt/ros/humble/lib/x86_64-linux-gnu:/opt/ros/humble/lib /usr/bin/cmake --install /home/jiataoding/franco_ros2_franka_ws/src/build/franka_ros2
[2.212s] Level 1:colcon.colcon_core.environment:create_environment_scripts_only(idra_franka_launch)
[2.212s] Level 1:colcon.colcon_core.environment:checking '/home/jiataoding/franco_ros2_franka_ws/src/install/idra_franka_launch' for CMake module files
[2.213s] DEBUG:colcon.colcon_core.event_handler.log_command:Invoked command in '/home/jiataoding/franco_ros2_franka_ws/src/build/idra_franka_launch' returned '0': CMAKE_PREFIX_PATH=/home/jiataoding/franco_ros2_franka_ws/src/install/franka_bringup:/home/jiataoding/franco_ros2_franka_ws/src/install/franka_robot_state_broadcaster:/home/jiataoding/franco_ros2_franka_ws/src/install/franka_semantic_components:/home/jiataoding/franco_ros2_franka_ws/src/install/franka_hardware:/home/jiataoding/franco_ros2_franka_ws/src/install/franka_msgs:/home/jiataoding/franco_ros2_franka_ws/src/install/franka_description:/home/jiataoding/franco_ros2_franka_ws/src/install/joint_impedance_controller:/home/jiataoding/franco_ros2_franka_ws/src/install/integration_launch_testing:/home/jiataoding/franco_ros2_franka_ws/src/install/idra_franka_launch:/home/jiataoding/franco_ros2_franka_ws/src/install/gravity_compensation:/home/jiataoding/franco_ros2_franka_ws/src/install/franka_task_pipeline:/home/jiataoding/franco_ros2_franka_ws/src/install/franka_ros2:/home/jiataoding/franco_ros2_franka_ws/src/install/franka_example_controllers:/home/jiataoding/franco_ros2_franka_ws/src/install/franka_gazebo_bringup:/home/jiataoding/franco_ros2_franka_ws/src/install/franka_ign_ros2_control:/home/jiataoding/franco_ros2_franka_ws/src/install/franka_fr3_moveit_config:/home/jiataoding/franco_ros2_franka_ws/src/install/franka_gripper:/home/jiataoding/franco_ros2_franka_ws/src/install/cartesian_impedance_controller:/opt/ros/humble:/home/jiataoding/franco_ros2_franka_ws/src/install/effort_controller_base:/home/jiataoding/franco_ros2_franka_ws/src/install/debug_msg:/home/jiataoding/ros2_franka_ws/install/joint_impedance_controller:/home/jiataoding/ros2_franka_ws/install/integration_launch_testing:/home/jiataoding/ros2_franka_ws/install/idra_franka_launch:/home/jiataoding/ros2_franka_ws/install/gravity_compensation:/home/jiataoding/ros2_franka_ws/install/franka_task_pipeline:/home/jiataoding/ros2_franka_ws/install/franka_ros2:/home/jiataoding/ros2_franka_ws/install/franka_bringup:/home/jiataoding/ros2_franka_ws/install/franka_robot_state_broadcaster:/home/jiataoding/ros2_franka_ws/install/franka_example_controllers:/home/jiataoding/ros2_franka_ws/install/franka_semantic_components:/home/jiataoding/ros2_franka_ws/install/franka_gazebo_bringup:/home/jiataoding/ros2_franka_ws/install/franka_ign_ros2_control:/home/jiataoding/ros2_franka_ws/install/franka_fr3_moveit_config:/home/jiataoding/ros2_franka_ws/install/franka_hardware:/home/jiataoding/ros2_franka_ws/install/franka_gripper:/home/jiataoding/ros2_franka_ws/install/franka_msgs:/home/jiataoding/ros2_franka_ws/install/franka_description:/home/jiataoding/ros2_franka_ws/install/cartesian_impedance_controller:/home/jiataoding/ros2_franka_ws/install/effort_controller_base:/home/jiataoding/ros2_franka_ws/install/debug_msg:/home/jiataoding/franco_ros2_franka_ws/install/joint_impedance_controller:/home/jiataoding/franco_ros2_franka_ws/install/integration_launch_testing:/home/jiataoding/franco_ros2_franka_ws/install/idra_franka_launch:/home/jiataoding/franco_ros2_franka_ws/install/gravity_compensation:/home/jiataoding/franco_ros2_franka_ws/install/franka_task_pipeline:/home/jiataoding/franco_ros2_franka_ws/install/franka_ros2:/home/jiataoding/franco_ros2_franka_ws/install/franka_bringup:/home/jiataoding/franco_ros2_franka_ws/install/franka_robot_state_broadcaster:/home/jiataoding/franco_ros2_franka_ws/install/franka_example_controllers:/home/jiataoding/franco_ros2_franka_ws/install/franka_semantic_components:/home/jiataoding/franco_ros2_franka_ws/install/franka_gazebo_bringup:/home/jiataoding/franco_ros2_franka_ws/install/franka_ign_ros2_control:/home/jiataoding/franco_ros2_franka_ws/install/franka_fr3_moveit_config:/home/jiataoding/franco_ros2_franka_ws/install/franka_hardware:/home/jiataoding/franco_ros2_franka_ws/install/franka_gripper:/home/jiataoding/franco_ros2_franka_ws/install/franka_msgs:/home/jiataoding/franco_ros2_franka_ws/install/franka_description:/home/jiataoding/franco_ros2_franka_ws/install/cartesian_impedance_controller:/home/jiataoding/franco_ros2_franka_ws/install/effort_controller_base:/home/jiataoding/franco_ros2_franka_ws/install/debug_msg:/opt/openrobots LD_LIBRARY_PATH=/home/jiataoding/franco_ros2_franka_ws/src/install/franka_robot_state_broadcaster/lib:/home/jiataoding/franco_ros2_franka_ws/src/install/franka_semantic_components/lib:/home/jiataoding/franco_ros2_franka_ws/src/install/franka_hardware/lib:/home/jiataoding/franco_ros2_franka_ws/src/install/franka_msgs/lib:/home/jiataoding/franco_ros2_franka_ws/src/install/joint_impedance_controller/lib:/home/jiataoding/franco_ros2_franka_ws/src/install/integration_launch_testing/lib:/home/jiataoding/franco_ros2_franka_ws/src/install/gravity_compensation/lib:/home/jiataoding/franco_ros2_franka_ws/src/install/franka_example_controllers/lib:/home/jiataoding/franco_ros2_franka_ws/src/install/franka_ign_ros2_control/lib:/home/jiataoding/franco_ros2_franka_ws/src/install/franka_gripper/lib:/home/jiataoding/franco_ros2_franka_ws/src/install/cartesian_impedance_controller/lib:/home/jiataoding/franco_ros2_franka_ws/src/install/effort_controller_base/lib:/home/jiataoding/franco_ros2_franka_ws/src/install/debug_msg/lib:/home/jiataoding/libs/onnxruntime-linux-x64-1.21.0/lib:/home/jiataoding/ros2_franka_ws/install/joint_impedance_controller/lib:/home/jiataoding/ros2_franka_ws/install/integration_launch_testing/lib:/home/jiataoding/ros2_franka_ws/install/gravity_compensation/lib:/home/jiataoding/ros2_franka_ws/install/franka_robot_state_broadcaster/lib:/home/jiataoding/ros2_franka_ws/install/franka_example_controllers/lib:/home/jiataoding/ros2_franka_ws/install/franka_semantic_components/lib:/home/jiataoding/ros2_franka_ws/install/franka_ign_ros2_control/lib:/home/jiataoding/ros2_franka_ws/install/franka_hardware/lib:/home/jiataoding/ros2_franka_ws/install/franka_gripper/lib:/home/jiataoding/ros2_franka_ws/install/franka_msgs/lib:/home/jiataoding/ros2_franka_ws/install/cartesian_impedance_controller/lib:/home/jiataoding/ros2_franka_ws/install/effort_controller_base/lib:/home/jiataoding/ros2_franka_ws/install/debug_msg/lib:/home/jiataoding/franco_ros2_franka_ws/install/joint_impedance_controller/lib:/home/jiataoding/franco_ros2_franka_ws/install/integration_launch_testing/lib:/home/jiataoding/franco_ros2_franka_ws/install/gravity_compensation/lib:/home/jiataoding/franco_ros2_franka_ws/install/franka_robot_state_broadcaster/lib:/home/jiataoding/franco_ros2_franka_ws/install/franka_example_controllers/lib:/home/jiataoding/franco_ros2_franka_ws/install/franka_semantic_components/lib:/home/jiataoding/franco_ros2_franka_ws/install/franka_ign_ros2_control/lib:/home/jiataoding/franco_ros2_franka_ws/install/franka_hardware/lib:/home/jiataoding/franco_ros2_franka_ws/install/franka_gripper/lib:/home/jiataoding/franco_ros2_franka_ws/install/franka_msgs/lib:/home/jiataoding/franco_ros2_franka_ws/install/cartesian_impedance_controller/lib:/home/jiataoding/franco_ros2_franka_ws/install/effort_controller_base/lib:/home/jiataoding/franco_ros2_franka_ws/install/debug_msg/lib:/opt/openrobots/lib:/opt/ros/humble/opt/rviz_ogre_vendor/lib:/opt/ros/humble/lib/x86_64-linux-gnu:/opt/ros/humble/lib /usr/bin/cmake --install /home/jiataoding/franco_ros2_franka_ws/src/build/idra_franka_launch
[2.213s] Level 1:colcon.colcon_core.environment:checking '/home/jiataoding/franco_ros2_franka_ws/src/install/idra_franka_launch' for CMake config files
[2.214s] Level 1:colcon.colcon_core.shell:create_environment_hook('idra_franka_launch', 'cmake_prefix_path')
[2.214s] INFO:colcon.colcon_core.shell:Creating environment hook '/home/jiataoding/franco_ros2_franka_ws/src/install/idra_franka_launch/share/idra_franka_launch/hook/cmake_prefix_path.ps1'
[2.214s] INFO:colcon.colcon_core.shell:Creating environment descriptor '/home/jiataoding/franco_ros2_franka_ws/src/install/idra_franka_launch/share/idra_franka_launch/hook/cmake_prefix_path.dsv'
[2.215s] INFO:colcon.colcon_core.shell:Creating environment hook '/home/jiataoding/franco_ros2_franka_ws/src/install/idra_franka_launch/share/idra_franka_launch/hook/cmake_prefix_path.sh'
[2.215s] Level 1:colcon.colcon_core.environment:checking '/home/jiataoding/franco_ros2_franka_ws/src/install/idra_franka_launch/lib'
[2.215s] Level 1:colcon.colcon_core.environment:checking '/home/jiataoding/franco_ros2_franka_ws/src/install/idra_franka_launch/bin'
[2.215s] Level 1:colcon.colcon_core.environment:checking '/home/jiataoding/franco_ros2_franka_ws/src/install/idra_franka_launch/lib/pkgconfig/idra_franka_launch.pc'
[2.216s] Level 1:colcon.colcon_core.environment:checking '/home/jiataoding/franco_ros2_franka_ws/src/install/idra_franka_launch/lib/python3.10/site-packages'
[2.216s] Level 1:colcon.colcon_core.environment:checking '/home/jiataoding/franco_ros2_franka_ws/src/install/idra_franka_launch/bin'
[2.216s] INFO:colcon.colcon_core.shell:Creating package script '/home/jiataoding/franco_ros2_franka_ws/src/install/idra_franka_launch/share/idra_franka_launch/package.ps1'
[2.216s] INFO:colcon.colcon_core.shell:Creating package descriptor '/home/jiataoding/franco_ros2_franka_ws/src/install/idra_franka_launch/share/idra_franka_launch/package.dsv'
[2.217s] INFO:colcon.colcon_core.shell:Creating package script '/home/jiataoding/franco_ros2_franka_ws/src/install/idra_franka_launch/share/idra_franka_launch/package.sh'
[2.217s] INFO:colcon.colcon_core.shell:Creating package script '/home/jiataoding/franco_ros2_franka_ws/src/install/idra_franka_launch/share/idra_franka_launch/package.bash'
[2.218s] INFO:colcon.colcon_core.shell:Creating package script '/home/jiataoding/franco_ros2_franka_ws/src/install/idra_franka_launch/share/idra_franka_launch/package.zsh'
[2.218s] Level 1:colcon.colcon_core.environment:create_file_with_runtime_dependencies(/home/jiataoding/franco_ros2_franka_ws/src/install/idra_franka_launch/share/colcon-core/packages/idra_franka_launch)
[2.219s] Level 1:colcon.colcon_core.environment:create_environment_scripts_only(idra_franka_launch)
[2.219s] Level 1:colcon.colcon_core.environment:checking '/home/jiataoding/franco_ros2_franka_ws/src/install/idra_franka_launch' for CMake module files
[2.219s] Level 1:colcon.colcon_core.environment:checking '/home/jiataoding/franco_ros2_franka_ws/src/install/idra_franka_launch' for CMake config files
[2.220s] Level 1:colcon.colcon_core.shell:create_environment_hook('idra_franka_launch', 'cmake_prefix_path')
[2.220s] INFO:colcon.colcon_core.shell:Creating environment hook '/home/jiataoding/franco_ros2_franka_ws/src/install/idra_franka_launch/share/idra_franka_launch/hook/cmake_prefix_path.ps1'
[2.223s] INFO:colcon.colcon_core.shell:Creating environment descriptor '/home/jiataoding/franco_ros2_franka_ws/src/install/idra_franka_launch/share/idra_franka_launch/hook/cmake_prefix_path.dsv'
[2.224s] INFO:colcon.colcon_core.shell:Creating environment hook '/home/jiataoding/franco_ros2_franka_ws/src/install/idra_franka_launch/share/idra_franka_launch/hook/cmake_prefix_path.sh'
[2.225s] Level 1:colcon.colcon_core.environment:checking '/home/jiataoding/franco_ros2_franka_ws/src/install/idra_franka_launch/lib'
[2.225s] Level 1:colcon.colcon_core.environment:checking '/home/jiataoding/franco_ros2_franka_ws/src/install/idra_franka_launch/bin'
[2.225s] Level 1:colcon.colcon_core.environment:checking '/home/jiataoding/franco_ros2_franka_ws/src/install/idra_franka_launch/lib/pkgconfig/idra_franka_launch.pc'
[2.225s] Level 1:colcon.colcon_core.environment:checking '/home/jiataoding/franco_ros2_franka_ws/src/install/idra_franka_launch/lib/python3.10/site-packages'
[2.226s] Level 1:colcon.colcon_core.environment:checking '/home/jiataoding/franco_ros2_franka_ws/src/install/idra_franka_launch/bin'
[2.226s] INFO:colcon.colcon_core.shell:Creating package script '/home/jiataoding/franco_ros2_franka_ws/src/install/idra_franka_launch/share/idra_franka_launch/package.ps1'
[2.227s] INFO:colcon.colcon_core.shell:Creating package descriptor '/home/jiataoding/franco_ros2_franka_ws/src/install/idra_franka_launch/share/idra_franka_launch/package.dsv'
[2.228s] INFO:colcon.colcon_core.shell:Creating package script '/home/jiataoding/franco_ros2_franka_ws/src/install/idra_franka_launch/share/idra_franka_launch/package.sh'
[2.228s] INFO:colcon.colcon_core.shell:Creating package script '/home/jiataoding/franco_ros2_franka_ws/src/install/idra_franka_launch/share/idra_franka_launch/package.bash'
[2.229s] INFO:colcon.colcon_core.shell:Creating package script '/home/jiataoding/franco_ros2_franka_ws/src/install/idra_franka_launch/share/idra_franka_launch/package.zsh'
[2.230s] Level 1:colcon.colcon_core.environment:create_file_with_runtime_dependencies(/home/jiataoding/franco_ros2_franka_ws/src/install/idra_franka_launch/share/colcon-core/packages/idra_franka_launch)
[2.231s] Level 1:colcon.colcon_core.environment:create_environment_scripts_only(franka_ros2)
[2.231s] Level 1:colcon.colcon_core.environment:checking '/home/jiataoding/franco_ros2_franka_ws/src/install/franka_ros2' for CMake module files
[2.232s] DEBUG:colcon.colcon_core.event_handler.log_command:Invoked command in '/home/jiataoding/franco_ros2_franka_ws/src/build/franka_ros2' returned '0': CMAKE_PREFIX_PATH=/home/jiataoding/franco_ros2_franka_ws/src/install/franka_bringup:/home/jiataoding/franco_ros2_franka_ws/src/install/franka_robot_state_broadcaster:/home/jiataoding/franco_ros2_franka_ws/src/install/franka_gazebo_bringup:/home/jiataoding/franco_ros2_franka_ws/src/install/franka_example_controllers:/home/jiataoding/franco_ros2_franka_ws/src/install/franka_semantic_components:/home/jiataoding/franco_ros2_franka_ws/src/install/franka_ign_ros2_control:/home/jiataoding/franco_ros2_franka_ws/src/install/franka_fr3_moveit_config:/home/jiataoding/franco_ros2_franka_ws/src/install/franka_hardware:/home/jiataoding/franco_ros2_franka_ws/src/install/franka_gripper:/home/jiataoding/franco_ros2_franka_ws/src/install/franka_msgs:/home/jiataoding/franco_ros2_franka_ws/src/install/franka_description:/home/jiataoding/franco_ros2_franka_ws/src/install/joint_impedance_controller:/home/jiataoding/franco_ros2_franka_ws/src/install/integration_launch_testing:/home/jiataoding/franco_ros2_franka_ws/src/install/idra_franka_launch:/home/jiataoding/franco_ros2_franka_ws/src/install/gravity_compensation:/home/jiataoding/franco_ros2_franka_ws/src/install/franka_task_pipeline:/home/jiataoding/franco_ros2_franka_ws/src/install/franka_ros2:/home/jiataoding/franco_ros2_franka_ws/src/install/cartesian_impedance_controller:/opt/ros/humble:/home/jiataoding/franco_ros2_franka_ws/src/install/effort_controller_base:/home/jiataoding/franco_ros2_franka_ws/src/install/debug_msg:/home/jiataoding/ros2_franka_ws/install/joint_impedance_controller:/home/jiataoding/ros2_franka_ws/install/integration_launch_testing:/home/jiataoding/ros2_franka_ws/install/idra_franka_launch:/home/jiataoding/ros2_franka_ws/install/gravity_compensation:/home/jiataoding/ros2_franka_ws/install/franka_task_pipeline:/home/jiataoding/ros2_franka_ws/install/franka_ros2:/home/jiataoding/ros2_franka_ws/install/franka_bringup:/home/jiataoding/ros2_franka_ws/install/franka_robot_state_broadcaster:/home/jiataoding/ros2_franka_ws/install/franka_example_controllers:/home/jiataoding/ros2_franka_ws/install/franka_semantic_components:/home/jiataoding/ros2_franka_ws/install/franka_gazebo_bringup:/home/jiataoding/ros2_franka_ws/install/franka_ign_ros2_control:/home/jiataoding/ros2_franka_ws/install/franka_fr3_moveit_config:/home/jiataoding/ros2_franka_ws/install/franka_hardware:/home/jiataoding/ros2_franka_ws/install/franka_gripper:/home/jiataoding/ros2_franka_ws/install/franka_msgs:/home/jiataoding/ros2_franka_ws/install/franka_description:/home/jiataoding/ros2_franka_ws/install/cartesian_impedance_controller:/home/jiataoding/ros2_franka_ws/install/effort_controller_base:/home/jiataoding/ros2_franka_ws/install/debug_msg:/home/jiataoding/franco_ros2_franka_ws/install/joint_impedance_controller:/home/jiataoding/franco_ros2_franka_ws/install/integration_launch_testing:/home/jiataoding/franco_ros2_franka_ws/install/idra_franka_launch:/home/jiataoding/franco_ros2_franka_ws/install/gravity_compensation:/home/jiataoding/franco_ros2_franka_ws/install/franka_task_pipeline:/home/jiataoding/franco_ros2_franka_ws/install/franka_ros2:/home/jiataoding/franco_ros2_franka_ws/install/franka_bringup:/home/jiataoding/franco_ros2_franka_ws/install/franka_robot_state_broadcaster:/home/jiataoding/franco_ros2_franka_ws/install/franka_example_controllers:/home/jiataoding/franco_ros2_franka_ws/install/franka_semantic_components:/home/jiataoding/franco_ros2_franka_ws/install/franka_gazebo_bringup:/home/jiataoding/franco_ros2_franka_ws/install/franka_ign_ros2_control:/home/jiataoding/franco_ros2_franka_ws/install/franka_fr3_moveit_config:/home/jiataoding/franco_ros2_franka_ws/install/franka_hardware:/home/jiataoding/franco_ros2_franka_ws/install/franka_gripper:/home/jiataoding/franco_ros2_franka_ws/install/franka_msgs:/home/jiataoding/franco_ros2_franka_ws/install/franka_description:/home/jiataoding/franco_ros2_franka_ws/install/cartesian_impedance_controller:/home/jiataoding/franco_ros2_franka_ws/install/effort_controller_base:/home/jiataoding/franco_ros2_franka_ws/install/debug_msg:/opt/openrobots LD_LIBRARY_PATH=/home/jiataoding/franco_ros2_franka_ws/src/install/franka_robot_state_broadcaster/lib:/home/jiataoding/franco_ros2_franka_ws/src/install/franka_example_controllers/lib:/home/jiataoding/franco_ros2_franka_ws/src/install/franka_semantic_components/lib:/home/jiataoding/franco_ros2_franka_ws/src/install/franka_ign_ros2_control/lib:/home/jiataoding/franco_ros2_franka_ws/src/install/franka_hardware/lib:/home/jiataoding/franco_ros2_franka_ws/src/install/franka_gripper/lib:/home/jiataoding/franco_ros2_franka_ws/src/install/franka_msgs/lib:/home/jiataoding/franco_ros2_franka_ws/src/install/joint_impedance_controller/lib:/home/jiataoding/franco_ros2_franka_ws/src/install/integration_launch_testing/lib:/home/jiataoding/franco_ros2_franka_ws/src/install/gravity_compensation/lib:/home/jiataoding/franco_ros2_franka_ws/src/install/cartesian_impedance_controller/lib:/home/jiataoding/franco_ros2_franka_ws/src/install/effort_controller_base/lib:/home/jiataoding/franco_ros2_franka_ws/src/install/debug_msg/lib:/home/jiataoding/libs/onnxruntime-linux-x64-1.21.0/lib:/home/jiataoding/ros2_franka_ws/install/joint_impedance_controller/lib:/home/jiataoding/ros2_franka_ws/install/integration_launch_testing/lib:/home/jiataoding/ros2_franka_ws/install/gravity_compensation/lib:/home/jiataoding/ros2_franka_ws/install/franka_robot_state_broadcaster/lib:/home/jiataoding/ros2_franka_ws/install/franka_example_controllers/lib:/home/jiataoding/ros2_franka_ws/install/franka_semantic_components/lib:/home/jiataoding/ros2_franka_ws/install/franka_ign_ros2_control/lib:/home/jiataoding/ros2_franka_ws/install/franka_hardware/lib:/home/jiataoding/ros2_franka_ws/install/franka_gripper/lib:/home/jiataoding/ros2_franka_ws/install/franka_msgs/lib:/home/jiataoding/ros2_franka_ws/install/cartesian_impedance_controller/lib:/home/jiataoding/ros2_franka_ws/install/effort_controller_base/lib:/home/jiataoding/ros2_franka_ws/install/debug_msg/lib:/home/jiataoding/franco_ros2_franka_ws/install/joint_impedance_controller/lib:/home/jiataoding/franco_ros2_franka_ws/install/integration_launch_testing/lib:/home/jiataoding/franco_ros2_franka_ws/install/gravity_compensation/lib:/home/jiataoding/franco_ros2_franka_ws/install/franka_robot_state_broadcaster/lib:/home/jiataoding/franco_ros2_franka_ws/install/franka_example_controllers/lib:/home/jiataoding/franco_ros2_franka_ws/install/franka_semantic_components/lib:/home/jiataoding/franco_ros2_franka_ws/install/franka_ign_ros2_control/lib:/home/jiataoding/franco_ros2_franka_ws/install/franka_hardware/lib:/home/jiataoding/franco_ros2_franka_ws/install/franka_gripper/lib:/home/jiataoding/franco_ros2_franka_ws/install/franka_msgs/lib:/home/jiataoding/franco_ros2_franka_ws/install/cartesian_impedance_controller/lib:/home/jiataoding/franco_ros2_franka_ws/install/effort_controller_base/lib:/home/jiataoding/franco_ros2_franka_ws/install/debug_msg/lib:/opt/openrobots/lib:/opt/ros/humble/opt/rviz_ogre_vendor/lib:/opt/ros/humble/lib/x86_64-linux-gnu:/opt/ros/humble/lib /usr/bin/cmake --install /home/jiataoding/franco_ros2_franka_ws/src/build/franka_ros2
[2.232s] Level 1:colcon.colcon_core.environment:checking '/home/jiataoding/franco_ros2_franka_ws/src/install/franka_ros2' for CMake config files
[2.233s] Level 1:colcon.colcon_core.shell:create_environment_hook('franka_ros2', 'cmake_prefix_path')
[2.233s] INFO:colcon.colcon_core.shell:Creating environment hook '/home/jiataoding/franco_ros2_franka_ws/src/install/franka_ros2/share/franka_ros2/hook/cmake_prefix_path.ps1'
[2.233s] INFO:colcon.colcon_core.shell:Creating environment descriptor '/home/jiataoding/franco_ros2_franka_ws/src/install/franka_ros2/share/franka_ros2/hook/cmake_prefix_path.dsv'
[2.234s] INFO:colcon.colcon_core.shell:Creating environment hook '/home/jiataoding/franco_ros2_franka_ws/src/install/franka_ros2/share/franka_ros2/hook/cmake_prefix_path.sh'
[2.234s] Level 1:colcon.colcon_core.environment:checking '/home/jiataoding/franco_ros2_franka_ws/src/install/franka_ros2/bin'
[2.234s] Level 1:colcon.colcon_core.environment:checking '/home/jiataoding/franco_ros2_franka_ws/src/install/franka_ros2/lib/pkgconfig/franka_ros2.pc'
[2.235s] Level 1:colcon.colcon_core.environment:checking '/home/jiataoding/franco_ros2_franka_ws/src/install/franka_ros2/lib/python3.10/site-packages'
[2.235s] Level 1:colcon.colcon_core.environment:checking '/home/jiataoding/franco_ros2_franka_ws/src/install/franka_ros2/bin'
[2.235s] INFO:colcon.colcon_core.shell:Creating package script '/home/jiataoding/franco_ros2_franka_ws/src/install/franka_ros2/share/franka_ros2/package.ps1'
[2.236s] INFO:colcon.colcon_core.shell:Creating package descriptor '/home/jiataoding/franco_ros2_franka_ws/src/install/franka_ros2/share/franka_ros2/package.dsv'
[2.237s] INFO:colcon.colcon_core.shell:Creating package script '/home/jiataoding/franco_ros2_franka_ws/src/install/franka_ros2/share/franka_ros2/package.sh'
[2.237s] INFO:colcon.colcon_core.shell:Creating package script '/home/jiataoding/franco_ros2_franka_ws/src/install/franka_ros2/share/franka_ros2/package.bash'
[2.237s] INFO:colcon.colcon_core.shell:Creating package script '/home/jiataoding/franco_ros2_franka_ws/src/install/franka_ros2/share/franka_ros2/package.zsh'
[2.238s] Level 1:colcon.colcon_core.environment:create_file_with_runtime_dependencies(/home/jiataoding/franco_ros2_franka_ws/src/install/franka_ros2/share/colcon-core/packages/franka_ros2)
[2.239s] Level 1:colcon.colcon_core.environment:create_environment_scripts_only(franka_ros2)
[2.239s] Level 1:colcon.colcon_core.environment:checking '/home/jiataoding/franco_ros2_franka_ws/src/install/franka_ros2' for CMake module files
[2.239s] Level 1:colcon.colcon_core.environment:checking '/home/jiataoding/franco_ros2_franka_ws/src/install/franka_ros2' for CMake config files
[2.240s] Level 1:colcon.colcon_core.shell:create_environment_hook('franka_ros2', 'cmake_prefix_path')
[2.240s] INFO:colcon.colcon_core.shell:Creating environment hook '/home/jiataoding/franco_ros2_franka_ws/src/install/franka_ros2/share/franka_ros2/hook/cmake_prefix_path.ps1'
[2.240s] INFO:colcon.colcon_core.shell:Creating environment descriptor '/home/jiataoding/franco_ros2_franka_ws/src/install/franka_ros2/share/franka_ros2/hook/cmake_prefix_path.dsv'
[2.241s] INFO:colcon.colcon_core.shell:Creating environment hook '/home/jiataoding/franco_ros2_franka_ws/src/install/franka_ros2/share/franka_ros2/hook/cmake_prefix_path.sh'
[2.241s] Level 1:colcon.colcon_core.environment:checking '/home/jiataoding/franco_ros2_franka_ws/src/install/franka_ros2/bin'
[2.241s] Level 1:colcon.colcon_core.environment:checking '/home/jiataoding/franco_ros2_franka_ws/src/install/franka_ros2/lib/pkgconfig/franka_ros2.pc'
[2.242s] Level 1:colcon.colcon_core.environment:checking '/home/jiataoding/franco_ros2_franka_ws/src/install/franka_ros2/lib/python3.10/site-packages'
[2.242s] Level 1:colcon.colcon_core.environment:checking '/home/jiataoding/franco_ros2_franka_ws/src/install/franka_ros2/bin'
[2.242s] INFO:colcon.colcon_core.shell:Creating package script '/home/jiataoding/franco_ros2_franka_ws/src/install/franka_ros2/share/franka_ros2/package.ps1'
[2.243s] INFO:colcon.colcon_core.shell:Creating package descriptor '/home/jiataoding/franco_ros2_franka_ws/src/install/franka_ros2/share/franka_ros2/package.dsv'
[2.243s] INFO:colcon.colcon_core.shell:Creating package script '/home/jiataoding/franco_ros2_franka_ws/src/install/franka_ros2/share/franka_ros2/package.sh'
[2.244s] INFO:colcon.colcon_core.shell:Creating package script '/home/jiataoding/franco_ros2_franka_ws/src/install/franka_ros2/share/franka_ros2/package.bash'
[2.244s] INFO:colcon.colcon_core.shell:Creating package script '/home/jiataoding/franco_ros2_franka_ws/src/install/franka_ros2/share/franka_ros2/package.zsh'
[2.245s] Level 1:colcon.colcon_core.environment:create_file_with_runtime_dependencies(/home/jiataoding/franco_ros2_franka_ws/src/install/franka_ros2/share/colcon-core/packages/franka_ros2)
[2.245s] DEBUG:colcon.colcon_parallel_executor.executor.parallel:closing loop
[2.246s] DEBUG:colcon.colcon_parallel_executor.executor.parallel:loop closed
[2.246s] DEBUG:colcon.colcon_parallel_executor.executor.parallel:run_until_complete finished with '0'
[2.246s] DEBUG:colcon.colcon_core.event_reactor:joining thread
[2.255s] INFO:colcon.colcon_core.plugin_system:Skipping extension 'colcon_notification.desktop_notification.terminal_notifier': Not used on non-Darwin systems
[2.255s] INFO:colcon.colcon_core.plugin_system:Skipping extension 'colcon_notification.desktop_notification.win32': Not used on non-Windows systems
[2.255s] INFO:colcon.colcon_notification.desktop_notification:Sending desktop notification using 'notify2'
[2.267s] DEBUG:colcon.colcon_core.event_reactor:joined thread
[2.267s] INFO:colcon.colcon_core.shell:Creating prefix script '/home/jiataoding/franco_ros2_franka_ws/src/install/local_setup.ps1'
[2.268s] INFO:colcon.colcon_core.shell:Creating prefix util module '/home/jiataoding/franco_ros2_franka_ws/src/install/_local_setup_util_ps1.py'
[2.270s] INFO:colcon.colcon_core.shell:Creating prefix chain script '/home/jiataoding/franco_ros2_franka_ws/src/install/setup.ps1'
[2.274s] INFO:colcon.colcon_core.shell:Creating prefix script '/home/jiataoding/franco_ros2_franka_ws/src/install/local_setup.sh'
[2.274s] INFO:colcon.colcon_core.shell:Creating prefix util module '/home/jiataoding/franco_ros2_franka_ws/src/install/_local_setup_util_sh.py'
[2.275s] INFO:colcon.colcon_core.shell:Creating prefix chain script '/home/jiataoding/franco_ros2_franka_ws/src/install/setup.sh'
[2.279s] INFO:colcon.colcon_core.shell:Creating prefix script '/home/jiataoding/franco_ros2_franka_ws/src/install/local_setup.bash'
[2.279s] INFO:colcon.colcon_core.shell:Creating prefix chain script '/home/jiataoding/franco_ros2_franka_ws/src/install/setup.bash'
[2.282s] INFO:colcon.colcon_core.shell:Creating prefix script '/home/jiataoding/franco_ros2_franka_ws/src/install/local_setup.zsh'
[2.283s] INFO:colcon.colcon_core.shell:Creating prefix chain script '/home/jiataoding/franco_ros2_franka_ws/src/install/setup.zsh'
