[0.081s] DEBUG:colcon:Command line arguments: ['/usr/bin/colcon', 'build', '--symlink-install', '--cmake-args', '-DCMAKE_BUILD_TYPE=Release']
[0.081s] DEBUG:colcon:Parsed command line arguments: Namespace(log_base=None, log_level=None, verb_name='build', build_base='build', install_base='install', merge_install=False, symlink_install=True, test_result_base=None, continue_on_error=False, executor='parallel', parallel_workers=24, event_handlers=None, ignore_user_meta=False, metas=['./colcon.meta'], base_paths=['.'], packages_ignore=None, packages_ignore_regex=None, paths=None, packages_up_to=None, packages_up_to_regex=None, packages_above=None, packages_above_and_dependencies=None, packages_above_depth=None, packages_select_by_dep=None, packages_skip_by_dep=None, packages_skip_up_to=None, packages_select_build_failed=False, packages_skip_build_finished=False, packages_select_test_failures=False, packages_skip_test_passed=False, packages_select=None, packages_skip=None, packages_select_regex=None, packages_skip_regex=None, packages_start=None, packages_end=None, allow_overriding=[], cmake_args=['-DCMAKE_BUILD_TYPE=Release'], cmake_target=None, cmake_target_skip_unavailable=False, cmake_clean_cache=False, cmake_clean_first=False, cmake_force_configure=False, ament_cmake_args=None, catkin_cmake_args=None, catkin_skip_building_tests=False, mixin_files=None, mixin=None, verb_parser=<colcon_mixin.mixin.mixin_argument.MixinArgumentDecorator object at 0x7de0501b1d50>, verb_extension=<colcon_core.verb.build.BuildVerb object at 0x7de0501b18a0>, main=<bound method BuildVerb.main of <colcon_core.verb.build.BuildVerb object at 0x7de0501b18a0>>, mixin_verb=('build',))
[0.251s] Level 1:colcon.colcon_core.package_discovery:discover_packages(colcon_meta) check parameters
[0.251s] Level 1:colcon.colcon_core.package_discovery:discover_packages(recursive) check parameters
[0.251s] Level 1:colcon.colcon_core.package_discovery:discover_packages(ignore) check parameters
[0.251s] Level 1:colcon.colcon_core.package_discovery:discover_packages(path) check parameters
[0.251s] Level 1:colcon.colcon_core.package_discovery:discover_packages(colcon_meta) discover
[0.251s] Level 1:colcon.colcon_core.package_discovery:discover_packages(recursive) discover
[0.251s] INFO:colcon.colcon_core.package_discovery:Crawling recursively for packages in '/home/jiataoding/franco_ros2_franka_ws/src'
[0.251s] Level 1:colcon.colcon_core.package_identification:_identify(.) by extensions ['ignore', 'ignore_ament_install']
[0.252s] Level 1:colcon.colcon_core.package_identification:_identify(.) by extension 'ignore'
[0.252s] Level 1:colcon.colcon_core.package_identification:_identify(.) by extension 'ignore_ament_install'
[0.252s] Level 1:colcon.colcon_core.package_identification:_identify(.) by extensions ['colcon_pkg']
[0.252s] Level 1:colcon.colcon_core.package_identification:_identify(.) by extension 'colcon_pkg'
[0.252s] Level 1:colcon.colcon_core.package_identification:_identify(.) by extensions ['colcon_meta']
[0.252s] Level 1:colcon.colcon_core.package_identification:_identify(.) by extension 'colcon_meta'
[0.252s] Level 1:colcon.colcon_core.package_identification:_identify(.) by extensions ['ros']
[0.252s] Level 1:colcon.colcon_core.package_identification:_identify(.) by extension 'ros'
[0.264s] Level 1:colcon.colcon_core.package_identification:_identify(.) by extensions ['cmake', 'python']
[0.264s] Level 1:colcon.colcon_core.package_identification:_identify(.) by extension 'cmake'
[0.264s] Level 1:colcon.colcon_core.package_identification:_identify(.) by extension 'python'
[0.264s] Level 1:colcon.colcon_core.package_identification:_identify(.) by extensions ['python_setup_py']
[0.264s] Level 1:colcon.colcon_core.package_identification:_identify(.) by extension 'python_setup_py'
[0.264s] Level 1:colcon.colcon_core.package_identification:_identify(build) by extensions ['ignore', 'ignore_ament_install']
[0.264s] Level 1:colcon.colcon_core.package_identification:_identify(build) by extension 'ignore'
[0.264s] Level 1:colcon.colcon_core.package_identification:_identify(build) ignored
[0.265s] Level 1:colcon.colcon_core.package_identification:_identify(franka_description) by extensions ['ignore', 'ignore_ament_install']
[0.265s] Level 1:colcon.colcon_core.package_identification:_identify(franka_description) by extension 'ignore'
[0.265s] Level 1:colcon.colcon_core.package_identification:_identify(franka_description) by extension 'ignore_ament_install'
[0.265s] Level 1:colcon.colcon_core.package_identification:_identify(franka_description) by extensions ['colcon_pkg']
[0.265s] Level 1:colcon.colcon_core.package_identification:_identify(franka_description) by extension 'colcon_pkg'
[0.265s] Level 1:colcon.colcon_core.package_identification:_identify(franka_description) by extensions ['colcon_meta']
[0.265s] Level 1:colcon.colcon_core.package_identification:_identify(franka_description) by extension 'colcon_meta'
[0.265s] Level 1:colcon.colcon_core.package_identification:_identify(franka_description) by extensions ['ros']
[0.265s] Level 1:colcon.colcon_core.package_identification:_identify(franka_description) by extension 'ros'
[0.266s] DEBUG:colcon.colcon_core.package_identification:Package 'franka_description' with type 'ros.ament_cmake' and name 'franka_description'
[0.266s] Level 1:colcon.colcon_core.package_identification:_identify(franka_ros2) by extensions ['ignore', 'ignore_ament_install']
[0.266s] Level 1:colcon.colcon_core.package_identification:_identify(franka_ros2) by extension 'ignore'
[0.266s] Level 1:colcon.colcon_core.package_identification:_identify(franka_ros2) by extension 'ignore_ament_install'
[0.267s] Level 1:colcon.colcon_core.package_identification:_identify(franka_ros2) by extensions ['colcon_pkg']
[0.267s] Level 1:colcon.colcon_core.package_identification:_identify(franka_ros2) by extension 'colcon_pkg'
[0.267s] Level 1:colcon.colcon_core.package_identification:_identify(franka_ros2) by extensions ['colcon_meta']
[0.267s] Level 1:colcon.colcon_core.package_identification:_identify(franka_ros2) by extension 'colcon_meta'
[0.267s] Level 1:colcon.colcon_core.package_identification:_identify(franka_ros2) by extensions ['ros']
[0.267s] Level 1:colcon.colcon_core.package_identification:_identify(franka_ros2) by extension 'ros'
[0.267s] Level 1:colcon.colcon_core.package_identification:_identify(franka_ros2) by extensions ['cmake', 'python']
[0.267s] Level 1:colcon.colcon_core.package_identification:_identify(franka_ros2) by extension 'cmake'
[0.267s] Level 1:colcon.colcon_core.package_identification:_identify(franka_ros2) by extension 'python'
[0.267s] Level 1:colcon.colcon_core.package_identification:_identify(franka_ros2) by extensions ['python_setup_py']
[0.267s] Level 1:colcon.colcon_core.package_identification:_identify(franka_ros2) by extension 'python_setup_py'
[0.267s] Level 1:colcon.colcon_core.package_identification:_identify(franka_ros2/docs) by extensions ['ignore', 'ignore_ament_install']
[0.267s] Level 1:colcon.colcon_core.package_identification:_identify(franka_ros2/docs) by extension 'ignore'
[0.267s] Level 1:colcon.colcon_core.package_identification:_identify(franka_ros2/docs) by extension 'ignore_ament_install'
[0.267s] Level 1:colcon.colcon_core.package_identification:_identify(franka_ros2/docs) by extensions ['colcon_pkg']
[0.267s] Level 1:colcon.colcon_core.package_identification:_identify(franka_ros2/docs) by extension 'colcon_pkg'
[0.267s] Level 1:colcon.colcon_core.package_identification:_identify(franka_ros2/docs) by extensions ['colcon_meta']
[0.267s] Level 1:colcon.colcon_core.package_identification:_identify(franka_ros2/docs) by extension 'colcon_meta'
[0.267s] Level 1:colcon.colcon_core.package_identification:_identify(franka_ros2/docs) by extensions ['ros']
[0.267s] Level 1:colcon.colcon_core.package_identification:_identify(franka_ros2/docs) by extension 'ros'
[0.267s] Level 1:colcon.colcon_core.package_identification:_identify(franka_ros2/docs) by extensions ['cmake', 'python']
[0.267s] Level 1:colcon.colcon_core.package_identification:_identify(franka_ros2/docs) by extension 'cmake'
[0.267s] Level 1:colcon.colcon_core.package_identification:_identify(franka_ros2/docs) by extension 'python'
[0.267s] Level 1:colcon.colcon_core.package_identification:_identify(franka_ros2/docs) by extensions ['python_setup_py']
[0.267s] Level 1:colcon.colcon_core.package_identification:_identify(franka_ros2/docs) by extension 'python_setup_py'
[0.267s] Level 1:colcon.colcon_core.package_identification:_identify(franka_ros2/docs/assets) by extensions ['ignore', 'ignore_ament_install']
[0.267s] Level 1:colcon.colcon_core.package_identification:_identify(franka_ros2/docs/assets) by extension 'ignore'
[0.267s] Level 1:colcon.colcon_core.package_identification:_identify(franka_ros2/docs/assets) by extension 'ignore_ament_install'
[0.268s] Level 1:colcon.colcon_core.package_identification:_identify(franka_ros2/docs/assets) by extensions ['colcon_pkg']
[0.268s] Level 1:colcon.colcon_core.package_identification:_identify(franka_ros2/docs/assets) by extension 'colcon_pkg'
[0.268s] Level 1:colcon.colcon_core.package_identification:_identify(franka_ros2/docs/assets) by extensions ['colcon_meta']
[0.268s] Level 1:colcon.colcon_core.package_identification:_identify(franka_ros2/docs/assets) by extension 'colcon_meta'
[0.268s] Level 1:colcon.colcon_core.package_identification:_identify(franka_ros2/docs/assets) by extensions ['ros']
[0.268s] Level 1:colcon.colcon_core.package_identification:_identify(franka_ros2/docs/assets) by extension 'ros'
[0.268s] Level 1:colcon.colcon_core.package_identification:_identify(franka_ros2/docs/assets) by extensions ['cmake', 'python']
[0.268s] Level 1:colcon.colcon_core.package_identification:_identify(franka_ros2/docs/assets) by extension 'cmake'
[0.268s] Level 1:colcon.colcon_core.package_identification:_identify(franka_ros2/docs/assets) by extension 'python'
[0.268s] Level 1:colcon.colcon_core.package_identification:_identify(franka_ros2/docs/assets) by extensions ['python_setup_py']
[0.268s] Level 1:colcon.colcon_core.package_identification:_identify(franka_ros2/docs/assets) by extension 'python_setup_py'
[0.268s] Level 1:colcon.colcon_core.package_identification:_identify(franka_ros2/franka_bringup) by extensions ['ignore', 'ignore_ament_install']
[0.268s] Level 1:colcon.colcon_core.package_identification:_identify(franka_ros2/franka_bringup) by extension 'ignore'
[0.268s] Level 1:colcon.colcon_core.package_identification:_identify(franka_ros2/franka_bringup) by extension 'ignore_ament_install'
[0.268s] Level 1:colcon.colcon_core.package_identification:_identify(franka_ros2/franka_bringup) by extensions ['colcon_pkg']
[0.268s] Level 1:colcon.colcon_core.package_identification:_identify(franka_ros2/franka_bringup) by extension 'colcon_pkg'
[0.268s] Level 1:colcon.colcon_core.package_identification:_identify(franka_ros2/franka_bringup) by extensions ['colcon_meta']
[0.268s] Level 1:colcon.colcon_core.package_identification:_identify(franka_ros2/franka_bringup) by extension 'colcon_meta'
[0.268s] Level 1:colcon.colcon_core.package_identification:_identify(franka_ros2/franka_bringup) by extensions ['ros']
[0.268s] Level 1:colcon.colcon_core.package_identification:_identify(franka_ros2/franka_bringup) by extension 'ros'
[0.269s] DEBUG:colcon.colcon_core.package_identification:Package 'franka_ros2/franka_bringup' with type 'ros.ament_cmake' and name 'franka_bringup'
[0.269s] Level 1:colcon.colcon_core.package_identification:_identify(franka_ros2/franka_example_controllers) by extensions ['ignore', 'ignore_ament_install']
[0.269s] Level 1:colcon.colcon_core.package_identification:_identify(franka_ros2/franka_example_controllers) by extension 'ignore'
[0.269s] Level 1:colcon.colcon_core.package_identification:_identify(franka_ros2/franka_example_controllers) by extension 'ignore_ament_install'
[0.269s] Level 1:colcon.colcon_core.package_identification:_identify(franka_ros2/franka_example_controllers) by extensions ['colcon_pkg']
[0.269s] Level 1:colcon.colcon_core.package_identification:_identify(franka_ros2/franka_example_controllers) by extension 'colcon_pkg'
[0.269s] Level 1:colcon.colcon_core.package_identification:_identify(franka_ros2/franka_example_controllers) by extensions ['colcon_meta']
[0.269s] Level 1:colcon.colcon_core.package_identification:_identify(franka_ros2/franka_example_controllers) by extension 'colcon_meta'
[0.269s] Level 1:colcon.colcon_core.package_identification:_identify(franka_ros2/franka_example_controllers) by extensions ['ros']
[0.269s] Level 1:colcon.colcon_core.package_identification:_identify(franka_ros2/franka_example_controllers) by extension 'ros'
[0.270s] DEBUG:colcon.colcon_core.package_identification:Package 'franka_ros2/franka_example_controllers' with type 'ros.ament_cmake' and name 'franka_example_controllers'
[0.270s] Level 1:colcon.colcon_core.package_identification:_identify(franka_ros2/franka_fr3_moveit_config) by extensions ['ignore', 'ignore_ament_install']
[0.270s] Level 1:colcon.colcon_core.package_identification:_identify(franka_ros2/franka_fr3_moveit_config) by extension 'ignore'
[0.270s] Level 1:colcon.colcon_core.package_identification:_identify(franka_ros2/franka_fr3_moveit_config) by extension 'ignore_ament_install'
[0.270s] Level 1:colcon.colcon_core.package_identification:_identify(franka_ros2/franka_fr3_moveit_config) by extensions ['colcon_pkg']
[0.270s] Level 1:colcon.colcon_core.package_identification:_identify(franka_ros2/franka_fr3_moveit_config) by extension 'colcon_pkg'
[0.270s] Level 1:colcon.colcon_core.package_identification:_identify(franka_ros2/franka_fr3_moveit_config) by extensions ['colcon_meta']
[0.270s] Level 1:colcon.colcon_core.package_identification:_identify(franka_ros2/franka_fr3_moveit_config) by extension 'colcon_meta'
[0.270s] Level 1:colcon.colcon_core.package_identification:_identify(franka_ros2/franka_fr3_moveit_config) by extensions ['ros']
[0.270s] Level 1:colcon.colcon_core.package_identification:_identify(franka_ros2/franka_fr3_moveit_config) by extension 'ros'
[0.270s] DEBUG:colcon.colcon_core.package_identification:Package 'franka_ros2/franka_fr3_moveit_config' with type 'ros.ament_cmake' and name 'franka_fr3_moveit_config'
[0.270s] Level 1:colcon.colcon_core.package_identification:_identify(franka_ros2/franka_gazebo) by extensions ['ignore', 'ignore_ament_install']
[0.271s] Level 1:colcon.colcon_core.package_identification:_identify(franka_ros2/franka_gazebo) by extension 'ignore'
[0.271s] Level 1:colcon.colcon_core.package_identification:_identify(franka_ros2/franka_gazebo) by extension 'ignore_ament_install'
[0.271s] Level 1:colcon.colcon_core.package_identification:_identify(franka_ros2/franka_gazebo) by extensions ['colcon_pkg']
[0.271s] Level 1:colcon.colcon_core.package_identification:_identify(franka_ros2/franka_gazebo) by extension 'colcon_pkg'
[0.271s] Level 1:colcon.colcon_core.package_identification:_identify(franka_ros2/franka_gazebo) by extensions ['colcon_meta']
[0.271s] Level 1:colcon.colcon_core.package_identification:_identify(franka_ros2/franka_gazebo) by extension 'colcon_meta'
[0.271s] Level 1:colcon.colcon_core.package_identification:_identify(franka_ros2/franka_gazebo) by extensions ['ros']
[0.271s] Level 1:colcon.colcon_core.package_identification:_identify(franka_ros2/franka_gazebo) by extension 'ros'
[0.271s] Level 1:colcon.colcon_core.package_identification:_identify(franka_ros2/franka_gazebo) by extensions ['cmake', 'python']
[0.271s] Level 1:colcon.colcon_core.package_identification:_identify(franka_ros2/franka_gazebo) by extension 'cmake'
[0.271s] Level 1:colcon.colcon_core.package_identification:_identify(franka_ros2/franka_gazebo) by extension 'python'
[0.271s] Level 1:colcon.colcon_core.package_identification:_identify(franka_ros2/franka_gazebo) by extensions ['python_setup_py']
[0.271s] Level 1:colcon.colcon_core.package_identification:_identify(franka_ros2/franka_gazebo) by extension 'python_setup_py'
[0.271s] Level 1:colcon.colcon_core.package_identification:_identify(franka_ros2/franka_gazebo/doc) by extensions ['ignore', 'ignore_ament_install']
[0.271s] Level 1:colcon.colcon_core.package_identification:_identify(franka_ros2/franka_gazebo/doc) by extension 'ignore'
[0.271s] Level 1:colcon.colcon_core.package_identification:_identify(franka_ros2/franka_gazebo/doc) by extension 'ignore_ament_install'
[0.271s] Level 1:colcon.colcon_core.package_identification:_identify(franka_ros2/franka_gazebo/doc) by extensions ['colcon_pkg']
[0.271s] Level 1:colcon.colcon_core.package_identification:_identify(franka_ros2/franka_gazebo/doc) by extension 'colcon_pkg'
[0.271s] Level 1:colcon.colcon_core.package_identification:_identify(franka_ros2/franka_gazebo/doc) by extensions ['colcon_meta']
[0.271s] Level 1:colcon.colcon_core.package_identification:_identify(franka_ros2/franka_gazebo/doc) by extension 'colcon_meta'
[0.271s] Level 1:colcon.colcon_core.package_identification:_identify(franka_ros2/franka_gazebo/doc) by extensions ['ros']
[0.271s] Level 1:colcon.colcon_core.package_identification:_identify(franka_ros2/franka_gazebo/doc) by extension 'ros'
[0.271s] Level 1:colcon.colcon_core.package_identification:_identify(franka_ros2/franka_gazebo/doc) by extensions ['cmake', 'python']
[0.271s] Level 1:colcon.colcon_core.package_identification:_identify(franka_ros2/franka_gazebo/doc) by extension 'cmake'
[0.271s] Level 1:colcon.colcon_core.package_identification:_identify(franka_ros2/franka_gazebo/doc) by extension 'python'
[0.271s] Level 1:colcon.colcon_core.package_identification:_identify(franka_ros2/franka_gazebo/doc) by extensions ['python_setup_py']
[0.271s] Level 1:colcon.colcon_core.package_identification:_identify(franka_ros2/franka_gazebo/doc) by extension 'python_setup_py'
[0.271s] Level 1:colcon.colcon_core.package_identification:_identify(franka_ros2/franka_gazebo/franka_gazebo_bringup) by extensions ['ignore', 'ignore_ament_install']
[0.272s] Level 1:colcon.colcon_core.package_identification:_identify(franka_ros2/franka_gazebo/franka_gazebo_bringup) by extension 'ignore'
[0.272s] Level 1:colcon.colcon_core.package_identification:_identify(franka_ros2/franka_gazebo/franka_gazebo_bringup) by extension 'ignore_ament_install'
[0.272s] Level 1:colcon.colcon_core.package_identification:_identify(franka_ros2/franka_gazebo/franka_gazebo_bringup) by extensions ['colcon_pkg']
[0.272s] Level 1:colcon.colcon_core.package_identification:_identify(franka_ros2/franka_gazebo/franka_gazebo_bringup) by extension 'colcon_pkg'
[0.272s] Level 1:colcon.colcon_core.package_identification:_identify(franka_ros2/franka_gazebo/franka_gazebo_bringup) by extensions ['colcon_meta']
[0.272s] Level 1:colcon.colcon_core.package_identification:_identify(franka_ros2/franka_gazebo/franka_gazebo_bringup) by extension 'colcon_meta'
[0.272s] Level 1:colcon.colcon_core.package_identification:_identify(franka_ros2/franka_gazebo/franka_gazebo_bringup) by extensions ['ros']
[0.272s] Level 1:colcon.colcon_core.package_identification:_identify(franka_ros2/franka_gazebo/franka_gazebo_bringup) by extension 'ros'
[0.272s] DEBUG:colcon.colcon_core.package_identification:Package 'franka_ros2/franka_gazebo/franka_gazebo_bringup' with type 'ros.ament_cmake' and name 'franka_gazebo_bringup'
[0.272s] Level 1:colcon.colcon_core.package_identification:_identify(franka_ros2/franka_gazebo/franka_ign_ros2_control) by extensions ['ignore', 'ignore_ament_install']
[0.272s] Level 1:colcon.colcon_core.package_identification:_identify(franka_ros2/franka_gazebo/franka_ign_ros2_control) by extension 'ignore'
[0.272s] Level 1:colcon.colcon_core.package_identification:_identify(franka_ros2/franka_gazebo/franka_ign_ros2_control) by extension 'ignore_ament_install'
[0.272s] Level 1:colcon.colcon_core.package_identification:_identify(franka_ros2/franka_gazebo/franka_ign_ros2_control) by extensions ['colcon_pkg']
[0.273s] Level 1:colcon.colcon_core.package_identification:_identify(franka_ros2/franka_gazebo/franka_ign_ros2_control) by extension 'colcon_pkg'
[0.273s] Level 1:colcon.colcon_core.package_identification:_identify(franka_ros2/franka_gazebo/franka_ign_ros2_control) by extensions ['colcon_meta']
[0.273s] Level 1:colcon.colcon_core.package_identification:_identify(franka_ros2/franka_gazebo/franka_ign_ros2_control) by extension 'colcon_meta'
[0.273s] Level 1:colcon.colcon_core.package_identification:_identify(franka_ros2/franka_gazebo/franka_ign_ros2_control) by extensions ['ros']
[0.273s] Level 1:colcon.colcon_core.package_identification:_identify(franka_ros2/franka_gazebo/franka_ign_ros2_control) by extension 'ros'
[0.276s] DEBUG:colcon.colcon_core.package_identification:Package 'franka_ros2/franka_gazebo/franka_ign_ros2_control' with type 'ros.ament_cmake' and name 'franka_ign_ros2_control'
[0.276s] Level 1:colcon.colcon_core.package_identification:_identify(franka_ros2/franka_gripper) by extensions ['ignore', 'ignore_ament_install']
[0.276s] Level 1:colcon.colcon_core.package_identification:_identify(franka_ros2/franka_gripper) by extension 'ignore'
[0.276s] Level 1:colcon.colcon_core.package_identification:_identify(franka_ros2/franka_gripper) by extension 'ignore_ament_install'
[0.276s] Level 1:colcon.colcon_core.package_identification:_identify(franka_ros2/franka_gripper) by extensions ['colcon_pkg']
[0.276s] Level 1:colcon.colcon_core.package_identification:_identify(franka_ros2/franka_gripper) by extension 'colcon_pkg'
[0.276s] Level 1:colcon.colcon_core.package_identification:_identify(franka_ros2/franka_gripper) by extensions ['colcon_meta']
[0.276s] Level 1:colcon.colcon_core.package_identification:_identify(franka_ros2/franka_gripper) by extension 'colcon_meta'
[0.276s] Level 1:colcon.colcon_core.package_identification:_identify(franka_ros2/franka_gripper) by extensions ['ros']
[0.276s] Level 1:colcon.colcon_core.package_identification:_identify(franka_ros2/franka_gripper) by extension 'ros'
[0.277s] DEBUG:colcon.colcon_core.package_identification:Package 'franka_ros2/franka_gripper' with type 'ros.ament_cmake' and name 'franka_gripper'
[0.277s] Level 1:colcon.colcon_core.package_identification:_identify(franka_ros2/franka_hardware) by extensions ['ignore', 'ignore_ament_install']
[0.277s] Level 1:colcon.colcon_core.package_identification:_identify(franka_ros2/franka_hardware) by extension 'ignore'
[0.277s] Level 1:colcon.colcon_core.package_identification:_identify(franka_ros2/franka_hardware) by extension 'ignore_ament_install'
[0.277s] Level 1:colcon.colcon_core.package_identification:_identify(franka_ros2/franka_hardware) by extensions ['colcon_pkg']
[0.277s] Level 1:colcon.colcon_core.package_identification:_identify(franka_ros2/franka_hardware) by extension 'colcon_pkg'
[0.277s] Level 1:colcon.colcon_core.package_identification:_identify(franka_ros2/franka_hardware) by extensions ['colcon_meta']
[0.277s] Level 1:colcon.colcon_core.package_identification:_identify(franka_ros2/franka_hardware) by extension 'colcon_meta'
[0.277s] Level 1:colcon.colcon_core.package_identification:_identify(franka_ros2/franka_hardware) by extensions ['ros']
[0.277s] Level 1:colcon.colcon_core.package_identification:_identify(franka_ros2/franka_hardware) by extension 'ros'
[0.278s] DEBUG:colcon.colcon_core.package_identification:Package 'franka_ros2/franka_hardware' with type 'ros.ament_cmake' and name 'franka_hardware'
[0.278s] Level 1:colcon.colcon_core.package_identification:_identify(franka_ros2/franka_msgs) by extensions ['ignore', 'ignore_ament_install']
[0.278s] Level 1:colcon.colcon_core.package_identification:_identify(franka_ros2/franka_msgs) by extension 'ignore'
[0.278s] Level 1:colcon.colcon_core.package_identification:_identify(franka_ros2/franka_msgs) by extension 'ignore_ament_install'
[0.278s] Level 1:colcon.colcon_core.package_identification:_identify(franka_ros2/franka_msgs) by extensions ['colcon_pkg']
[0.278s] Level 1:colcon.colcon_core.package_identification:_identify(franka_ros2/franka_msgs) by extension 'colcon_pkg'
[0.278s] Level 1:colcon.colcon_core.package_identification:_identify(franka_ros2/franka_msgs) by extensions ['colcon_meta']
[0.278s] Level 1:colcon.colcon_core.package_identification:_identify(franka_ros2/franka_msgs) by extension 'colcon_meta'
[0.278s] Level 1:colcon.colcon_core.package_identification:_identify(franka_ros2/franka_msgs) by extensions ['ros']
[0.278s] Level 1:colcon.colcon_core.package_identification:_identify(franka_ros2/franka_msgs) by extension 'ros'
[0.279s] DEBUG:colcon.colcon_core.package_identification:Package 'franka_ros2/franka_msgs' with type 'ros.ament_cmake' and name 'franka_msgs'
[0.279s] Level 1:colcon.colcon_core.package_identification:_identify(franka_ros2/franka_robot_state_broadcaster) by extensions ['ignore', 'ignore_ament_install']
[0.279s] Level 1:colcon.colcon_core.package_identification:_identify(franka_ros2/franka_robot_state_broadcaster) by extension 'ignore'
[0.279s] Level 1:colcon.colcon_core.package_identification:_identify(franka_ros2/franka_robot_state_broadcaster) by extension 'ignore_ament_install'
[0.279s] Level 1:colcon.colcon_core.package_identification:_identify(franka_ros2/franka_robot_state_broadcaster) by extensions ['colcon_pkg']
[0.279s] Level 1:colcon.colcon_core.package_identification:_identify(franka_ros2/franka_robot_state_broadcaster) by extension 'colcon_pkg'
[0.279s] Level 1:colcon.colcon_core.package_identification:_identify(franka_ros2/franka_robot_state_broadcaster) by extensions ['colcon_meta']
[0.279s] Level 1:colcon.colcon_core.package_identification:_identify(franka_ros2/franka_robot_state_broadcaster) by extension 'colcon_meta'
[0.279s] Level 1:colcon.colcon_core.package_identification:_identify(franka_ros2/franka_robot_state_broadcaster) by extensions ['ros']
[0.279s] Level 1:colcon.colcon_core.package_identification:_identify(franka_ros2/franka_robot_state_broadcaster) by extension 'ros'
[0.280s] DEBUG:colcon.colcon_core.package_identification:Package 'franka_ros2/franka_robot_state_broadcaster' with type 'ros.ament_cmake' and name 'franka_robot_state_broadcaster'
[0.280s] Level 1:colcon.colcon_core.package_identification:_identify(franka_ros2/franka_ros2) by extensions ['ignore', 'ignore_ament_install']
[0.280s] Level 1:colcon.colcon_core.package_identification:_identify(franka_ros2/franka_ros2) by extension 'ignore'
[0.280s] Level 1:colcon.colcon_core.package_identification:_identify(franka_ros2/franka_ros2) by extension 'ignore_ament_install'
[0.280s] Level 1:colcon.colcon_core.package_identification:_identify(franka_ros2/franka_ros2) by extensions ['colcon_pkg']
[0.280s] Level 1:colcon.colcon_core.package_identification:_identify(franka_ros2/franka_ros2) by extension 'colcon_pkg'
[0.280s] Level 1:colcon.colcon_core.package_identification:_identify(franka_ros2/franka_ros2) by extensions ['colcon_meta']
[0.280s] Level 1:colcon.colcon_core.package_identification:_identify(franka_ros2/franka_ros2) by extension 'colcon_meta'
[0.280s] Level 1:colcon.colcon_core.package_identification:_identify(franka_ros2/franka_ros2) by extensions ['ros']
[0.280s] Level 1:colcon.colcon_core.package_identification:_identify(franka_ros2/franka_ros2) by extension 'ros'
[0.281s] DEBUG:colcon.colcon_core.package_identification:Package 'franka_ros2/franka_ros2' with type 'ros.ament_cmake' and name 'franka_ros2'
[0.281s] Level 1:colcon.colcon_core.package_identification:_identify(franka_ros2/franka_semantic_components) by extensions ['ignore', 'ignore_ament_install']
[0.281s] Level 1:colcon.colcon_core.package_identification:_identify(franka_ros2/franka_semantic_components) by extension 'ignore'
[0.281s] Level 1:colcon.colcon_core.package_identification:_identify(franka_ros2/franka_semantic_components) by extension 'ignore_ament_install'
[0.281s] Level 1:colcon.colcon_core.package_identification:_identify(franka_ros2/franka_semantic_components) by extensions ['colcon_pkg']
[0.281s] Level 1:colcon.colcon_core.package_identification:_identify(franka_ros2/franka_semantic_components) by extension 'colcon_pkg'
[0.281s] Level 1:colcon.colcon_core.package_identification:_identify(franka_ros2/franka_semantic_components) by extensions ['colcon_meta']
[0.281s] Level 1:colcon.colcon_core.package_identification:_identify(franka_ros2/franka_semantic_components) by extension 'colcon_meta'
[0.281s] Level 1:colcon.colcon_core.package_identification:_identify(franka_ros2/franka_semantic_components) by extensions ['ros']
[0.281s] Level 1:colcon.colcon_core.package_identification:_identify(franka_ros2/franka_semantic_components) by extension 'ros'
[0.282s] DEBUG:colcon.colcon_core.package_identification:Package 'franka_ros2/franka_semantic_components' with type 'ros.ament_cmake' and name 'franka_semantic_components'
[0.282s] Level 1:colcon.colcon_core.package_identification:_identify(franka_ros2/franka_task_pipeline) by extensions ['ignore', 'ignore_ament_install']
[0.282s] Level 1:colcon.colcon_core.package_identification:_identify(franka_ros2/franka_task_pipeline) by extension 'ignore'
[0.282s] Level 1:colcon.colcon_core.package_identification:_identify(franka_ros2/franka_task_pipeline) by extension 'ignore_ament_install'
[0.282s] Level 1:colcon.colcon_core.package_identification:_identify(franka_ros2/franka_task_pipeline) by extensions ['colcon_pkg']
[0.282s] Level 1:colcon.colcon_core.package_identification:_identify(franka_ros2/franka_task_pipeline) by extension 'colcon_pkg'
[0.282s] Level 1:colcon.colcon_core.package_identification:_identify(franka_ros2/franka_task_pipeline) by extensions ['colcon_meta']
[0.282s] Level 1:colcon.colcon_core.package_identification:_identify(franka_ros2/franka_task_pipeline) by extension 'colcon_meta'
[0.282s] Level 1:colcon.colcon_core.package_identification:_identify(franka_ros2/franka_task_pipeline) by extensions ['ros']
[0.282s] Level 1:colcon.colcon_core.package_identification:_identify(franka_ros2/franka_task_pipeline) by extension 'ros'
[0.283s] DEBUG:colcon.colcon_core.package_identification:Package 'franka_ros2/franka_task_pipeline' with type 'ros.ament_cmake' and name 'franka_task_pipeline'
[0.283s] Level 1:colcon.colcon_core.package_identification:_identify(franka_ros2/integration_launch_testing) by extensions ['ignore', 'ignore_ament_install']
[0.283s] Level 1:colcon.colcon_core.package_identification:_identify(franka_ros2/integration_launch_testing) by extension 'ignore'
[0.283s] Level 1:colcon.colcon_core.package_identification:_identify(franka_ros2/integration_launch_testing) by extension 'ignore_ament_install'
[0.283s] Level 1:colcon.colcon_core.package_identification:_identify(franka_ros2/integration_launch_testing) by extensions ['colcon_pkg']
[0.283s] Level 1:colcon.colcon_core.package_identification:_identify(franka_ros2/integration_launch_testing) by extension 'colcon_pkg'
[0.283s] Level 1:colcon.colcon_core.package_identification:_identify(franka_ros2/integration_launch_testing) by extensions ['colcon_meta']
[0.283s] Level 1:colcon.colcon_core.package_identification:_identify(franka_ros2/integration_launch_testing) by extension 'colcon_meta'
[0.283s] Level 1:colcon.colcon_core.package_identification:_identify(franka_ros2/integration_launch_testing) by extensions ['ros']
[0.283s] Level 1:colcon.colcon_core.package_identification:_identify(franka_ros2/integration_launch_testing) by extension 'ros'
[0.283s] DEBUG:colcon.colcon_core.package_identification:Package 'franka_ros2/integration_launch_testing' with type 'ros.ament_cmake' and name 'integration_launch_testing'
[0.283s] Level 1:colcon.colcon_core.package_identification:_identify(idra_franka_launch) by extensions ['ignore', 'ignore_ament_install']
[0.284s] Level 1:colcon.colcon_core.package_identification:_identify(idra_franka_launch) by extension 'ignore'
[0.284s] Level 1:colcon.colcon_core.package_identification:_identify(idra_franka_launch) by extension 'ignore_ament_install'
[0.284s] Level 1:colcon.colcon_core.package_identification:_identify(idra_franka_launch) by extensions ['colcon_pkg']
[0.284s] Level 1:colcon.colcon_core.package_identification:_identify(idra_franka_launch) by extension 'colcon_pkg'
[0.284s] Level 1:colcon.colcon_core.package_identification:_identify(idra_franka_launch) by extensions ['colcon_meta']
[0.284s] Level 1:colcon.colcon_core.package_identification:_identify(idra_franka_launch) by extension 'colcon_meta'
[0.284s] Level 1:colcon.colcon_core.package_identification:_identify(idra_franka_launch) by extensions ['ros']
[0.284s] Level 1:colcon.colcon_core.package_identification:_identify(idra_franka_launch) by extension 'ros'
[0.284s] DEBUG:colcon.colcon_core.package_identification:Package 'idra_franka_launch' with type 'ros.ament_cmake' and name 'idra_franka_launch'
[0.284s] Level 1:colcon.colcon_core.package_identification:_identify(install) by extensions ['ignore', 'ignore_ament_install']
[0.284s] Level 1:colcon.colcon_core.package_identification:_identify(install) by extension 'ignore'
[0.284s] Level 1:colcon.colcon_core.package_identification:_identify(install) ignored
[0.284s] Level 1:colcon.colcon_core.package_identification:_identify(log) by extensions ['ignore', 'ignore_ament_install']
[0.284s] Level 1:colcon.colcon_core.package_identification:_identify(log) by extension 'ignore'
[0.284s] Level 1:colcon.colcon_core.package_identification:_identify(log) ignored
[0.284s] Level 1:colcon.colcon_core.package_identification:_identify(ros2_effort_controller) by extensions ['ignore', 'ignore_ament_install']
[0.285s] Level 1:colcon.colcon_core.package_identification:_identify(ros2_effort_controller) by extension 'ignore'
[0.285s] Level 1:colcon.colcon_core.package_identification:_identify(ros2_effort_controller) by extension 'ignore_ament_install'
[0.285s] Level 1:colcon.colcon_core.package_identification:_identify(ros2_effort_controller) by extensions ['colcon_pkg']
[0.285s] Level 1:colcon.colcon_core.package_identification:_identify(ros2_effort_controller) by extension 'colcon_pkg'
[0.285s] Level 1:colcon.colcon_core.package_identification:_identify(ros2_effort_controller) by extensions ['colcon_meta']
[0.285s] Level 1:colcon.colcon_core.package_identification:_identify(ros2_effort_controller) by extension 'colcon_meta'
[0.285s] Level 1:colcon.colcon_core.package_identification:_identify(ros2_effort_controller) by extensions ['ros']
[0.285s] Level 1:colcon.colcon_core.package_identification:_identify(ros2_effort_controller) by extension 'ros'
[0.285s] Level 1:colcon.colcon_core.package_identification:_identify(ros2_effort_controller) by extensions ['cmake', 'python']
[0.285s] Level 1:colcon.colcon_core.package_identification:_identify(ros2_effort_controller) by extension 'cmake'
[0.285s] Level 1:colcon.colcon_core.package_identification:_identify(ros2_effort_controller) by extension 'python'
[0.285s] Level 1:colcon.colcon_core.package_identification:_identify(ros2_effort_controller) by extensions ['python_setup_py']
[0.285s] Level 1:colcon.colcon_core.package_identification:_identify(ros2_effort_controller) by extension 'python_setup_py'
[0.285s] Level 1:colcon.colcon_core.package_identification:_identify(ros2_effort_controller/cartesian_impedance_controller) by extensions ['ignore', 'ignore_ament_install']
[0.285s] Level 1:colcon.colcon_core.package_identification:_identify(ros2_effort_controller/cartesian_impedance_controller) by extension 'ignore'
[0.285s] Level 1:colcon.colcon_core.package_identification:_identify(ros2_effort_controller/cartesian_impedance_controller) by extension 'ignore_ament_install'
[0.285s] Level 1:colcon.colcon_core.package_identification:_identify(ros2_effort_controller/cartesian_impedance_controller) by extensions ['colcon_pkg']
[0.285s] Level 1:colcon.colcon_core.package_identification:_identify(ros2_effort_controller/cartesian_impedance_controller) by extension 'colcon_pkg'
[0.285s] Level 1:colcon.colcon_core.package_identification:_identify(ros2_effort_controller/cartesian_impedance_controller) by extensions ['colcon_meta']
[0.285s] Level 1:colcon.colcon_core.package_identification:_identify(ros2_effort_controller/cartesian_impedance_controller) by extension 'colcon_meta'
[0.285s] Level 1:colcon.colcon_core.package_identification:_identify(ros2_effort_controller/cartesian_impedance_controller) by extensions ['ros']
[0.285s] Level 1:colcon.colcon_core.package_identification:_identify(ros2_effort_controller/cartesian_impedance_controller) by extension 'ros'
[0.286s] DEBUG:colcon.colcon_core.package_identification:Package 'ros2_effort_controller/cartesian_impedance_controller' with type 'ros.ament_cmake' and name 'cartesian_impedance_controller'
[0.286s] Level 1:colcon.colcon_core.package_identification:_identify(ros2_effort_controller/debug_msg) by extensions ['ignore', 'ignore_ament_install']
[0.286s] Level 1:colcon.colcon_core.package_identification:_identify(ros2_effort_controller/debug_msg) by extension 'ignore'
[0.286s] Level 1:colcon.colcon_core.package_identification:_identify(ros2_effort_controller/debug_msg) by extension 'ignore_ament_install'
[0.286s] Level 1:colcon.colcon_core.package_identification:_identify(ros2_effort_controller/debug_msg) by extensions ['colcon_pkg']
[0.286s] Level 1:colcon.colcon_core.package_identification:_identify(ros2_effort_controller/debug_msg) by extension 'colcon_pkg'
[0.286s] Level 1:colcon.colcon_core.package_identification:_identify(ros2_effort_controller/debug_msg) by extensions ['colcon_meta']
[0.286s] Level 1:colcon.colcon_core.package_identification:_identify(ros2_effort_controller/debug_msg) by extension 'colcon_meta'
[0.286s] Level 1:colcon.colcon_core.package_identification:_identify(ros2_effort_controller/debug_msg) by extensions ['ros']
[0.286s] Level 1:colcon.colcon_core.package_identification:_identify(ros2_effort_controller/debug_msg) by extension 'ros'
[0.286s] DEBUG:colcon.colcon_core.package_identification:Package 'ros2_effort_controller/debug_msg' with type 'ros.ament_cmake' and name 'debug_msg'
[0.287s] Level 1:colcon.colcon_core.package_identification:_identify(ros2_effort_controller/effort_controller_base) by extensions ['ignore', 'ignore_ament_install']
[0.287s] Level 1:colcon.colcon_core.package_identification:_identify(ros2_effort_controller/effort_controller_base) by extension 'ignore'
[0.287s] Level 1:colcon.colcon_core.package_identification:_identify(ros2_effort_controller/effort_controller_base) by extension 'ignore_ament_install'
[0.287s] Level 1:colcon.colcon_core.package_identification:_identify(ros2_effort_controller/effort_controller_base) by extensions ['colcon_pkg']
[0.287s] Level 1:colcon.colcon_core.package_identification:_identify(ros2_effort_controller/effort_controller_base) by extension 'colcon_pkg'
[0.287s] Level 1:colcon.colcon_core.package_identification:_identify(ros2_effort_controller/effort_controller_base) by extensions ['colcon_meta']
[0.287s] Level 1:colcon.colcon_core.package_identification:_identify(ros2_effort_controller/effort_controller_base) by extension 'colcon_meta'
[0.287s] Level 1:colcon.colcon_core.package_identification:_identify(ros2_effort_controller/effort_controller_base) by extensions ['ros']
[0.287s] Level 1:colcon.colcon_core.package_identification:_identify(ros2_effort_controller/effort_controller_base) by extension 'ros'
[0.287s] DEBUG:colcon.colcon_core.package_identification:Package 'ros2_effort_controller/effort_controller_base' with type 'ros.catkin' and name 'effort_controller_base'
[0.287s] Level 1:colcon.colcon_core.package_identification:_identify(ros2_effort_controller/gravity_compensation) by extensions ['ignore', 'ignore_ament_install']
[0.287s] Level 1:colcon.colcon_core.package_identification:_identify(ros2_effort_controller/gravity_compensation) by extension 'ignore'
[0.287s] Level 1:colcon.colcon_core.package_identification:_identify(ros2_effort_controller/gravity_compensation) by extension 'ignore_ament_install'
[0.287s] Level 1:colcon.colcon_core.package_identification:_identify(ros2_effort_controller/gravity_compensation) by extensions ['colcon_pkg']
[0.287s] Level 1:colcon.colcon_core.package_identification:_identify(ros2_effort_controller/gravity_compensation) by extension 'colcon_pkg'
[0.288s] Level 1:colcon.colcon_core.package_identification:_identify(ros2_effort_controller/gravity_compensation) by extensions ['colcon_meta']
[0.288s] Level 1:colcon.colcon_core.package_identification:_identify(ros2_effort_controller/gravity_compensation) by extension 'colcon_meta'
[0.288s] Level 1:colcon.colcon_core.package_identification:_identify(ros2_effort_controller/gravity_compensation) by extensions ['ros']
[0.288s] Level 1:colcon.colcon_core.package_identification:_identify(ros2_effort_controller/gravity_compensation) by extension 'ros'
[0.288s] DEBUG:colcon.colcon_core.package_identification:Package 'ros2_effort_controller/gravity_compensation' with type 'ros.ament_cmake' and name 'gravity_compensation'
[0.288s] Level 1:colcon.colcon_core.package_identification:_identify(ros2_effort_controller/joint_impedance_controller) by extensions ['ignore', 'ignore_ament_install']
[0.288s] Level 1:colcon.colcon_core.package_identification:_identify(ros2_effort_controller/joint_impedance_controller) by extension 'ignore'
[0.288s] Level 1:colcon.colcon_core.package_identification:_identify(ros2_effort_controller/joint_impedance_controller) by extension 'ignore_ament_install'
[0.288s] Level 1:colcon.colcon_core.package_identification:_identify(ros2_effort_controller/joint_impedance_controller) by extensions ['colcon_pkg']
[0.288s] Level 1:colcon.colcon_core.package_identification:_identify(ros2_effort_controller/joint_impedance_controller) by extension 'colcon_pkg'
[0.288s] Level 1:colcon.colcon_core.package_identification:_identify(ros2_effort_controller/joint_impedance_controller) by extensions ['colcon_meta']
[0.288s] Level 1:colcon.colcon_core.package_identification:_identify(ros2_effort_controller/joint_impedance_controller) by extension 'colcon_meta'
[0.288s] Level 1:colcon.colcon_core.package_identification:_identify(ros2_effort_controller/joint_impedance_controller) by extensions ['ros']
[0.288s] Level 1:colcon.colcon_core.package_identification:_identify(ros2_effort_controller/joint_impedance_controller) by extension 'ros'
[0.289s] DEBUG:colcon.colcon_core.package_identification:Package 'ros2_effort_controller/joint_impedance_controller' with type 'ros.ament_cmake' and name 'joint_impedance_controller'
[0.289s] Level 1:colcon.colcon_core.package_discovery:discover_packages(recursive) using defaults
[0.289s] Level 1:colcon.colcon_core.package_discovery:discover_packages(ignore) discover
[0.289s] Level 1:colcon.colcon_core.package_discovery:discover_packages(ignore) using defaults
[0.289s] Level 1:colcon.colcon_core.package_discovery:discover_packages(path) discover
[0.289s] Level 1:colcon.colcon_core.package_discovery:discover_packages(path) using defaults
[0.306s] Level 1:colcon.colcon_core.package_discovery:discover_packages(prefix_path) check parameters
[0.306s] Level 1:colcon.colcon_core.package_discovery:discover_packages(prefix_path) discover
[0.306s] WARNING:colcon.colcon_core.prefix_path.colcon:The path '/home/jiataoding/ros2_franka_ws/install' in the environment variable COLCON_PREFIX_PATH doesn't exist
[0.307s] WARNING:colcon.colcon_ros.prefix_path.ament:The path '/home/jiataoding/ros2_franka_ws/install/joint_impedance_controller' in the environment variable AMENT_PREFIX_PATH doesn't exist
[0.307s] WARNING:colcon.colcon_ros.prefix_path.ament:The path '/home/jiataoding/ros2_franka_ws/install/integration_launch_testing' in the environment variable AMENT_PREFIX_PATH doesn't exist
[0.307s] WARNING:colcon.colcon_ros.prefix_path.ament:The path '/home/jiataoding/ros2_franka_ws/install/idra_franka_launch' in the environment variable AMENT_PREFIX_PATH doesn't exist
[0.307s] WARNING:colcon.colcon_ros.prefix_path.ament:The path '/home/jiataoding/ros2_franka_ws/install/gravity_compensation' in the environment variable AMENT_PREFIX_PATH doesn't exist
[0.307s] WARNING:colcon.colcon_ros.prefix_path.ament:The path '/home/jiataoding/ros2_franka_ws/install/franka_task_pipeline' in the environment variable AMENT_PREFIX_PATH doesn't exist
[0.307s] WARNING:colcon.colcon_ros.prefix_path.ament:The path '/home/jiataoding/ros2_franka_ws/install/franka_ros2' in the environment variable AMENT_PREFIX_PATH doesn't exist
[0.307s] WARNING:colcon.colcon_ros.prefix_path.ament:The path '/home/jiataoding/ros2_franka_ws/install/franka_bringup' in the environment variable AMENT_PREFIX_PATH doesn't exist
[0.307s] WARNING:colcon.colcon_ros.prefix_path.ament:The path '/home/jiataoding/ros2_franka_ws/install/franka_robot_state_broadcaster' in the environment variable AMENT_PREFIX_PATH doesn't exist
[0.307s] WARNING:colcon.colcon_ros.prefix_path.ament:The path '/home/jiataoding/ros2_franka_ws/install/franka_example_controllers' in the environment variable AMENT_PREFIX_PATH doesn't exist
[0.307s] WARNING:colcon.colcon_ros.prefix_path.ament:The path '/home/jiataoding/ros2_franka_ws/install/franka_semantic_components' in the environment variable AMENT_PREFIX_PATH doesn't exist
[0.307s] WARNING:colcon.colcon_ros.prefix_path.ament:The path '/home/jiataoding/ros2_franka_ws/install/franka_gazebo_bringup' in the environment variable AMENT_PREFIX_PATH doesn't exist
[0.307s] WARNING:colcon.colcon_ros.prefix_path.ament:The path '/home/jiataoding/ros2_franka_ws/install/franka_ign_ros2_control' in the environment variable AMENT_PREFIX_PATH doesn't exist
[0.307s] WARNING:colcon.colcon_ros.prefix_path.ament:The path '/home/jiataoding/ros2_franka_ws/install/franka_fr3_moveit_config' in the environment variable AMENT_PREFIX_PATH doesn't exist
[0.307s] WARNING:colcon.colcon_ros.prefix_path.ament:The path '/home/jiataoding/ros2_franka_ws/install/franka_hardware' in the environment variable AMENT_PREFIX_PATH doesn't exist
[0.307s] WARNING:colcon.colcon_ros.prefix_path.ament:The path '/home/jiataoding/ros2_franka_ws/install/franka_gripper' in the environment variable AMENT_PREFIX_PATH doesn't exist
[0.307s] WARNING:colcon.colcon_ros.prefix_path.ament:The path '/home/jiataoding/ros2_franka_ws/install/franka_msgs' in the environment variable AMENT_PREFIX_PATH doesn't exist
[0.307s] WARNING:colcon.colcon_ros.prefix_path.ament:The path '/home/jiataoding/ros2_franka_ws/install/franka_description' in the environment variable AMENT_PREFIX_PATH doesn't exist
[0.307s] WARNING:colcon.colcon_ros.prefix_path.ament:The path '/home/jiataoding/ros2_franka_ws/install/cartesian_impedance_controller' in the environment variable AMENT_PREFIX_PATH doesn't exist
[0.307s] WARNING:colcon.colcon_ros.prefix_path.ament:The path '/home/jiataoding/ros2_franka_ws/install/debug_msg' in the environment variable AMENT_PREFIX_PATH doesn't exist
[0.308s] WARNING:colcon.colcon_ros.prefix_path.catkin:The path '/home/jiataoding/ros2_franka_ws/install/joint_impedance_controller' in the environment variable CMAKE_PREFIX_PATH doesn't exist
[0.308s] WARNING:colcon.colcon_ros.prefix_path.catkin:The path '/home/jiataoding/ros2_franka_ws/install/integration_launch_testing' in the environment variable CMAKE_PREFIX_PATH doesn't exist
[0.308s] WARNING:colcon.colcon_ros.prefix_path.catkin:The path '/home/jiataoding/ros2_franka_ws/install/idra_franka_launch' in the environment variable CMAKE_PREFIX_PATH doesn't exist
[0.308s] WARNING:colcon.colcon_ros.prefix_path.catkin:The path '/home/jiataoding/ros2_franka_ws/install/gravity_compensation' in the environment variable CMAKE_PREFIX_PATH doesn't exist
[0.308s] WARNING:colcon.colcon_ros.prefix_path.catkin:The path '/home/jiataoding/ros2_franka_ws/install/franka_task_pipeline' in the environment variable CMAKE_PREFIX_PATH doesn't exist
[0.308s] WARNING:colcon.colcon_ros.prefix_path.catkin:The path '/home/jiataoding/ros2_franka_ws/install/franka_ros2' in the environment variable CMAKE_PREFIX_PATH doesn't exist
[0.308s] WARNING:colcon.colcon_ros.prefix_path.catkin:The path '/home/jiataoding/ros2_franka_ws/install/franka_bringup' in the environment variable CMAKE_PREFIX_PATH doesn't exist
[0.308s] WARNING:colcon.colcon_ros.prefix_path.catkin:The path '/home/jiataoding/ros2_franka_ws/install/franka_robot_state_broadcaster' in the environment variable CMAKE_PREFIX_PATH doesn't exist
[0.308s] WARNING:colcon.colcon_ros.prefix_path.catkin:The path '/home/jiataoding/ros2_franka_ws/install/franka_example_controllers' in the environment variable CMAKE_PREFIX_PATH doesn't exist
[0.308s] WARNING:colcon.colcon_ros.prefix_path.catkin:The path '/home/jiataoding/ros2_franka_ws/install/franka_semantic_components' in the environment variable CMAKE_PREFIX_PATH doesn't exist
[0.308s] WARNING:colcon.colcon_ros.prefix_path.catkin:The path '/home/jiataoding/ros2_franka_ws/install/franka_gazebo_bringup' in the environment variable CMAKE_PREFIX_PATH doesn't exist
[0.308s] WARNING:colcon.colcon_ros.prefix_path.catkin:The path '/home/jiataoding/ros2_franka_ws/install/franka_ign_ros2_control' in the environment variable CMAKE_PREFIX_PATH doesn't exist
[0.308s] WARNING:colcon.colcon_ros.prefix_path.catkin:The path '/home/jiataoding/ros2_franka_ws/install/franka_fr3_moveit_config' in the environment variable CMAKE_PREFIX_PATH doesn't exist
[0.309s] WARNING:colcon.colcon_ros.prefix_path.catkin:The path '/home/jiataoding/ros2_franka_ws/install/franka_hardware' in the environment variable CMAKE_PREFIX_PATH doesn't exist
[0.309s] WARNING:colcon.colcon_ros.prefix_path.catkin:The path '/home/jiataoding/ros2_franka_ws/install/franka_gripper' in the environment variable CMAKE_PREFIX_PATH doesn't exist
[0.309s] WARNING:colcon.colcon_ros.prefix_path.catkin:The path '/home/jiataoding/ros2_franka_ws/install/franka_msgs' in the environment variable CMAKE_PREFIX_PATH doesn't exist
[0.309s] WARNING:colcon.colcon_ros.prefix_path.catkin:The path '/home/jiataoding/ros2_franka_ws/install/franka_description' in the environment variable CMAKE_PREFIX_PATH doesn't exist
[0.309s] WARNING:colcon.colcon_ros.prefix_path.catkin:The path '/home/jiataoding/ros2_franka_ws/install/cartesian_impedance_controller' in the environment variable CMAKE_PREFIX_PATH doesn't exist
[0.309s] WARNING:colcon.colcon_ros.prefix_path.catkin:The path '/home/jiataoding/ros2_franka_ws/install/effort_controller_base' in the environment variable CMAKE_PREFIX_PATH doesn't exist
[0.309s] WARNING:colcon.colcon_ros.prefix_path.catkin:The path '/home/jiataoding/ros2_franka_ws/install/debug_msg' in the environment variable CMAKE_PREFIX_PATH doesn't exist
[0.310s] DEBUG:colcon.colcon_installed_package_information.package_discovery:Found 20 installed packages in /home/jiataoding/franco_ros2_franka_ws/src/install
[0.310s] DEBUG:colcon.colcon_installed_package_information.package_discovery:Found 20 installed packages in /home/jiataoding/franco_ros2_franka_ws/install
[0.313s] DEBUG:colcon.colcon_installed_package_information.package_discovery:Found 471 installed packages in /opt/ros/humble
[0.314s] Level 1:colcon.colcon_core.package_discovery:discover_packages(prefix_path) using defaults
[0.353s] Level 5:colcon.colcon_core.verb:set package 'debug_msg' build argument 'cmake_args' from command line to '['-DCMAKE_BUILD_TYPE=Release']'
[0.353s] Level 5:colcon.colcon_core.verb:set package 'debug_msg' build argument 'cmake_target' from command line to 'None'
[0.353s] Level 5:colcon.colcon_core.verb:set package 'debug_msg' build argument 'cmake_target_skip_unavailable' from command line to 'False'
[0.353s] Level 5:colcon.colcon_core.verb:set package 'debug_msg' build argument 'cmake_clean_cache' from command line to 'False'
[0.353s] Level 5:colcon.colcon_core.verb:set package 'debug_msg' build argument 'cmake_clean_first' from command line to 'False'
[0.353s] Level 5:colcon.colcon_core.verb:set package 'debug_msg' build argument 'cmake_force_configure' from command line to 'False'
[0.353s] Level 5:colcon.colcon_core.verb:set package 'debug_msg' build argument 'ament_cmake_args' from command line to 'None'
[0.353s] Level 5:colcon.colcon_core.verb:set package 'debug_msg' build argument 'catkin_cmake_args' from command line to 'None'
[0.353s] Level 5:colcon.colcon_core.verb:set package 'debug_msg' build argument 'catkin_skip_building_tests' from command line to 'False'
[0.353s] DEBUG:colcon.colcon_core.verb:Building package 'debug_msg' with the following arguments: {'ament_cmake_args': None, 'build_base': '/home/jiataoding/franco_ros2_franka_ws/src/build/debug_msg', 'catkin_cmake_args': None, 'catkin_skip_building_tests': False, 'cmake_args': ['-DCMAKE_BUILD_TYPE=Release'], 'cmake_clean_cache': False, 'cmake_clean_first': False, 'cmake_force_configure': False, 'cmake_target': None, 'cmake_target_skip_unavailable': False, 'install_base': '/home/jiataoding/franco_ros2_franka_ws/src/install/debug_msg', 'merge_install': False, 'path': '/home/jiataoding/franco_ros2_franka_ws/src/ros2_effort_controller/debug_msg', 'symlink_install': True, 'test_result_base': None}
[0.353s] Level 5:colcon.colcon_core.verb:set package 'effort_controller_base' build argument 'cmake_args' from command line to '['-DCMAKE_BUILD_TYPE=Release']'
[0.353s] Level 5:colcon.colcon_core.verb:set package 'effort_controller_base' build argument 'cmake_target' from command line to 'None'
[0.353s] Level 5:colcon.colcon_core.verb:set package 'effort_controller_base' build argument 'cmake_target_skip_unavailable' from command line to 'False'
[0.353s] Level 5:colcon.colcon_core.verb:set package 'effort_controller_base' build argument 'cmake_clean_cache' from command line to 'False'
[0.353s] Level 5:colcon.colcon_core.verb:set package 'effort_controller_base' build argument 'cmake_clean_first' from command line to 'False'
[0.353s] Level 5:colcon.colcon_core.verb:set package 'effort_controller_base' build argument 'cmake_force_configure' from command line to 'False'
[0.353s] Level 5:colcon.colcon_core.verb:set package 'effort_controller_base' build argument 'ament_cmake_args' from command line to 'None'
[0.354s] Level 5:colcon.colcon_core.verb:set package 'effort_controller_base' build argument 'catkin_cmake_args' from command line to 'None'
[0.354s] Level 5:colcon.colcon_core.verb:set package 'effort_controller_base' build argument 'catkin_skip_building_tests' from command line to 'False'
[0.354s] DEBUG:colcon.colcon_core.verb:Building package 'effort_controller_base' with the following arguments: {'ament_cmake_args': None, 'build_base': '/home/jiataoding/franco_ros2_franka_ws/src/build/effort_controller_base', 'catkin_cmake_args': None, 'catkin_skip_building_tests': False, 'cmake_args': ['-DCMAKE_BUILD_TYPE=Release'], 'cmake_clean_cache': False, 'cmake_clean_first': False, 'cmake_force_configure': False, 'cmake_target': None, 'cmake_target_skip_unavailable': False, 'install_base': '/home/jiataoding/franco_ros2_franka_ws/src/install/effort_controller_base', 'merge_install': False, 'path': '/home/jiataoding/franco_ros2_franka_ws/src/ros2_effort_controller/effort_controller_base', 'symlink_install': True, 'test_result_base': None}
[0.354s] Level 5:colcon.colcon_core.verb:set package 'franka_description' build argument 'cmake_args' from command line to '['-DCMAKE_BUILD_TYPE=Release']'
[0.354s] Level 5:colcon.colcon_core.verb:set package 'franka_description' build argument 'cmake_target' from command line to 'None'
[0.354s] Level 5:colcon.colcon_core.verb:set package 'franka_description' build argument 'cmake_target_skip_unavailable' from command line to 'False'
[0.354s] Level 5:colcon.colcon_core.verb:set package 'franka_description' build argument 'cmake_clean_cache' from command line to 'False'
[0.354s] Level 5:colcon.colcon_core.verb:set package 'franka_description' build argument 'cmake_clean_first' from command line to 'False'
[0.354s] Level 5:colcon.colcon_core.verb:set package 'franka_description' build argument 'cmake_force_configure' from command line to 'False'
[0.354s] Level 5:colcon.colcon_core.verb:set package 'franka_description' build argument 'ament_cmake_args' from command line to 'None'
[0.354s] Level 5:colcon.colcon_core.verb:set package 'franka_description' build argument 'catkin_cmake_args' from command line to 'None'
[0.354s] Level 5:colcon.colcon_core.verb:set package 'franka_description' build argument 'catkin_skip_building_tests' from command line to 'False'
[0.354s] DEBUG:colcon.colcon_core.verb:Building package 'franka_description' with the following arguments: {'ament_cmake_args': None, 'build_base': '/home/jiataoding/franco_ros2_franka_ws/src/build/franka_description', 'catkin_cmake_args': None, 'catkin_skip_building_tests': False, 'cmake_args': ['-DCMAKE_BUILD_TYPE=Release'], 'cmake_clean_cache': False, 'cmake_clean_first': False, 'cmake_force_configure': False, 'cmake_target': None, 'cmake_target_skip_unavailable': False, 'install_base': '/home/jiataoding/franco_ros2_franka_ws/src/install/franka_description', 'merge_install': False, 'path': '/home/jiataoding/franco_ros2_franka_ws/src/franka_description', 'symlink_install': True, 'test_result_base': None}
[0.354s] Level 5:colcon.colcon_core.verb:set package 'franka_msgs' build argument 'cmake_args' from command line to '['-DCMAKE_BUILD_TYPE=Release']'
[0.354s] Level 5:colcon.colcon_core.verb:set package 'franka_msgs' build argument 'cmake_target' from command line to 'None'
[0.354s] Level 5:colcon.colcon_core.verb:set package 'franka_msgs' build argument 'cmake_target_skip_unavailable' from command line to 'False'
[0.354s] Level 5:colcon.colcon_core.verb:set package 'franka_msgs' build argument 'cmake_clean_cache' from command line to 'False'
[0.354s] Level 5:colcon.colcon_core.verb:set package 'franka_msgs' build argument 'cmake_clean_first' from command line to 'False'
[0.354s] Level 5:colcon.colcon_core.verb:set package 'franka_msgs' build argument 'cmake_force_configure' from command line to 'False'
[0.354s] Level 5:colcon.colcon_core.verb:set package 'franka_msgs' build argument 'ament_cmake_args' from command line to 'None'
[0.354s] Level 5:colcon.colcon_core.verb:set package 'franka_msgs' build argument 'catkin_cmake_args' from command line to 'None'
[0.354s] Level 5:colcon.colcon_core.verb:set package 'franka_msgs' build argument 'catkin_skip_building_tests' from command line to 'False'
[0.354s] DEBUG:colcon.colcon_core.verb:Building package 'franka_msgs' with the following arguments: {'ament_cmake_args': None, 'build_base': '/home/jiataoding/franco_ros2_franka_ws/src/build/franka_msgs', 'catkin_cmake_args': None, 'catkin_skip_building_tests': False, 'cmake_args': ['-DCMAKE_BUILD_TYPE=Release'], 'cmake_clean_cache': False, 'cmake_clean_first': False, 'cmake_force_configure': False, 'cmake_target': None, 'cmake_target_skip_unavailable': False, 'install_base': '/home/jiataoding/franco_ros2_franka_ws/src/install/franka_msgs', 'merge_install': False, 'path': '/home/jiataoding/franco_ros2_franka_ws/src/franka_ros2/franka_msgs', 'symlink_install': True, 'test_result_base': None}
[0.355s] Level 5:colcon.colcon_core.verb:set package 'franka_task_pipeline' build argument 'cmake_args' from command line to '['-DCMAKE_BUILD_TYPE=Release']'
[0.355s] Level 5:colcon.colcon_core.verb:set package 'franka_task_pipeline' build argument 'cmake_target' from command line to 'None'
[0.355s] Level 5:colcon.colcon_core.verb:set package 'franka_task_pipeline' build argument 'cmake_target_skip_unavailable' from command line to 'False'
[0.355s] Level 5:colcon.colcon_core.verb:set package 'franka_task_pipeline' build argument 'cmake_clean_cache' from command line to 'False'
[0.355s] Level 5:colcon.colcon_core.verb:set package 'franka_task_pipeline' build argument 'cmake_clean_first' from command line to 'False'
[0.355s] Level 5:colcon.colcon_core.verb:set package 'franka_task_pipeline' build argument 'cmake_force_configure' from command line to 'False'
[0.355s] Level 5:colcon.colcon_core.verb:set package 'franka_task_pipeline' build argument 'ament_cmake_args' from command line to 'None'
[0.355s] Level 5:colcon.colcon_core.verb:set package 'franka_task_pipeline' build argument 'catkin_cmake_args' from command line to 'None'
[0.355s] Level 5:colcon.colcon_core.verb:set package 'franka_task_pipeline' build argument 'catkin_skip_building_tests' from command line to 'False'
[0.355s] DEBUG:colcon.colcon_core.verb:Building package 'franka_task_pipeline' with the following arguments: {'ament_cmake_args': None, 'build_base': '/home/jiataoding/franco_ros2_franka_ws/src/build/franka_task_pipeline', 'catkin_cmake_args': None, 'catkin_skip_building_tests': False, 'cmake_args': ['-DCMAKE_BUILD_TYPE=Release'], 'cmake_clean_cache': False, 'cmake_clean_first': False, 'cmake_force_configure': False, 'cmake_target': None, 'cmake_target_skip_unavailable': False, 'install_base': '/home/jiataoding/franco_ros2_franka_ws/src/install/franka_task_pipeline', 'merge_install': False, 'path': '/home/jiataoding/franco_ros2_franka_ws/src/franka_ros2/franka_task_pipeline', 'symlink_install': True, 'test_result_base': None}
[0.355s] Level 5:colcon.colcon_core.verb:set package 'integration_launch_testing' build argument 'cmake_args' from command line to '['-DCMAKE_BUILD_TYPE=Release']'
[0.355s] Level 5:colcon.colcon_core.verb:set package 'integration_launch_testing' build argument 'cmake_target' from command line to 'None'
[0.355s] Level 5:colcon.colcon_core.verb:set package 'integration_launch_testing' build argument 'cmake_target_skip_unavailable' from command line to 'False'
[0.355s] Level 5:colcon.colcon_core.verb:set package 'integration_launch_testing' build argument 'cmake_clean_cache' from command line to 'False'
[0.355s] Level 5:colcon.colcon_core.verb:set package 'integration_launch_testing' build argument 'cmake_clean_first' from command line to 'False'
[0.355s] Level 5:colcon.colcon_core.verb:set package 'integration_launch_testing' build argument 'cmake_force_configure' from command line to 'False'
[0.355s] Level 5:colcon.colcon_core.verb:set package 'integration_launch_testing' build argument 'ament_cmake_args' from command line to 'None'
[0.355s] Level 5:colcon.colcon_core.verb:set package 'integration_launch_testing' build argument 'catkin_cmake_args' from command line to 'None'
[0.355s] Level 5:colcon.colcon_core.verb:set package 'integration_launch_testing' build argument 'catkin_skip_building_tests' from command line to 'False'
[0.355s] DEBUG:colcon.colcon_core.verb:Building package 'integration_launch_testing' with the following arguments: {'ament_cmake_args': None, 'build_base': '/home/jiataoding/franco_ros2_franka_ws/src/build/integration_launch_testing', 'catkin_cmake_args': None, 'catkin_skip_building_tests': False, 'cmake_args': ['-DCMAKE_BUILD_TYPE=Release'], 'cmake_clean_cache': False, 'cmake_clean_first': False, 'cmake_force_configure': False, 'cmake_target': None, 'cmake_target_skip_unavailable': False, 'install_base': '/home/jiataoding/franco_ros2_franka_ws/src/install/integration_launch_testing', 'merge_install': False, 'path': '/home/jiataoding/franco_ros2_franka_ws/src/franka_ros2/integration_launch_testing', 'symlink_install': True, 'test_result_base': None}
[0.355s] Level 5:colcon.colcon_core.verb:set package 'cartesian_impedance_controller' build argument 'cmake_args' from command line to '['-DCMAKE_BUILD_TYPE=Release']'
[0.355s] Level 5:colcon.colcon_core.verb:set package 'cartesian_impedance_controller' build argument 'cmake_target' from command line to 'None'
[0.355s] Level 5:colcon.colcon_core.verb:set package 'cartesian_impedance_controller' build argument 'cmake_target_skip_unavailable' from command line to 'False'
[0.355s] Level 5:colcon.colcon_core.verb:set package 'cartesian_impedance_controller' build argument 'cmake_clean_cache' from command line to 'False'
[0.355s] Level 5:colcon.colcon_core.verb:set package 'cartesian_impedance_controller' build argument 'cmake_clean_first' from command line to 'False'
[0.355s] Level 5:colcon.colcon_core.verb:set package 'cartesian_impedance_controller' build argument 'cmake_force_configure' from command line to 'False'
[0.355s] Level 5:colcon.colcon_core.verb:set package 'cartesian_impedance_controller' build argument 'ament_cmake_args' from command line to 'None'
[0.355s] Level 5:colcon.colcon_core.verb:set package 'cartesian_impedance_controller' build argument 'catkin_cmake_args' from command line to 'None'
[0.355s] Level 5:colcon.colcon_core.verb:set package 'cartesian_impedance_controller' build argument 'catkin_skip_building_tests' from command line to 'False'
[0.355s] DEBUG:colcon.colcon_core.verb:Building package 'cartesian_impedance_controller' with the following arguments: {'ament_cmake_args': None, 'build_base': '/home/jiataoding/franco_ros2_franka_ws/src/build/cartesian_impedance_controller', 'catkin_cmake_args': None, 'catkin_skip_building_tests': False, 'cmake_args': ['-DCMAKE_BUILD_TYPE=Release'], 'cmake_clean_cache': False, 'cmake_clean_first': False, 'cmake_force_configure': False, 'cmake_target': None, 'cmake_target_skip_unavailable': False, 'install_base': '/home/jiataoding/franco_ros2_franka_ws/src/install/cartesian_impedance_controller', 'merge_install': False, 'path': '/home/jiataoding/franco_ros2_franka_ws/src/ros2_effort_controller/cartesian_impedance_controller', 'symlink_install': True, 'test_result_base': None}
[0.356s] Level 5:colcon.colcon_core.verb:set package 'franka_gripper' build argument 'cmake_args' from command line to '['-DCMAKE_BUILD_TYPE=Release']'
[0.356s] Level 5:colcon.colcon_core.verb:set package 'franka_gripper' build argument 'cmake_target' from command line to 'None'
[0.356s] Level 5:colcon.colcon_core.verb:set package 'franka_gripper' build argument 'cmake_target_skip_unavailable' from command line to 'False'
[0.356s] Level 5:colcon.colcon_core.verb:set package 'franka_gripper' build argument 'cmake_clean_cache' from command line to 'False'
[0.356s] Level 5:colcon.colcon_core.verb:set package 'franka_gripper' build argument 'cmake_clean_first' from command line to 'False'
[0.356s] Level 5:colcon.colcon_core.verb:set package 'franka_gripper' build argument 'cmake_force_configure' from command line to 'False'
[0.356s] Level 5:colcon.colcon_core.verb:set package 'franka_gripper' build argument 'ament_cmake_args' from command line to 'None'
[0.356s] Level 5:colcon.colcon_core.verb:set package 'franka_gripper' build argument 'catkin_cmake_args' from command line to 'None'
[0.356s] Level 5:colcon.colcon_core.verb:set package 'franka_gripper' build argument 'catkin_skip_building_tests' from command line to 'False'
[0.356s] DEBUG:colcon.colcon_core.verb:Building package 'franka_gripper' with the following arguments: {'ament_cmake_args': None, 'build_base': '/home/jiataoding/franco_ros2_franka_ws/src/build/franka_gripper', 'catkin_cmake_args': None, 'catkin_skip_building_tests': False, 'cmake_args': ['-DCMAKE_BUILD_TYPE=Release'], 'cmake_clean_cache': False, 'cmake_clean_first': False, 'cmake_force_configure': False, 'cmake_target': None, 'cmake_target_skip_unavailable': False, 'install_base': '/home/jiataoding/franco_ros2_franka_ws/src/install/franka_gripper', 'merge_install': False, 'path': '/home/jiataoding/franco_ros2_franka_ws/src/franka_ros2/franka_gripper', 'symlink_install': True, 'test_result_base': None}
[0.356s] Level 5:colcon.colcon_core.verb:set package 'franka_hardware' build argument 'cmake_args' from command line to '['-DCMAKE_BUILD_TYPE=Release']'
[0.356s] Level 5:colcon.colcon_core.verb:set package 'franka_hardware' build argument 'cmake_target' from command line to 'None'
[0.356s] Level 5:colcon.colcon_core.verb:set package 'franka_hardware' build argument 'cmake_target_skip_unavailable' from command line to 'False'
[0.356s] Level 5:colcon.colcon_core.verb:set package 'franka_hardware' build argument 'cmake_clean_cache' from command line to 'False'
[0.356s] Level 5:colcon.colcon_core.verb:set package 'franka_hardware' build argument 'cmake_clean_first' from command line to 'False'
[0.356s] Level 5:colcon.colcon_core.verb:set package 'franka_hardware' build argument 'cmake_force_configure' from command line to 'False'
[0.356s] Level 5:colcon.colcon_core.verb:set package 'franka_hardware' build argument 'ament_cmake_args' from command line to 'None'
[0.356s] Level 5:colcon.colcon_core.verb:set package 'franka_hardware' build argument 'catkin_cmake_args' from command line to 'None'
[0.356s] Level 5:colcon.colcon_core.verb:set package 'franka_hardware' build argument 'catkin_skip_building_tests' from command line to 'False'
[0.356s] DEBUG:colcon.colcon_core.verb:Building package 'franka_hardware' with the following arguments: {'ament_cmake_args': None, 'build_base': '/home/jiataoding/franco_ros2_franka_ws/src/build/franka_hardware', 'catkin_cmake_args': None, 'catkin_skip_building_tests': False, 'cmake_args': ['-DCMAKE_BUILD_TYPE=Release'], 'cmake_clean_cache': False, 'cmake_clean_first': False, 'cmake_force_configure': False, 'cmake_target': None, 'cmake_target_skip_unavailable': False, 'install_base': '/home/jiataoding/franco_ros2_franka_ws/src/install/franka_hardware', 'merge_install': False, 'path': '/home/jiataoding/franco_ros2_franka_ws/src/franka_ros2/franka_hardware', 'symlink_install': True, 'test_result_base': None}
[0.356s] Level 5:colcon.colcon_core.verb:set package 'gravity_compensation' build argument 'cmake_args' from command line to '['-DCMAKE_BUILD_TYPE=Release']'
[0.356s] Level 5:colcon.colcon_core.verb:set package 'gravity_compensation' build argument 'cmake_target' from command line to 'None'
[0.356s] Level 5:colcon.colcon_core.verb:set package 'gravity_compensation' build argument 'cmake_target_skip_unavailable' from command line to 'False'
[0.356s] Level 5:colcon.colcon_core.verb:set package 'gravity_compensation' build argument 'cmake_clean_cache' from command line to 'False'
[0.356s] Level 5:colcon.colcon_core.verb:set package 'gravity_compensation' build argument 'cmake_clean_first' from command line to 'False'
[0.357s] Level 5:colcon.colcon_core.verb:set package 'gravity_compensation' build argument 'cmake_force_configure' from command line to 'False'
[0.357s] Level 5:colcon.colcon_core.verb:set package 'gravity_compensation' build argument 'ament_cmake_args' from command line to 'None'
[0.357s] Level 5:colcon.colcon_core.verb:set package 'gravity_compensation' build argument 'catkin_cmake_args' from command line to 'None'
[0.357s] Level 5:colcon.colcon_core.verb:set package 'gravity_compensation' build argument 'catkin_skip_building_tests' from command line to 'False'
[0.357s] DEBUG:colcon.colcon_core.verb:Building package 'gravity_compensation' with the following arguments: {'ament_cmake_args': None, 'build_base': '/home/jiataoding/franco_ros2_franka_ws/src/build/gravity_compensation', 'catkin_cmake_args': None, 'catkin_skip_building_tests': False, 'cmake_args': ['-DCMAKE_BUILD_TYPE=Release'], 'cmake_clean_cache': False, 'cmake_clean_first': False, 'cmake_force_configure': False, 'cmake_target': None, 'cmake_target_skip_unavailable': False, 'install_base': '/home/jiataoding/franco_ros2_franka_ws/src/install/gravity_compensation', 'merge_install': False, 'path': '/home/jiataoding/franco_ros2_franka_ws/src/ros2_effort_controller/gravity_compensation', 'symlink_install': True, 'test_result_base': None}
[0.357s] Level 5:colcon.colcon_core.verb:set package 'joint_impedance_controller' build argument 'cmake_args' from command line to '['-DCMAKE_BUILD_TYPE=Release']'
[0.357s] Level 5:colcon.colcon_core.verb:set package 'joint_impedance_controller' build argument 'cmake_target' from command line to 'None'
[0.357s] Level 5:colcon.colcon_core.verb:set package 'joint_impedance_controller' build argument 'cmake_target_skip_unavailable' from command line to 'False'
[0.357s] Level 5:colcon.colcon_core.verb:set package 'joint_impedance_controller' build argument 'cmake_clean_cache' from command line to 'False'
[0.357s] Level 5:colcon.colcon_core.verb:set package 'joint_impedance_controller' build argument 'cmake_clean_first' from command line to 'False'
[0.357s] Level 5:colcon.colcon_core.verb:set package 'joint_impedance_controller' build argument 'cmake_force_configure' from command line to 'False'
[0.357s] Level 5:colcon.colcon_core.verb:set package 'joint_impedance_controller' build argument 'ament_cmake_args' from command line to 'None'
[0.357s] Level 5:colcon.colcon_core.verb:set package 'joint_impedance_controller' build argument 'catkin_cmake_args' from command line to 'None'
[0.357s] Level 5:colcon.colcon_core.verb:set package 'joint_impedance_controller' build argument 'catkin_skip_building_tests' from command line to 'False'
[0.357s] DEBUG:colcon.colcon_core.verb:Building package 'joint_impedance_controller' with the following arguments: {'ament_cmake_args': None, 'build_base': '/home/jiataoding/franco_ros2_franka_ws/src/build/joint_impedance_controller', 'catkin_cmake_args': None, 'catkin_skip_building_tests': False, 'cmake_args': ['-DCMAKE_BUILD_TYPE=Release'], 'cmake_clean_cache': False, 'cmake_clean_first': False, 'cmake_force_configure': False, 'cmake_target': None, 'cmake_target_skip_unavailable': False, 'install_base': '/home/jiataoding/franco_ros2_franka_ws/src/install/joint_impedance_controller', 'merge_install': False, 'path': '/home/jiataoding/franco_ros2_franka_ws/src/ros2_effort_controller/joint_impedance_controller', 'symlink_install': True, 'test_result_base': None}
[0.357s] Level 5:colcon.colcon_core.verb:set package 'franka_fr3_moveit_config' build argument 'cmake_args' from command line to '['-DCMAKE_BUILD_TYPE=Release']'
[0.357s] Level 5:colcon.colcon_core.verb:set package 'franka_fr3_moveit_config' build argument 'cmake_target' from command line to 'None'
[0.357s] Level 5:colcon.colcon_core.verb:set package 'franka_fr3_moveit_config' build argument 'cmake_target_skip_unavailable' from command line to 'False'
[0.357s] Level 5:colcon.colcon_core.verb:set package 'franka_fr3_moveit_config' build argument 'cmake_clean_cache' from command line to 'False'
[0.357s] Level 5:colcon.colcon_core.verb:set package 'franka_fr3_moveit_config' build argument 'cmake_clean_first' from command line to 'False'
[0.357s] Level 5:colcon.colcon_core.verb:set package 'franka_fr3_moveit_config' build argument 'cmake_force_configure' from command line to 'False'
[0.357s] Level 5:colcon.colcon_core.verb:set package 'franka_fr3_moveit_config' build argument 'ament_cmake_args' from command line to 'None'
[0.357s] Level 5:colcon.colcon_core.verb:set package 'franka_fr3_moveit_config' build argument 'catkin_cmake_args' from command line to 'None'
[0.357s] Level 5:colcon.colcon_core.verb:set package 'franka_fr3_moveit_config' build argument 'catkin_skip_building_tests' from command line to 'False'
[0.357s] DEBUG:colcon.colcon_core.verb:Building package 'franka_fr3_moveit_config' with the following arguments: {'ament_cmake_args': None, 'build_base': '/home/jiataoding/franco_ros2_franka_ws/src/build/franka_fr3_moveit_config', 'catkin_cmake_args': None, 'catkin_skip_building_tests': False, 'cmake_args': ['-DCMAKE_BUILD_TYPE=Release'], 'cmake_clean_cache': False, 'cmake_clean_first': False, 'cmake_force_configure': False, 'cmake_target': None, 'cmake_target_skip_unavailable': False, 'install_base': '/home/jiataoding/franco_ros2_franka_ws/src/install/franka_fr3_moveit_config', 'merge_install': False, 'path': '/home/jiataoding/franco_ros2_franka_ws/src/franka_ros2/franka_fr3_moveit_config', 'symlink_install': True, 'test_result_base': None}
[0.358s] Level 5:colcon.colcon_core.verb:set package 'franka_ign_ros2_control' build argument 'cmake_args' from command line to '['-DCMAKE_BUILD_TYPE=Release']'
[0.358s] Level 5:colcon.colcon_core.verb:set package 'franka_ign_ros2_control' build argument 'cmake_target' from command line to 'None'
[0.358s] Level 5:colcon.colcon_core.verb:set package 'franka_ign_ros2_control' build argument 'cmake_target_skip_unavailable' from command line to 'False'
[0.358s] Level 5:colcon.colcon_core.verb:set package 'franka_ign_ros2_control' build argument 'cmake_clean_cache' from command line to 'False'
[0.358s] Level 5:colcon.colcon_core.verb:set package 'franka_ign_ros2_control' build argument 'cmake_clean_first' from command line to 'False'
[0.358s] Level 5:colcon.colcon_core.verb:set package 'franka_ign_ros2_control' build argument 'cmake_force_configure' from command line to 'False'
[0.358s] Level 5:colcon.colcon_core.verb:set package 'franka_ign_ros2_control' build argument 'ament_cmake_args' from command line to 'None'
[0.358s] Level 5:colcon.colcon_core.verb:set package 'franka_ign_ros2_control' build argument 'catkin_cmake_args' from command line to 'None'
[0.358s] Level 5:colcon.colcon_core.verb:set package 'franka_ign_ros2_control' build argument 'catkin_skip_building_tests' from command line to 'False'
[0.358s] DEBUG:colcon.colcon_core.verb:Building package 'franka_ign_ros2_control' with the following arguments: {'ament_cmake_args': None, 'build_base': '/home/jiataoding/franco_ros2_franka_ws/src/build/franka_ign_ros2_control', 'catkin_cmake_args': None, 'catkin_skip_building_tests': False, 'cmake_args': ['-DCMAKE_BUILD_TYPE=Release'], 'cmake_clean_cache': False, 'cmake_clean_first': False, 'cmake_force_configure': False, 'cmake_target': None, 'cmake_target_skip_unavailable': False, 'install_base': '/home/jiataoding/franco_ros2_franka_ws/src/install/franka_ign_ros2_control', 'merge_install': False, 'path': '/home/jiataoding/franco_ros2_franka_ws/src/franka_ros2/franka_gazebo/franka_ign_ros2_control', 'symlink_install': True, 'test_result_base': None}
[0.358s] Level 5:colcon.colcon_core.verb:set package 'franka_semantic_components' build argument 'cmake_args' from command line to '['-DCMAKE_BUILD_TYPE=Release']'
[0.358s] Level 5:colcon.colcon_core.verb:set package 'franka_semantic_components' build argument 'cmake_target' from command line to 'None'
[0.358s] Level 5:colcon.colcon_core.verb:set package 'franka_semantic_components' build argument 'cmake_target_skip_unavailable' from command line to 'False'
[0.358s] Level 5:colcon.colcon_core.verb:set package 'franka_semantic_components' build argument 'cmake_clean_cache' from command line to 'False'
[0.358s] Level 5:colcon.colcon_core.verb:set package 'franka_semantic_components' build argument 'cmake_clean_first' from command line to 'False'
[0.358s] Level 5:colcon.colcon_core.verb:set package 'franka_semantic_components' build argument 'cmake_force_configure' from command line to 'False'
[0.358s] Level 5:colcon.colcon_core.verb:set package 'franka_semantic_components' build argument 'ament_cmake_args' from command line to 'None'
[0.358s] Level 5:colcon.colcon_core.verb:set package 'franka_semantic_components' build argument 'catkin_cmake_args' from command line to 'None'
[0.358s] Level 5:colcon.colcon_core.verb:set package 'franka_semantic_components' build argument 'catkin_skip_building_tests' from command line to 'False'
[0.358s] DEBUG:colcon.colcon_core.verb:Building package 'franka_semantic_components' with the following arguments: {'ament_cmake_args': None, 'build_base': '/home/jiataoding/franco_ros2_franka_ws/src/build/franka_semantic_components', 'catkin_cmake_args': None, 'catkin_skip_building_tests': False, 'cmake_args': ['-DCMAKE_BUILD_TYPE=Release'], 'cmake_clean_cache': False, 'cmake_clean_first': False, 'cmake_force_configure': False, 'cmake_target': None, 'cmake_target_skip_unavailable': False, 'install_base': '/home/jiataoding/franco_ros2_franka_ws/src/install/franka_semantic_components', 'merge_install': False, 'path': '/home/jiataoding/franco_ros2_franka_ws/src/franka_ros2/franka_semantic_components', 'symlink_install': True, 'test_result_base': None}
[0.358s] Level 5:colcon.colcon_core.verb:set package 'franka_example_controllers' build argument 'cmake_args' from command line to '['-DCMAKE_BUILD_TYPE=Release']'
[0.358s] Level 5:colcon.colcon_core.verb:set package 'franka_example_controllers' build argument 'cmake_target' from command line to 'None'
[0.358s] Level 5:colcon.colcon_core.verb:set package 'franka_example_controllers' build argument 'cmake_target_skip_unavailable' from command line to 'False'
[0.358s] Level 5:colcon.colcon_core.verb:set package 'franka_example_controllers' build argument 'cmake_clean_cache' from command line to 'False'
[0.358s] Level 5:colcon.colcon_core.verb:set package 'franka_example_controllers' build argument 'cmake_clean_first' from command line to 'False'
[0.358s] Level 5:colcon.colcon_core.verb:set package 'franka_example_controllers' build argument 'cmake_force_configure' from command line to 'False'
[0.358s] Level 5:colcon.colcon_core.verb:set package 'franka_example_controllers' build argument 'ament_cmake_args' from command line to 'None'
[0.358s] Level 5:colcon.colcon_core.verb:set package 'franka_example_controllers' build argument 'catkin_cmake_args' from command line to 'None'
[0.358s] Level 5:colcon.colcon_core.verb:set package 'franka_example_controllers' build argument 'catkin_skip_building_tests' from command line to 'False'
[0.358s] DEBUG:colcon.colcon_core.verb:Building package 'franka_example_controllers' with the following arguments: {'ament_cmake_args': None, 'build_base': '/home/jiataoding/franco_ros2_franka_ws/src/build/franka_example_controllers', 'catkin_cmake_args': None, 'catkin_skip_building_tests': False, 'cmake_args': ['-DCMAKE_BUILD_TYPE=Release'], 'cmake_clean_cache': False, 'cmake_clean_first': False, 'cmake_force_configure': False, 'cmake_target': None, 'cmake_target_skip_unavailable': False, 'install_base': '/home/jiataoding/franco_ros2_franka_ws/src/install/franka_example_controllers', 'merge_install': False, 'path': '/home/jiataoding/franco_ros2_franka_ws/src/franka_ros2/franka_example_controllers', 'symlink_install': True, 'test_result_base': None}
[0.359s] Level 5:colcon.colcon_core.verb:set package 'franka_gazebo_bringup' build argument 'cmake_args' from command line to '['-DCMAKE_BUILD_TYPE=Release']'
[0.359s] Level 5:colcon.colcon_core.verb:set package 'franka_gazebo_bringup' build argument 'cmake_target' from command line to 'None'
[0.359s] Level 5:colcon.colcon_core.verb:set package 'franka_gazebo_bringup' build argument 'cmake_target_skip_unavailable' from command line to 'False'
[0.359s] Level 5:colcon.colcon_core.verb:set package 'franka_gazebo_bringup' build argument 'cmake_clean_cache' from command line to 'False'
[0.359s] Level 5:colcon.colcon_core.verb:set package 'franka_gazebo_bringup' build argument 'cmake_clean_first' from command line to 'False'
[0.359s] Level 5:colcon.colcon_core.verb:set package 'franka_gazebo_bringup' build argument 'cmake_force_configure' from command line to 'False'
[0.359s] Level 5:colcon.colcon_core.verb:set package 'franka_gazebo_bringup' build argument 'ament_cmake_args' from command line to 'None'
[0.359s] Level 5:colcon.colcon_core.verb:set package 'franka_gazebo_bringup' build argument 'catkin_cmake_args' from command line to 'None'
[0.359s] Level 5:colcon.colcon_core.verb:set package 'franka_gazebo_bringup' build argument 'catkin_skip_building_tests' from command line to 'False'
[0.359s] DEBUG:colcon.colcon_core.verb:Building package 'franka_gazebo_bringup' with the following arguments: {'ament_cmake_args': None, 'build_base': '/home/jiataoding/franco_ros2_franka_ws/src/build/franka_gazebo_bringup', 'catkin_cmake_args': None, 'catkin_skip_building_tests': False, 'cmake_args': ['-DCMAKE_BUILD_TYPE=Release'], 'cmake_clean_cache': False, 'cmake_clean_first': False, 'cmake_force_configure': False, 'cmake_target': None, 'cmake_target_skip_unavailable': False, 'install_base': '/home/jiataoding/franco_ros2_franka_ws/src/install/franka_gazebo_bringup', 'merge_install': False, 'path': '/home/jiataoding/franco_ros2_franka_ws/src/franka_ros2/franka_gazebo/franka_gazebo_bringup', 'symlink_install': True, 'test_result_base': None}
[0.359s] Level 5:colcon.colcon_core.verb:set package 'franka_robot_state_broadcaster' build argument 'cmake_args' from command line to '['-DCMAKE_BUILD_TYPE=Release']'
[0.359s] Level 5:colcon.colcon_core.verb:set package 'franka_robot_state_broadcaster' build argument 'cmake_target' from command line to 'None'
[0.359s] Level 5:colcon.colcon_core.verb:set package 'franka_robot_state_broadcaster' build argument 'cmake_target_skip_unavailable' from command line to 'False'
[0.359s] Level 5:colcon.colcon_core.verb:set package 'franka_robot_state_broadcaster' build argument 'cmake_clean_cache' from command line to 'False'
[0.359s] Level 5:colcon.colcon_core.verb:set package 'franka_robot_state_broadcaster' build argument 'cmake_clean_first' from command line to 'False'
[0.359s] Level 5:colcon.colcon_core.verb:set package 'franka_robot_state_broadcaster' build argument 'cmake_force_configure' from command line to 'False'
[0.359s] Level 5:colcon.colcon_core.verb:set package 'franka_robot_state_broadcaster' build argument 'ament_cmake_args' from command line to 'None'
[0.359s] Level 5:colcon.colcon_core.verb:set package 'franka_robot_state_broadcaster' build argument 'catkin_cmake_args' from command line to 'None'
[0.359s] Level 5:colcon.colcon_core.verb:set package 'franka_robot_state_broadcaster' build argument 'catkin_skip_building_tests' from command line to 'False'
[0.359s] DEBUG:colcon.colcon_core.verb:Building package 'franka_robot_state_broadcaster' with the following arguments: {'ament_cmake_args': None, 'build_base': '/home/jiataoding/franco_ros2_franka_ws/src/build/franka_robot_state_broadcaster', 'catkin_cmake_args': None, 'catkin_skip_building_tests': False, 'cmake_args': ['-DCMAKE_BUILD_TYPE=Release'], 'cmake_clean_cache': False, 'cmake_clean_first': False, 'cmake_force_configure': False, 'cmake_target': None, 'cmake_target_skip_unavailable': False, 'install_base': '/home/jiataoding/franco_ros2_franka_ws/src/install/franka_robot_state_broadcaster', 'merge_install': False, 'path': '/home/jiataoding/franco_ros2_franka_ws/src/franka_ros2/franka_robot_state_broadcaster', 'symlink_install': True, 'test_result_base': None}
[0.359s] Level 5:colcon.colcon_core.verb:set package 'franka_bringup' build argument 'cmake_args' from command line to '['-DCMAKE_BUILD_TYPE=Release']'
[0.359s] Level 5:colcon.colcon_core.verb:set package 'franka_bringup' build argument 'cmake_target' from command line to 'None'
[0.359s] Level 5:colcon.colcon_core.verb:set package 'franka_bringup' build argument 'cmake_target_skip_unavailable' from command line to 'False'
[0.359s] Level 5:colcon.colcon_core.verb:set package 'franka_bringup' build argument 'cmake_clean_cache' from command line to 'False'
[0.360s] Level 5:colcon.colcon_core.verb:set package 'franka_bringup' build argument 'cmake_clean_first' from command line to 'False'
[0.360s] Level 5:colcon.colcon_core.verb:set package 'franka_bringup' build argument 'cmake_force_configure' from command line to 'False'
[0.360s] Level 5:colcon.colcon_core.verb:set package 'franka_bringup' build argument 'ament_cmake_args' from command line to 'None'
[0.360s] Level 5:colcon.colcon_core.verb:set package 'franka_bringup' build argument 'catkin_cmake_args' from command line to 'None'
[0.360s] Level 5:colcon.colcon_core.verb:set package 'franka_bringup' build argument 'catkin_skip_building_tests' from command line to 'False'
[0.360s] DEBUG:colcon.colcon_core.verb:Building package 'franka_bringup' with the following arguments: {'ament_cmake_args': None, 'build_base': '/home/jiataoding/franco_ros2_franka_ws/src/build/franka_bringup', 'catkin_cmake_args': None, 'catkin_skip_building_tests': False, 'cmake_args': ['-DCMAKE_BUILD_TYPE=Release'], 'cmake_clean_cache': False, 'cmake_clean_first': False, 'cmake_force_configure': False, 'cmake_target': None, 'cmake_target_skip_unavailable': False, 'install_base': '/home/jiataoding/franco_ros2_franka_ws/src/install/franka_bringup', 'merge_install': False, 'path': '/home/jiataoding/franco_ros2_franka_ws/src/franka_ros2/franka_bringup', 'symlink_install': True, 'test_result_base': None}
[0.360s] Level 5:colcon.colcon_core.verb:set package 'franka_ros2' build argument 'cmake_args' from command line to '['-DCMAKE_BUILD_TYPE=Release']'
[0.360s] Level 5:colcon.colcon_core.verb:set package 'franka_ros2' build argument 'cmake_target' from command line to 'None'
[0.360s] Level 5:colcon.colcon_core.verb:set package 'franka_ros2' build argument 'cmake_target_skip_unavailable' from command line to 'False'
[0.360s] Level 5:colcon.colcon_core.verb:set package 'franka_ros2' build argument 'cmake_clean_cache' from command line to 'False'
[0.360s] Level 5:colcon.colcon_core.verb:set package 'franka_ros2' build argument 'cmake_clean_first' from command line to 'False'
[0.360s] Level 5:colcon.colcon_core.verb:set package 'franka_ros2' build argument 'cmake_force_configure' from command line to 'False'
[0.360s] Level 5:colcon.colcon_core.verb:set package 'franka_ros2' build argument 'ament_cmake_args' from command line to 'None'
[0.360s] Level 5:colcon.colcon_core.verb:set package 'franka_ros2' build argument 'catkin_cmake_args' from command line to 'None'
[0.360s] Level 5:colcon.colcon_core.verb:set package 'franka_ros2' build argument 'catkin_skip_building_tests' from command line to 'False'
[0.360s] DEBUG:colcon.colcon_core.verb:Building package 'franka_ros2' with the following arguments: {'ament_cmake_args': None, 'build_base': '/home/jiataoding/franco_ros2_franka_ws/src/build/franka_ros2', 'catkin_cmake_args': None, 'catkin_skip_building_tests': False, 'cmake_args': ['-DCMAKE_BUILD_TYPE=Release'], 'cmake_clean_cache': False, 'cmake_clean_first': False, 'cmake_force_configure': False, 'cmake_target': None, 'cmake_target_skip_unavailable': False, 'install_base': '/home/jiataoding/franco_ros2_franka_ws/src/install/franka_ros2', 'merge_install': False, 'path': '/home/jiataoding/franco_ros2_franka_ws/src/franka_ros2/franka_ros2', 'symlink_install': True, 'test_result_base': None}
[0.360s] Level 5:colcon.colcon_core.verb:set package 'idra_franka_launch' build argument 'cmake_args' from command line to '['-DCMAKE_BUILD_TYPE=Release']'
[0.360s] Level 5:colcon.colcon_core.verb:set package 'idra_franka_launch' build argument 'cmake_target' from command line to 'None'
[0.360s] Level 5:colcon.colcon_core.verb:set package 'idra_franka_launch' build argument 'cmake_target_skip_unavailable' from command line to 'False'
[0.360s] Level 5:colcon.colcon_core.verb:set package 'idra_franka_launch' build argument 'cmake_clean_cache' from command line to 'False'
[0.360s] Level 5:colcon.colcon_core.verb:set package 'idra_franka_launch' build argument 'cmake_clean_first' from command line to 'False'
[0.360s] Level 5:colcon.colcon_core.verb:set package 'idra_franka_launch' build argument 'cmake_force_configure' from command line to 'False'
[0.360s] Level 5:colcon.colcon_core.verb:set package 'idra_franka_launch' build argument 'ament_cmake_args' from command line to 'None'
[0.360s] Level 5:colcon.colcon_core.verb:set package 'idra_franka_launch' build argument 'catkin_cmake_args' from command line to 'None'
[0.360s] Level 5:colcon.colcon_core.verb:set package 'idra_franka_launch' build argument 'catkin_skip_building_tests' from command line to 'False'
[0.360s] DEBUG:colcon.colcon_core.verb:Building package 'idra_franka_launch' with the following arguments: {'ament_cmake_args': None, 'build_base': '/home/jiataoding/franco_ros2_franka_ws/src/build/idra_franka_launch', 'catkin_cmake_args': None, 'catkin_skip_building_tests': False, 'cmake_args': ['-DCMAKE_BUILD_TYPE=Release'], 'cmake_clean_cache': False, 'cmake_clean_first': False, 'cmake_force_configure': False, 'cmake_target': None, 'cmake_target_skip_unavailable': False, 'install_base': '/home/jiataoding/franco_ros2_franka_ws/src/install/idra_franka_launch', 'merge_install': False, 'path': '/home/jiataoding/franco_ros2_franka_ws/src/idra_franka_launch', 'symlink_install': True, 'test_result_base': None}
[0.360s] INFO:colcon.colcon_core.executor:Executing jobs using 'parallel' executor
[0.361s] DEBUG:colcon.colcon_parallel_executor.executor.parallel:run_until_complete
[0.362s] INFO:colcon.colcon_ros.task.ament_cmake.build:Building ROS package in '/home/jiataoding/franco_ros2_franka_ws/src/franka_ros2/franka_msgs' with build type 'ament_cmake'
[0.362s] INFO:colcon.colcon_cmake.task.cmake.build:Building CMake package in '/home/jiataoding/franco_ros2_franka_ws/src/franka_ros2/franka_msgs'
[0.364s] INFO:colcon.colcon_core.plugin_system:Skipping extension 'colcon_core.shell.bat': Not used on non-Windows systems
[0.364s] INFO:colcon.colcon_core.shell:Skip shell extension 'powershell' for command environment: Not usable outside of PowerShell
[0.364s] DEBUG:colcon.colcon_core.shell:Skip shell extension 'dsv' for command environment
[0.370s] INFO:colcon.colcon_ros.task.ament_cmake.build:Building ROS package in '/home/jiataoding/franco_ros2_franka_ws/src/franka_description' with build type 'ament_cmake'
[0.370s] INFO:colcon.colcon_cmake.task.cmake.build:Building CMake package in '/home/jiataoding/franco_ros2_franka_ws/src/franka_description'
[0.370s] INFO:colcon.colcon_core.shell:Skip shell extension 'powershell' for command environment: Not usable outside of PowerShell
[0.370s] DEBUG:colcon.colcon_core.shell:Skip shell extension 'dsv' for command environment
[0.375s] INFO:colcon.colcon_ros.task.ament_cmake.build:Building ROS package in '/home/jiataoding/franco_ros2_franka_ws/src/ros2_effort_controller/debug_msg' with build type 'ament_cmake'
[0.375s] INFO:colcon.colcon_cmake.task.cmake.build:Building CMake package in '/home/jiataoding/franco_ros2_franka_ws/src/ros2_effort_controller/debug_msg'
[0.375s] INFO:colcon.colcon_core.shell:Skip shell extension 'powershell' for command environment: Not usable outside of PowerShell
[0.375s] DEBUG:colcon.colcon_core.shell:Skip shell extension 'dsv' for command environment
[0.383s] INFO:colcon.colcon_ros.task.catkin.build:Building ROS package in '/home/jiataoding/franco_ros2_franka_ws/src/ros2_effort_controller/effort_controller_base' with build type 'catkin'
[0.383s] INFO:colcon.colcon_cmake.task.cmake.build:Building CMake package in '/home/jiataoding/franco_ros2_franka_ws/src/ros2_effort_controller/effort_controller_base'
[0.383s] INFO:colcon.colcon_core.shell:Skip shell extension 'powershell' for command environment: Not usable outside of PowerShell
[0.383s] DEBUG:colcon.colcon_core.shell:Skip shell extension 'dsv' for command environment
[0.389s] INFO:colcon.colcon_ros.task.ament_cmake.build:Building ROS package in '/home/jiataoding/franco_ros2_franka_ws/src/franka_ros2/franka_task_pipeline' with build type 'ament_cmake'
[0.389s] INFO:colcon.colcon_cmake.task.cmake.build:Building CMake package in '/home/jiataoding/franco_ros2_franka_ws/src/franka_ros2/franka_task_pipeline'
[0.390s] INFO:colcon.colcon_core.shell:Skip shell extension 'powershell' for command environment: Not usable outside of PowerShell
[0.390s] DEBUG:colcon.colcon_core.shell:Skip shell extension 'dsv' for command environment
[0.396s] INFO:colcon.colcon_ros.task.ament_cmake.build:Building ROS package in '/home/jiataoding/franco_ros2_franka_ws/src/franka_ros2/integration_launch_testing' with build type 'ament_cmake'
[0.396s] INFO:colcon.colcon_cmake.task.cmake.build:Building CMake package in '/home/jiataoding/franco_ros2_franka_ws/src/franka_ros2/integration_launch_testing'
[0.396s] INFO:colcon.colcon_core.shell:Skip shell extension 'powershell' for command environment: Not usable outside of PowerShell
[0.396s] DEBUG:colcon.colcon_core.shell:Skip shell extension 'dsv' for command environment
[0.405s] DEBUG:colcon.colcon_core.event_handler.log_command:Invoking command in '/home/jiataoding/franco_ros2_franka_ws/src/build/franka_msgs': CMAKE_PREFIX_PATH=/home/jiataoding/franco_ros2_franka_ws/src/install/joint_impedance_controller:/home/jiataoding/franco_ros2_franka_ws/src/install/integration_launch_testing:/home/jiataoding/franco_ros2_franka_ws/src/install/idra_franka_launch:/home/jiataoding/franco_ros2_franka_ws/src/install/gravity_compensation:/home/jiataoding/franco_ros2_franka_ws/src/install/franka_task_pipeline:/home/jiataoding/franco_ros2_franka_ws/src/install/franka_ros2:/home/jiataoding/franco_ros2_franka_ws/src/install/franka_bringup:/home/jiataoding/franco_ros2_franka_ws/src/install/franka_robot_state_broadcaster:/home/jiataoding/franco_ros2_franka_ws/src/install/franka_example_controllers:/home/jiataoding/franco_ros2_franka_ws/src/install/franka_semantic_components:/home/jiataoding/franco_ros2_franka_ws/src/install/franka_gazebo_bringup:/home/jiataoding/franco_ros2_franka_ws/src/install/franka_ign_ros2_control:/home/jiataoding/franco_ros2_franka_ws/src/install/franka_fr3_moveit_config:/home/jiataoding/franco_ros2_franka_ws/src/install/franka_hardware:/home/jiataoding/franco_ros2_franka_ws/src/install/franka_gripper:/home/jiataoding/franco_ros2_franka_ws/src/install/franka_msgs:/home/jiataoding/franco_ros2_franka_ws/src/install/franka_description:/home/jiataoding/franco_ros2_franka_ws/src/install/cartesian_impedance_controller:/opt/ros/humble:/home/jiataoding/franco_ros2_franka_ws/src/install/effort_controller_base:/home/jiataoding/franco_ros2_franka_ws/src/install/debug_msg:/home/jiataoding/ros2_franka_ws/install/joint_impedance_controller:/home/jiataoding/ros2_franka_ws/install/integration_launch_testing:/home/jiataoding/ros2_franka_ws/install/idra_franka_launch:/home/jiataoding/ros2_franka_ws/install/gravity_compensation:/home/jiataoding/ros2_franka_ws/install/franka_task_pipeline:/home/jiataoding/ros2_franka_ws/install/franka_ros2:/home/jiataoding/ros2_franka_ws/install/franka_bringup:/home/jiataoding/ros2_franka_ws/install/franka_robot_state_broadcaster:/home/jiataoding/ros2_franka_ws/install/franka_example_controllers:/home/jiataoding/ros2_franka_ws/install/franka_semantic_components:/home/jiataoding/ros2_franka_ws/install/franka_gazebo_bringup:/home/jiataoding/ros2_franka_ws/install/franka_ign_ros2_control:/home/jiataoding/ros2_franka_ws/install/franka_fr3_moveit_config:/home/jiataoding/ros2_franka_ws/install/franka_hardware:/home/jiataoding/ros2_franka_ws/install/franka_gripper:/home/jiataoding/ros2_franka_ws/install/franka_msgs:/home/jiataoding/ros2_franka_ws/install/franka_description:/home/jiataoding/ros2_franka_ws/install/cartesian_impedance_controller:/home/jiataoding/ros2_franka_ws/install/effort_controller_base:/home/jiataoding/ros2_franka_ws/install/debug_msg:/home/jiataoding/franco_ros2_franka_ws/install/joint_impedance_controller:/home/jiataoding/franco_ros2_franka_ws/install/integration_launch_testing:/home/jiataoding/franco_ros2_franka_ws/install/idra_franka_launch:/home/jiataoding/franco_ros2_franka_ws/install/gravity_compensation:/home/jiataoding/franco_ros2_franka_ws/install/franka_task_pipeline:/home/jiataoding/franco_ros2_franka_ws/install/franka_ros2:/home/jiataoding/franco_ros2_franka_ws/install/franka_bringup:/home/jiataoding/franco_ros2_franka_ws/install/franka_robot_state_broadcaster:/home/jiataoding/franco_ros2_franka_ws/install/franka_example_controllers:/home/jiataoding/franco_ros2_franka_ws/install/franka_semantic_components:/home/jiataoding/franco_ros2_franka_ws/install/franka_gazebo_bringup:/home/jiataoding/franco_ros2_franka_ws/install/franka_ign_ros2_control:/home/jiataoding/franco_ros2_franka_ws/install/franka_fr3_moveit_config:/home/jiataoding/franco_ros2_franka_ws/install/franka_hardware:/home/jiataoding/franco_ros2_franka_ws/install/franka_gripper:/home/jiataoding/franco_ros2_franka_ws/install/franka_msgs:/home/jiataoding/franco_ros2_franka_ws/install/franka_description:/home/jiataoding/franco_ros2_franka_ws/install/cartesian_impedance_controller:/home/jiataoding/franco_ros2_franka_ws/install/effort_controller_base:/home/jiataoding/franco_ros2_franka_ws/install/debug_msg:/opt/openrobots: /usr/bin/cmake --build /home/jiataoding/franco_ros2_franka_ws/src/build/franka_msgs -- -j24 -l24
[0.407s] DEBUG:colcon.colcon_core.event_handler.log_command:Invoking command in '/home/jiataoding/franco_ros2_franka_ws/src/build/franka_description': CMAKE_PREFIX_PATH=/home/jiataoding/franco_ros2_franka_ws/src/install/joint_impedance_controller:/home/jiataoding/franco_ros2_franka_ws/src/install/integration_launch_testing:/home/jiataoding/franco_ros2_franka_ws/src/install/idra_franka_launch:/home/jiataoding/franco_ros2_franka_ws/src/install/gravity_compensation:/home/jiataoding/franco_ros2_franka_ws/src/install/franka_task_pipeline:/home/jiataoding/franco_ros2_franka_ws/src/install/franka_ros2:/home/jiataoding/franco_ros2_franka_ws/src/install/franka_bringup:/home/jiataoding/franco_ros2_franka_ws/src/install/franka_robot_state_broadcaster:/home/jiataoding/franco_ros2_franka_ws/src/install/franka_example_controllers:/home/jiataoding/franco_ros2_franka_ws/src/install/franka_semantic_components:/home/jiataoding/franco_ros2_franka_ws/src/install/franka_gazebo_bringup:/home/jiataoding/franco_ros2_franka_ws/src/install/franka_ign_ros2_control:/home/jiataoding/franco_ros2_franka_ws/src/install/franka_fr3_moveit_config:/home/jiataoding/franco_ros2_franka_ws/src/install/franka_hardware:/home/jiataoding/franco_ros2_franka_ws/src/install/franka_gripper:/home/jiataoding/franco_ros2_franka_ws/src/install/franka_msgs:/home/jiataoding/franco_ros2_franka_ws/src/install/franka_description:/home/jiataoding/franco_ros2_franka_ws/src/install/cartesian_impedance_controller:/opt/ros/humble:/home/jiataoding/franco_ros2_franka_ws/src/install/effort_controller_base:/home/jiataoding/franco_ros2_franka_ws/src/install/debug_msg:/home/jiataoding/ros2_franka_ws/install/joint_impedance_controller:/home/jiataoding/ros2_franka_ws/install/integration_launch_testing:/home/jiataoding/ros2_franka_ws/install/idra_franka_launch:/home/jiataoding/ros2_franka_ws/install/gravity_compensation:/home/jiataoding/ros2_franka_ws/install/franka_task_pipeline:/home/jiataoding/ros2_franka_ws/install/franka_ros2:/home/jiataoding/ros2_franka_ws/install/franka_bringup:/home/jiataoding/ros2_franka_ws/install/franka_robot_state_broadcaster:/home/jiataoding/ros2_franka_ws/install/franka_example_controllers:/home/jiataoding/ros2_franka_ws/install/franka_semantic_components:/home/jiataoding/ros2_franka_ws/install/franka_gazebo_bringup:/home/jiataoding/ros2_franka_ws/install/franka_ign_ros2_control:/home/jiataoding/ros2_franka_ws/install/franka_fr3_moveit_config:/home/jiataoding/ros2_franka_ws/install/franka_hardware:/home/jiataoding/ros2_franka_ws/install/franka_gripper:/home/jiataoding/ros2_franka_ws/install/franka_msgs:/home/jiataoding/ros2_franka_ws/install/franka_description:/home/jiataoding/ros2_franka_ws/install/cartesian_impedance_controller:/home/jiataoding/ros2_franka_ws/install/effort_controller_base:/home/jiataoding/ros2_franka_ws/install/debug_msg:/home/jiataoding/franco_ros2_franka_ws/install/joint_impedance_controller:/home/jiataoding/franco_ros2_franka_ws/install/integration_launch_testing:/home/jiataoding/franco_ros2_franka_ws/install/idra_franka_launch:/home/jiataoding/franco_ros2_franka_ws/install/gravity_compensation:/home/jiataoding/franco_ros2_franka_ws/install/franka_task_pipeline:/home/jiataoding/franco_ros2_franka_ws/install/franka_ros2:/home/jiataoding/franco_ros2_franka_ws/install/franka_bringup:/home/jiataoding/franco_ros2_franka_ws/install/franka_robot_state_broadcaster:/home/jiataoding/franco_ros2_franka_ws/install/franka_example_controllers:/home/jiataoding/franco_ros2_franka_ws/install/franka_semantic_components:/home/jiataoding/franco_ros2_franka_ws/install/franka_gazebo_bringup:/home/jiataoding/franco_ros2_franka_ws/install/franka_ign_ros2_control:/home/jiataoding/franco_ros2_franka_ws/install/franka_fr3_moveit_config:/home/jiataoding/franco_ros2_franka_ws/install/franka_hardware:/home/jiataoding/franco_ros2_franka_ws/install/franka_gripper:/home/jiataoding/franco_ros2_franka_ws/install/franka_msgs:/home/jiataoding/franco_ros2_franka_ws/install/franka_description:/home/jiataoding/franco_ros2_franka_ws/install/cartesian_impedance_controller:/home/jiataoding/franco_ros2_franka_ws/install/effort_controller_base:/home/jiataoding/franco_ros2_franka_ws/install/debug_msg:/opt/openrobots: /usr/bin/cmake --build /home/jiataoding/franco_ros2_franka_ws/src/build/franka_description -- -j24 -l24
[0.409s] DEBUG:colcon.colcon_core.event_handler.log_command:Invoking command in '/home/jiataoding/franco_ros2_franka_ws/src/build/debug_msg': CMAKE_PREFIX_PATH=/home/jiataoding/franco_ros2_franka_ws/src/install/joint_impedance_controller:/home/jiataoding/franco_ros2_franka_ws/src/install/integration_launch_testing:/home/jiataoding/franco_ros2_franka_ws/src/install/idra_franka_launch:/home/jiataoding/franco_ros2_franka_ws/src/install/gravity_compensation:/home/jiataoding/franco_ros2_franka_ws/src/install/franka_task_pipeline:/home/jiataoding/franco_ros2_franka_ws/src/install/franka_ros2:/home/jiataoding/franco_ros2_franka_ws/src/install/franka_bringup:/home/jiataoding/franco_ros2_franka_ws/src/install/franka_robot_state_broadcaster:/home/jiataoding/franco_ros2_franka_ws/src/install/franka_example_controllers:/home/jiataoding/franco_ros2_franka_ws/src/install/franka_semantic_components:/home/jiataoding/franco_ros2_franka_ws/src/install/franka_gazebo_bringup:/home/jiataoding/franco_ros2_franka_ws/src/install/franka_ign_ros2_control:/home/jiataoding/franco_ros2_franka_ws/src/install/franka_fr3_moveit_config:/home/jiataoding/franco_ros2_franka_ws/src/install/franka_hardware:/home/jiataoding/franco_ros2_franka_ws/src/install/franka_gripper:/home/jiataoding/franco_ros2_franka_ws/src/install/franka_msgs:/home/jiataoding/franco_ros2_franka_ws/src/install/franka_description:/home/jiataoding/franco_ros2_franka_ws/src/install/cartesian_impedance_controller:/opt/ros/humble:/home/jiataoding/franco_ros2_franka_ws/src/install/effort_controller_base:/home/jiataoding/franco_ros2_franka_ws/src/install/debug_msg:/home/jiataoding/ros2_franka_ws/install/joint_impedance_controller:/home/jiataoding/ros2_franka_ws/install/integration_launch_testing:/home/jiataoding/ros2_franka_ws/install/idra_franka_launch:/home/jiataoding/ros2_franka_ws/install/gravity_compensation:/home/jiataoding/ros2_franka_ws/install/franka_task_pipeline:/home/jiataoding/ros2_franka_ws/install/franka_ros2:/home/jiataoding/ros2_franka_ws/install/franka_bringup:/home/jiataoding/ros2_franka_ws/install/franka_robot_state_broadcaster:/home/jiataoding/ros2_franka_ws/install/franka_example_controllers:/home/jiataoding/ros2_franka_ws/install/franka_semantic_components:/home/jiataoding/ros2_franka_ws/install/franka_gazebo_bringup:/home/jiataoding/ros2_franka_ws/install/franka_ign_ros2_control:/home/jiataoding/ros2_franka_ws/install/franka_fr3_moveit_config:/home/jiataoding/ros2_franka_ws/install/franka_hardware:/home/jiataoding/ros2_franka_ws/install/franka_gripper:/home/jiataoding/ros2_franka_ws/install/franka_msgs:/home/jiataoding/ros2_franka_ws/install/franka_description:/home/jiataoding/ros2_franka_ws/install/cartesian_impedance_controller:/home/jiataoding/ros2_franka_ws/install/effort_controller_base:/home/jiataoding/ros2_franka_ws/install/debug_msg:/home/jiataoding/franco_ros2_franka_ws/install/joint_impedance_controller:/home/jiataoding/franco_ros2_franka_ws/install/integration_launch_testing:/home/jiataoding/franco_ros2_franka_ws/install/idra_franka_launch:/home/jiataoding/franco_ros2_franka_ws/install/gravity_compensation:/home/jiataoding/franco_ros2_franka_ws/install/franka_task_pipeline:/home/jiataoding/franco_ros2_franka_ws/install/franka_ros2:/home/jiataoding/franco_ros2_franka_ws/install/franka_bringup:/home/jiataoding/franco_ros2_franka_ws/install/franka_robot_state_broadcaster:/home/jiataoding/franco_ros2_franka_ws/install/franka_example_controllers:/home/jiataoding/franco_ros2_franka_ws/install/franka_semantic_components:/home/jiataoding/franco_ros2_franka_ws/install/franka_gazebo_bringup:/home/jiataoding/franco_ros2_franka_ws/install/franka_ign_ros2_control:/home/jiataoding/franco_ros2_franka_ws/install/franka_fr3_moveit_config:/home/jiataoding/franco_ros2_franka_ws/install/franka_hardware:/home/jiataoding/franco_ros2_franka_ws/install/franka_gripper:/home/jiataoding/franco_ros2_franka_ws/install/franka_msgs:/home/jiataoding/franco_ros2_franka_ws/install/franka_description:/home/jiataoding/franco_ros2_franka_ws/install/cartesian_impedance_controller:/home/jiataoding/franco_ros2_franka_ws/install/effort_controller_base:/home/jiataoding/franco_ros2_franka_ws/install/debug_msg:/opt/openrobots: /usr/bin/cmake --build /home/jiataoding/franco_ros2_franka_ws/src/build/debug_msg -- -j24 -l24
[0.412s] DEBUG:colcon.colcon_core.event_handler.log_command:Invoking command in '/home/jiataoding/franco_ros2_franka_ws/src/build/effort_controller_base': /usr/bin/cmake --build /home/jiataoding/franco_ros2_franka_ws/src/build/effort_controller_base -- -j24 -l24
[0.415s] DEBUG:colcon.colcon_core.event_handler.log_command:Invoking command in '/home/jiataoding/franco_ros2_franka_ws/src/build/franka_task_pipeline': CMAKE_PREFIX_PATH=/home/jiataoding/franco_ros2_franka_ws/src/install/joint_impedance_controller:/home/jiataoding/franco_ros2_franka_ws/src/install/integration_launch_testing:/home/jiataoding/franco_ros2_franka_ws/src/install/idra_franka_launch:/home/jiataoding/franco_ros2_franka_ws/src/install/gravity_compensation:/home/jiataoding/franco_ros2_franka_ws/src/install/franka_task_pipeline:/home/jiataoding/franco_ros2_franka_ws/src/install/franka_ros2:/home/jiataoding/franco_ros2_franka_ws/src/install/franka_bringup:/home/jiataoding/franco_ros2_franka_ws/src/install/franka_robot_state_broadcaster:/home/jiataoding/franco_ros2_franka_ws/src/install/franka_example_controllers:/home/jiataoding/franco_ros2_franka_ws/src/install/franka_semantic_components:/home/jiataoding/franco_ros2_franka_ws/src/install/franka_gazebo_bringup:/home/jiataoding/franco_ros2_franka_ws/src/install/franka_ign_ros2_control:/home/jiataoding/franco_ros2_franka_ws/src/install/franka_fr3_moveit_config:/home/jiataoding/franco_ros2_franka_ws/src/install/franka_hardware:/home/jiataoding/franco_ros2_franka_ws/src/install/franka_gripper:/home/jiataoding/franco_ros2_franka_ws/src/install/franka_msgs:/home/jiataoding/franco_ros2_franka_ws/src/install/franka_description:/home/jiataoding/franco_ros2_franka_ws/src/install/cartesian_impedance_controller:/opt/ros/humble:/home/jiataoding/franco_ros2_franka_ws/src/install/effort_controller_base:/home/jiataoding/franco_ros2_franka_ws/src/install/debug_msg:/home/jiataoding/ros2_franka_ws/install/joint_impedance_controller:/home/jiataoding/ros2_franka_ws/install/integration_launch_testing:/home/jiataoding/ros2_franka_ws/install/idra_franka_launch:/home/jiataoding/ros2_franka_ws/install/gravity_compensation:/home/jiataoding/ros2_franka_ws/install/franka_task_pipeline:/home/jiataoding/ros2_franka_ws/install/franka_ros2:/home/jiataoding/ros2_franka_ws/install/franka_bringup:/home/jiataoding/ros2_franka_ws/install/franka_robot_state_broadcaster:/home/jiataoding/ros2_franka_ws/install/franka_example_controllers:/home/jiataoding/ros2_franka_ws/install/franka_semantic_components:/home/jiataoding/ros2_franka_ws/install/franka_gazebo_bringup:/home/jiataoding/ros2_franka_ws/install/franka_ign_ros2_control:/home/jiataoding/ros2_franka_ws/install/franka_fr3_moveit_config:/home/jiataoding/ros2_franka_ws/install/franka_hardware:/home/jiataoding/ros2_franka_ws/install/franka_gripper:/home/jiataoding/ros2_franka_ws/install/franka_msgs:/home/jiataoding/ros2_franka_ws/install/franka_description:/home/jiataoding/ros2_franka_ws/install/cartesian_impedance_controller:/home/jiataoding/ros2_franka_ws/install/effort_controller_base:/home/jiataoding/ros2_franka_ws/install/debug_msg:/home/jiataoding/franco_ros2_franka_ws/install/joint_impedance_controller:/home/jiataoding/franco_ros2_franka_ws/install/integration_launch_testing:/home/jiataoding/franco_ros2_franka_ws/install/idra_franka_launch:/home/jiataoding/franco_ros2_franka_ws/install/gravity_compensation:/home/jiataoding/franco_ros2_franka_ws/install/franka_task_pipeline:/home/jiataoding/franco_ros2_franka_ws/install/franka_ros2:/home/jiataoding/franco_ros2_franka_ws/install/franka_bringup:/home/jiataoding/franco_ros2_franka_ws/install/franka_robot_state_broadcaster:/home/jiataoding/franco_ros2_franka_ws/install/franka_example_controllers:/home/jiataoding/franco_ros2_franka_ws/install/franka_semantic_components:/home/jiataoding/franco_ros2_franka_ws/install/franka_gazebo_bringup:/home/jiataoding/franco_ros2_franka_ws/install/franka_ign_ros2_control:/home/jiataoding/franco_ros2_franka_ws/install/franka_fr3_moveit_config:/home/jiataoding/franco_ros2_franka_ws/install/franka_hardware:/home/jiataoding/franco_ros2_franka_ws/install/franka_gripper:/home/jiataoding/franco_ros2_franka_ws/install/franka_msgs:/home/jiataoding/franco_ros2_franka_ws/install/franka_description:/home/jiataoding/franco_ros2_franka_ws/install/cartesian_impedance_controller:/home/jiataoding/franco_ros2_franka_ws/install/effort_controller_base:/home/jiataoding/franco_ros2_franka_ws/install/debug_msg:/opt/openrobots: /usr/bin/cmake --build /home/jiataoding/franco_ros2_franka_ws/src/build/franka_task_pipeline -- -j24 -l24
[0.423s] DEBUG:colcon.colcon_core.event_handler.log_command:Invoking command in '/home/jiataoding/franco_ros2_franka_ws/src/build/integration_launch_testing': CMAKE_PREFIX_PATH=/home/jiataoding/franco_ros2_franka_ws/src/install/joint_impedance_controller:/home/jiataoding/franco_ros2_franka_ws/src/install/integration_launch_testing:/home/jiataoding/franco_ros2_franka_ws/src/install/idra_franka_launch:/home/jiataoding/franco_ros2_franka_ws/src/install/gravity_compensation:/home/jiataoding/franco_ros2_franka_ws/src/install/franka_task_pipeline:/home/jiataoding/franco_ros2_franka_ws/src/install/franka_ros2:/home/jiataoding/franco_ros2_franka_ws/src/install/franka_bringup:/home/jiataoding/franco_ros2_franka_ws/src/install/franka_robot_state_broadcaster:/home/jiataoding/franco_ros2_franka_ws/src/install/franka_example_controllers:/home/jiataoding/franco_ros2_franka_ws/src/install/franka_semantic_components:/home/jiataoding/franco_ros2_franka_ws/src/install/franka_gazebo_bringup:/home/jiataoding/franco_ros2_franka_ws/src/install/franka_ign_ros2_control:/home/jiataoding/franco_ros2_franka_ws/src/install/franka_fr3_moveit_config:/home/jiataoding/franco_ros2_franka_ws/src/install/franka_hardware:/home/jiataoding/franco_ros2_franka_ws/src/install/franka_gripper:/home/jiataoding/franco_ros2_franka_ws/src/install/franka_msgs:/home/jiataoding/franco_ros2_franka_ws/src/install/franka_description:/home/jiataoding/franco_ros2_franka_ws/src/install/cartesian_impedance_controller:/opt/ros/humble:/home/jiataoding/franco_ros2_franka_ws/src/install/effort_controller_base:/home/jiataoding/franco_ros2_franka_ws/src/install/debug_msg:/home/jiataoding/ros2_franka_ws/install/joint_impedance_controller:/home/jiataoding/ros2_franka_ws/install/integration_launch_testing:/home/jiataoding/ros2_franka_ws/install/idra_franka_launch:/home/jiataoding/ros2_franka_ws/install/gravity_compensation:/home/jiataoding/ros2_franka_ws/install/franka_task_pipeline:/home/jiataoding/ros2_franka_ws/install/franka_ros2:/home/jiataoding/ros2_franka_ws/install/franka_bringup:/home/jiataoding/ros2_franka_ws/install/franka_robot_state_broadcaster:/home/jiataoding/ros2_franka_ws/install/franka_example_controllers:/home/jiataoding/ros2_franka_ws/install/franka_semantic_components:/home/jiataoding/ros2_franka_ws/install/franka_gazebo_bringup:/home/jiataoding/ros2_franka_ws/install/franka_ign_ros2_control:/home/jiataoding/ros2_franka_ws/install/franka_fr3_moveit_config:/home/jiataoding/ros2_franka_ws/install/franka_hardware:/home/jiataoding/ros2_franka_ws/install/franka_gripper:/home/jiataoding/ros2_franka_ws/install/franka_msgs:/home/jiataoding/ros2_franka_ws/install/franka_description:/home/jiataoding/ros2_franka_ws/install/cartesian_impedance_controller:/home/jiataoding/ros2_franka_ws/install/effort_controller_base:/home/jiataoding/ros2_franka_ws/install/debug_msg:/home/jiataoding/franco_ros2_franka_ws/install/joint_impedance_controller:/home/jiataoding/franco_ros2_franka_ws/install/integration_launch_testing:/home/jiataoding/franco_ros2_franka_ws/install/idra_franka_launch:/home/jiataoding/franco_ros2_franka_ws/install/gravity_compensation:/home/jiataoding/franco_ros2_franka_ws/install/franka_task_pipeline:/home/jiataoding/franco_ros2_franka_ws/install/franka_ros2:/home/jiataoding/franco_ros2_franka_ws/install/franka_bringup:/home/jiataoding/franco_ros2_franka_ws/install/franka_robot_state_broadcaster:/home/jiataoding/franco_ros2_franka_ws/install/franka_example_controllers:/home/jiataoding/franco_ros2_franka_ws/install/franka_semantic_components:/home/jiataoding/franco_ros2_franka_ws/install/franka_gazebo_bringup:/home/jiataoding/franco_ros2_franka_ws/install/franka_ign_ros2_control:/home/jiataoding/franco_ros2_franka_ws/install/franka_fr3_moveit_config:/home/jiataoding/franco_ros2_franka_ws/install/franka_hardware:/home/jiataoding/franco_ros2_franka_ws/install/franka_gripper:/home/jiataoding/franco_ros2_franka_ws/install/franka_msgs:/home/jiataoding/franco_ros2_franka_ws/install/franka_description:/home/jiataoding/franco_ros2_franka_ws/install/cartesian_impedance_controller:/home/jiataoding/franco_ros2_franka_ws/install/effort_controller_base:/home/jiataoding/franco_ros2_franka_ws/install/debug_msg:/opt/openrobots: /usr/bin/cmake --build /home/jiataoding/franco_ros2_franka_ws/src/build/integration_launch_testing -- -j24 -l24
[0.472s] DEBUG:colcon.colcon_core.event_handler.log_command:Invoked command in '/home/jiataoding/franco_ros2_franka_ws/src/build/franka_description' returned '0': CMAKE_PREFIX_PATH=/home/jiataoding/franco_ros2_franka_ws/src/install/joint_impedance_controller:/home/jiataoding/franco_ros2_franka_ws/src/install/integration_launch_testing:/home/jiataoding/franco_ros2_franka_ws/src/install/idra_franka_launch:/home/jiataoding/franco_ros2_franka_ws/src/install/gravity_compensation:/home/jiataoding/franco_ros2_franka_ws/src/install/franka_task_pipeline:/home/jiataoding/franco_ros2_franka_ws/src/install/franka_ros2:/home/jiataoding/franco_ros2_franka_ws/src/install/franka_bringup:/home/jiataoding/franco_ros2_franka_ws/src/install/franka_robot_state_broadcaster:/home/jiataoding/franco_ros2_franka_ws/src/install/franka_example_controllers:/home/jiataoding/franco_ros2_franka_ws/src/install/franka_semantic_components:/home/jiataoding/franco_ros2_franka_ws/src/install/franka_gazebo_bringup:/home/jiataoding/franco_ros2_franka_ws/src/install/franka_ign_ros2_control:/home/jiataoding/franco_ros2_franka_ws/src/install/franka_fr3_moveit_config:/home/jiataoding/franco_ros2_franka_ws/src/install/franka_hardware:/home/jiataoding/franco_ros2_franka_ws/src/install/franka_gripper:/home/jiataoding/franco_ros2_franka_ws/src/install/franka_msgs:/home/jiataoding/franco_ros2_franka_ws/src/install/franka_description:/home/jiataoding/franco_ros2_franka_ws/src/install/cartesian_impedance_controller:/opt/ros/humble:/home/jiataoding/franco_ros2_franka_ws/src/install/effort_controller_base:/home/jiataoding/franco_ros2_franka_ws/src/install/debug_msg:/home/jiataoding/ros2_franka_ws/install/joint_impedance_controller:/home/jiataoding/ros2_franka_ws/install/integration_launch_testing:/home/jiataoding/ros2_franka_ws/install/idra_franka_launch:/home/jiataoding/ros2_franka_ws/install/gravity_compensation:/home/jiataoding/ros2_franka_ws/install/franka_task_pipeline:/home/jiataoding/ros2_franka_ws/install/franka_ros2:/home/jiataoding/ros2_franka_ws/install/franka_bringup:/home/jiataoding/ros2_franka_ws/install/franka_robot_state_broadcaster:/home/jiataoding/ros2_franka_ws/install/franka_example_controllers:/home/jiataoding/ros2_franka_ws/install/franka_semantic_components:/home/jiataoding/ros2_franka_ws/install/franka_gazebo_bringup:/home/jiataoding/ros2_franka_ws/install/franka_ign_ros2_control:/home/jiataoding/ros2_franka_ws/install/franka_fr3_moveit_config:/home/jiataoding/ros2_franka_ws/install/franka_hardware:/home/jiataoding/ros2_franka_ws/install/franka_gripper:/home/jiataoding/ros2_franka_ws/install/franka_msgs:/home/jiataoding/ros2_franka_ws/install/franka_description:/home/jiataoding/ros2_franka_ws/install/cartesian_impedance_controller:/home/jiataoding/ros2_franka_ws/install/effort_controller_base:/home/jiataoding/ros2_franka_ws/install/debug_msg:/home/jiataoding/franco_ros2_franka_ws/install/joint_impedance_controller:/home/jiataoding/franco_ros2_franka_ws/install/integration_launch_testing:/home/jiataoding/franco_ros2_franka_ws/install/idra_franka_launch:/home/jiataoding/franco_ros2_franka_ws/install/gravity_compensation:/home/jiataoding/franco_ros2_franka_ws/install/franka_task_pipeline:/home/jiataoding/franco_ros2_franka_ws/install/franka_ros2:/home/jiataoding/franco_ros2_franka_ws/install/franka_bringup:/home/jiataoding/franco_ros2_franka_ws/install/franka_robot_state_broadcaster:/home/jiataoding/franco_ros2_franka_ws/install/franka_example_controllers:/home/jiataoding/franco_ros2_franka_ws/install/franka_semantic_components:/home/jiataoding/franco_ros2_franka_ws/install/franka_gazebo_bringup:/home/jiataoding/franco_ros2_franka_ws/install/franka_ign_ros2_control:/home/jiataoding/franco_ros2_franka_ws/install/franka_fr3_moveit_config:/home/jiataoding/franco_ros2_franka_ws/install/franka_hardware:/home/jiataoding/franco_ros2_franka_ws/install/franka_gripper:/home/jiataoding/franco_ros2_franka_ws/install/franka_msgs:/home/jiataoding/franco_ros2_franka_ws/install/franka_description:/home/jiataoding/franco_ros2_franka_ws/install/cartesian_impedance_controller:/home/jiataoding/franco_ros2_franka_ws/install/effort_controller_base:/home/jiataoding/franco_ros2_franka_ws/install/debug_msg:/opt/openrobots: /usr/bin/cmake --build /home/jiataoding/franco_ros2_franka_ws/src/build/franka_description -- -j24 -l24
[0.488s] DEBUG:colcon.colcon_core.event_handler.log_command:Invoking command in '/home/jiataoding/franco_ros2_franka_ws/src/build/franka_description': CMAKE_PREFIX_PATH=/home/jiataoding/franco_ros2_franka_ws/src/install/joint_impedance_controller:/home/jiataoding/franco_ros2_franka_ws/src/install/integration_launch_testing:/home/jiataoding/franco_ros2_franka_ws/src/install/idra_franka_launch:/home/jiataoding/franco_ros2_franka_ws/src/install/gravity_compensation:/home/jiataoding/franco_ros2_franka_ws/src/install/franka_task_pipeline:/home/jiataoding/franco_ros2_franka_ws/src/install/franka_ros2:/home/jiataoding/franco_ros2_franka_ws/src/install/franka_bringup:/home/jiataoding/franco_ros2_franka_ws/src/install/franka_robot_state_broadcaster:/home/jiataoding/franco_ros2_franka_ws/src/install/franka_example_controllers:/home/jiataoding/franco_ros2_franka_ws/src/install/franka_semantic_components:/home/jiataoding/franco_ros2_franka_ws/src/install/franka_gazebo_bringup:/home/jiataoding/franco_ros2_franka_ws/src/install/franka_ign_ros2_control:/home/jiataoding/franco_ros2_franka_ws/src/install/franka_fr3_moveit_config:/home/jiataoding/franco_ros2_franka_ws/src/install/franka_hardware:/home/jiataoding/franco_ros2_franka_ws/src/install/franka_gripper:/home/jiataoding/franco_ros2_franka_ws/src/install/franka_msgs:/home/jiataoding/franco_ros2_franka_ws/src/install/franka_description:/home/jiataoding/franco_ros2_franka_ws/src/install/cartesian_impedance_controller:/opt/ros/humble:/home/jiataoding/franco_ros2_franka_ws/src/install/effort_controller_base:/home/jiataoding/franco_ros2_franka_ws/src/install/debug_msg:/home/jiataoding/ros2_franka_ws/install/joint_impedance_controller:/home/jiataoding/ros2_franka_ws/install/integration_launch_testing:/home/jiataoding/ros2_franka_ws/install/idra_franka_launch:/home/jiataoding/ros2_franka_ws/install/gravity_compensation:/home/jiataoding/ros2_franka_ws/install/franka_task_pipeline:/home/jiataoding/ros2_franka_ws/install/franka_ros2:/home/jiataoding/ros2_franka_ws/install/franka_bringup:/home/jiataoding/ros2_franka_ws/install/franka_robot_state_broadcaster:/home/jiataoding/ros2_franka_ws/install/franka_example_controllers:/home/jiataoding/ros2_franka_ws/install/franka_semantic_components:/home/jiataoding/ros2_franka_ws/install/franka_gazebo_bringup:/home/jiataoding/ros2_franka_ws/install/franka_ign_ros2_control:/home/jiataoding/ros2_franka_ws/install/franka_fr3_moveit_config:/home/jiataoding/ros2_franka_ws/install/franka_hardware:/home/jiataoding/ros2_franka_ws/install/franka_gripper:/home/jiataoding/ros2_franka_ws/install/franka_msgs:/home/jiataoding/ros2_franka_ws/install/franka_description:/home/jiataoding/ros2_franka_ws/install/cartesian_impedance_controller:/home/jiataoding/ros2_franka_ws/install/effort_controller_base:/home/jiataoding/ros2_franka_ws/install/debug_msg:/home/jiataoding/franco_ros2_franka_ws/install/joint_impedance_controller:/home/jiataoding/franco_ros2_franka_ws/install/integration_launch_testing:/home/jiataoding/franco_ros2_franka_ws/install/idra_franka_launch:/home/jiataoding/franco_ros2_franka_ws/install/gravity_compensation:/home/jiataoding/franco_ros2_franka_ws/install/franka_task_pipeline:/home/jiataoding/franco_ros2_franka_ws/install/franka_ros2:/home/jiataoding/franco_ros2_franka_ws/install/franka_bringup:/home/jiataoding/franco_ros2_franka_ws/install/franka_robot_state_broadcaster:/home/jiataoding/franco_ros2_franka_ws/install/franka_example_controllers:/home/jiataoding/franco_ros2_franka_ws/install/franka_semantic_components:/home/jiataoding/franco_ros2_franka_ws/install/franka_gazebo_bringup:/home/jiataoding/franco_ros2_franka_ws/install/franka_ign_ros2_control:/home/jiataoding/franco_ros2_franka_ws/install/franka_fr3_moveit_config:/home/jiataoding/franco_ros2_franka_ws/install/franka_hardware:/home/jiataoding/franco_ros2_franka_ws/install/franka_gripper:/home/jiataoding/franco_ros2_franka_ws/install/franka_msgs:/home/jiataoding/franco_ros2_franka_ws/install/franka_description:/home/jiataoding/franco_ros2_franka_ws/install/cartesian_impedance_controller:/home/jiataoding/franco_ros2_franka_ws/install/effort_controller_base:/home/jiataoding/franco_ros2_franka_ws/install/debug_msg:/opt/openrobots: /usr/bin/cmake --install /home/jiataoding/franco_ros2_franka_ws/src/build/franka_description
[0.489s] DEBUG:colcon.colcon_core.event_handler.log_command:Invoked command in '/home/jiataoding/franco_ros2_franka_ws/src/build/integration_launch_testing' returned '0': CMAKE_PREFIX_PATH=/home/jiataoding/franco_ros2_franka_ws/src/install/joint_impedance_controller:/home/jiataoding/franco_ros2_franka_ws/src/install/integration_launch_testing:/home/jiataoding/franco_ros2_franka_ws/src/install/idra_franka_launch:/home/jiataoding/franco_ros2_franka_ws/src/install/gravity_compensation:/home/jiataoding/franco_ros2_franka_ws/src/install/franka_task_pipeline:/home/jiataoding/franco_ros2_franka_ws/src/install/franka_ros2:/home/jiataoding/franco_ros2_franka_ws/src/install/franka_bringup:/home/jiataoding/franco_ros2_franka_ws/src/install/franka_robot_state_broadcaster:/home/jiataoding/franco_ros2_franka_ws/src/install/franka_example_controllers:/home/jiataoding/franco_ros2_franka_ws/src/install/franka_semantic_components:/home/jiataoding/franco_ros2_franka_ws/src/install/franka_gazebo_bringup:/home/jiataoding/franco_ros2_franka_ws/src/install/franka_ign_ros2_control:/home/jiataoding/franco_ros2_franka_ws/src/install/franka_fr3_moveit_config:/home/jiataoding/franco_ros2_franka_ws/src/install/franka_hardware:/home/jiataoding/franco_ros2_franka_ws/src/install/franka_gripper:/home/jiataoding/franco_ros2_franka_ws/src/install/franka_msgs:/home/jiataoding/franco_ros2_franka_ws/src/install/franka_description:/home/jiataoding/franco_ros2_franka_ws/src/install/cartesian_impedance_controller:/opt/ros/humble:/home/jiataoding/franco_ros2_franka_ws/src/install/effort_controller_base:/home/jiataoding/franco_ros2_franka_ws/src/install/debug_msg:/home/jiataoding/ros2_franka_ws/install/joint_impedance_controller:/home/jiataoding/ros2_franka_ws/install/integration_launch_testing:/home/jiataoding/ros2_franka_ws/install/idra_franka_launch:/home/jiataoding/ros2_franka_ws/install/gravity_compensation:/home/jiataoding/ros2_franka_ws/install/franka_task_pipeline:/home/jiataoding/ros2_franka_ws/install/franka_ros2:/home/jiataoding/ros2_franka_ws/install/franka_bringup:/home/jiataoding/ros2_franka_ws/install/franka_robot_state_broadcaster:/home/jiataoding/ros2_franka_ws/install/franka_example_controllers:/home/jiataoding/ros2_franka_ws/install/franka_semantic_components:/home/jiataoding/ros2_franka_ws/install/franka_gazebo_bringup:/home/jiataoding/ros2_franka_ws/install/franka_ign_ros2_control:/home/jiataoding/ros2_franka_ws/install/franka_fr3_moveit_config:/home/jiataoding/ros2_franka_ws/install/franka_hardware:/home/jiataoding/ros2_franka_ws/install/franka_gripper:/home/jiataoding/ros2_franka_ws/install/franka_msgs:/home/jiataoding/ros2_franka_ws/install/franka_description:/home/jiataoding/ros2_franka_ws/install/cartesian_impedance_controller:/home/jiataoding/ros2_franka_ws/install/effort_controller_base:/home/jiataoding/ros2_franka_ws/install/debug_msg:/home/jiataoding/franco_ros2_franka_ws/install/joint_impedance_controller:/home/jiataoding/franco_ros2_franka_ws/install/integration_launch_testing:/home/jiataoding/franco_ros2_franka_ws/install/idra_franka_launch:/home/jiataoding/franco_ros2_franka_ws/install/gravity_compensation:/home/jiataoding/franco_ros2_franka_ws/install/franka_task_pipeline:/home/jiataoding/franco_ros2_franka_ws/install/franka_ros2:/home/jiataoding/franco_ros2_franka_ws/install/franka_bringup:/home/jiataoding/franco_ros2_franka_ws/install/franka_robot_state_broadcaster:/home/jiataoding/franco_ros2_franka_ws/install/franka_example_controllers:/home/jiataoding/franco_ros2_franka_ws/install/franka_semantic_components:/home/jiataoding/franco_ros2_franka_ws/install/franka_gazebo_bringup:/home/jiataoding/franco_ros2_franka_ws/install/franka_ign_ros2_control:/home/jiataoding/franco_ros2_franka_ws/install/franka_fr3_moveit_config:/home/jiataoding/franco_ros2_franka_ws/install/franka_hardware:/home/jiataoding/franco_ros2_franka_ws/install/franka_gripper:/home/jiataoding/franco_ros2_franka_ws/install/franka_msgs:/home/jiataoding/franco_ros2_franka_ws/install/franka_description:/home/jiataoding/franco_ros2_franka_ws/install/cartesian_impedance_controller:/home/jiataoding/franco_ros2_franka_ws/install/effort_controller_base:/home/jiataoding/franco_ros2_franka_ws/install/debug_msg:/opt/openrobots: /usr/bin/cmake --build /home/jiataoding/franco_ros2_franka_ws/src/build/integration_launch_testing -- -j24 -l24
[0.491s] DEBUG:colcon.colcon_core.event_handler.log_command:Invoking command in '/home/jiataoding/franco_ros2_franka_ws/src/build/integration_launch_testing': CMAKE_PREFIX_PATH=/home/jiataoding/franco_ros2_franka_ws/src/install/joint_impedance_controller:/home/jiataoding/franco_ros2_franka_ws/src/install/integration_launch_testing:/home/jiataoding/franco_ros2_franka_ws/src/install/idra_franka_launch:/home/jiataoding/franco_ros2_franka_ws/src/install/gravity_compensation:/home/jiataoding/franco_ros2_franka_ws/src/install/franka_task_pipeline:/home/jiataoding/franco_ros2_franka_ws/src/install/franka_ros2:/home/jiataoding/franco_ros2_franka_ws/src/install/franka_bringup:/home/jiataoding/franco_ros2_franka_ws/src/install/franka_robot_state_broadcaster:/home/jiataoding/franco_ros2_franka_ws/src/install/franka_example_controllers:/home/jiataoding/franco_ros2_franka_ws/src/install/franka_semantic_components:/home/jiataoding/franco_ros2_franka_ws/src/install/franka_gazebo_bringup:/home/jiataoding/franco_ros2_franka_ws/src/install/franka_ign_ros2_control:/home/jiataoding/franco_ros2_franka_ws/src/install/franka_fr3_moveit_config:/home/jiataoding/franco_ros2_franka_ws/src/install/franka_hardware:/home/jiataoding/franco_ros2_franka_ws/src/install/franka_gripper:/home/jiataoding/franco_ros2_franka_ws/src/install/franka_msgs:/home/jiataoding/franco_ros2_franka_ws/src/install/franka_description:/home/jiataoding/franco_ros2_franka_ws/src/install/cartesian_impedance_controller:/opt/ros/humble:/home/jiataoding/franco_ros2_franka_ws/src/install/effort_controller_base:/home/jiataoding/franco_ros2_franka_ws/src/install/debug_msg:/home/jiataoding/ros2_franka_ws/install/joint_impedance_controller:/home/jiataoding/ros2_franka_ws/install/integration_launch_testing:/home/jiataoding/ros2_franka_ws/install/idra_franka_launch:/home/jiataoding/ros2_franka_ws/install/gravity_compensation:/home/jiataoding/ros2_franka_ws/install/franka_task_pipeline:/home/jiataoding/ros2_franka_ws/install/franka_ros2:/home/jiataoding/ros2_franka_ws/install/franka_bringup:/home/jiataoding/ros2_franka_ws/install/franka_robot_state_broadcaster:/home/jiataoding/ros2_franka_ws/install/franka_example_controllers:/home/jiataoding/ros2_franka_ws/install/franka_semantic_components:/home/jiataoding/ros2_franka_ws/install/franka_gazebo_bringup:/home/jiataoding/ros2_franka_ws/install/franka_ign_ros2_control:/home/jiataoding/ros2_franka_ws/install/franka_fr3_moveit_config:/home/jiataoding/ros2_franka_ws/install/franka_hardware:/home/jiataoding/ros2_franka_ws/install/franka_gripper:/home/jiataoding/ros2_franka_ws/install/franka_msgs:/home/jiataoding/ros2_franka_ws/install/franka_description:/home/jiataoding/ros2_franka_ws/install/cartesian_impedance_controller:/home/jiataoding/ros2_franka_ws/install/effort_controller_base:/home/jiataoding/ros2_franka_ws/install/debug_msg:/home/jiataoding/franco_ros2_franka_ws/install/joint_impedance_controller:/home/jiataoding/franco_ros2_franka_ws/install/integration_launch_testing:/home/jiataoding/franco_ros2_franka_ws/install/idra_franka_launch:/home/jiataoding/franco_ros2_franka_ws/install/gravity_compensation:/home/jiataoding/franco_ros2_franka_ws/install/franka_task_pipeline:/home/jiataoding/franco_ros2_franka_ws/install/franka_ros2:/home/jiataoding/franco_ros2_franka_ws/install/franka_bringup:/home/jiataoding/franco_ros2_franka_ws/install/franka_robot_state_broadcaster:/home/jiataoding/franco_ros2_franka_ws/install/franka_example_controllers:/home/jiataoding/franco_ros2_franka_ws/install/franka_semantic_components:/home/jiataoding/franco_ros2_franka_ws/install/franka_gazebo_bringup:/home/jiataoding/franco_ros2_franka_ws/install/franka_ign_ros2_control:/home/jiataoding/franco_ros2_franka_ws/install/franka_fr3_moveit_config:/home/jiataoding/franco_ros2_franka_ws/install/franka_hardware:/home/jiataoding/franco_ros2_franka_ws/install/franka_gripper:/home/jiataoding/franco_ros2_franka_ws/install/franka_msgs:/home/jiataoding/franco_ros2_franka_ws/install/franka_description:/home/jiataoding/franco_ros2_franka_ws/install/cartesian_impedance_controller:/home/jiataoding/franco_ros2_franka_ws/install/effort_controller_base:/home/jiataoding/franco_ros2_franka_ws/install/debug_msg:/opt/openrobots: /usr/bin/cmake --install /home/jiataoding/franco_ros2_franka_ws/src/build/integration_launch_testing
[0.527s] DEBUG:colcon.colcon_core.event_handler.log_command:Invoked command in '/home/jiataoding/franco_ros2_franka_ws/src/build/franka_task_pipeline' returned '0': CMAKE_PREFIX_PATH=/home/jiataoding/franco_ros2_franka_ws/src/install/joint_impedance_controller:/home/jiataoding/franco_ros2_franka_ws/src/install/integration_launch_testing:/home/jiataoding/franco_ros2_franka_ws/src/install/idra_franka_launch:/home/jiataoding/franco_ros2_franka_ws/src/install/gravity_compensation:/home/jiataoding/franco_ros2_franka_ws/src/install/franka_task_pipeline:/home/jiataoding/franco_ros2_franka_ws/src/install/franka_ros2:/home/jiataoding/franco_ros2_franka_ws/src/install/franka_bringup:/home/jiataoding/franco_ros2_franka_ws/src/install/franka_robot_state_broadcaster:/home/jiataoding/franco_ros2_franka_ws/src/install/franka_example_controllers:/home/jiataoding/franco_ros2_franka_ws/src/install/franka_semantic_components:/home/jiataoding/franco_ros2_franka_ws/src/install/franka_gazebo_bringup:/home/jiataoding/franco_ros2_franka_ws/src/install/franka_ign_ros2_control:/home/jiataoding/franco_ros2_franka_ws/src/install/franka_fr3_moveit_config:/home/jiataoding/franco_ros2_franka_ws/src/install/franka_hardware:/home/jiataoding/franco_ros2_franka_ws/src/install/franka_gripper:/home/jiataoding/franco_ros2_franka_ws/src/install/franka_msgs:/home/jiataoding/franco_ros2_franka_ws/src/install/franka_description:/home/jiataoding/franco_ros2_franka_ws/src/install/cartesian_impedance_controller:/opt/ros/humble:/home/jiataoding/franco_ros2_franka_ws/src/install/effort_controller_base:/home/jiataoding/franco_ros2_franka_ws/src/install/debug_msg:/home/jiataoding/ros2_franka_ws/install/joint_impedance_controller:/home/jiataoding/ros2_franka_ws/install/integration_launch_testing:/home/jiataoding/ros2_franka_ws/install/idra_franka_launch:/home/jiataoding/ros2_franka_ws/install/gravity_compensation:/home/jiataoding/ros2_franka_ws/install/franka_task_pipeline:/home/jiataoding/ros2_franka_ws/install/franka_ros2:/home/jiataoding/ros2_franka_ws/install/franka_bringup:/home/jiataoding/ros2_franka_ws/install/franka_robot_state_broadcaster:/home/jiataoding/ros2_franka_ws/install/franka_example_controllers:/home/jiataoding/ros2_franka_ws/install/franka_semantic_components:/home/jiataoding/ros2_franka_ws/install/franka_gazebo_bringup:/home/jiataoding/ros2_franka_ws/install/franka_ign_ros2_control:/home/jiataoding/ros2_franka_ws/install/franka_fr3_moveit_config:/home/jiataoding/ros2_franka_ws/install/franka_hardware:/home/jiataoding/ros2_franka_ws/install/franka_gripper:/home/jiataoding/ros2_franka_ws/install/franka_msgs:/home/jiataoding/ros2_franka_ws/install/franka_description:/home/jiataoding/ros2_franka_ws/install/cartesian_impedance_controller:/home/jiataoding/ros2_franka_ws/install/effort_controller_base:/home/jiataoding/ros2_franka_ws/install/debug_msg:/home/jiataoding/franco_ros2_franka_ws/install/joint_impedance_controller:/home/jiataoding/franco_ros2_franka_ws/install/integration_launch_testing:/home/jiataoding/franco_ros2_franka_ws/install/idra_franka_launch:/home/jiataoding/franco_ros2_franka_ws/install/gravity_compensation:/home/jiataoding/franco_ros2_franka_ws/install/franka_task_pipeline:/home/jiataoding/franco_ros2_franka_ws/install/franka_ros2:/home/jiataoding/franco_ros2_franka_ws/install/franka_bringup:/home/jiataoding/franco_ros2_franka_ws/install/franka_robot_state_broadcaster:/home/jiataoding/franco_ros2_franka_ws/install/franka_example_controllers:/home/jiataoding/franco_ros2_franka_ws/install/franka_semantic_components:/home/jiataoding/franco_ros2_franka_ws/install/franka_gazebo_bringup:/home/jiataoding/franco_ros2_franka_ws/install/franka_ign_ros2_control:/home/jiataoding/franco_ros2_franka_ws/install/franka_fr3_moveit_config:/home/jiataoding/franco_ros2_franka_ws/install/franka_hardware:/home/jiataoding/franco_ros2_franka_ws/install/franka_gripper:/home/jiataoding/franco_ros2_franka_ws/install/franka_msgs:/home/jiataoding/franco_ros2_franka_ws/install/franka_description:/home/jiataoding/franco_ros2_franka_ws/install/cartesian_impedance_controller:/home/jiataoding/franco_ros2_franka_ws/install/effort_controller_base:/home/jiataoding/franco_ros2_franka_ws/install/debug_msg:/opt/openrobots: /usr/bin/cmake --build /home/jiataoding/franco_ros2_franka_ws/src/build/franka_task_pipeline -- -j24 -l24
[0.528s] Level 1:colcon.colcon_core.environment:create_environment_scripts_only(integration_launch_testing)
[0.530s] DEBUG:colcon.colcon_core.event_handler.log_command:Invoking command in '/home/jiataoding/franco_ros2_franka_ws/src/build/franka_task_pipeline': CMAKE_PREFIX_PATH=/home/jiataoding/franco_ros2_franka_ws/src/install/joint_impedance_controller:/home/jiataoding/franco_ros2_franka_ws/src/install/integration_launch_testing:/home/jiataoding/franco_ros2_franka_ws/src/install/idra_franka_launch:/home/jiataoding/franco_ros2_franka_ws/src/install/gravity_compensation:/home/jiataoding/franco_ros2_franka_ws/src/install/franka_task_pipeline:/home/jiataoding/franco_ros2_franka_ws/src/install/franka_ros2:/home/jiataoding/franco_ros2_franka_ws/src/install/franka_bringup:/home/jiataoding/franco_ros2_franka_ws/src/install/franka_robot_state_broadcaster:/home/jiataoding/franco_ros2_franka_ws/src/install/franka_example_controllers:/home/jiataoding/franco_ros2_franka_ws/src/install/franka_semantic_components:/home/jiataoding/franco_ros2_franka_ws/src/install/franka_gazebo_bringup:/home/jiataoding/franco_ros2_franka_ws/src/install/franka_ign_ros2_control:/home/jiataoding/franco_ros2_franka_ws/src/install/franka_fr3_moveit_config:/home/jiataoding/franco_ros2_franka_ws/src/install/franka_hardware:/home/jiataoding/franco_ros2_franka_ws/src/install/franka_gripper:/home/jiataoding/franco_ros2_franka_ws/src/install/franka_msgs:/home/jiataoding/franco_ros2_franka_ws/src/install/franka_description:/home/jiataoding/franco_ros2_franka_ws/src/install/cartesian_impedance_controller:/opt/ros/humble:/home/jiataoding/franco_ros2_franka_ws/src/install/effort_controller_base:/home/jiataoding/franco_ros2_franka_ws/src/install/debug_msg:/home/jiataoding/ros2_franka_ws/install/joint_impedance_controller:/home/jiataoding/ros2_franka_ws/install/integration_launch_testing:/home/jiataoding/ros2_franka_ws/install/idra_franka_launch:/home/jiataoding/ros2_franka_ws/install/gravity_compensation:/home/jiataoding/ros2_franka_ws/install/franka_task_pipeline:/home/jiataoding/ros2_franka_ws/install/franka_ros2:/home/jiataoding/ros2_franka_ws/install/franka_bringup:/home/jiataoding/ros2_franka_ws/install/franka_robot_state_broadcaster:/home/jiataoding/ros2_franka_ws/install/franka_example_controllers:/home/jiataoding/ros2_franka_ws/install/franka_semantic_components:/home/jiataoding/ros2_franka_ws/install/franka_gazebo_bringup:/home/jiataoding/ros2_franka_ws/install/franka_ign_ros2_control:/home/jiataoding/ros2_franka_ws/install/franka_fr3_moveit_config:/home/jiataoding/ros2_franka_ws/install/franka_hardware:/home/jiataoding/ros2_franka_ws/install/franka_gripper:/home/jiataoding/ros2_franka_ws/install/franka_msgs:/home/jiataoding/ros2_franka_ws/install/franka_description:/home/jiataoding/ros2_franka_ws/install/cartesian_impedance_controller:/home/jiataoding/ros2_franka_ws/install/effort_controller_base:/home/jiataoding/ros2_franka_ws/install/debug_msg:/home/jiataoding/franco_ros2_franka_ws/install/joint_impedance_controller:/home/jiataoding/franco_ros2_franka_ws/install/integration_launch_testing:/home/jiataoding/franco_ros2_franka_ws/install/idra_franka_launch:/home/jiataoding/franco_ros2_franka_ws/install/gravity_compensation:/home/jiataoding/franco_ros2_franka_ws/install/franka_task_pipeline:/home/jiataoding/franco_ros2_franka_ws/install/franka_ros2:/home/jiataoding/franco_ros2_franka_ws/install/franka_bringup:/home/jiataoding/franco_ros2_franka_ws/install/franka_robot_state_broadcaster:/home/jiataoding/franco_ros2_franka_ws/install/franka_example_controllers:/home/jiataoding/franco_ros2_franka_ws/install/franka_semantic_components:/home/jiataoding/franco_ros2_franka_ws/install/franka_gazebo_bringup:/home/jiataoding/franco_ros2_franka_ws/install/franka_ign_ros2_control:/home/jiataoding/franco_ros2_franka_ws/install/franka_fr3_moveit_config:/home/jiataoding/franco_ros2_franka_ws/install/franka_hardware:/home/jiataoding/franco_ros2_franka_ws/install/franka_gripper:/home/jiataoding/franco_ros2_franka_ws/install/franka_msgs:/home/jiataoding/franco_ros2_franka_ws/install/franka_description:/home/jiataoding/franco_ros2_franka_ws/install/cartesian_impedance_controller:/home/jiataoding/franco_ros2_franka_ws/install/effort_controller_base:/home/jiataoding/franco_ros2_franka_ws/install/debug_msg:/opt/openrobots: /usr/bin/cmake --install /home/jiataoding/franco_ros2_franka_ws/src/build/franka_task_pipeline
[0.535s] Level 1:colcon.colcon_core.environment:checking '/home/jiataoding/franco_ros2_franka_ws/src/install/integration_launch_testing' for CMake module files
[0.536s] Level 1:colcon.colcon_core.environment:checking '/home/jiataoding/franco_ros2_franka_ws/src/install/integration_launch_testing' for CMake config files
[0.537s] DEBUG:colcon.colcon_core.event_handler.log_command:Invoked command in '/home/jiataoding/franco_ros2_franka_ws/src/build/integration_launch_testing' returned '0': CMAKE_PREFIX_PATH=/home/jiataoding/franco_ros2_franka_ws/src/install/joint_impedance_controller:/home/jiataoding/franco_ros2_franka_ws/src/install/integration_launch_testing:/home/jiataoding/franco_ros2_franka_ws/src/install/idra_franka_launch:/home/jiataoding/franco_ros2_franka_ws/src/install/gravity_compensation:/home/jiataoding/franco_ros2_franka_ws/src/install/franka_task_pipeline:/home/jiataoding/franco_ros2_franka_ws/src/install/franka_ros2:/home/jiataoding/franco_ros2_franka_ws/src/install/franka_bringup:/home/jiataoding/franco_ros2_franka_ws/src/install/franka_robot_state_broadcaster:/home/jiataoding/franco_ros2_franka_ws/src/install/franka_example_controllers:/home/jiataoding/franco_ros2_franka_ws/src/install/franka_semantic_components:/home/jiataoding/franco_ros2_franka_ws/src/install/franka_gazebo_bringup:/home/jiataoding/franco_ros2_franka_ws/src/install/franka_ign_ros2_control:/home/jiataoding/franco_ros2_franka_ws/src/install/franka_fr3_moveit_config:/home/jiataoding/franco_ros2_franka_ws/src/install/franka_hardware:/home/jiataoding/franco_ros2_franka_ws/src/install/franka_gripper:/home/jiataoding/franco_ros2_franka_ws/src/install/franka_msgs:/home/jiataoding/franco_ros2_franka_ws/src/install/franka_description:/home/jiataoding/franco_ros2_franka_ws/src/install/cartesian_impedance_controller:/opt/ros/humble:/home/jiataoding/franco_ros2_franka_ws/src/install/effort_controller_base:/home/jiataoding/franco_ros2_franka_ws/src/install/debug_msg:/home/jiataoding/ros2_franka_ws/install/joint_impedance_controller:/home/jiataoding/ros2_franka_ws/install/integration_launch_testing:/home/jiataoding/ros2_franka_ws/install/idra_franka_launch:/home/jiataoding/ros2_franka_ws/install/gravity_compensation:/home/jiataoding/ros2_franka_ws/install/franka_task_pipeline:/home/jiataoding/ros2_franka_ws/install/franka_ros2:/home/jiataoding/ros2_franka_ws/install/franka_bringup:/home/jiataoding/ros2_franka_ws/install/franka_robot_state_broadcaster:/home/jiataoding/ros2_franka_ws/install/franka_example_controllers:/home/jiataoding/ros2_franka_ws/install/franka_semantic_components:/home/jiataoding/ros2_franka_ws/install/franka_gazebo_bringup:/home/jiataoding/ros2_franka_ws/install/franka_ign_ros2_control:/home/jiataoding/ros2_franka_ws/install/franka_fr3_moveit_config:/home/jiataoding/ros2_franka_ws/install/franka_hardware:/home/jiataoding/ros2_franka_ws/install/franka_gripper:/home/jiataoding/ros2_franka_ws/install/franka_msgs:/home/jiataoding/ros2_franka_ws/install/franka_description:/home/jiataoding/ros2_franka_ws/install/cartesian_impedance_controller:/home/jiataoding/ros2_franka_ws/install/effort_controller_base:/home/jiataoding/ros2_franka_ws/install/debug_msg:/home/jiataoding/franco_ros2_franka_ws/install/joint_impedance_controller:/home/jiataoding/franco_ros2_franka_ws/install/integration_launch_testing:/home/jiataoding/franco_ros2_franka_ws/install/idra_franka_launch:/home/jiataoding/franco_ros2_franka_ws/install/gravity_compensation:/home/jiataoding/franco_ros2_franka_ws/install/franka_task_pipeline:/home/jiataoding/franco_ros2_franka_ws/install/franka_ros2:/home/jiataoding/franco_ros2_franka_ws/install/franka_bringup:/home/jiataoding/franco_ros2_franka_ws/install/franka_robot_state_broadcaster:/home/jiataoding/franco_ros2_franka_ws/install/franka_example_controllers:/home/jiataoding/franco_ros2_franka_ws/install/franka_semantic_components:/home/jiataoding/franco_ros2_franka_ws/install/franka_gazebo_bringup:/home/jiataoding/franco_ros2_franka_ws/install/franka_ign_ros2_control:/home/jiataoding/franco_ros2_franka_ws/install/franka_fr3_moveit_config:/home/jiataoding/franco_ros2_franka_ws/install/franka_hardware:/home/jiataoding/franco_ros2_franka_ws/install/franka_gripper:/home/jiataoding/franco_ros2_franka_ws/install/franka_msgs:/home/jiataoding/franco_ros2_franka_ws/install/franka_description:/home/jiataoding/franco_ros2_franka_ws/install/cartesian_impedance_controller:/home/jiataoding/franco_ros2_franka_ws/install/effort_controller_base:/home/jiataoding/franco_ros2_franka_ws/install/debug_msg:/opt/openrobots: /usr/bin/cmake --install /home/jiataoding/franco_ros2_franka_ws/src/build/integration_launch_testing
[0.538s] Level 1:colcon.colcon_core.shell:create_environment_hook('integration_launch_testing', 'cmake_prefix_path')
[0.538s] INFO:colcon.colcon_core.shell:Creating environment hook '/home/jiataoding/franco_ros2_franka_ws/src/install/integration_launch_testing/share/integration_launch_testing/hook/cmake_prefix_path.ps1'
[0.539s] INFO:colcon.colcon_core.shell:Creating environment descriptor '/home/jiataoding/franco_ros2_franka_ws/src/install/integration_launch_testing/share/integration_launch_testing/hook/cmake_prefix_path.dsv'
[0.540s] INFO:colcon.colcon_core.shell:Creating environment hook '/home/jiataoding/franco_ros2_franka_ws/src/install/integration_launch_testing/share/integration_launch_testing/hook/cmake_prefix_path.sh'
[0.541s] Level 1:colcon.colcon_core.environment:checking '/home/jiataoding/franco_ros2_franka_ws/src/install/integration_launch_testing/bin'
[0.542s] Level 1:colcon.colcon_core.environment:checking '/home/jiataoding/franco_ros2_franka_ws/src/install/integration_launch_testing/lib/pkgconfig/integration_launch_testing.pc'
[0.542s] Level 1:colcon.colcon_core.environment:checking '/home/jiataoding/franco_ros2_franka_ws/src/install/integration_launch_testing/lib/python3.10/site-packages'
[0.542s] Level 1:colcon.colcon_core.environment:checking '/home/jiataoding/franco_ros2_franka_ws/src/install/integration_launch_testing/bin'
[0.543s] INFO:colcon.colcon_core.shell:Creating package script '/home/jiataoding/franco_ros2_franka_ws/src/install/integration_launch_testing/share/integration_launch_testing/package.ps1'
[0.544s] INFO:colcon.colcon_core.shell:Creating package descriptor '/home/jiataoding/franco_ros2_franka_ws/src/install/integration_launch_testing/share/integration_launch_testing/package.dsv'
[0.545s] INFO:colcon.colcon_core.shell:Creating package script '/home/jiataoding/franco_ros2_franka_ws/src/install/integration_launch_testing/share/integration_launch_testing/package.sh'
[0.546s] INFO:colcon.colcon_core.shell:Creating package script '/home/jiataoding/franco_ros2_franka_ws/src/install/integration_launch_testing/share/integration_launch_testing/package.bash'
[0.547s] INFO:colcon.colcon_core.shell:Creating package script '/home/jiataoding/franco_ros2_franka_ws/src/install/integration_launch_testing/share/integration_launch_testing/package.zsh'
[0.548s] Level 1:colcon.colcon_core.environment:create_file_with_runtime_dependencies(/home/jiataoding/franco_ros2_franka_ws/src/install/integration_launch_testing/share/colcon-core/packages/integration_launch_testing)
[0.549s] Level 1:colcon.colcon_core.environment:create_environment_scripts_only(integration_launch_testing)
[0.550s] Level 1:colcon.colcon_core.environment:checking '/home/jiataoding/franco_ros2_franka_ws/src/install/integration_launch_testing' for CMake module files
[0.551s] Level 1:colcon.colcon_core.environment:checking '/home/jiataoding/franco_ros2_franka_ws/src/install/integration_launch_testing' for CMake config files
[0.551s] Level 1:colcon.colcon_core.shell:create_environment_hook('integration_launch_testing', 'cmake_prefix_path')
[0.551s] INFO:colcon.colcon_core.shell:Creating environment hook '/home/jiataoding/franco_ros2_franka_ws/src/install/integration_launch_testing/share/integration_launch_testing/hook/cmake_prefix_path.ps1'
[0.552s] INFO:colcon.colcon_core.shell:Creating environment descriptor '/home/jiataoding/franco_ros2_franka_ws/src/install/integration_launch_testing/share/integration_launch_testing/hook/cmake_prefix_path.dsv'
[0.552s] INFO:colcon.colcon_core.shell:Creating environment hook '/home/jiataoding/franco_ros2_franka_ws/src/install/integration_launch_testing/share/integration_launch_testing/hook/cmake_prefix_path.sh'
[0.552s] Level 1:colcon.colcon_core.environment:checking '/home/jiataoding/franco_ros2_franka_ws/src/install/integration_launch_testing/bin'
[0.552s] Level 1:colcon.colcon_core.environment:checking '/home/jiataoding/franco_ros2_franka_ws/src/install/integration_launch_testing/lib/pkgconfig/integration_launch_testing.pc'
[0.553s] Level 1:colcon.colcon_core.environment:checking '/home/jiataoding/franco_ros2_franka_ws/src/install/integration_launch_testing/lib/python3.10/site-packages'
[0.553s] Level 1:colcon.colcon_core.environment:checking '/home/jiataoding/franco_ros2_franka_ws/src/install/integration_launch_testing/bin'
[0.553s] INFO:colcon.colcon_core.shell:Creating package script '/home/jiataoding/franco_ros2_franka_ws/src/install/integration_launch_testing/share/integration_launch_testing/package.ps1'
[0.553s] INFO:colcon.colcon_core.shell:Creating package descriptor '/home/jiataoding/franco_ros2_franka_ws/src/install/integration_launch_testing/share/integration_launch_testing/package.dsv'
[0.554s] INFO:colcon.colcon_core.shell:Creating package script '/home/jiataoding/franco_ros2_franka_ws/src/install/integration_launch_testing/share/integration_launch_testing/package.sh'
[0.554s] INFO:colcon.colcon_core.shell:Creating package script '/home/jiataoding/franco_ros2_franka_ws/src/install/integration_launch_testing/share/integration_launch_testing/package.bash'
[0.554s] INFO:colcon.colcon_core.shell:Creating package script '/home/jiataoding/franco_ros2_franka_ws/src/install/integration_launch_testing/share/integration_launch_testing/package.zsh'
[0.555s] Level 1:colcon.colcon_core.environment:create_file_with_runtime_dependencies(/home/jiataoding/franco_ros2_franka_ws/src/install/integration_launch_testing/share/colcon-core/packages/integration_launch_testing)
[0.557s] DEBUG:colcon.colcon_core.event_handler.log_command:Invoked command in '/home/jiataoding/franco_ros2_franka_ws/src/build/effort_controller_base' returned '0': /usr/bin/cmake --build /home/jiataoding/franco_ros2_franka_ws/src/build/effort_controller_base -- -j24 -l24
[0.558s] Level 1:colcon.colcon_core.environment:create_environment_scripts_only(franka_description)
[0.558s] Level 1:colcon.colcon_core.environment:checking '/home/jiataoding/franco_ros2_franka_ws/src/install/franka_description' for CMake module files
[0.560s] Level 1:colcon.colcon_core.environment:checking '/home/jiataoding/franco_ros2_franka_ws/src/install/franka_description' for CMake config files
[0.560s] DEBUG:colcon.colcon_core.event_handler.log_command:Invoking command in '/home/jiataoding/franco_ros2_franka_ws/src/build/effort_controller_base': /usr/bin/cmake --install /home/jiataoding/franco_ros2_franka_ws/src/build/effort_controller_base
[0.560s] DEBUG:colcon.colcon_core.event_handler.log_command:Invoked command in '/home/jiataoding/franco_ros2_franka_ws/src/build/franka_description' returned '0': CMAKE_PREFIX_PATH=/home/jiataoding/franco_ros2_franka_ws/src/install/joint_impedance_controller:/home/jiataoding/franco_ros2_franka_ws/src/install/integration_launch_testing:/home/jiataoding/franco_ros2_franka_ws/src/install/idra_franka_launch:/home/jiataoding/franco_ros2_franka_ws/src/install/gravity_compensation:/home/jiataoding/franco_ros2_franka_ws/src/install/franka_task_pipeline:/home/jiataoding/franco_ros2_franka_ws/src/install/franka_ros2:/home/jiataoding/franco_ros2_franka_ws/src/install/franka_bringup:/home/jiataoding/franco_ros2_franka_ws/src/install/franka_robot_state_broadcaster:/home/jiataoding/franco_ros2_franka_ws/src/install/franka_example_controllers:/home/jiataoding/franco_ros2_franka_ws/src/install/franka_semantic_components:/home/jiataoding/franco_ros2_franka_ws/src/install/franka_gazebo_bringup:/home/jiataoding/franco_ros2_franka_ws/src/install/franka_ign_ros2_control:/home/jiataoding/franco_ros2_franka_ws/src/install/franka_fr3_moveit_config:/home/jiataoding/franco_ros2_franka_ws/src/install/franka_hardware:/home/jiataoding/franco_ros2_franka_ws/src/install/franka_gripper:/home/jiataoding/franco_ros2_franka_ws/src/install/franka_msgs:/home/jiataoding/franco_ros2_franka_ws/src/install/franka_description:/home/jiataoding/franco_ros2_franka_ws/src/install/cartesian_impedance_controller:/opt/ros/humble:/home/jiataoding/franco_ros2_franka_ws/src/install/effort_controller_base:/home/jiataoding/franco_ros2_franka_ws/src/install/debug_msg:/home/jiataoding/ros2_franka_ws/install/joint_impedance_controller:/home/jiataoding/ros2_franka_ws/install/integration_launch_testing:/home/jiataoding/ros2_franka_ws/install/idra_franka_launch:/home/jiataoding/ros2_franka_ws/install/gravity_compensation:/home/jiataoding/ros2_franka_ws/install/franka_task_pipeline:/home/jiataoding/ros2_franka_ws/install/franka_ros2:/home/jiataoding/ros2_franka_ws/install/franka_bringup:/home/jiataoding/ros2_franka_ws/install/franka_robot_state_broadcaster:/home/jiataoding/ros2_franka_ws/install/franka_example_controllers:/home/jiataoding/ros2_franka_ws/install/franka_semantic_components:/home/jiataoding/ros2_franka_ws/install/franka_gazebo_bringup:/home/jiataoding/ros2_franka_ws/install/franka_ign_ros2_control:/home/jiataoding/ros2_franka_ws/install/franka_fr3_moveit_config:/home/jiataoding/ros2_franka_ws/install/franka_hardware:/home/jiataoding/ros2_franka_ws/install/franka_gripper:/home/jiataoding/ros2_franka_ws/install/franka_msgs:/home/jiataoding/ros2_franka_ws/install/franka_description:/home/jiataoding/ros2_franka_ws/install/cartesian_impedance_controller:/home/jiataoding/ros2_franka_ws/install/effort_controller_base:/home/jiataoding/ros2_franka_ws/install/debug_msg:/home/jiataoding/franco_ros2_franka_ws/install/joint_impedance_controller:/home/jiataoding/franco_ros2_franka_ws/install/integration_launch_testing:/home/jiataoding/franco_ros2_franka_ws/install/idra_franka_launch:/home/jiataoding/franco_ros2_franka_ws/install/gravity_compensation:/home/jiataoding/franco_ros2_franka_ws/install/franka_task_pipeline:/home/jiataoding/franco_ros2_franka_ws/install/franka_ros2:/home/jiataoding/franco_ros2_franka_ws/install/franka_bringup:/home/jiataoding/franco_ros2_franka_ws/install/franka_robot_state_broadcaster:/home/jiataoding/franco_ros2_franka_ws/install/franka_example_controllers:/home/jiataoding/franco_ros2_franka_ws/install/franka_semantic_components:/home/jiataoding/franco_ros2_franka_ws/install/franka_gazebo_bringup:/home/jiataoding/franco_ros2_franka_ws/install/franka_ign_ros2_control:/home/jiataoding/franco_ros2_franka_ws/install/franka_fr3_moveit_config:/home/jiataoding/franco_ros2_franka_ws/install/franka_hardware:/home/jiataoding/franco_ros2_franka_ws/install/franka_gripper:/home/jiataoding/franco_ros2_franka_ws/install/franka_msgs:/home/jiataoding/franco_ros2_franka_ws/install/franka_description:/home/jiataoding/franco_ros2_franka_ws/install/cartesian_impedance_controller:/home/jiataoding/franco_ros2_franka_ws/install/effort_controller_base:/home/jiataoding/franco_ros2_franka_ws/install/debug_msg:/opt/openrobots: /usr/bin/cmake --install /home/jiataoding/franco_ros2_franka_ws/src/build/franka_description
[0.561s] Level 1:colcon.colcon_core.shell:create_environment_hook('franka_description', 'cmake_prefix_path')
[0.561s] INFO:colcon.colcon_core.shell:Creating environment hook '/home/jiataoding/franco_ros2_franka_ws/src/install/franka_description/share/franka_description/hook/cmake_prefix_path.ps1'
[0.562s] INFO:colcon.colcon_core.shell:Creating environment descriptor '/home/jiataoding/franco_ros2_franka_ws/src/install/franka_description/share/franka_description/hook/cmake_prefix_path.dsv'
[0.562s] INFO:colcon.colcon_core.shell:Creating environment hook '/home/jiataoding/franco_ros2_franka_ws/src/install/franka_description/share/franka_description/hook/cmake_prefix_path.sh'
[0.563s] Level 1:colcon.colcon_core.environment:checking '/home/jiataoding/franco_ros2_franka_ws/src/install/franka_description/bin'
[0.563s] Level 1:colcon.colcon_core.environment:checking '/home/jiataoding/franco_ros2_franka_ws/src/install/franka_description/lib/pkgconfig/franka_description.pc'
[0.563s] Level 1:colcon.colcon_core.environment:checking '/home/jiataoding/franco_ros2_franka_ws/src/install/franka_description/lib/python3.10/site-packages'
[0.563s] Level 1:colcon.colcon_core.environment:checking '/home/jiataoding/franco_ros2_franka_ws/src/install/franka_description/bin'
[0.564s] INFO:colcon.colcon_core.shell:Creating package script '/home/jiataoding/franco_ros2_franka_ws/src/install/franka_description/share/franka_description/package.ps1'
[0.564s] INFO:colcon.colcon_core.shell:Creating package descriptor '/home/jiataoding/franco_ros2_franka_ws/src/install/franka_description/share/franka_description/package.dsv'
[0.564s] INFO:colcon.colcon_core.shell:Creating package script '/home/jiataoding/franco_ros2_franka_ws/src/install/franka_description/share/franka_description/package.sh'
[0.565s] INFO:colcon.colcon_core.shell:Creating package script '/home/jiataoding/franco_ros2_franka_ws/src/install/franka_description/share/franka_description/package.bash'
[0.565s] INFO:colcon.colcon_core.shell:Creating package script '/home/jiataoding/franco_ros2_franka_ws/src/install/franka_description/share/franka_description/package.zsh'
[0.565s] Level 1:colcon.colcon_core.environment:create_file_with_runtime_dependencies(/home/jiataoding/franco_ros2_franka_ws/src/install/franka_description/share/colcon-core/packages/franka_description)
[0.566s] Level 1:colcon.colcon_core.environment:create_environment_scripts_only(franka_description)
[0.566s] Level 1:colcon.colcon_core.environment:checking '/home/jiataoding/franco_ros2_franka_ws/src/install/franka_description' for CMake module files
[0.566s] Level 1:colcon.colcon_core.environment:checking '/home/jiataoding/franco_ros2_franka_ws/src/install/franka_description' for CMake config files
[0.567s] Level 1:colcon.colcon_core.shell:create_environment_hook('franka_description', 'cmake_prefix_path')
[0.567s] INFO:colcon.colcon_core.shell:Creating environment hook '/home/jiataoding/franco_ros2_franka_ws/src/install/franka_description/share/franka_description/hook/cmake_prefix_path.ps1'
[0.567s] INFO:colcon.colcon_core.shell:Creating environment descriptor '/home/jiataoding/franco_ros2_franka_ws/src/install/franka_description/share/franka_description/hook/cmake_prefix_path.dsv'
[0.567s] INFO:colcon.colcon_core.shell:Creating environment hook '/home/jiataoding/franco_ros2_franka_ws/src/install/franka_description/share/franka_description/hook/cmake_prefix_path.sh'
[0.568s] Level 1:colcon.colcon_core.environment:checking '/home/jiataoding/franco_ros2_franka_ws/src/install/franka_description/bin'
[0.568s] Level 1:colcon.colcon_core.environment:checking '/home/jiataoding/franco_ros2_franka_ws/src/install/franka_description/lib/pkgconfig/franka_description.pc'
[0.568s] Level 1:colcon.colcon_core.environment:checking '/home/jiataoding/franco_ros2_franka_ws/src/install/franka_description/lib/python3.10/site-packages'
[0.568s] Level 1:colcon.colcon_core.environment:checking '/home/jiataoding/franco_ros2_franka_ws/src/install/franka_description/bin'
[0.569s] INFO:colcon.colcon_core.shell:Creating package script '/home/jiataoding/franco_ros2_franka_ws/src/install/franka_description/share/franka_description/package.ps1'
[0.569s] INFO:colcon.colcon_core.shell:Creating package descriptor '/home/jiataoding/franco_ros2_franka_ws/src/install/franka_description/share/franka_description/package.dsv'
[0.570s] INFO:colcon.colcon_core.shell:Creating package script '/home/jiataoding/franco_ros2_franka_ws/src/install/franka_description/share/franka_description/package.sh'
[0.571s] INFO:colcon.colcon_core.shell:Creating package script '/home/jiataoding/franco_ros2_franka_ws/src/install/franka_description/share/franka_description/package.bash'
[0.571s] INFO:colcon.colcon_core.shell:Creating package script '/home/jiataoding/franco_ros2_franka_ws/src/install/franka_description/share/franka_description/package.zsh'
[0.572s] Level 1:colcon.colcon_core.environment:create_file_with_runtime_dependencies(/home/jiataoding/franco_ros2_franka_ws/src/install/franka_description/share/colcon-core/packages/franka_description)
[0.573s] Level 1:colcon.colcon_core.environment:create_environment_scripts_only(franka_task_pipeline)
[0.573s] Level 1:colcon.colcon_core.environment:checking '/home/jiataoding/franco_ros2_franka_ws/src/install/franka_task_pipeline' for CMake module files
[0.574s] Level 1:colcon.colcon_core.environment:checking '/home/jiataoding/franco_ros2_franka_ws/src/install/franka_task_pipeline' for CMake config files
[0.575s] DEBUG:colcon.colcon_core.event_handler.log_command:Invoked command in '/home/jiataoding/franco_ros2_franka_ws/src/build/franka_task_pipeline' returned '0': CMAKE_PREFIX_PATH=/home/jiataoding/franco_ros2_franka_ws/src/install/joint_impedance_controller:/home/jiataoding/franco_ros2_franka_ws/src/install/integration_launch_testing:/home/jiataoding/franco_ros2_franka_ws/src/install/idra_franka_launch:/home/jiataoding/franco_ros2_franka_ws/src/install/gravity_compensation:/home/jiataoding/franco_ros2_franka_ws/src/install/franka_task_pipeline:/home/jiataoding/franco_ros2_franka_ws/src/install/franka_ros2:/home/jiataoding/franco_ros2_franka_ws/src/install/franka_bringup:/home/jiataoding/franco_ros2_franka_ws/src/install/franka_robot_state_broadcaster:/home/jiataoding/franco_ros2_franka_ws/src/install/franka_example_controllers:/home/jiataoding/franco_ros2_franka_ws/src/install/franka_semantic_components:/home/jiataoding/franco_ros2_franka_ws/src/install/franka_gazebo_bringup:/home/jiataoding/franco_ros2_franka_ws/src/install/franka_ign_ros2_control:/home/jiataoding/franco_ros2_franka_ws/src/install/franka_fr3_moveit_config:/home/jiataoding/franco_ros2_franka_ws/src/install/franka_hardware:/home/jiataoding/franco_ros2_franka_ws/src/install/franka_gripper:/home/jiataoding/franco_ros2_franka_ws/src/install/franka_msgs:/home/jiataoding/franco_ros2_franka_ws/src/install/franka_description:/home/jiataoding/franco_ros2_franka_ws/src/install/cartesian_impedance_controller:/opt/ros/humble:/home/jiataoding/franco_ros2_franka_ws/src/install/effort_controller_base:/home/jiataoding/franco_ros2_franka_ws/src/install/debug_msg:/home/jiataoding/ros2_franka_ws/install/joint_impedance_controller:/home/jiataoding/ros2_franka_ws/install/integration_launch_testing:/home/jiataoding/ros2_franka_ws/install/idra_franka_launch:/home/jiataoding/ros2_franka_ws/install/gravity_compensation:/home/jiataoding/ros2_franka_ws/install/franka_task_pipeline:/home/jiataoding/ros2_franka_ws/install/franka_ros2:/home/jiataoding/ros2_franka_ws/install/franka_bringup:/home/jiataoding/ros2_franka_ws/install/franka_robot_state_broadcaster:/home/jiataoding/ros2_franka_ws/install/franka_example_controllers:/home/jiataoding/ros2_franka_ws/install/franka_semantic_components:/home/jiataoding/ros2_franka_ws/install/franka_gazebo_bringup:/home/jiataoding/ros2_franka_ws/install/franka_ign_ros2_control:/home/jiataoding/ros2_franka_ws/install/franka_fr3_moveit_config:/home/jiataoding/ros2_franka_ws/install/franka_hardware:/home/jiataoding/ros2_franka_ws/install/franka_gripper:/home/jiataoding/ros2_franka_ws/install/franka_msgs:/home/jiataoding/ros2_franka_ws/install/franka_description:/home/jiataoding/ros2_franka_ws/install/cartesian_impedance_controller:/home/jiataoding/ros2_franka_ws/install/effort_controller_base:/home/jiataoding/ros2_franka_ws/install/debug_msg:/home/jiataoding/franco_ros2_franka_ws/install/joint_impedance_controller:/home/jiataoding/franco_ros2_franka_ws/install/integration_launch_testing:/home/jiataoding/franco_ros2_franka_ws/install/idra_franka_launch:/home/jiataoding/franco_ros2_franka_ws/install/gravity_compensation:/home/jiataoding/franco_ros2_franka_ws/install/franka_task_pipeline:/home/jiataoding/franco_ros2_franka_ws/install/franka_ros2:/home/jiataoding/franco_ros2_franka_ws/install/franka_bringup:/home/jiataoding/franco_ros2_franka_ws/install/franka_robot_state_broadcaster:/home/jiataoding/franco_ros2_franka_ws/install/franka_example_controllers:/home/jiataoding/franco_ros2_franka_ws/install/franka_semantic_components:/home/jiataoding/franco_ros2_franka_ws/install/franka_gazebo_bringup:/home/jiataoding/franco_ros2_franka_ws/install/franka_ign_ros2_control:/home/jiataoding/franco_ros2_franka_ws/install/franka_fr3_moveit_config:/home/jiataoding/franco_ros2_franka_ws/install/franka_hardware:/home/jiataoding/franco_ros2_franka_ws/install/franka_gripper:/home/jiataoding/franco_ros2_franka_ws/install/franka_msgs:/home/jiataoding/franco_ros2_franka_ws/install/franka_description:/home/jiataoding/franco_ros2_franka_ws/install/cartesian_impedance_controller:/home/jiataoding/franco_ros2_franka_ws/install/effort_controller_base:/home/jiataoding/franco_ros2_franka_ws/install/debug_msg:/opt/openrobots: /usr/bin/cmake --install /home/jiataoding/franco_ros2_franka_ws/src/build/franka_task_pipeline
[0.575s] Level 1:colcon.colcon_core.shell:create_environment_hook('franka_task_pipeline', 'cmake_prefix_path')
[0.575s] INFO:colcon.colcon_core.shell:Creating environment hook '/home/jiataoding/franco_ros2_franka_ws/src/install/franka_task_pipeline/share/franka_task_pipeline/hook/cmake_prefix_path.ps1'
[0.575s] INFO:colcon.colcon_core.shell:Creating environment descriptor '/home/jiataoding/franco_ros2_franka_ws/src/install/franka_task_pipeline/share/franka_task_pipeline/hook/cmake_prefix_path.dsv'
[0.576s] INFO:colcon.colcon_core.shell:Creating environment hook '/home/jiataoding/franco_ros2_franka_ws/src/install/franka_task_pipeline/share/franka_task_pipeline/hook/cmake_prefix_path.sh'
[0.576s] Level 1:colcon.colcon_core.environment:checking '/home/jiataoding/franco_ros2_franka_ws/src/install/franka_task_pipeline/lib'
[0.576s] Level 1:colcon.colcon_core.environment:checking '/home/jiataoding/franco_ros2_franka_ws/src/install/franka_task_pipeline/bin'
[0.576s] Level 1:colcon.colcon_core.environment:checking '/home/jiataoding/franco_ros2_franka_ws/src/install/franka_task_pipeline/lib/pkgconfig/franka_task_pipeline.pc'
[0.576s] Level 1:colcon.colcon_core.environment:checking '/home/jiataoding/franco_ros2_franka_ws/src/install/franka_task_pipeline/lib/python3.10/site-packages'
[0.577s] Level 1:colcon.colcon_core.environment:checking '/home/jiataoding/franco_ros2_franka_ws/src/install/franka_task_pipeline/bin'
[0.577s] INFO:colcon.colcon_core.shell:Creating package script '/home/jiataoding/franco_ros2_franka_ws/src/install/franka_task_pipeline/share/franka_task_pipeline/package.ps1'
[0.578s] INFO:colcon.colcon_core.shell:Creating package descriptor '/home/jiataoding/franco_ros2_franka_ws/src/install/franka_task_pipeline/share/franka_task_pipeline/package.dsv'
[0.578s] INFO:colcon.colcon_core.shell:Creating package script '/home/jiataoding/franco_ros2_franka_ws/src/install/franka_task_pipeline/share/franka_task_pipeline/package.sh'
[0.578s] INFO:colcon.colcon_core.shell:Creating package script '/home/jiataoding/franco_ros2_franka_ws/src/install/franka_task_pipeline/share/franka_task_pipeline/package.bash'
[0.579s] INFO:colcon.colcon_core.shell:Creating package script '/home/jiataoding/franco_ros2_franka_ws/src/install/franka_task_pipeline/share/franka_task_pipeline/package.zsh'
[0.579s] Level 1:colcon.colcon_core.environment:create_file_with_runtime_dependencies(/home/jiataoding/franco_ros2_franka_ws/src/install/franka_task_pipeline/share/colcon-core/packages/franka_task_pipeline)
[0.579s] Level 1:colcon.colcon_core.environment:create_environment_scripts_only(franka_task_pipeline)
[0.580s] Level 1:colcon.colcon_core.environment:checking '/home/jiataoding/franco_ros2_franka_ws/src/install/franka_task_pipeline' for CMake module files
[0.580s] Level 1:colcon.colcon_core.environment:checking '/home/jiataoding/franco_ros2_franka_ws/src/install/franka_task_pipeline' for CMake config files
[0.580s] Level 1:colcon.colcon_core.shell:create_environment_hook('franka_task_pipeline', 'cmake_prefix_path')
[0.581s] INFO:colcon.colcon_core.shell:Creating environment hook '/home/jiataoding/franco_ros2_franka_ws/src/install/franka_task_pipeline/share/franka_task_pipeline/hook/cmake_prefix_path.ps1'
[0.581s] INFO:colcon.colcon_core.shell:Creating environment descriptor '/home/jiataoding/franco_ros2_franka_ws/src/install/franka_task_pipeline/share/franka_task_pipeline/hook/cmake_prefix_path.dsv'
[0.581s] INFO:colcon.colcon_core.shell:Creating environment hook '/home/jiataoding/franco_ros2_franka_ws/src/install/franka_task_pipeline/share/franka_task_pipeline/hook/cmake_prefix_path.sh'
[0.582s] Level 1:colcon.colcon_core.environment:checking '/home/jiataoding/franco_ros2_franka_ws/src/install/franka_task_pipeline/lib'
[0.582s] Level 1:colcon.colcon_core.environment:checking '/home/jiataoding/franco_ros2_franka_ws/src/install/franka_task_pipeline/bin'
[0.582s] Level 1:colcon.colcon_core.environment:checking '/home/jiataoding/franco_ros2_franka_ws/src/install/franka_task_pipeline/lib/pkgconfig/franka_task_pipeline.pc'
[0.582s] Level 1:colcon.colcon_core.environment:checking '/home/jiataoding/franco_ros2_franka_ws/src/install/franka_task_pipeline/lib/python3.10/site-packages'
[0.582s] Level 1:colcon.colcon_core.environment:checking '/home/jiataoding/franco_ros2_franka_ws/src/install/franka_task_pipeline/bin'
[0.583s] INFO:colcon.colcon_core.shell:Creating package script '/home/jiataoding/franco_ros2_franka_ws/src/install/franka_task_pipeline/share/franka_task_pipeline/package.ps1'
[0.583s] INFO:colcon.colcon_core.shell:Creating package descriptor '/home/jiataoding/franco_ros2_franka_ws/src/install/franka_task_pipeline/share/franka_task_pipeline/package.dsv'
[0.583s] INFO:colcon.colcon_core.shell:Creating package script '/home/jiataoding/franco_ros2_franka_ws/src/install/franka_task_pipeline/share/franka_task_pipeline/package.sh'
[0.584s] INFO:colcon.colcon_core.shell:Creating package script '/home/jiataoding/franco_ros2_franka_ws/src/install/franka_task_pipeline/share/franka_task_pipeline/package.bash'
[0.584s] INFO:colcon.colcon_core.shell:Creating package script '/home/jiataoding/franco_ros2_franka_ws/src/install/franka_task_pipeline/share/franka_task_pipeline/package.zsh'
[0.585s] Level 1:colcon.colcon_core.environment:create_file_with_runtime_dependencies(/home/jiataoding/franco_ros2_franka_ws/src/install/franka_task_pipeline/share/colcon-core/packages/franka_task_pipeline)
[0.585s] Level 1:colcon.colcon_core.shell:create_environment_hook('effort_controller_base', 'ros_package_path')
[0.585s] INFO:colcon.colcon_core.shell:Creating environment hook '/home/jiataoding/franco_ros2_franka_ws/src/install/effort_controller_base/share/effort_controller_base/hook/ros_package_path.ps1'
[0.586s] DEBUG:colcon.colcon_core.event_handler.log_command:Invoked command in '/home/jiataoding/franco_ros2_franka_ws/src/build/effort_controller_base' returned '0': /usr/bin/cmake --install /home/jiataoding/franco_ros2_franka_ws/src/build/effort_controller_base
[0.586s] INFO:colcon.colcon_core.shell:Creating environment descriptor '/home/jiataoding/franco_ros2_franka_ws/src/install/effort_controller_base/share/effort_controller_base/hook/ros_package_path.dsv'
[0.586s] INFO:colcon.colcon_core.shell:Creating environment hook '/home/jiataoding/franco_ros2_franka_ws/src/install/effort_controller_base/share/effort_controller_base/hook/ros_package_path.sh'
[0.587s] Level 1:colcon.colcon_core.shell:create_environment_hook('effort_controller_base', 'pkg_config_path')
[0.587s] INFO:colcon.colcon_core.shell:Creating environment hook '/home/jiataoding/franco_ros2_franka_ws/src/install/effort_controller_base/share/effort_controller_base/hook/pkg_config_path.ps1'
[0.587s] INFO:colcon.colcon_core.shell:Creating environment descriptor '/home/jiataoding/franco_ros2_franka_ws/src/install/effort_controller_base/share/effort_controller_base/hook/pkg_config_path.dsv'
[0.587s] INFO:colcon.colcon_core.shell:Creating environment hook '/home/jiataoding/franco_ros2_franka_ws/src/install/effort_controller_base/share/effort_controller_base/hook/pkg_config_path.sh'
[0.591s] Level 1:colcon.colcon_core.shell:create_environment_hook('effort_controller_base', 'pkg_config_path_multiarch')
[0.591s] INFO:colcon.colcon_core.shell:Creating environment hook '/home/jiataoding/franco_ros2_franka_ws/src/install/effort_controller_base/share/effort_controller_base/hook/pkg_config_path_multiarch.ps1'
[0.592s] INFO:colcon.colcon_core.shell:Creating environment descriptor '/home/jiataoding/franco_ros2_franka_ws/src/install/effort_controller_base/share/effort_controller_base/hook/pkg_config_path_multiarch.dsv'
[0.592s] INFO:colcon.colcon_core.shell:Creating environment hook '/home/jiataoding/franco_ros2_franka_ws/src/install/effort_controller_base/share/effort_controller_base/hook/pkg_config_path_multiarch.sh'
[0.593s] Level 1:colcon.colcon_core.environment:create_environment_scripts_only(effort_controller_base)
[0.593s] Level 1:colcon.colcon_core.environment:checking '/home/jiataoding/franco_ros2_franka_ws/src/install/effort_controller_base' for CMake module files
[0.593s] Level 1:colcon.colcon_core.environment:checking '/home/jiataoding/franco_ros2_franka_ws/src/install/effort_controller_base' for CMake config files
[0.593s] Level 1:colcon.colcon_core.shell:create_environment_hook('effort_controller_base', 'cmake_prefix_path')
[0.593s] INFO:colcon.colcon_core.shell:Creating environment hook '/home/jiataoding/franco_ros2_franka_ws/src/install/effort_controller_base/share/effort_controller_base/hook/cmake_prefix_path.ps1'
[0.594s] INFO:colcon.colcon_core.shell:Creating environment descriptor '/home/jiataoding/franco_ros2_franka_ws/src/install/effort_controller_base/share/effort_controller_base/hook/cmake_prefix_path.dsv'
[0.594s] INFO:colcon.colcon_core.shell:Creating environment hook '/home/jiataoding/franco_ros2_franka_ws/src/install/effort_controller_base/share/effort_controller_base/hook/cmake_prefix_path.sh'
[0.594s] Level 1:colcon.colcon_core.environment:checking '/home/jiataoding/franco_ros2_franka_ws/src/install/effort_controller_base/lib'
[0.594s] Level 1:colcon.colcon_core.shell:create_environment_hook('effort_controller_base', 'ld_library_path_lib')
[0.595s] INFO:colcon.colcon_core.shell:Creating environment hook '/home/jiataoding/franco_ros2_franka_ws/src/install/effort_controller_base/share/effort_controller_base/hook/ld_library_path_lib.ps1'
[0.595s] INFO:colcon.colcon_core.shell:Creating environment descriptor '/home/jiataoding/franco_ros2_franka_ws/src/install/effort_controller_base/share/effort_controller_base/hook/ld_library_path_lib.dsv'
[0.595s] INFO:colcon.colcon_core.shell:Creating environment hook '/home/jiataoding/franco_ros2_franka_ws/src/install/effort_controller_base/share/effort_controller_base/hook/ld_library_path_lib.sh'
[0.595s] Level 1:colcon.colcon_core.environment:checking '/home/jiataoding/franco_ros2_franka_ws/src/install/effort_controller_base/bin'
[0.595s] Level 1:colcon.colcon_core.environment:checking '/home/jiataoding/franco_ros2_franka_ws/src/install/effort_controller_base/lib/pkgconfig/effort_controller_base.pc'
[0.596s] Level 1:colcon.colcon_core.environment:checking '/home/jiataoding/franco_ros2_franka_ws/src/install/effort_controller_base/lib/python3.10/site-packages'
[0.596s] Level 1:colcon.colcon_core.environment:checking '/home/jiataoding/franco_ros2_franka_ws/src/install/effort_controller_base/bin'
[0.596s] INFO:colcon.colcon_core.shell:Creating package script '/home/jiataoding/franco_ros2_franka_ws/src/install/effort_controller_base/share/effort_controller_base/package.ps1'
[0.596s] INFO:colcon.colcon_core.shell:Creating package descriptor '/home/jiataoding/franco_ros2_franka_ws/src/install/effort_controller_base/share/effort_controller_base/package.dsv'
[0.597s] INFO:colcon.colcon_core.shell:Creating package script '/home/jiataoding/franco_ros2_franka_ws/src/install/effort_controller_base/share/effort_controller_base/package.sh'
[0.597s] INFO:colcon.colcon_core.shell:Creating package script '/home/jiataoding/franco_ros2_franka_ws/src/install/effort_controller_base/share/effort_controller_base/package.bash'
[0.598s] INFO:colcon.colcon_core.shell:Creating package script '/home/jiataoding/franco_ros2_franka_ws/src/install/effort_controller_base/share/effort_controller_base/package.zsh'
[0.598s] Level 1:colcon.colcon_core.environment:create_file_with_runtime_dependencies(/home/jiataoding/franco_ros2_franka_ws/src/install/effort_controller_base/share/colcon-core/packages/effort_controller_base)
[0.812s] DEBUG:colcon.colcon_core.event_handler.log_command:Invoked command in '/home/jiataoding/franco_ros2_franka_ws/src/build/franka_msgs' returned '0': CMAKE_PREFIX_PATH=/home/jiataoding/franco_ros2_franka_ws/src/install/joint_impedance_controller:/home/jiataoding/franco_ros2_franka_ws/src/install/integration_launch_testing:/home/jiataoding/franco_ros2_franka_ws/src/install/idra_franka_launch:/home/jiataoding/franco_ros2_franka_ws/src/install/gravity_compensation:/home/jiataoding/franco_ros2_franka_ws/src/install/franka_task_pipeline:/home/jiataoding/franco_ros2_franka_ws/src/install/franka_ros2:/home/jiataoding/franco_ros2_franka_ws/src/install/franka_bringup:/home/jiataoding/franco_ros2_franka_ws/src/install/franka_robot_state_broadcaster:/home/jiataoding/franco_ros2_franka_ws/src/install/franka_example_controllers:/home/jiataoding/franco_ros2_franka_ws/src/install/franka_semantic_components:/home/jiataoding/franco_ros2_franka_ws/src/install/franka_gazebo_bringup:/home/jiataoding/franco_ros2_franka_ws/src/install/franka_ign_ros2_control:/home/jiataoding/franco_ros2_franka_ws/src/install/franka_fr3_moveit_config:/home/jiataoding/franco_ros2_franka_ws/src/install/franka_hardware:/home/jiataoding/franco_ros2_franka_ws/src/install/franka_gripper:/home/jiataoding/franco_ros2_franka_ws/src/install/franka_msgs:/home/jiataoding/franco_ros2_franka_ws/src/install/franka_description:/home/jiataoding/franco_ros2_franka_ws/src/install/cartesian_impedance_controller:/opt/ros/humble:/home/jiataoding/franco_ros2_franka_ws/src/install/effort_controller_base:/home/jiataoding/franco_ros2_franka_ws/src/install/debug_msg:/home/jiataoding/ros2_franka_ws/install/joint_impedance_controller:/home/jiataoding/ros2_franka_ws/install/integration_launch_testing:/home/jiataoding/ros2_franka_ws/install/idra_franka_launch:/home/jiataoding/ros2_franka_ws/install/gravity_compensation:/home/jiataoding/ros2_franka_ws/install/franka_task_pipeline:/home/jiataoding/ros2_franka_ws/install/franka_ros2:/home/jiataoding/ros2_franka_ws/install/franka_bringup:/home/jiataoding/ros2_franka_ws/install/franka_robot_state_broadcaster:/home/jiataoding/ros2_franka_ws/install/franka_example_controllers:/home/jiataoding/ros2_franka_ws/install/franka_semantic_components:/home/jiataoding/ros2_franka_ws/install/franka_gazebo_bringup:/home/jiataoding/ros2_franka_ws/install/franka_ign_ros2_control:/home/jiataoding/ros2_franka_ws/install/franka_fr3_moveit_config:/home/jiataoding/ros2_franka_ws/install/franka_hardware:/home/jiataoding/ros2_franka_ws/install/franka_gripper:/home/jiataoding/ros2_franka_ws/install/franka_msgs:/home/jiataoding/ros2_franka_ws/install/franka_description:/home/jiataoding/ros2_franka_ws/install/cartesian_impedance_controller:/home/jiataoding/ros2_franka_ws/install/effort_controller_base:/home/jiataoding/ros2_franka_ws/install/debug_msg:/home/jiataoding/franco_ros2_franka_ws/install/joint_impedance_controller:/home/jiataoding/franco_ros2_franka_ws/install/integration_launch_testing:/home/jiataoding/franco_ros2_franka_ws/install/idra_franka_launch:/home/jiataoding/franco_ros2_franka_ws/install/gravity_compensation:/home/jiataoding/franco_ros2_franka_ws/install/franka_task_pipeline:/home/jiataoding/franco_ros2_franka_ws/install/franka_ros2:/home/jiataoding/franco_ros2_franka_ws/install/franka_bringup:/home/jiataoding/franco_ros2_franka_ws/install/franka_robot_state_broadcaster:/home/jiataoding/franco_ros2_franka_ws/install/franka_example_controllers:/home/jiataoding/franco_ros2_franka_ws/install/franka_semantic_components:/home/jiataoding/franco_ros2_franka_ws/install/franka_gazebo_bringup:/home/jiataoding/franco_ros2_franka_ws/install/franka_ign_ros2_control:/home/jiataoding/franco_ros2_franka_ws/install/franka_fr3_moveit_config:/home/jiataoding/franco_ros2_franka_ws/install/franka_hardware:/home/jiataoding/franco_ros2_franka_ws/install/franka_gripper:/home/jiataoding/franco_ros2_franka_ws/install/franka_msgs:/home/jiataoding/franco_ros2_franka_ws/install/franka_description:/home/jiataoding/franco_ros2_franka_ws/install/cartesian_impedance_controller:/home/jiataoding/franco_ros2_franka_ws/install/effort_controller_base:/home/jiataoding/franco_ros2_franka_ws/install/debug_msg:/opt/openrobots: /usr/bin/cmake --build /home/jiataoding/franco_ros2_franka_ws/src/build/franka_msgs -- -j24 -l24
[0.814s] DEBUG:colcon.colcon_core.event_handler.log_command:Invoking command in '/home/jiataoding/franco_ros2_franka_ws/src/build/franka_msgs': CMAKE_PREFIX_PATH=/home/jiataoding/franco_ros2_franka_ws/src/install/joint_impedance_controller:/home/jiataoding/franco_ros2_franka_ws/src/install/integration_launch_testing:/home/jiataoding/franco_ros2_franka_ws/src/install/idra_franka_launch:/home/jiataoding/franco_ros2_franka_ws/src/install/gravity_compensation:/home/jiataoding/franco_ros2_franka_ws/src/install/franka_task_pipeline:/home/jiataoding/franco_ros2_franka_ws/src/install/franka_ros2:/home/jiataoding/franco_ros2_franka_ws/src/install/franka_bringup:/home/jiataoding/franco_ros2_franka_ws/src/install/franka_robot_state_broadcaster:/home/jiataoding/franco_ros2_franka_ws/src/install/franka_example_controllers:/home/jiataoding/franco_ros2_franka_ws/src/install/franka_semantic_components:/home/jiataoding/franco_ros2_franka_ws/src/install/franka_gazebo_bringup:/home/jiataoding/franco_ros2_franka_ws/src/install/franka_ign_ros2_control:/home/jiataoding/franco_ros2_franka_ws/src/install/franka_fr3_moveit_config:/home/jiataoding/franco_ros2_franka_ws/src/install/franka_hardware:/home/jiataoding/franco_ros2_franka_ws/src/install/franka_gripper:/home/jiataoding/franco_ros2_franka_ws/src/install/franka_msgs:/home/jiataoding/franco_ros2_franka_ws/src/install/franka_description:/home/jiataoding/franco_ros2_franka_ws/src/install/cartesian_impedance_controller:/opt/ros/humble:/home/jiataoding/franco_ros2_franka_ws/src/install/effort_controller_base:/home/jiataoding/franco_ros2_franka_ws/src/install/debug_msg:/home/jiataoding/ros2_franka_ws/install/joint_impedance_controller:/home/jiataoding/ros2_franka_ws/install/integration_launch_testing:/home/jiataoding/ros2_franka_ws/install/idra_franka_launch:/home/jiataoding/ros2_franka_ws/install/gravity_compensation:/home/jiataoding/ros2_franka_ws/install/franka_task_pipeline:/home/jiataoding/ros2_franka_ws/install/franka_ros2:/home/jiataoding/ros2_franka_ws/install/franka_bringup:/home/jiataoding/ros2_franka_ws/install/franka_robot_state_broadcaster:/home/jiataoding/ros2_franka_ws/install/franka_example_controllers:/home/jiataoding/ros2_franka_ws/install/franka_semantic_components:/home/jiataoding/ros2_franka_ws/install/franka_gazebo_bringup:/home/jiataoding/ros2_franka_ws/install/franka_ign_ros2_control:/home/jiataoding/ros2_franka_ws/install/franka_fr3_moveit_config:/home/jiataoding/ros2_franka_ws/install/franka_hardware:/home/jiataoding/ros2_franka_ws/install/franka_gripper:/home/jiataoding/ros2_franka_ws/install/franka_msgs:/home/jiataoding/ros2_franka_ws/install/franka_description:/home/jiataoding/ros2_franka_ws/install/cartesian_impedance_controller:/home/jiataoding/ros2_franka_ws/install/effort_controller_base:/home/jiataoding/ros2_franka_ws/install/debug_msg:/home/jiataoding/franco_ros2_franka_ws/install/joint_impedance_controller:/home/jiataoding/franco_ros2_franka_ws/install/integration_launch_testing:/home/jiataoding/franco_ros2_franka_ws/install/idra_franka_launch:/home/jiataoding/franco_ros2_franka_ws/install/gravity_compensation:/home/jiataoding/franco_ros2_franka_ws/install/franka_task_pipeline:/home/jiataoding/franco_ros2_franka_ws/install/franka_ros2:/home/jiataoding/franco_ros2_franka_ws/install/franka_bringup:/home/jiataoding/franco_ros2_franka_ws/install/franka_robot_state_broadcaster:/home/jiataoding/franco_ros2_franka_ws/install/franka_example_controllers:/home/jiataoding/franco_ros2_franka_ws/install/franka_semantic_components:/home/jiataoding/franco_ros2_franka_ws/install/franka_gazebo_bringup:/home/jiataoding/franco_ros2_franka_ws/install/franka_ign_ros2_control:/home/jiataoding/franco_ros2_franka_ws/install/franka_fr3_moveit_config:/home/jiataoding/franco_ros2_franka_ws/install/franka_hardware:/home/jiataoding/franco_ros2_franka_ws/install/franka_gripper:/home/jiataoding/franco_ros2_franka_ws/install/franka_msgs:/home/jiataoding/franco_ros2_franka_ws/install/franka_description:/home/jiataoding/franco_ros2_franka_ws/install/cartesian_impedance_controller:/home/jiataoding/franco_ros2_franka_ws/install/effort_controller_base:/home/jiataoding/franco_ros2_franka_ws/install/debug_msg:/opt/openrobots: /usr/bin/cmake --install /home/jiataoding/franco_ros2_franka_ws/src/build/franka_msgs
[0.815s] DEBUG:colcon.colcon_core.event_handler.log_command:Invoked command in '/home/jiataoding/franco_ros2_franka_ws/src/build/debug_msg' returned '0': CMAKE_PREFIX_PATH=/home/jiataoding/franco_ros2_franka_ws/src/install/joint_impedance_controller:/home/jiataoding/franco_ros2_franka_ws/src/install/integration_launch_testing:/home/jiataoding/franco_ros2_franka_ws/src/install/idra_franka_launch:/home/jiataoding/franco_ros2_franka_ws/src/install/gravity_compensation:/home/jiataoding/franco_ros2_franka_ws/src/install/franka_task_pipeline:/home/jiataoding/franco_ros2_franka_ws/src/install/franka_ros2:/home/jiataoding/franco_ros2_franka_ws/src/install/franka_bringup:/home/jiataoding/franco_ros2_franka_ws/src/install/franka_robot_state_broadcaster:/home/jiataoding/franco_ros2_franka_ws/src/install/franka_example_controllers:/home/jiataoding/franco_ros2_franka_ws/src/install/franka_semantic_components:/home/jiataoding/franco_ros2_franka_ws/src/install/franka_gazebo_bringup:/home/jiataoding/franco_ros2_franka_ws/src/install/franka_ign_ros2_control:/home/jiataoding/franco_ros2_franka_ws/src/install/franka_fr3_moveit_config:/home/jiataoding/franco_ros2_franka_ws/src/install/franka_hardware:/home/jiataoding/franco_ros2_franka_ws/src/install/franka_gripper:/home/jiataoding/franco_ros2_franka_ws/src/install/franka_msgs:/home/jiataoding/franco_ros2_franka_ws/src/install/franka_description:/home/jiataoding/franco_ros2_franka_ws/src/install/cartesian_impedance_controller:/opt/ros/humble:/home/jiataoding/franco_ros2_franka_ws/src/install/effort_controller_base:/home/jiataoding/franco_ros2_franka_ws/src/install/debug_msg:/home/jiataoding/ros2_franka_ws/install/joint_impedance_controller:/home/jiataoding/ros2_franka_ws/install/integration_launch_testing:/home/jiataoding/ros2_franka_ws/install/idra_franka_launch:/home/jiataoding/ros2_franka_ws/install/gravity_compensation:/home/jiataoding/ros2_franka_ws/install/franka_task_pipeline:/home/jiataoding/ros2_franka_ws/install/franka_ros2:/home/jiataoding/ros2_franka_ws/install/franka_bringup:/home/jiataoding/ros2_franka_ws/install/franka_robot_state_broadcaster:/home/jiataoding/ros2_franka_ws/install/franka_example_controllers:/home/jiataoding/ros2_franka_ws/install/franka_semantic_components:/home/jiataoding/ros2_franka_ws/install/franka_gazebo_bringup:/home/jiataoding/ros2_franka_ws/install/franka_ign_ros2_control:/home/jiataoding/ros2_franka_ws/install/franka_fr3_moveit_config:/home/jiataoding/ros2_franka_ws/install/franka_hardware:/home/jiataoding/ros2_franka_ws/install/franka_gripper:/home/jiataoding/ros2_franka_ws/install/franka_msgs:/home/jiataoding/ros2_franka_ws/install/franka_description:/home/jiataoding/ros2_franka_ws/install/cartesian_impedance_controller:/home/jiataoding/ros2_franka_ws/install/effort_controller_base:/home/jiataoding/ros2_franka_ws/install/debug_msg:/home/jiataoding/franco_ros2_franka_ws/install/joint_impedance_controller:/home/jiataoding/franco_ros2_franka_ws/install/integration_launch_testing:/home/jiataoding/franco_ros2_franka_ws/install/idra_franka_launch:/home/jiataoding/franco_ros2_franka_ws/install/gravity_compensation:/home/jiataoding/franco_ros2_franka_ws/install/franka_task_pipeline:/home/jiataoding/franco_ros2_franka_ws/install/franka_ros2:/home/jiataoding/franco_ros2_franka_ws/install/franka_bringup:/home/jiataoding/franco_ros2_franka_ws/install/franka_robot_state_broadcaster:/home/jiataoding/franco_ros2_franka_ws/install/franka_example_controllers:/home/jiataoding/franco_ros2_franka_ws/install/franka_semantic_components:/home/jiataoding/franco_ros2_franka_ws/install/franka_gazebo_bringup:/home/jiataoding/franco_ros2_franka_ws/install/franka_ign_ros2_control:/home/jiataoding/franco_ros2_franka_ws/install/franka_fr3_moveit_config:/home/jiataoding/franco_ros2_franka_ws/install/franka_hardware:/home/jiataoding/franco_ros2_franka_ws/install/franka_gripper:/home/jiataoding/franco_ros2_franka_ws/install/franka_msgs:/home/jiataoding/franco_ros2_franka_ws/install/franka_description:/home/jiataoding/franco_ros2_franka_ws/install/cartesian_impedance_controller:/home/jiataoding/franco_ros2_franka_ws/install/effort_controller_base:/home/jiataoding/franco_ros2_franka_ws/install/debug_msg:/opt/openrobots: /usr/bin/cmake --build /home/jiataoding/franco_ros2_franka_ws/src/build/debug_msg -- -j24 -l24
[0.817s] DEBUG:colcon.colcon_core.event_handler.log_command:Invoking command in '/home/jiataoding/franco_ros2_franka_ws/src/build/debug_msg': CMAKE_PREFIX_PATH=/home/jiataoding/franco_ros2_franka_ws/src/install/joint_impedance_controller:/home/jiataoding/franco_ros2_franka_ws/src/install/integration_launch_testing:/home/jiataoding/franco_ros2_franka_ws/src/install/idra_franka_launch:/home/jiataoding/franco_ros2_franka_ws/src/install/gravity_compensation:/home/jiataoding/franco_ros2_franka_ws/src/install/franka_task_pipeline:/home/jiataoding/franco_ros2_franka_ws/src/install/franka_ros2:/home/jiataoding/franco_ros2_franka_ws/src/install/franka_bringup:/home/jiataoding/franco_ros2_franka_ws/src/install/franka_robot_state_broadcaster:/home/jiataoding/franco_ros2_franka_ws/src/install/franka_example_controllers:/home/jiataoding/franco_ros2_franka_ws/src/install/franka_semantic_components:/home/jiataoding/franco_ros2_franka_ws/src/install/franka_gazebo_bringup:/home/jiataoding/franco_ros2_franka_ws/src/install/franka_ign_ros2_control:/home/jiataoding/franco_ros2_franka_ws/src/install/franka_fr3_moveit_config:/home/jiataoding/franco_ros2_franka_ws/src/install/franka_hardware:/home/jiataoding/franco_ros2_franka_ws/src/install/franka_gripper:/home/jiataoding/franco_ros2_franka_ws/src/install/franka_msgs:/home/jiataoding/franco_ros2_franka_ws/src/install/franka_description:/home/jiataoding/franco_ros2_franka_ws/src/install/cartesian_impedance_controller:/opt/ros/humble:/home/jiataoding/franco_ros2_franka_ws/src/install/effort_controller_base:/home/jiataoding/franco_ros2_franka_ws/src/install/debug_msg:/home/jiataoding/ros2_franka_ws/install/joint_impedance_controller:/home/jiataoding/ros2_franka_ws/install/integration_launch_testing:/home/jiataoding/ros2_franka_ws/install/idra_franka_launch:/home/jiataoding/ros2_franka_ws/install/gravity_compensation:/home/jiataoding/ros2_franka_ws/install/franka_task_pipeline:/home/jiataoding/ros2_franka_ws/install/franka_ros2:/home/jiataoding/ros2_franka_ws/install/franka_bringup:/home/jiataoding/ros2_franka_ws/install/franka_robot_state_broadcaster:/home/jiataoding/ros2_franka_ws/install/franka_example_controllers:/home/jiataoding/ros2_franka_ws/install/franka_semantic_components:/home/jiataoding/ros2_franka_ws/install/franka_gazebo_bringup:/home/jiataoding/ros2_franka_ws/install/franka_ign_ros2_control:/home/jiataoding/ros2_franka_ws/install/franka_fr3_moveit_config:/home/jiataoding/ros2_franka_ws/install/franka_hardware:/home/jiataoding/ros2_franka_ws/install/franka_gripper:/home/jiataoding/ros2_franka_ws/install/franka_msgs:/home/jiataoding/ros2_franka_ws/install/franka_description:/home/jiataoding/ros2_franka_ws/install/cartesian_impedance_controller:/home/jiataoding/ros2_franka_ws/install/effort_controller_base:/home/jiataoding/ros2_franka_ws/install/debug_msg:/home/jiataoding/franco_ros2_franka_ws/install/joint_impedance_controller:/home/jiataoding/franco_ros2_franka_ws/install/integration_launch_testing:/home/jiataoding/franco_ros2_franka_ws/install/idra_franka_launch:/home/jiataoding/franco_ros2_franka_ws/install/gravity_compensation:/home/jiataoding/franco_ros2_franka_ws/install/franka_task_pipeline:/home/jiataoding/franco_ros2_franka_ws/install/franka_ros2:/home/jiataoding/franco_ros2_franka_ws/install/franka_bringup:/home/jiataoding/franco_ros2_franka_ws/install/franka_robot_state_broadcaster:/home/jiataoding/franco_ros2_franka_ws/install/franka_example_controllers:/home/jiataoding/franco_ros2_franka_ws/install/franka_semantic_components:/home/jiataoding/franco_ros2_franka_ws/install/franka_gazebo_bringup:/home/jiataoding/franco_ros2_franka_ws/install/franka_ign_ros2_control:/home/jiataoding/franco_ros2_franka_ws/install/franka_fr3_moveit_config:/home/jiataoding/franco_ros2_franka_ws/install/franka_hardware:/home/jiataoding/franco_ros2_franka_ws/install/franka_gripper:/home/jiataoding/franco_ros2_franka_ws/install/franka_msgs:/home/jiataoding/franco_ros2_franka_ws/install/franka_description:/home/jiataoding/franco_ros2_franka_ws/install/cartesian_impedance_controller:/home/jiataoding/franco_ros2_franka_ws/install/effort_controller_base:/home/jiataoding/franco_ros2_franka_ws/install/debug_msg:/opt/openrobots: /usr/bin/cmake --install /home/jiataoding/franco_ros2_franka_ws/src/build/debug_msg
[0.907s] Level 1:colcon.colcon_core.environment:create_environment_scripts_only(debug_msg)
[0.907s] Level 1:colcon.colcon_core.environment:checking '/home/jiataoding/franco_ros2_franka_ws/src/install/debug_msg' for CMake module files
[0.908s] DEBUG:colcon.colcon_core.event_handler.log_command:Invoked command in '/home/jiataoding/franco_ros2_franka_ws/src/build/debug_msg' returned '0': CMAKE_PREFIX_PATH=/home/jiataoding/franco_ros2_franka_ws/src/install/joint_impedance_controller:/home/jiataoding/franco_ros2_franka_ws/src/install/integration_launch_testing:/home/jiataoding/franco_ros2_franka_ws/src/install/idra_franka_launch:/home/jiataoding/franco_ros2_franka_ws/src/install/gravity_compensation:/home/jiataoding/franco_ros2_franka_ws/src/install/franka_task_pipeline:/home/jiataoding/franco_ros2_franka_ws/src/install/franka_ros2:/home/jiataoding/franco_ros2_franka_ws/src/install/franka_bringup:/home/jiataoding/franco_ros2_franka_ws/src/install/franka_robot_state_broadcaster:/home/jiataoding/franco_ros2_franka_ws/src/install/franka_example_controllers:/home/jiataoding/franco_ros2_franka_ws/src/install/franka_semantic_components:/home/jiataoding/franco_ros2_franka_ws/src/install/franka_gazebo_bringup:/home/jiataoding/franco_ros2_franka_ws/src/install/franka_ign_ros2_control:/home/jiataoding/franco_ros2_franka_ws/src/install/franka_fr3_moveit_config:/home/jiataoding/franco_ros2_franka_ws/src/install/franka_hardware:/home/jiataoding/franco_ros2_franka_ws/src/install/franka_gripper:/home/jiataoding/franco_ros2_franka_ws/src/install/franka_msgs:/home/jiataoding/franco_ros2_franka_ws/src/install/franka_description:/home/jiataoding/franco_ros2_franka_ws/src/install/cartesian_impedance_controller:/opt/ros/humble:/home/jiataoding/franco_ros2_franka_ws/src/install/effort_controller_base:/home/jiataoding/franco_ros2_franka_ws/src/install/debug_msg:/home/jiataoding/ros2_franka_ws/install/joint_impedance_controller:/home/jiataoding/ros2_franka_ws/install/integration_launch_testing:/home/jiataoding/ros2_franka_ws/install/idra_franka_launch:/home/jiataoding/ros2_franka_ws/install/gravity_compensation:/home/jiataoding/ros2_franka_ws/install/franka_task_pipeline:/home/jiataoding/ros2_franka_ws/install/franka_ros2:/home/jiataoding/ros2_franka_ws/install/franka_bringup:/home/jiataoding/ros2_franka_ws/install/franka_robot_state_broadcaster:/home/jiataoding/ros2_franka_ws/install/franka_example_controllers:/home/jiataoding/ros2_franka_ws/install/franka_semantic_components:/home/jiataoding/ros2_franka_ws/install/franka_gazebo_bringup:/home/jiataoding/ros2_franka_ws/install/franka_ign_ros2_control:/home/jiataoding/ros2_franka_ws/install/franka_fr3_moveit_config:/home/jiataoding/ros2_franka_ws/install/franka_hardware:/home/jiataoding/ros2_franka_ws/install/franka_gripper:/home/jiataoding/ros2_franka_ws/install/franka_msgs:/home/jiataoding/ros2_franka_ws/install/franka_description:/home/jiataoding/ros2_franka_ws/install/cartesian_impedance_controller:/home/jiataoding/ros2_franka_ws/install/effort_controller_base:/home/jiataoding/ros2_franka_ws/install/debug_msg:/home/jiataoding/franco_ros2_franka_ws/install/joint_impedance_controller:/home/jiataoding/franco_ros2_franka_ws/install/integration_launch_testing:/home/jiataoding/franco_ros2_franka_ws/install/idra_franka_launch:/home/jiataoding/franco_ros2_franka_ws/install/gravity_compensation:/home/jiataoding/franco_ros2_franka_ws/install/franka_task_pipeline:/home/jiataoding/franco_ros2_franka_ws/install/franka_ros2:/home/jiataoding/franco_ros2_franka_ws/install/franka_bringup:/home/jiataoding/franco_ros2_franka_ws/install/franka_robot_state_broadcaster:/home/jiataoding/franco_ros2_franka_ws/install/franka_example_controllers:/home/jiataoding/franco_ros2_franka_ws/install/franka_semantic_components:/home/jiataoding/franco_ros2_franka_ws/install/franka_gazebo_bringup:/home/jiataoding/franco_ros2_franka_ws/install/franka_ign_ros2_control:/home/jiataoding/franco_ros2_franka_ws/install/franka_fr3_moveit_config:/home/jiataoding/franco_ros2_franka_ws/install/franka_hardware:/home/jiataoding/franco_ros2_franka_ws/install/franka_gripper:/home/jiataoding/franco_ros2_franka_ws/install/franka_msgs:/home/jiataoding/franco_ros2_franka_ws/install/franka_description:/home/jiataoding/franco_ros2_franka_ws/install/cartesian_impedance_controller:/home/jiataoding/franco_ros2_franka_ws/install/effort_controller_base:/home/jiataoding/franco_ros2_franka_ws/install/debug_msg:/opt/openrobots: /usr/bin/cmake --install /home/jiataoding/franco_ros2_franka_ws/src/build/debug_msg
[0.909s] Level 1:colcon.colcon_core.environment:checking '/home/jiataoding/franco_ros2_franka_ws/src/install/debug_msg' for CMake config files
[0.910s] Level 1:colcon.colcon_core.shell:create_environment_hook('debug_msg', 'cmake_prefix_path')
[0.910s] INFO:colcon.colcon_core.shell:Creating environment hook '/home/jiataoding/franco_ros2_franka_ws/src/install/debug_msg/share/debug_msg/hook/cmake_prefix_path.ps1'
[0.911s] INFO:colcon.colcon_core.shell:Creating environment descriptor '/home/jiataoding/franco_ros2_franka_ws/src/install/debug_msg/share/debug_msg/hook/cmake_prefix_path.dsv'
[0.912s] INFO:colcon.colcon_core.shell:Creating environment hook '/home/jiataoding/franco_ros2_franka_ws/src/install/debug_msg/share/debug_msg/hook/cmake_prefix_path.sh'
[0.913s] Level 1:colcon.colcon_core.environment:checking '/home/jiataoding/franco_ros2_franka_ws/src/install/debug_msg/lib'
[0.913s] Level 1:colcon.colcon_core.shell:create_environment_hook('debug_msg', 'ld_library_path_lib')
[0.913s] INFO:colcon.colcon_core.shell:Creating environment hook '/home/jiataoding/franco_ros2_franka_ws/src/install/debug_msg/share/debug_msg/hook/ld_library_path_lib.ps1'
[0.914s] INFO:colcon.colcon_core.shell:Creating environment descriptor '/home/jiataoding/franco_ros2_franka_ws/src/install/debug_msg/share/debug_msg/hook/ld_library_path_lib.dsv'
[0.914s] INFO:colcon.colcon_core.shell:Creating environment hook '/home/jiataoding/franco_ros2_franka_ws/src/install/debug_msg/share/debug_msg/hook/ld_library_path_lib.sh'
[0.915s] Level 1:colcon.colcon_core.environment:checking '/home/jiataoding/franco_ros2_franka_ws/src/install/debug_msg/bin'
[0.915s] Level 1:colcon.colcon_core.environment:checking '/home/jiataoding/franco_ros2_franka_ws/src/install/debug_msg/lib/pkgconfig/debug_msg.pc'
[0.915s] Level 1:colcon.colcon_core.environment:checking '/home/jiataoding/franco_ros2_franka_ws/src/install/debug_msg/lib/python3.10/site-packages'
[0.916s] Level 1:colcon.colcon_core.environment:checking '/home/jiataoding/franco_ros2_franka_ws/src/install/debug_msg/bin'
[0.917s] INFO:colcon.colcon_core.shell:Creating package script '/home/jiataoding/franco_ros2_franka_ws/src/install/debug_msg/share/debug_msg/package.ps1'
[0.918s] INFO:colcon.colcon_core.shell:Creating package descriptor '/home/jiataoding/franco_ros2_franka_ws/src/install/debug_msg/share/debug_msg/package.dsv'
[0.919s] INFO:colcon.colcon_core.shell:Creating package script '/home/jiataoding/franco_ros2_franka_ws/src/install/debug_msg/share/debug_msg/package.sh'
[0.919s] INFO:colcon.colcon_core.shell:Creating package script '/home/jiataoding/franco_ros2_franka_ws/src/install/debug_msg/share/debug_msg/package.bash'
[0.920s] INFO:colcon.colcon_core.shell:Creating package script '/home/jiataoding/franco_ros2_franka_ws/src/install/debug_msg/share/debug_msg/package.zsh'
[0.920s] Level 1:colcon.colcon_core.environment:create_file_with_runtime_dependencies(/home/jiataoding/franco_ros2_franka_ws/src/install/debug_msg/share/colcon-core/packages/debug_msg)
[0.921s] Level 1:colcon.colcon_core.environment:create_environment_scripts_only(debug_msg)
[0.921s] Level 1:colcon.colcon_core.environment:checking '/home/jiataoding/franco_ros2_franka_ws/src/install/debug_msg' for CMake module files
[0.922s] Level 1:colcon.colcon_core.environment:checking '/home/jiataoding/franco_ros2_franka_ws/src/install/debug_msg' for CMake config files
[0.922s] Level 1:colcon.colcon_core.shell:create_environment_hook('debug_msg', 'cmake_prefix_path')
[0.923s] INFO:colcon.colcon_core.shell:Creating environment hook '/home/jiataoding/franco_ros2_franka_ws/src/install/debug_msg/share/debug_msg/hook/cmake_prefix_path.ps1'
[0.923s] INFO:colcon.colcon_core.shell:Creating environment descriptor '/home/jiataoding/franco_ros2_franka_ws/src/install/debug_msg/share/debug_msg/hook/cmake_prefix_path.dsv'
[0.923s] INFO:colcon.colcon_core.shell:Creating environment hook '/home/jiataoding/franco_ros2_franka_ws/src/install/debug_msg/share/debug_msg/hook/cmake_prefix_path.sh'
[0.924s] Level 1:colcon.colcon_core.environment:checking '/home/jiataoding/franco_ros2_franka_ws/src/install/debug_msg/lib'
[0.924s] Level 1:colcon.colcon_core.shell:create_environment_hook('debug_msg', 'ld_library_path_lib')
[0.924s] INFO:colcon.colcon_core.shell:Creating environment hook '/home/jiataoding/franco_ros2_franka_ws/src/install/debug_msg/share/debug_msg/hook/ld_library_path_lib.ps1'
[0.925s] INFO:colcon.colcon_core.shell:Creating environment descriptor '/home/jiataoding/franco_ros2_franka_ws/src/install/debug_msg/share/debug_msg/hook/ld_library_path_lib.dsv'
[0.925s] INFO:colcon.colcon_core.shell:Creating environment hook '/home/jiataoding/franco_ros2_franka_ws/src/install/debug_msg/share/debug_msg/hook/ld_library_path_lib.sh'
[0.926s] Level 1:colcon.colcon_core.environment:checking '/home/jiataoding/franco_ros2_franka_ws/src/install/debug_msg/bin'
[0.926s] Level 1:colcon.colcon_core.environment:checking '/home/jiataoding/franco_ros2_franka_ws/src/install/debug_msg/lib/pkgconfig/debug_msg.pc'
[0.926s] Level 1:colcon.colcon_core.environment:checking '/home/jiataoding/franco_ros2_franka_ws/src/install/debug_msg/lib/python3.10/site-packages'
[0.926s] Level 1:colcon.colcon_core.environment:checking '/home/jiataoding/franco_ros2_franka_ws/src/install/debug_msg/bin'
[0.927s] INFO:colcon.colcon_core.shell:Creating package script '/home/jiataoding/franco_ros2_franka_ws/src/install/debug_msg/share/debug_msg/package.ps1'
[0.927s] INFO:colcon.colcon_core.shell:Creating package descriptor '/home/jiataoding/franco_ros2_franka_ws/src/install/debug_msg/share/debug_msg/package.dsv'
[0.928s] INFO:colcon.colcon_core.shell:Creating package script '/home/jiataoding/franco_ros2_franka_ws/src/install/debug_msg/share/debug_msg/package.sh'
[0.928s] INFO:colcon.colcon_core.shell:Creating package script '/home/jiataoding/franco_ros2_franka_ws/src/install/debug_msg/share/debug_msg/package.bash'
[0.928s] INFO:colcon.colcon_core.shell:Creating package script '/home/jiataoding/franco_ros2_franka_ws/src/install/debug_msg/share/debug_msg/package.zsh'
[0.929s] Level 1:colcon.colcon_core.environment:create_file_with_runtime_dependencies(/home/jiataoding/franco_ros2_franka_ws/src/install/debug_msg/share/colcon-core/packages/debug_msg)
[0.929s] INFO:colcon.colcon_ros.task.ament_cmake.build:Building ROS package in '/home/jiataoding/franco_ros2_franka_ws/src/ros2_effort_controller/cartesian_impedance_controller' with build type 'ament_cmake'
[0.929s] INFO:colcon.colcon_cmake.task.cmake.build:Building CMake package in '/home/jiataoding/franco_ros2_franka_ws/src/ros2_effort_controller/cartesian_impedance_controller'
[0.930s] INFO:colcon.colcon_core.shell:Skip shell extension 'powershell' for command environment: Not usable outside of PowerShell
[0.930s] DEBUG:colcon.colcon_core.shell:Skip shell extension 'dsv' for command environment
[0.936s] INFO:colcon.colcon_ros.task.ament_cmake.build:Building ROS package in '/home/jiataoding/franco_ros2_franka_ws/src/ros2_effort_controller/gravity_compensation' with build type 'ament_cmake'
[0.937s] INFO:colcon.colcon_cmake.task.cmake.build:Building CMake package in '/home/jiataoding/franco_ros2_franka_ws/src/ros2_effort_controller/gravity_compensation'
[0.937s] INFO:colcon.colcon_core.shell:Skip shell extension 'powershell' for command environment: Not usable outside of PowerShell
[0.937s] DEBUG:colcon.colcon_core.shell:Skip shell extension 'dsv' for command environment
[0.942s] INFO:colcon.colcon_ros.task.ament_cmake.build:Building ROS package in '/home/jiataoding/franco_ros2_franka_ws/src/ros2_effort_controller/joint_impedance_controller' with build type 'ament_cmake'
[0.943s] INFO:colcon.colcon_cmake.task.cmake.build:Building CMake package in '/home/jiataoding/franco_ros2_franka_ws/src/ros2_effort_controller/joint_impedance_controller'
[0.943s] INFO:colcon.colcon_core.shell:Skip shell extension 'powershell' for command environment: Not usable outside of PowerShell
[0.943s] DEBUG:colcon.colcon_core.shell:Skip shell extension 'dsv' for command environment
[0.950s] Level 1:colcon.colcon_core.environment:create_environment_scripts_only(franka_msgs)
[0.951s] Level 1:colcon.colcon_core.environment:checking '/home/jiataoding/franco_ros2_franka_ws/src/install/franka_msgs' for CMake module files
[0.951s] DEBUG:colcon.colcon_core.event_handler.log_command:Invoked command in '/home/jiataoding/franco_ros2_franka_ws/src/build/franka_msgs' returned '0': CMAKE_PREFIX_PATH=/home/jiataoding/franco_ros2_franka_ws/src/install/joint_impedance_controller:/home/jiataoding/franco_ros2_franka_ws/src/install/integration_launch_testing:/home/jiataoding/franco_ros2_franka_ws/src/install/idra_franka_launch:/home/jiataoding/franco_ros2_franka_ws/src/install/gravity_compensation:/home/jiataoding/franco_ros2_franka_ws/src/install/franka_task_pipeline:/home/jiataoding/franco_ros2_franka_ws/src/install/franka_ros2:/home/jiataoding/franco_ros2_franka_ws/src/install/franka_bringup:/home/jiataoding/franco_ros2_franka_ws/src/install/franka_robot_state_broadcaster:/home/jiataoding/franco_ros2_franka_ws/src/install/franka_example_controllers:/home/jiataoding/franco_ros2_franka_ws/src/install/franka_semantic_components:/home/jiataoding/franco_ros2_franka_ws/src/install/franka_gazebo_bringup:/home/jiataoding/franco_ros2_franka_ws/src/install/franka_ign_ros2_control:/home/jiataoding/franco_ros2_franka_ws/src/install/franka_fr3_moveit_config:/home/jiataoding/franco_ros2_franka_ws/src/install/franka_hardware:/home/jiataoding/franco_ros2_franka_ws/src/install/franka_gripper:/home/jiataoding/franco_ros2_franka_ws/src/install/franka_msgs:/home/jiataoding/franco_ros2_franka_ws/src/install/franka_description:/home/jiataoding/franco_ros2_franka_ws/src/install/cartesian_impedance_controller:/opt/ros/humble:/home/jiataoding/franco_ros2_franka_ws/src/install/effort_controller_base:/home/jiataoding/franco_ros2_franka_ws/src/install/debug_msg:/home/jiataoding/ros2_franka_ws/install/joint_impedance_controller:/home/jiataoding/ros2_franka_ws/install/integration_launch_testing:/home/jiataoding/ros2_franka_ws/install/idra_franka_launch:/home/jiataoding/ros2_franka_ws/install/gravity_compensation:/home/jiataoding/ros2_franka_ws/install/franka_task_pipeline:/home/jiataoding/ros2_franka_ws/install/franka_ros2:/home/jiataoding/ros2_franka_ws/install/franka_bringup:/home/jiataoding/ros2_franka_ws/install/franka_robot_state_broadcaster:/home/jiataoding/ros2_franka_ws/install/franka_example_controllers:/home/jiataoding/ros2_franka_ws/install/franka_semantic_components:/home/jiataoding/ros2_franka_ws/install/franka_gazebo_bringup:/home/jiataoding/ros2_franka_ws/install/franka_ign_ros2_control:/home/jiataoding/ros2_franka_ws/install/franka_fr3_moveit_config:/home/jiataoding/ros2_franka_ws/install/franka_hardware:/home/jiataoding/ros2_franka_ws/install/franka_gripper:/home/jiataoding/ros2_franka_ws/install/franka_msgs:/home/jiataoding/ros2_franka_ws/install/franka_description:/home/jiataoding/ros2_franka_ws/install/cartesian_impedance_controller:/home/jiataoding/ros2_franka_ws/install/effort_controller_base:/home/jiataoding/ros2_franka_ws/install/debug_msg:/home/jiataoding/franco_ros2_franka_ws/install/joint_impedance_controller:/home/jiataoding/franco_ros2_franka_ws/install/integration_launch_testing:/home/jiataoding/franco_ros2_franka_ws/install/idra_franka_launch:/home/jiataoding/franco_ros2_franka_ws/install/gravity_compensation:/home/jiataoding/franco_ros2_franka_ws/install/franka_task_pipeline:/home/jiataoding/franco_ros2_franka_ws/install/franka_ros2:/home/jiataoding/franco_ros2_franka_ws/install/franka_bringup:/home/jiataoding/franco_ros2_franka_ws/install/franka_robot_state_broadcaster:/home/jiataoding/franco_ros2_franka_ws/install/franka_example_controllers:/home/jiataoding/franco_ros2_franka_ws/install/franka_semantic_components:/home/jiataoding/franco_ros2_franka_ws/install/franka_gazebo_bringup:/home/jiataoding/franco_ros2_franka_ws/install/franka_ign_ros2_control:/home/jiataoding/franco_ros2_franka_ws/install/franka_fr3_moveit_config:/home/jiataoding/franco_ros2_franka_ws/install/franka_hardware:/home/jiataoding/franco_ros2_franka_ws/install/franka_gripper:/home/jiataoding/franco_ros2_franka_ws/install/franka_msgs:/home/jiataoding/franco_ros2_franka_ws/install/franka_description:/home/jiataoding/franco_ros2_franka_ws/install/cartesian_impedance_controller:/home/jiataoding/franco_ros2_franka_ws/install/effort_controller_base:/home/jiataoding/franco_ros2_franka_ws/install/debug_msg:/opt/openrobots: /usr/bin/cmake --install /home/jiataoding/franco_ros2_franka_ws/src/build/franka_msgs
[0.951s] Level 1:colcon.colcon_core.environment:checking '/home/jiataoding/franco_ros2_franka_ws/src/install/franka_msgs' for CMake config files
[0.952s] Level 1:colcon.colcon_core.shell:create_environment_hook('franka_msgs', 'cmake_prefix_path')
[0.952s] INFO:colcon.colcon_core.shell:Creating environment hook '/home/jiataoding/franco_ros2_franka_ws/src/install/franka_msgs/share/franka_msgs/hook/cmake_prefix_path.ps1'
[0.952s] INFO:colcon.colcon_core.shell:Creating environment descriptor '/home/jiataoding/franco_ros2_franka_ws/src/install/franka_msgs/share/franka_msgs/hook/cmake_prefix_path.dsv'
[0.952s] INFO:colcon.colcon_core.shell:Creating environment hook '/home/jiataoding/franco_ros2_franka_ws/src/install/franka_msgs/share/franka_msgs/hook/cmake_prefix_path.sh'
[0.953s] Level 1:colcon.colcon_core.environment:checking '/home/jiataoding/franco_ros2_franka_ws/src/install/franka_msgs/lib'
[0.953s] Level 1:colcon.colcon_core.shell:create_environment_hook('franka_msgs', 'ld_library_path_lib')
[0.953s] INFO:colcon.colcon_core.shell:Creating environment hook '/home/jiataoding/franco_ros2_franka_ws/src/install/franka_msgs/share/franka_msgs/hook/ld_library_path_lib.ps1'
[0.953s] INFO:colcon.colcon_core.shell:Creating environment descriptor '/home/jiataoding/franco_ros2_franka_ws/src/install/franka_msgs/share/franka_msgs/hook/ld_library_path_lib.dsv'
[0.953s] INFO:colcon.colcon_core.shell:Creating environment hook '/home/jiataoding/franco_ros2_franka_ws/src/install/franka_msgs/share/franka_msgs/hook/ld_library_path_lib.sh'
[0.954s] Level 1:colcon.colcon_core.environment:checking '/home/jiataoding/franco_ros2_franka_ws/src/install/franka_msgs/bin'
[0.954s] Level 1:colcon.colcon_core.environment:checking '/home/jiataoding/franco_ros2_franka_ws/src/install/franka_msgs/lib/pkgconfig/franka_msgs.pc'
[0.954s] Level 1:colcon.colcon_core.environment:checking '/home/jiataoding/franco_ros2_franka_ws/src/install/franka_msgs/lib/python3.10/site-packages'
[0.954s] Level 1:colcon.colcon_core.environment:checking '/home/jiataoding/franco_ros2_franka_ws/src/install/franka_msgs/bin'
[0.954s] INFO:colcon.colcon_core.shell:Creating package script '/home/jiataoding/franco_ros2_franka_ws/src/install/franka_msgs/share/franka_msgs/package.ps1'
[0.955s] INFO:colcon.colcon_core.shell:Creating package descriptor '/home/jiataoding/franco_ros2_franka_ws/src/install/franka_msgs/share/franka_msgs/package.dsv'
[0.955s] INFO:colcon.colcon_core.shell:Creating package script '/home/jiataoding/franco_ros2_franka_ws/src/install/franka_msgs/share/franka_msgs/package.sh'
[0.955s] INFO:colcon.colcon_core.shell:Creating package script '/home/jiataoding/franco_ros2_franka_ws/src/install/franka_msgs/share/franka_msgs/package.bash'
[0.956s] INFO:colcon.colcon_core.shell:Creating package script '/home/jiataoding/franco_ros2_franka_ws/src/install/franka_msgs/share/franka_msgs/package.zsh'
[0.956s] Level 1:colcon.colcon_core.environment:create_file_with_runtime_dependencies(/home/jiataoding/franco_ros2_franka_ws/src/install/franka_msgs/share/colcon-core/packages/franka_msgs)
[0.956s] Level 1:colcon.colcon_core.environment:create_environment_scripts_only(franka_msgs)
[0.956s] Level 1:colcon.colcon_core.environment:checking '/home/jiataoding/franco_ros2_franka_ws/src/install/franka_msgs' for CMake module files
[0.957s] Level 1:colcon.colcon_core.environment:checking '/home/jiataoding/franco_ros2_franka_ws/src/install/franka_msgs' for CMake config files
[0.957s] Level 1:colcon.colcon_core.shell:create_environment_hook('franka_msgs', 'cmake_prefix_path')
[0.957s] INFO:colcon.colcon_core.shell:Creating environment hook '/home/jiataoding/franco_ros2_franka_ws/src/install/franka_msgs/share/franka_msgs/hook/cmake_prefix_path.ps1'
[0.958s] INFO:colcon.colcon_core.shell:Creating environment descriptor '/home/jiataoding/franco_ros2_franka_ws/src/install/franka_msgs/share/franka_msgs/hook/cmake_prefix_path.dsv'
[0.958s] INFO:colcon.colcon_core.shell:Creating environment hook '/home/jiataoding/franco_ros2_franka_ws/src/install/franka_msgs/share/franka_msgs/hook/cmake_prefix_path.sh'
[0.958s] Level 1:colcon.colcon_core.environment:checking '/home/jiataoding/franco_ros2_franka_ws/src/install/franka_msgs/lib'
[0.958s] Level 1:colcon.colcon_core.shell:create_environment_hook('franka_msgs', 'ld_library_path_lib')
[0.959s] INFO:colcon.colcon_core.shell:Creating environment hook '/home/jiataoding/franco_ros2_franka_ws/src/install/franka_msgs/share/franka_msgs/hook/ld_library_path_lib.ps1'
[0.959s] INFO:colcon.colcon_core.shell:Creating environment descriptor '/home/jiataoding/franco_ros2_franka_ws/src/install/franka_msgs/share/franka_msgs/hook/ld_library_path_lib.dsv'
[0.959s] INFO:colcon.colcon_core.shell:Creating environment hook '/home/jiataoding/franco_ros2_franka_ws/src/install/franka_msgs/share/franka_msgs/hook/ld_library_path_lib.sh'
[0.959s] Level 1:colcon.colcon_core.environment:checking '/home/jiataoding/franco_ros2_franka_ws/src/install/franka_msgs/bin'
[0.959s] Level 1:colcon.colcon_core.environment:checking '/home/jiataoding/franco_ros2_franka_ws/src/install/franka_msgs/lib/pkgconfig/franka_msgs.pc'
[0.959s] Level 1:colcon.colcon_core.environment:checking '/home/jiataoding/franco_ros2_franka_ws/src/install/franka_msgs/lib/python3.10/site-packages'
[0.960s] Level 1:colcon.colcon_core.environment:checking '/home/jiataoding/franco_ros2_franka_ws/src/install/franka_msgs/bin'
[0.960s] INFO:colcon.colcon_core.shell:Creating package script '/home/jiataoding/franco_ros2_franka_ws/src/install/franka_msgs/share/franka_msgs/package.ps1'
[0.960s] INFO:colcon.colcon_core.shell:Creating package descriptor '/home/jiataoding/franco_ros2_franka_ws/src/install/franka_msgs/share/franka_msgs/package.dsv'
[0.961s] INFO:colcon.colcon_core.shell:Creating package script '/home/jiataoding/franco_ros2_franka_ws/src/install/franka_msgs/share/franka_msgs/package.sh'
[0.961s] INFO:colcon.colcon_core.shell:Creating package script '/home/jiataoding/franco_ros2_franka_ws/src/install/franka_msgs/share/franka_msgs/package.bash'
[0.961s] INFO:colcon.colcon_core.shell:Creating package script '/home/jiataoding/franco_ros2_franka_ws/src/install/franka_msgs/share/franka_msgs/package.zsh'
[0.962s] Level 1:colcon.colcon_core.environment:create_file_with_runtime_dependencies(/home/jiataoding/franco_ros2_franka_ws/src/install/franka_msgs/share/colcon-core/packages/franka_msgs)
[0.962s] INFO:colcon.colcon_ros.task.ament_cmake.build:Building ROS package in '/home/jiataoding/franco_ros2_franka_ws/src/franka_ros2/franka_hardware' with build type 'ament_cmake'
[0.962s] INFO:colcon.colcon_cmake.task.cmake.build:Building CMake package in '/home/jiataoding/franco_ros2_franka_ws/src/franka_ros2/franka_hardware'
[0.963s] INFO:colcon.colcon_core.shell:Skip shell extension 'powershell' for command environment: Not usable outside of PowerShell
[0.963s] DEBUG:colcon.colcon_core.shell:Skip shell extension 'dsv' for command environment
[0.968s] INFO:colcon.colcon_ros.task.ament_cmake.build:Building ROS package in '/home/jiataoding/franco_ros2_franka_ws/src/franka_ros2/franka_gripper' with build type 'ament_cmake'
[0.968s] INFO:colcon.colcon_cmake.task.cmake.build:Building CMake package in '/home/jiataoding/franco_ros2_franka_ws/src/franka_ros2/franka_gripper'
[0.968s] INFO:colcon.colcon_core.shell:Skip shell extension 'powershell' for command environment: Not usable outside of PowerShell
[0.968s] DEBUG:colcon.colcon_core.shell:Skip shell extension 'dsv' for command environment
[0.976s] DEBUG:colcon.colcon_core.event_handler.log_command:Invoking command in '/home/jiataoding/franco_ros2_franka_ws/src/build/cartesian_impedance_controller': CMAKE_PREFIX_PATH=/opt/ros/humble:/home/jiataoding/franco_ros2_franka_ws/src/install/effort_controller_base:/home/jiataoding/franco_ros2_franka_ws/src/install/debug_msg:/home/jiataoding/franco_ros2_franka_ws/src/install/joint_impedance_controller:/home/jiataoding/franco_ros2_franka_ws/src/install/integration_launch_testing:/home/jiataoding/franco_ros2_franka_ws/src/install/idra_franka_launch:/home/jiataoding/franco_ros2_franka_ws/src/install/gravity_compensation:/home/jiataoding/franco_ros2_franka_ws/src/install/franka_task_pipeline:/home/jiataoding/franco_ros2_franka_ws/src/install/franka_ros2:/home/jiataoding/franco_ros2_franka_ws/src/install/franka_bringup:/home/jiataoding/franco_ros2_franka_ws/src/install/franka_robot_state_broadcaster:/home/jiataoding/franco_ros2_franka_ws/src/install/franka_example_controllers:/home/jiataoding/franco_ros2_franka_ws/src/install/franka_semantic_components:/home/jiataoding/franco_ros2_franka_ws/src/install/franka_gazebo_bringup:/home/jiataoding/franco_ros2_franka_ws/src/install/franka_ign_ros2_control:/home/jiataoding/franco_ros2_franka_ws/src/install/franka_fr3_moveit_config:/home/jiataoding/franco_ros2_franka_ws/src/install/franka_hardware:/home/jiataoding/franco_ros2_franka_ws/src/install/franka_gripper:/home/jiataoding/franco_ros2_franka_ws/src/install/franka_msgs:/home/jiataoding/franco_ros2_franka_ws/src/install/franka_description:/home/jiataoding/franco_ros2_franka_ws/src/install/cartesian_impedance_controller:/home/jiataoding/ros2_franka_ws/install/joint_impedance_controller:/home/jiataoding/ros2_franka_ws/install/integration_launch_testing:/home/jiataoding/ros2_franka_ws/install/idra_franka_launch:/home/jiataoding/ros2_franka_ws/install/gravity_compensation:/home/jiataoding/ros2_franka_ws/install/franka_task_pipeline:/home/jiataoding/ros2_franka_ws/install/franka_ros2:/home/jiataoding/ros2_franka_ws/install/franka_bringup:/home/jiataoding/ros2_franka_ws/install/franka_robot_state_broadcaster:/home/jiataoding/ros2_franka_ws/install/franka_example_controllers:/home/jiataoding/ros2_franka_ws/install/franka_semantic_components:/home/jiataoding/ros2_franka_ws/install/franka_gazebo_bringup:/home/jiataoding/ros2_franka_ws/install/franka_ign_ros2_control:/home/jiataoding/ros2_franka_ws/install/franka_fr3_moveit_config:/home/jiataoding/ros2_franka_ws/install/franka_hardware:/home/jiataoding/ros2_franka_ws/install/franka_gripper:/home/jiataoding/ros2_franka_ws/install/franka_msgs:/home/jiataoding/ros2_franka_ws/install/franka_description:/home/jiataoding/ros2_franka_ws/install/cartesian_impedance_controller:/home/jiataoding/ros2_franka_ws/install/effort_controller_base:/home/jiataoding/ros2_franka_ws/install/debug_msg:/home/jiataoding/franco_ros2_franka_ws/install/joint_impedance_controller:/home/jiataoding/franco_ros2_franka_ws/install/integration_launch_testing:/home/jiataoding/franco_ros2_franka_ws/install/idra_franka_launch:/home/jiataoding/franco_ros2_franka_ws/install/gravity_compensation:/home/jiataoding/franco_ros2_franka_ws/install/franka_task_pipeline:/home/jiataoding/franco_ros2_franka_ws/install/franka_ros2:/home/jiataoding/franco_ros2_franka_ws/install/franka_bringup:/home/jiataoding/franco_ros2_franka_ws/install/franka_robot_state_broadcaster:/home/jiataoding/franco_ros2_franka_ws/install/franka_example_controllers:/home/jiataoding/franco_ros2_franka_ws/install/franka_semantic_components:/home/jiataoding/franco_ros2_franka_ws/install/franka_gazebo_bringup:/home/jiataoding/franco_ros2_franka_ws/install/franka_ign_ros2_control:/home/jiataoding/franco_ros2_franka_ws/install/franka_fr3_moveit_config:/home/jiataoding/franco_ros2_franka_ws/install/franka_hardware:/home/jiataoding/franco_ros2_franka_ws/install/franka_gripper:/home/jiataoding/franco_ros2_franka_ws/install/franka_msgs:/home/jiataoding/franco_ros2_franka_ws/install/franka_description:/home/jiataoding/franco_ros2_franka_ws/install/cartesian_impedance_controller:/home/jiataoding/franco_ros2_franka_ws/install/effort_controller_base:/home/jiataoding/franco_ros2_franka_ws/install/debug_msg:/opt/openrobots LD_LIBRARY_PATH=/home/jiataoding/franco_ros2_franka_ws/src/install/effort_controller_base/lib:/home/jiataoding/franco_ros2_franka_ws/src/install/debug_msg/lib:/home/jiataoding/franco_ros2_franka_ws/src/install/joint_impedance_controller/lib:/home/jiataoding/franco_ros2_franka_ws/src/install/integration_launch_testing/lib:/home/jiataoding/franco_ros2_franka_ws/src/install/gravity_compensation/lib:/home/jiataoding/franco_ros2_franka_ws/src/install/franka_robot_state_broadcaster/lib:/home/jiataoding/franco_ros2_franka_ws/src/install/franka_example_controllers/lib:/home/jiataoding/franco_ros2_franka_ws/src/install/franka_semantic_components/lib:/home/jiataoding/franco_ros2_franka_ws/src/install/franka_ign_ros2_control/lib:/home/jiataoding/franco_ros2_franka_ws/src/install/franka_hardware/lib:/home/jiataoding/franco_ros2_franka_ws/src/install/franka_gripper/lib:/home/jiataoding/franco_ros2_franka_ws/src/install/franka_msgs/lib:/home/jiataoding/franco_ros2_franka_ws/src/install/cartesian_impedance_controller/lib:/home/jiataoding/libs/onnxruntime-linux-x64-1.21.0/lib:/home/jiataoding/ros2_franka_ws/install/joint_impedance_controller/lib:/home/jiataoding/ros2_franka_ws/install/integration_launch_testing/lib:/home/jiataoding/ros2_franka_ws/install/gravity_compensation/lib:/home/jiataoding/ros2_franka_ws/install/franka_robot_state_broadcaster/lib:/home/jiataoding/ros2_franka_ws/install/franka_example_controllers/lib:/home/jiataoding/ros2_franka_ws/install/franka_semantic_components/lib:/home/jiataoding/ros2_franka_ws/install/franka_ign_ros2_control/lib:/home/jiataoding/ros2_franka_ws/install/franka_hardware/lib:/home/jiataoding/ros2_franka_ws/install/franka_gripper/lib:/home/jiataoding/ros2_franka_ws/install/franka_msgs/lib:/home/jiataoding/ros2_franka_ws/install/cartesian_impedance_controller/lib:/home/jiataoding/ros2_franka_ws/install/effort_controller_base/lib:/home/jiataoding/ros2_franka_ws/install/debug_msg/lib:/home/jiataoding/franco_ros2_franka_ws/install/joint_impedance_controller/lib:/home/jiataoding/franco_ros2_franka_ws/install/integration_launch_testing/lib:/home/jiataoding/franco_ros2_franka_ws/install/gravity_compensation/lib:/home/jiataoding/franco_ros2_franka_ws/install/franka_robot_state_broadcaster/lib:/home/jiataoding/franco_ros2_franka_ws/install/franka_example_controllers/lib:/home/jiataoding/franco_ros2_franka_ws/install/franka_semantic_components/lib:/home/jiataoding/franco_ros2_franka_ws/install/franka_ign_ros2_control/lib:/home/jiataoding/franco_ros2_franka_ws/install/franka_hardware/lib:/home/jiataoding/franco_ros2_franka_ws/install/franka_gripper/lib:/home/jiataoding/franco_ros2_franka_ws/install/franka_msgs/lib:/home/jiataoding/franco_ros2_franka_ws/install/cartesian_impedance_controller/lib:/home/jiataoding/franco_ros2_franka_ws/install/effort_controller_base/lib:/home/jiataoding/franco_ros2_franka_ws/install/debug_msg/lib:/opt/openrobots/lib:/opt/ros/humble/opt/rviz_ogre_vendor/lib:/opt/ros/humble/lib/x86_64-linux-gnu:/opt/ros/humble/lib PKG_CONFIG_PATH=/home/jiataoding/franco_ros2_franka_ws/src/install/effort_controller_base/lib/x86_64-linux-gnu/pkgconfig:/home/jiataoding/franco_ros2_franka_ws/src/install/effort_controller_base/lib/pkgconfig:/home/jiataoding/ros2_franka_ws/install/effort_controller_base/lib/x86_64-linux-gnu/pkgconfig:/home/jiataoding/ros2_franka_ws/install/effort_controller_base/lib/pkgconfig:/home/jiataoding/franco_ros2_franka_ws/install/effort_controller_base/lib/x86_64-linux-gnu/pkgconfig:/home/jiataoding/franco_ros2_franka_ws/install/effort_controller_base/lib/pkgconfig:/opt/openrobots/lib/pkgconfig /usr/bin/cmake --build /home/jiataoding/franco_ros2_franka_ws/src/build/cartesian_impedance_controller -- -j24 -l24
[0.979s] DEBUG:colcon.colcon_core.event_handler.log_command:Invoking command in '/home/jiataoding/franco_ros2_franka_ws/src/build/gravity_compensation': CMAKE_PREFIX_PATH=/opt/ros/humble:/home/jiataoding/franco_ros2_franka_ws/src/install/effort_controller_base:/home/jiataoding/franco_ros2_franka_ws/src/install/debug_msg:/home/jiataoding/franco_ros2_franka_ws/src/install/joint_impedance_controller:/home/jiataoding/franco_ros2_franka_ws/src/install/integration_launch_testing:/home/jiataoding/franco_ros2_franka_ws/src/install/idra_franka_launch:/home/jiataoding/franco_ros2_franka_ws/src/install/gravity_compensation:/home/jiataoding/franco_ros2_franka_ws/src/install/franka_task_pipeline:/home/jiataoding/franco_ros2_franka_ws/src/install/franka_ros2:/home/jiataoding/franco_ros2_franka_ws/src/install/franka_bringup:/home/jiataoding/franco_ros2_franka_ws/src/install/franka_robot_state_broadcaster:/home/jiataoding/franco_ros2_franka_ws/src/install/franka_example_controllers:/home/jiataoding/franco_ros2_franka_ws/src/install/franka_semantic_components:/home/jiataoding/franco_ros2_franka_ws/src/install/franka_gazebo_bringup:/home/jiataoding/franco_ros2_franka_ws/src/install/franka_ign_ros2_control:/home/jiataoding/franco_ros2_franka_ws/src/install/franka_fr3_moveit_config:/home/jiataoding/franco_ros2_franka_ws/src/install/franka_hardware:/home/jiataoding/franco_ros2_franka_ws/src/install/franka_gripper:/home/jiataoding/franco_ros2_franka_ws/src/install/franka_msgs:/home/jiataoding/franco_ros2_franka_ws/src/install/franka_description:/home/jiataoding/franco_ros2_franka_ws/src/install/cartesian_impedance_controller:/home/jiataoding/ros2_franka_ws/install/joint_impedance_controller:/home/jiataoding/ros2_franka_ws/install/integration_launch_testing:/home/jiataoding/ros2_franka_ws/install/idra_franka_launch:/home/jiataoding/ros2_franka_ws/install/gravity_compensation:/home/jiataoding/ros2_franka_ws/install/franka_task_pipeline:/home/jiataoding/ros2_franka_ws/install/franka_ros2:/home/jiataoding/ros2_franka_ws/install/franka_bringup:/home/jiataoding/ros2_franka_ws/install/franka_robot_state_broadcaster:/home/jiataoding/ros2_franka_ws/install/franka_example_controllers:/home/jiataoding/ros2_franka_ws/install/franka_semantic_components:/home/jiataoding/ros2_franka_ws/install/franka_gazebo_bringup:/home/jiataoding/ros2_franka_ws/install/franka_ign_ros2_control:/home/jiataoding/ros2_franka_ws/install/franka_fr3_moveit_config:/home/jiataoding/ros2_franka_ws/install/franka_hardware:/home/jiataoding/ros2_franka_ws/install/franka_gripper:/home/jiataoding/ros2_franka_ws/install/franka_msgs:/home/jiataoding/ros2_franka_ws/install/franka_description:/home/jiataoding/ros2_franka_ws/install/cartesian_impedance_controller:/home/jiataoding/ros2_franka_ws/install/effort_controller_base:/home/jiataoding/ros2_franka_ws/install/debug_msg:/home/jiataoding/franco_ros2_franka_ws/install/joint_impedance_controller:/home/jiataoding/franco_ros2_franka_ws/install/integration_launch_testing:/home/jiataoding/franco_ros2_franka_ws/install/idra_franka_launch:/home/jiataoding/franco_ros2_franka_ws/install/gravity_compensation:/home/jiataoding/franco_ros2_franka_ws/install/franka_task_pipeline:/home/jiataoding/franco_ros2_franka_ws/install/franka_ros2:/home/jiataoding/franco_ros2_franka_ws/install/franka_bringup:/home/jiataoding/franco_ros2_franka_ws/install/franka_robot_state_broadcaster:/home/jiataoding/franco_ros2_franka_ws/install/franka_example_controllers:/home/jiataoding/franco_ros2_franka_ws/install/franka_semantic_components:/home/jiataoding/franco_ros2_franka_ws/install/franka_gazebo_bringup:/home/jiataoding/franco_ros2_franka_ws/install/franka_ign_ros2_control:/home/jiataoding/franco_ros2_franka_ws/install/franka_fr3_moveit_config:/home/jiataoding/franco_ros2_franka_ws/install/franka_hardware:/home/jiataoding/franco_ros2_franka_ws/install/franka_gripper:/home/jiataoding/franco_ros2_franka_ws/install/franka_msgs:/home/jiataoding/franco_ros2_franka_ws/install/franka_description:/home/jiataoding/franco_ros2_franka_ws/install/cartesian_impedance_controller:/home/jiataoding/franco_ros2_franka_ws/install/effort_controller_base:/home/jiataoding/franco_ros2_franka_ws/install/debug_msg:/opt/openrobots LD_LIBRARY_PATH=/home/jiataoding/franco_ros2_franka_ws/src/install/effort_controller_base/lib:/home/jiataoding/franco_ros2_franka_ws/src/install/debug_msg/lib:/home/jiataoding/franco_ros2_franka_ws/src/install/joint_impedance_controller/lib:/home/jiataoding/franco_ros2_franka_ws/src/install/integration_launch_testing/lib:/home/jiataoding/franco_ros2_franka_ws/src/install/gravity_compensation/lib:/home/jiataoding/franco_ros2_franka_ws/src/install/franka_robot_state_broadcaster/lib:/home/jiataoding/franco_ros2_franka_ws/src/install/franka_example_controllers/lib:/home/jiataoding/franco_ros2_franka_ws/src/install/franka_semantic_components/lib:/home/jiataoding/franco_ros2_franka_ws/src/install/franka_ign_ros2_control/lib:/home/jiataoding/franco_ros2_franka_ws/src/install/franka_hardware/lib:/home/jiataoding/franco_ros2_franka_ws/src/install/franka_gripper/lib:/home/jiataoding/franco_ros2_franka_ws/src/install/franka_msgs/lib:/home/jiataoding/franco_ros2_franka_ws/src/install/cartesian_impedance_controller/lib:/home/jiataoding/libs/onnxruntime-linux-x64-1.21.0/lib:/home/jiataoding/ros2_franka_ws/install/joint_impedance_controller/lib:/home/jiataoding/ros2_franka_ws/install/integration_launch_testing/lib:/home/jiataoding/ros2_franka_ws/install/gravity_compensation/lib:/home/jiataoding/ros2_franka_ws/install/franka_robot_state_broadcaster/lib:/home/jiataoding/ros2_franka_ws/install/franka_example_controllers/lib:/home/jiataoding/ros2_franka_ws/install/franka_semantic_components/lib:/home/jiataoding/ros2_franka_ws/install/franka_ign_ros2_control/lib:/home/jiataoding/ros2_franka_ws/install/franka_hardware/lib:/home/jiataoding/ros2_franka_ws/install/franka_gripper/lib:/home/jiataoding/ros2_franka_ws/install/franka_msgs/lib:/home/jiataoding/ros2_franka_ws/install/cartesian_impedance_controller/lib:/home/jiataoding/ros2_franka_ws/install/effort_controller_base/lib:/home/jiataoding/ros2_franka_ws/install/debug_msg/lib:/home/jiataoding/franco_ros2_franka_ws/install/joint_impedance_controller/lib:/home/jiataoding/franco_ros2_franka_ws/install/integration_launch_testing/lib:/home/jiataoding/franco_ros2_franka_ws/install/gravity_compensation/lib:/home/jiataoding/franco_ros2_franka_ws/install/franka_robot_state_broadcaster/lib:/home/jiataoding/franco_ros2_franka_ws/install/franka_example_controllers/lib:/home/jiataoding/franco_ros2_franka_ws/install/franka_semantic_components/lib:/home/jiataoding/franco_ros2_franka_ws/install/franka_ign_ros2_control/lib:/home/jiataoding/franco_ros2_franka_ws/install/franka_hardware/lib:/home/jiataoding/franco_ros2_franka_ws/install/franka_gripper/lib:/home/jiataoding/franco_ros2_franka_ws/install/franka_msgs/lib:/home/jiataoding/franco_ros2_franka_ws/install/cartesian_impedance_controller/lib:/home/jiataoding/franco_ros2_franka_ws/install/effort_controller_base/lib:/home/jiataoding/franco_ros2_franka_ws/install/debug_msg/lib:/opt/openrobots/lib:/opt/ros/humble/opt/rviz_ogre_vendor/lib:/opt/ros/humble/lib/x86_64-linux-gnu:/opt/ros/humble/lib PKG_CONFIG_PATH=/home/jiataoding/franco_ros2_franka_ws/src/install/effort_controller_base/lib/x86_64-linux-gnu/pkgconfig:/home/jiataoding/franco_ros2_franka_ws/src/install/effort_controller_base/lib/pkgconfig:/home/jiataoding/ros2_franka_ws/install/effort_controller_base/lib/x86_64-linux-gnu/pkgconfig:/home/jiataoding/ros2_franka_ws/install/effort_controller_base/lib/pkgconfig:/home/jiataoding/franco_ros2_franka_ws/install/effort_controller_base/lib/x86_64-linux-gnu/pkgconfig:/home/jiataoding/franco_ros2_franka_ws/install/effort_controller_base/lib/pkgconfig:/opt/openrobots/lib/pkgconfig /usr/bin/cmake --build /home/jiataoding/franco_ros2_franka_ws/src/build/gravity_compensation -- -j24 -l24
[0.981s] DEBUG:colcon.colcon_core.event_handler.log_command:Invoking command in '/home/jiataoding/franco_ros2_franka_ws/src/build/joint_impedance_controller': CMAKE_PREFIX_PATH=/opt/ros/humble:/home/jiataoding/franco_ros2_franka_ws/src/install/effort_controller_base:/home/jiataoding/franco_ros2_franka_ws/src/install/debug_msg:/home/jiataoding/franco_ros2_franka_ws/src/install/joint_impedance_controller:/home/jiataoding/franco_ros2_franka_ws/src/install/integration_launch_testing:/home/jiataoding/franco_ros2_franka_ws/src/install/idra_franka_launch:/home/jiataoding/franco_ros2_franka_ws/src/install/gravity_compensation:/home/jiataoding/franco_ros2_franka_ws/src/install/franka_task_pipeline:/home/jiataoding/franco_ros2_franka_ws/src/install/franka_ros2:/home/jiataoding/franco_ros2_franka_ws/src/install/franka_bringup:/home/jiataoding/franco_ros2_franka_ws/src/install/franka_robot_state_broadcaster:/home/jiataoding/franco_ros2_franka_ws/src/install/franka_example_controllers:/home/jiataoding/franco_ros2_franka_ws/src/install/franka_semantic_components:/home/jiataoding/franco_ros2_franka_ws/src/install/franka_gazebo_bringup:/home/jiataoding/franco_ros2_franka_ws/src/install/franka_ign_ros2_control:/home/jiataoding/franco_ros2_franka_ws/src/install/franka_fr3_moveit_config:/home/jiataoding/franco_ros2_franka_ws/src/install/franka_hardware:/home/jiataoding/franco_ros2_franka_ws/src/install/franka_gripper:/home/jiataoding/franco_ros2_franka_ws/src/install/franka_msgs:/home/jiataoding/franco_ros2_franka_ws/src/install/franka_description:/home/jiataoding/franco_ros2_franka_ws/src/install/cartesian_impedance_controller:/home/jiataoding/ros2_franka_ws/install/joint_impedance_controller:/home/jiataoding/ros2_franka_ws/install/integration_launch_testing:/home/jiataoding/ros2_franka_ws/install/idra_franka_launch:/home/jiataoding/ros2_franka_ws/install/gravity_compensation:/home/jiataoding/ros2_franka_ws/install/franka_task_pipeline:/home/jiataoding/ros2_franka_ws/install/franka_ros2:/home/jiataoding/ros2_franka_ws/install/franka_bringup:/home/jiataoding/ros2_franka_ws/install/franka_robot_state_broadcaster:/home/jiataoding/ros2_franka_ws/install/franka_example_controllers:/home/jiataoding/ros2_franka_ws/install/franka_semantic_components:/home/jiataoding/ros2_franka_ws/install/franka_gazebo_bringup:/home/jiataoding/ros2_franka_ws/install/franka_ign_ros2_control:/home/jiataoding/ros2_franka_ws/install/franka_fr3_moveit_config:/home/jiataoding/ros2_franka_ws/install/franka_hardware:/home/jiataoding/ros2_franka_ws/install/franka_gripper:/home/jiataoding/ros2_franka_ws/install/franka_msgs:/home/jiataoding/ros2_franka_ws/install/franka_description:/home/jiataoding/ros2_franka_ws/install/cartesian_impedance_controller:/home/jiataoding/ros2_franka_ws/install/effort_controller_base:/home/jiataoding/ros2_franka_ws/install/debug_msg:/home/jiataoding/franco_ros2_franka_ws/install/joint_impedance_controller:/home/jiataoding/franco_ros2_franka_ws/install/integration_launch_testing:/home/jiataoding/franco_ros2_franka_ws/install/idra_franka_launch:/home/jiataoding/franco_ros2_franka_ws/install/gravity_compensation:/home/jiataoding/franco_ros2_franka_ws/install/franka_task_pipeline:/home/jiataoding/franco_ros2_franka_ws/install/franka_ros2:/home/jiataoding/franco_ros2_franka_ws/install/franka_bringup:/home/jiataoding/franco_ros2_franka_ws/install/franka_robot_state_broadcaster:/home/jiataoding/franco_ros2_franka_ws/install/franka_example_controllers:/home/jiataoding/franco_ros2_franka_ws/install/franka_semantic_components:/home/jiataoding/franco_ros2_franka_ws/install/franka_gazebo_bringup:/home/jiataoding/franco_ros2_franka_ws/install/franka_ign_ros2_control:/home/jiataoding/franco_ros2_franka_ws/install/franka_fr3_moveit_config:/home/jiataoding/franco_ros2_franka_ws/install/franka_hardware:/home/jiataoding/franco_ros2_franka_ws/install/franka_gripper:/home/jiataoding/franco_ros2_franka_ws/install/franka_msgs:/home/jiataoding/franco_ros2_franka_ws/install/franka_description:/home/jiataoding/franco_ros2_franka_ws/install/cartesian_impedance_controller:/home/jiataoding/franco_ros2_franka_ws/install/effort_controller_base:/home/jiataoding/franco_ros2_franka_ws/install/debug_msg:/opt/openrobots LD_LIBRARY_PATH=/home/jiataoding/franco_ros2_franka_ws/src/install/effort_controller_base/lib:/home/jiataoding/franco_ros2_franka_ws/src/install/debug_msg/lib:/home/jiataoding/franco_ros2_franka_ws/src/install/joint_impedance_controller/lib:/home/jiataoding/franco_ros2_franka_ws/src/install/integration_launch_testing/lib:/home/jiataoding/franco_ros2_franka_ws/src/install/gravity_compensation/lib:/home/jiataoding/franco_ros2_franka_ws/src/install/franka_robot_state_broadcaster/lib:/home/jiataoding/franco_ros2_franka_ws/src/install/franka_example_controllers/lib:/home/jiataoding/franco_ros2_franka_ws/src/install/franka_semantic_components/lib:/home/jiataoding/franco_ros2_franka_ws/src/install/franka_ign_ros2_control/lib:/home/jiataoding/franco_ros2_franka_ws/src/install/franka_hardware/lib:/home/jiataoding/franco_ros2_franka_ws/src/install/franka_gripper/lib:/home/jiataoding/franco_ros2_franka_ws/src/install/franka_msgs/lib:/home/jiataoding/franco_ros2_franka_ws/src/install/cartesian_impedance_controller/lib:/home/jiataoding/libs/onnxruntime-linux-x64-1.21.0/lib:/home/jiataoding/ros2_franka_ws/install/joint_impedance_controller/lib:/home/jiataoding/ros2_franka_ws/install/integration_launch_testing/lib:/home/jiataoding/ros2_franka_ws/install/gravity_compensation/lib:/home/jiataoding/ros2_franka_ws/install/franka_robot_state_broadcaster/lib:/home/jiataoding/ros2_franka_ws/install/franka_example_controllers/lib:/home/jiataoding/ros2_franka_ws/install/franka_semantic_components/lib:/home/jiataoding/ros2_franka_ws/install/franka_ign_ros2_control/lib:/home/jiataoding/ros2_franka_ws/install/franka_hardware/lib:/home/jiataoding/ros2_franka_ws/install/franka_gripper/lib:/home/jiataoding/ros2_franka_ws/install/franka_msgs/lib:/home/jiataoding/ros2_franka_ws/install/cartesian_impedance_controller/lib:/home/jiataoding/ros2_franka_ws/install/effort_controller_base/lib:/home/jiataoding/ros2_franka_ws/install/debug_msg/lib:/home/jiataoding/franco_ros2_franka_ws/install/joint_impedance_controller/lib:/home/jiataoding/franco_ros2_franka_ws/install/integration_launch_testing/lib:/home/jiataoding/franco_ros2_franka_ws/install/gravity_compensation/lib:/home/jiataoding/franco_ros2_franka_ws/install/franka_robot_state_broadcaster/lib:/home/jiataoding/franco_ros2_franka_ws/install/franka_example_controllers/lib:/home/jiataoding/franco_ros2_franka_ws/install/franka_semantic_components/lib:/home/jiataoding/franco_ros2_franka_ws/install/franka_ign_ros2_control/lib:/home/jiataoding/franco_ros2_franka_ws/install/franka_hardware/lib:/home/jiataoding/franco_ros2_franka_ws/install/franka_gripper/lib:/home/jiataoding/franco_ros2_franka_ws/install/franka_msgs/lib:/home/jiataoding/franco_ros2_franka_ws/install/cartesian_impedance_controller/lib:/home/jiataoding/franco_ros2_franka_ws/install/effort_controller_base/lib:/home/jiataoding/franco_ros2_franka_ws/install/debug_msg/lib:/opt/openrobots/lib:/opt/ros/humble/opt/rviz_ogre_vendor/lib:/opt/ros/humble/lib/x86_64-linux-gnu:/opt/ros/humble/lib PKG_CONFIG_PATH=/home/jiataoding/franco_ros2_franka_ws/src/install/effort_controller_base/lib/x86_64-linux-gnu/pkgconfig:/home/jiataoding/franco_ros2_franka_ws/src/install/effort_controller_base/lib/pkgconfig:/home/jiataoding/ros2_franka_ws/install/effort_controller_base/lib/x86_64-linux-gnu/pkgconfig:/home/jiataoding/ros2_franka_ws/install/effort_controller_base/lib/pkgconfig:/home/jiataoding/franco_ros2_franka_ws/install/effort_controller_base/lib/x86_64-linux-gnu/pkgconfig:/home/jiataoding/franco_ros2_franka_ws/install/effort_controller_base/lib/pkgconfig:/opt/openrobots/lib/pkgconfig /usr/bin/cmake --build /home/jiataoding/franco_ros2_franka_ws/src/build/joint_impedance_controller -- -j24 -l24
[0.986s] DEBUG:colcon.colcon_core.event_handler.log_command:Invoking command in '/home/jiataoding/franco_ros2_franka_ws/src/build/franka_hardware': CMAKE_PREFIX_PATH=/home/jiataoding/franco_ros2_franka_ws/src/install/franka_msgs:/home/jiataoding/franco_ros2_franka_ws/src/install/joint_impedance_controller:/home/jiataoding/franco_ros2_franka_ws/src/install/integration_launch_testing:/home/jiataoding/franco_ros2_franka_ws/src/install/idra_franka_launch:/home/jiataoding/franco_ros2_franka_ws/src/install/gravity_compensation:/home/jiataoding/franco_ros2_franka_ws/src/install/franka_task_pipeline:/home/jiataoding/franco_ros2_franka_ws/src/install/franka_ros2:/home/jiataoding/franco_ros2_franka_ws/src/install/franka_bringup:/home/jiataoding/franco_ros2_franka_ws/src/install/franka_robot_state_broadcaster:/home/jiataoding/franco_ros2_franka_ws/src/install/franka_example_controllers:/home/jiataoding/franco_ros2_franka_ws/src/install/franka_semantic_components:/home/jiataoding/franco_ros2_franka_ws/src/install/franka_gazebo_bringup:/home/jiataoding/franco_ros2_franka_ws/src/install/franka_ign_ros2_control:/home/jiataoding/franco_ros2_franka_ws/src/install/franka_fr3_moveit_config:/home/jiataoding/franco_ros2_franka_ws/src/install/franka_hardware:/home/jiataoding/franco_ros2_franka_ws/src/install/franka_gripper:/home/jiataoding/franco_ros2_franka_ws/src/install/franka_description:/home/jiataoding/franco_ros2_franka_ws/src/install/cartesian_impedance_controller:/opt/ros/humble:/home/jiataoding/franco_ros2_franka_ws/src/install/effort_controller_base:/home/jiataoding/franco_ros2_franka_ws/src/install/debug_msg:/home/jiataoding/ros2_franka_ws/install/joint_impedance_controller:/home/jiataoding/ros2_franka_ws/install/integration_launch_testing:/home/jiataoding/ros2_franka_ws/install/idra_franka_launch:/home/jiataoding/ros2_franka_ws/install/gravity_compensation:/home/jiataoding/ros2_franka_ws/install/franka_task_pipeline:/home/jiataoding/ros2_franka_ws/install/franka_ros2:/home/jiataoding/ros2_franka_ws/install/franka_bringup:/home/jiataoding/ros2_franka_ws/install/franka_robot_state_broadcaster:/home/jiataoding/ros2_franka_ws/install/franka_example_controllers:/home/jiataoding/ros2_franka_ws/install/franka_semantic_components:/home/jiataoding/ros2_franka_ws/install/franka_gazebo_bringup:/home/jiataoding/ros2_franka_ws/install/franka_ign_ros2_control:/home/jiataoding/ros2_franka_ws/install/franka_fr3_moveit_config:/home/jiataoding/ros2_franka_ws/install/franka_hardware:/home/jiataoding/ros2_franka_ws/install/franka_gripper:/home/jiataoding/ros2_franka_ws/install/franka_msgs:/home/jiataoding/ros2_franka_ws/install/franka_description:/home/jiataoding/ros2_franka_ws/install/cartesian_impedance_controller:/home/jiataoding/ros2_franka_ws/install/effort_controller_base:/home/jiataoding/ros2_franka_ws/install/debug_msg:/home/jiataoding/franco_ros2_franka_ws/install/joint_impedance_controller:/home/jiataoding/franco_ros2_franka_ws/install/integration_launch_testing:/home/jiataoding/franco_ros2_franka_ws/install/idra_franka_launch:/home/jiataoding/franco_ros2_franka_ws/install/gravity_compensation:/home/jiataoding/franco_ros2_franka_ws/install/franka_task_pipeline:/home/jiataoding/franco_ros2_franka_ws/install/franka_ros2:/home/jiataoding/franco_ros2_franka_ws/install/franka_bringup:/home/jiataoding/franco_ros2_franka_ws/install/franka_robot_state_broadcaster:/home/jiataoding/franco_ros2_franka_ws/install/franka_example_controllers:/home/jiataoding/franco_ros2_franka_ws/install/franka_semantic_components:/home/jiataoding/franco_ros2_franka_ws/install/franka_gazebo_bringup:/home/jiataoding/franco_ros2_franka_ws/install/franka_ign_ros2_control:/home/jiataoding/franco_ros2_franka_ws/install/franka_fr3_moveit_config:/home/jiataoding/franco_ros2_franka_ws/install/franka_hardware:/home/jiataoding/franco_ros2_franka_ws/install/franka_gripper:/home/jiataoding/franco_ros2_franka_ws/install/franka_msgs:/home/jiataoding/franco_ros2_franka_ws/install/franka_description:/home/jiataoding/franco_ros2_franka_ws/install/cartesian_impedance_controller:/home/jiataoding/franco_ros2_franka_ws/install/effort_controller_base:/home/jiataoding/franco_ros2_franka_ws/install/debug_msg:/opt/openrobots LD_LIBRARY_PATH=/home/jiataoding/franco_ros2_franka_ws/src/install/franka_msgs/lib:/home/jiataoding/franco_ros2_franka_ws/src/install/joint_impedance_controller/lib:/home/jiataoding/franco_ros2_franka_ws/src/install/integration_launch_testing/lib:/home/jiataoding/franco_ros2_franka_ws/src/install/gravity_compensation/lib:/home/jiataoding/franco_ros2_franka_ws/src/install/franka_robot_state_broadcaster/lib:/home/jiataoding/franco_ros2_franka_ws/src/install/franka_example_controllers/lib:/home/jiataoding/franco_ros2_franka_ws/src/install/franka_semantic_components/lib:/home/jiataoding/franco_ros2_franka_ws/src/install/franka_ign_ros2_control/lib:/home/jiataoding/franco_ros2_franka_ws/src/install/franka_hardware/lib:/home/jiataoding/franco_ros2_franka_ws/src/install/franka_gripper/lib:/home/jiataoding/franco_ros2_franka_ws/src/install/cartesian_impedance_controller/lib:/home/jiataoding/franco_ros2_franka_ws/src/install/effort_controller_base/lib:/home/jiataoding/franco_ros2_franka_ws/src/install/debug_msg/lib:/home/jiataoding/libs/onnxruntime-linux-x64-1.21.0/lib:/home/jiataoding/ros2_franka_ws/install/joint_impedance_controller/lib:/home/jiataoding/ros2_franka_ws/install/integration_launch_testing/lib:/home/jiataoding/ros2_franka_ws/install/gravity_compensation/lib:/home/jiataoding/ros2_franka_ws/install/franka_robot_state_broadcaster/lib:/home/jiataoding/ros2_franka_ws/install/franka_example_controllers/lib:/home/jiataoding/ros2_franka_ws/install/franka_semantic_components/lib:/home/jiataoding/ros2_franka_ws/install/franka_ign_ros2_control/lib:/home/jiataoding/ros2_franka_ws/install/franka_hardware/lib:/home/jiataoding/ros2_franka_ws/install/franka_gripper/lib:/home/jiataoding/ros2_franka_ws/install/franka_msgs/lib:/home/jiataoding/ros2_franka_ws/install/cartesian_impedance_controller/lib:/home/jiataoding/ros2_franka_ws/install/effort_controller_base/lib:/home/jiataoding/ros2_franka_ws/install/debug_msg/lib:/home/jiataoding/franco_ros2_franka_ws/install/joint_impedance_controller/lib:/home/jiataoding/franco_ros2_franka_ws/install/integration_launch_testing/lib:/home/jiataoding/franco_ros2_franka_ws/install/gravity_compensation/lib:/home/jiataoding/franco_ros2_franka_ws/install/franka_robot_state_broadcaster/lib:/home/jiataoding/franco_ros2_franka_ws/install/franka_example_controllers/lib:/home/jiataoding/franco_ros2_franka_ws/install/franka_semantic_components/lib:/home/jiataoding/franco_ros2_franka_ws/install/franka_ign_ros2_control/lib:/home/jiataoding/franco_ros2_franka_ws/install/franka_hardware/lib:/home/jiataoding/franco_ros2_franka_ws/install/franka_gripper/lib:/home/jiataoding/franco_ros2_franka_ws/install/franka_msgs/lib:/home/jiataoding/franco_ros2_franka_ws/install/cartesian_impedance_controller/lib:/home/jiataoding/franco_ros2_franka_ws/install/effort_controller_base/lib:/home/jiataoding/franco_ros2_franka_ws/install/debug_msg/lib:/opt/openrobots/lib:/opt/ros/humble/opt/rviz_ogre_vendor/lib:/opt/ros/humble/lib/x86_64-linux-gnu:/opt/ros/humble/lib /usr/bin/cmake --build /home/jiataoding/franco_ros2_franka_ws/src/build/franka_hardware -- -j24 -l24
[0.990s] DEBUG:colcon.colcon_core.event_handler.log_command:Invoking command in '/home/jiataoding/franco_ros2_franka_ws/src/build/franka_gripper': CMAKE_PREFIX_PATH=/home/jiataoding/franco_ros2_franka_ws/src/install/franka_msgs:/home/jiataoding/franco_ros2_franka_ws/src/install/joint_impedance_controller:/home/jiataoding/franco_ros2_franka_ws/src/install/integration_launch_testing:/home/jiataoding/franco_ros2_franka_ws/src/install/idra_franka_launch:/home/jiataoding/franco_ros2_franka_ws/src/install/gravity_compensation:/home/jiataoding/franco_ros2_franka_ws/src/install/franka_task_pipeline:/home/jiataoding/franco_ros2_franka_ws/src/install/franka_ros2:/home/jiataoding/franco_ros2_franka_ws/src/install/franka_bringup:/home/jiataoding/franco_ros2_franka_ws/src/install/franka_robot_state_broadcaster:/home/jiataoding/franco_ros2_franka_ws/src/install/franka_example_controllers:/home/jiataoding/franco_ros2_franka_ws/src/install/franka_semantic_components:/home/jiataoding/franco_ros2_franka_ws/src/install/franka_gazebo_bringup:/home/jiataoding/franco_ros2_franka_ws/src/install/franka_ign_ros2_control:/home/jiataoding/franco_ros2_franka_ws/src/install/franka_fr3_moveit_config:/home/jiataoding/franco_ros2_franka_ws/src/install/franka_hardware:/home/jiataoding/franco_ros2_franka_ws/src/install/franka_gripper:/home/jiataoding/franco_ros2_franka_ws/src/install/franka_description:/home/jiataoding/franco_ros2_franka_ws/src/install/cartesian_impedance_controller:/opt/ros/humble:/home/jiataoding/franco_ros2_franka_ws/src/install/effort_controller_base:/home/jiataoding/franco_ros2_franka_ws/src/install/debug_msg:/home/jiataoding/ros2_franka_ws/install/joint_impedance_controller:/home/jiataoding/ros2_franka_ws/install/integration_launch_testing:/home/jiataoding/ros2_franka_ws/install/idra_franka_launch:/home/jiataoding/ros2_franka_ws/install/gravity_compensation:/home/jiataoding/ros2_franka_ws/install/franka_task_pipeline:/home/jiataoding/ros2_franka_ws/install/franka_ros2:/home/jiataoding/ros2_franka_ws/install/franka_bringup:/home/jiataoding/ros2_franka_ws/install/franka_robot_state_broadcaster:/home/jiataoding/ros2_franka_ws/install/franka_example_controllers:/home/jiataoding/ros2_franka_ws/install/franka_semantic_components:/home/jiataoding/ros2_franka_ws/install/franka_gazebo_bringup:/home/jiataoding/ros2_franka_ws/install/franka_ign_ros2_control:/home/jiataoding/ros2_franka_ws/install/franka_fr3_moveit_config:/home/jiataoding/ros2_franka_ws/install/franka_hardware:/home/jiataoding/ros2_franka_ws/install/franka_gripper:/home/jiataoding/ros2_franka_ws/install/franka_msgs:/home/jiataoding/ros2_franka_ws/install/franka_description:/home/jiataoding/ros2_franka_ws/install/cartesian_impedance_controller:/home/jiataoding/ros2_franka_ws/install/effort_controller_base:/home/jiataoding/ros2_franka_ws/install/debug_msg:/home/jiataoding/franco_ros2_franka_ws/install/joint_impedance_controller:/home/jiataoding/franco_ros2_franka_ws/install/integration_launch_testing:/home/jiataoding/franco_ros2_franka_ws/install/idra_franka_launch:/home/jiataoding/franco_ros2_franka_ws/install/gravity_compensation:/home/jiataoding/franco_ros2_franka_ws/install/franka_task_pipeline:/home/jiataoding/franco_ros2_franka_ws/install/franka_ros2:/home/jiataoding/franco_ros2_franka_ws/install/franka_bringup:/home/jiataoding/franco_ros2_franka_ws/install/franka_robot_state_broadcaster:/home/jiataoding/franco_ros2_franka_ws/install/franka_example_controllers:/home/jiataoding/franco_ros2_franka_ws/install/franka_semantic_components:/home/jiataoding/franco_ros2_franka_ws/install/franka_gazebo_bringup:/home/jiataoding/franco_ros2_franka_ws/install/franka_ign_ros2_control:/home/jiataoding/franco_ros2_franka_ws/install/franka_fr3_moveit_config:/home/jiataoding/franco_ros2_franka_ws/install/franka_hardware:/home/jiataoding/franco_ros2_franka_ws/install/franka_gripper:/home/jiataoding/franco_ros2_franka_ws/install/franka_msgs:/home/jiataoding/franco_ros2_franka_ws/install/franka_description:/home/jiataoding/franco_ros2_franka_ws/install/cartesian_impedance_controller:/home/jiataoding/franco_ros2_franka_ws/install/effort_controller_base:/home/jiataoding/franco_ros2_franka_ws/install/debug_msg:/opt/openrobots LD_LIBRARY_PATH=/home/jiataoding/franco_ros2_franka_ws/src/install/franka_msgs/lib:/home/jiataoding/franco_ros2_franka_ws/src/install/joint_impedance_controller/lib:/home/jiataoding/franco_ros2_franka_ws/src/install/integration_launch_testing/lib:/home/jiataoding/franco_ros2_franka_ws/src/install/gravity_compensation/lib:/home/jiataoding/franco_ros2_franka_ws/src/install/franka_robot_state_broadcaster/lib:/home/jiataoding/franco_ros2_franka_ws/src/install/franka_example_controllers/lib:/home/jiataoding/franco_ros2_franka_ws/src/install/franka_semantic_components/lib:/home/jiataoding/franco_ros2_franka_ws/src/install/franka_ign_ros2_control/lib:/home/jiataoding/franco_ros2_franka_ws/src/install/franka_hardware/lib:/home/jiataoding/franco_ros2_franka_ws/src/install/franka_gripper/lib:/home/jiataoding/franco_ros2_franka_ws/src/install/cartesian_impedance_controller/lib:/home/jiataoding/franco_ros2_franka_ws/src/install/effort_controller_base/lib:/home/jiataoding/franco_ros2_franka_ws/src/install/debug_msg/lib:/home/jiataoding/libs/onnxruntime-linux-x64-1.21.0/lib:/home/jiataoding/ros2_franka_ws/install/joint_impedance_controller/lib:/home/jiataoding/ros2_franka_ws/install/integration_launch_testing/lib:/home/jiataoding/ros2_franka_ws/install/gravity_compensation/lib:/home/jiataoding/ros2_franka_ws/install/franka_robot_state_broadcaster/lib:/home/jiataoding/ros2_franka_ws/install/franka_example_controllers/lib:/home/jiataoding/ros2_franka_ws/install/franka_semantic_components/lib:/home/jiataoding/ros2_franka_ws/install/franka_ign_ros2_control/lib:/home/jiataoding/ros2_franka_ws/install/franka_hardware/lib:/home/jiataoding/ros2_franka_ws/install/franka_gripper/lib:/home/jiataoding/ros2_franka_ws/install/franka_msgs/lib:/home/jiataoding/ros2_franka_ws/install/cartesian_impedance_controller/lib:/home/jiataoding/ros2_franka_ws/install/effort_controller_base/lib:/home/jiataoding/ros2_franka_ws/install/debug_msg/lib:/home/jiataoding/franco_ros2_franka_ws/install/joint_impedance_controller/lib:/home/jiataoding/franco_ros2_franka_ws/install/integration_launch_testing/lib:/home/jiataoding/franco_ros2_franka_ws/install/gravity_compensation/lib:/home/jiataoding/franco_ros2_franka_ws/install/franka_robot_state_broadcaster/lib:/home/jiataoding/franco_ros2_franka_ws/install/franka_example_controllers/lib:/home/jiataoding/franco_ros2_franka_ws/install/franka_semantic_components/lib:/home/jiataoding/franco_ros2_franka_ws/install/franka_ign_ros2_control/lib:/home/jiataoding/franco_ros2_franka_ws/install/franka_hardware/lib:/home/jiataoding/franco_ros2_franka_ws/install/franka_gripper/lib:/home/jiataoding/franco_ros2_franka_ws/install/franka_msgs/lib:/home/jiataoding/franco_ros2_franka_ws/install/cartesian_impedance_controller/lib:/home/jiataoding/franco_ros2_franka_ws/install/effort_controller_base/lib:/home/jiataoding/franco_ros2_franka_ws/install/debug_msg/lib:/opt/openrobots/lib:/opt/ros/humble/opt/rviz_ogre_vendor/lib:/opt/ros/humble/lib/x86_64-linux-gnu:/opt/ros/humble/lib /usr/bin/cmake --build /home/jiataoding/franco_ros2_franka_ws/src/build/franka_gripper -- -j24 -l24
[1.094s] DEBUG:colcon.colcon_core.event_handler.log_command:Invoked command in '/home/jiataoding/franco_ros2_franka_ws/src/build/gravity_compensation' returned '0': CMAKE_PREFIX_PATH=/opt/ros/humble:/home/jiataoding/franco_ros2_franka_ws/src/install/effort_controller_base:/home/jiataoding/franco_ros2_franka_ws/src/install/debug_msg:/home/jiataoding/franco_ros2_franka_ws/src/install/joint_impedance_controller:/home/jiataoding/franco_ros2_franka_ws/src/install/integration_launch_testing:/home/jiataoding/franco_ros2_franka_ws/src/install/idra_franka_launch:/home/jiataoding/franco_ros2_franka_ws/src/install/gravity_compensation:/home/jiataoding/franco_ros2_franka_ws/src/install/franka_task_pipeline:/home/jiataoding/franco_ros2_franka_ws/src/install/franka_ros2:/home/jiataoding/franco_ros2_franka_ws/src/install/franka_bringup:/home/jiataoding/franco_ros2_franka_ws/src/install/franka_robot_state_broadcaster:/home/jiataoding/franco_ros2_franka_ws/src/install/franka_example_controllers:/home/jiataoding/franco_ros2_franka_ws/src/install/franka_semantic_components:/home/jiataoding/franco_ros2_franka_ws/src/install/franka_gazebo_bringup:/home/jiataoding/franco_ros2_franka_ws/src/install/franka_ign_ros2_control:/home/jiataoding/franco_ros2_franka_ws/src/install/franka_fr3_moveit_config:/home/jiataoding/franco_ros2_franka_ws/src/install/franka_hardware:/home/jiataoding/franco_ros2_franka_ws/src/install/franka_gripper:/home/jiataoding/franco_ros2_franka_ws/src/install/franka_msgs:/home/jiataoding/franco_ros2_franka_ws/src/install/franka_description:/home/jiataoding/franco_ros2_franka_ws/src/install/cartesian_impedance_controller:/home/jiataoding/ros2_franka_ws/install/joint_impedance_controller:/home/jiataoding/ros2_franka_ws/install/integration_launch_testing:/home/jiataoding/ros2_franka_ws/install/idra_franka_launch:/home/jiataoding/ros2_franka_ws/install/gravity_compensation:/home/jiataoding/ros2_franka_ws/install/franka_task_pipeline:/home/jiataoding/ros2_franka_ws/install/franka_ros2:/home/jiataoding/ros2_franka_ws/install/franka_bringup:/home/jiataoding/ros2_franka_ws/install/franka_robot_state_broadcaster:/home/jiataoding/ros2_franka_ws/install/franka_example_controllers:/home/jiataoding/ros2_franka_ws/install/franka_semantic_components:/home/jiataoding/ros2_franka_ws/install/franka_gazebo_bringup:/home/jiataoding/ros2_franka_ws/install/franka_ign_ros2_control:/home/jiataoding/ros2_franka_ws/install/franka_fr3_moveit_config:/home/jiataoding/ros2_franka_ws/install/franka_hardware:/home/jiataoding/ros2_franka_ws/install/franka_gripper:/home/jiataoding/ros2_franka_ws/install/franka_msgs:/home/jiataoding/ros2_franka_ws/install/franka_description:/home/jiataoding/ros2_franka_ws/install/cartesian_impedance_controller:/home/jiataoding/ros2_franka_ws/install/effort_controller_base:/home/jiataoding/ros2_franka_ws/install/debug_msg:/home/jiataoding/franco_ros2_franka_ws/install/joint_impedance_controller:/home/jiataoding/franco_ros2_franka_ws/install/integration_launch_testing:/home/jiataoding/franco_ros2_franka_ws/install/idra_franka_launch:/home/jiataoding/franco_ros2_franka_ws/install/gravity_compensation:/home/jiataoding/franco_ros2_franka_ws/install/franka_task_pipeline:/home/jiataoding/franco_ros2_franka_ws/install/franka_ros2:/home/jiataoding/franco_ros2_franka_ws/install/franka_bringup:/home/jiataoding/franco_ros2_franka_ws/install/franka_robot_state_broadcaster:/home/jiataoding/franco_ros2_franka_ws/install/franka_example_controllers:/home/jiataoding/franco_ros2_franka_ws/install/franka_semantic_components:/home/jiataoding/franco_ros2_franka_ws/install/franka_gazebo_bringup:/home/jiataoding/franco_ros2_franka_ws/install/franka_ign_ros2_control:/home/jiataoding/franco_ros2_franka_ws/install/franka_fr3_moveit_config:/home/jiataoding/franco_ros2_franka_ws/install/franka_hardware:/home/jiataoding/franco_ros2_franka_ws/install/franka_gripper:/home/jiataoding/franco_ros2_franka_ws/install/franka_msgs:/home/jiataoding/franco_ros2_franka_ws/install/franka_description:/home/jiataoding/franco_ros2_franka_ws/install/cartesian_impedance_controller:/home/jiataoding/franco_ros2_franka_ws/install/effort_controller_base:/home/jiataoding/franco_ros2_franka_ws/install/debug_msg:/opt/openrobots LD_LIBRARY_PATH=/home/jiataoding/franco_ros2_franka_ws/src/install/effort_controller_base/lib:/home/jiataoding/franco_ros2_franka_ws/src/install/debug_msg/lib:/home/jiataoding/franco_ros2_franka_ws/src/install/joint_impedance_controller/lib:/home/jiataoding/franco_ros2_franka_ws/src/install/integration_launch_testing/lib:/home/jiataoding/franco_ros2_franka_ws/src/install/gravity_compensation/lib:/home/jiataoding/franco_ros2_franka_ws/src/install/franka_robot_state_broadcaster/lib:/home/jiataoding/franco_ros2_franka_ws/src/install/franka_example_controllers/lib:/home/jiataoding/franco_ros2_franka_ws/src/install/franka_semantic_components/lib:/home/jiataoding/franco_ros2_franka_ws/src/install/franka_ign_ros2_control/lib:/home/jiataoding/franco_ros2_franka_ws/src/install/franka_hardware/lib:/home/jiataoding/franco_ros2_franka_ws/src/install/franka_gripper/lib:/home/jiataoding/franco_ros2_franka_ws/src/install/franka_msgs/lib:/home/jiataoding/franco_ros2_franka_ws/src/install/cartesian_impedance_controller/lib:/home/jiataoding/libs/onnxruntime-linux-x64-1.21.0/lib:/home/jiataoding/ros2_franka_ws/install/joint_impedance_controller/lib:/home/jiataoding/ros2_franka_ws/install/integration_launch_testing/lib:/home/jiataoding/ros2_franka_ws/install/gravity_compensation/lib:/home/jiataoding/ros2_franka_ws/install/franka_robot_state_broadcaster/lib:/home/jiataoding/ros2_franka_ws/install/franka_example_controllers/lib:/home/jiataoding/ros2_franka_ws/install/franka_semantic_components/lib:/home/jiataoding/ros2_franka_ws/install/franka_ign_ros2_control/lib:/home/jiataoding/ros2_franka_ws/install/franka_hardware/lib:/home/jiataoding/ros2_franka_ws/install/franka_gripper/lib:/home/jiataoding/ros2_franka_ws/install/franka_msgs/lib:/home/jiataoding/ros2_franka_ws/install/cartesian_impedance_controller/lib:/home/jiataoding/ros2_franka_ws/install/effort_controller_base/lib:/home/jiataoding/ros2_franka_ws/install/debug_msg/lib:/home/jiataoding/franco_ros2_franka_ws/install/joint_impedance_controller/lib:/home/jiataoding/franco_ros2_franka_ws/install/integration_launch_testing/lib:/home/jiataoding/franco_ros2_franka_ws/install/gravity_compensation/lib:/home/jiataoding/franco_ros2_franka_ws/install/franka_robot_state_broadcaster/lib:/home/jiataoding/franco_ros2_franka_ws/install/franka_example_controllers/lib:/home/jiataoding/franco_ros2_franka_ws/install/franka_semantic_components/lib:/home/jiataoding/franco_ros2_franka_ws/install/franka_ign_ros2_control/lib:/home/jiataoding/franco_ros2_franka_ws/install/franka_hardware/lib:/home/jiataoding/franco_ros2_franka_ws/install/franka_gripper/lib:/home/jiataoding/franco_ros2_franka_ws/install/franka_msgs/lib:/home/jiataoding/franco_ros2_franka_ws/install/cartesian_impedance_controller/lib:/home/jiataoding/franco_ros2_franka_ws/install/effort_controller_base/lib:/home/jiataoding/franco_ros2_franka_ws/install/debug_msg/lib:/opt/openrobots/lib:/opt/ros/humble/opt/rviz_ogre_vendor/lib:/opt/ros/humble/lib/x86_64-linux-gnu:/opt/ros/humble/lib PKG_CONFIG_PATH=/home/jiataoding/franco_ros2_franka_ws/src/install/effort_controller_base/lib/x86_64-linux-gnu/pkgconfig:/home/jiataoding/franco_ros2_franka_ws/src/install/effort_controller_base/lib/pkgconfig:/home/jiataoding/ros2_franka_ws/install/effort_controller_base/lib/x86_64-linux-gnu/pkgconfig:/home/jiataoding/ros2_franka_ws/install/effort_controller_base/lib/pkgconfig:/home/jiataoding/franco_ros2_franka_ws/install/effort_controller_base/lib/x86_64-linux-gnu/pkgconfig:/home/jiataoding/franco_ros2_franka_ws/install/effort_controller_base/lib/pkgconfig:/opt/openrobots/lib/pkgconfig /usr/bin/cmake --build /home/jiataoding/franco_ros2_franka_ws/src/build/gravity_compensation -- -j24 -l24
[1.096s] DEBUG:colcon.colcon_core.event_handler.log_command:Invoking command in '/home/jiataoding/franco_ros2_franka_ws/src/build/gravity_compensation': CMAKE_PREFIX_PATH=/opt/ros/humble:/home/jiataoding/franco_ros2_franka_ws/src/install/effort_controller_base:/home/jiataoding/franco_ros2_franka_ws/src/install/debug_msg:/home/jiataoding/franco_ros2_franka_ws/src/install/joint_impedance_controller:/home/jiataoding/franco_ros2_franka_ws/src/install/integration_launch_testing:/home/jiataoding/franco_ros2_franka_ws/src/install/idra_franka_launch:/home/jiataoding/franco_ros2_franka_ws/src/install/gravity_compensation:/home/jiataoding/franco_ros2_franka_ws/src/install/franka_task_pipeline:/home/jiataoding/franco_ros2_franka_ws/src/install/franka_ros2:/home/jiataoding/franco_ros2_franka_ws/src/install/franka_bringup:/home/jiataoding/franco_ros2_franka_ws/src/install/franka_robot_state_broadcaster:/home/jiataoding/franco_ros2_franka_ws/src/install/franka_example_controllers:/home/jiataoding/franco_ros2_franka_ws/src/install/franka_semantic_components:/home/jiataoding/franco_ros2_franka_ws/src/install/franka_gazebo_bringup:/home/jiataoding/franco_ros2_franka_ws/src/install/franka_ign_ros2_control:/home/jiataoding/franco_ros2_franka_ws/src/install/franka_fr3_moveit_config:/home/jiataoding/franco_ros2_franka_ws/src/install/franka_hardware:/home/jiataoding/franco_ros2_franka_ws/src/install/franka_gripper:/home/jiataoding/franco_ros2_franka_ws/src/install/franka_msgs:/home/jiataoding/franco_ros2_franka_ws/src/install/franka_description:/home/jiataoding/franco_ros2_franka_ws/src/install/cartesian_impedance_controller:/home/jiataoding/ros2_franka_ws/install/joint_impedance_controller:/home/jiataoding/ros2_franka_ws/install/integration_launch_testing:/home/jiataoding/ros2_franka_ws/install/idra_franka_launch:/home/jiataoding/ros2_franka_ws/install/gravity_compensation:/home/jiataoding/ros2_franka_ws/install/franka_task_pipeline:/home/jiataoding/ros2_franka_ws/install/franka_ros2:/home/jiataoding/ros2_franka_ws/install/franka_bringup:/home/jiataoding/ros2_franka_ws/install/franka_robot_state_broadcaster:/home/jiataoding/ros2_franka_ws/install/franka_example_controllers:/home/jiataoding/ros2_franka_ws/install/franka_semantic_components:/home/jiataoding/ros2_franka_ws/install/franka_gazebo_bringup:/home/jiataoding/ros2_franka_ws/install/franka_ign_ros2_control:/home/jiataoding/ros2_franka_ws/install/franka_fr3_moveit_config:/home/jiataoding/ros2_franka_ws/install/franka_hardware:/home/jiataoding/ros2_franka_ws/install/franka_gripper:/home/jiataoding/ros2_franka_ws/install/franka_msgs:/home/jiataoding/ros2_franka_ws/install/franka_description:/home/jiataoding/ros2_franka_ws/install/cartesian_impedance_controller:/home/jiataoding/ros2_franka_ws/install/effort_controller_base:/home/jiataoding/ros2_franka_ws/install/debug_msg:/home/jiataoding/franco_ros2_franka_ws/install/joint_impedance_controller:/home/jiataoding/franco_ros2_franka_ws/install/integration_launch_testing:/home/jiataoding/franco_ros2_franka_ws/install/idra_franka_launch:/home/jiataoding/franco_ros2_franka_ws/install/gravity_compensation:/home/jiataoding/franco_ros2_franka_ws/install/franka_task_pipeline:/home/jiataoding/franco_ros2_franka_ws/install/franka_ros2:/home/jiataoding/franco_ros2_franka_ws/install/franka_bringup:/home/jiataoding/franco_ros2_franka_ws/install/franka_robot_state_broadcaster:/home/jiataoding/franco_ros2_franka_ws/install/franka_example_controllers:/home/jiataoding/franco_ros2_franka_ws/install/franka_semantic_components:/home/jiataoding/franco_ros2_franka_ws/install/franka_gazebo_bringup:/home/jiataoding/franco_ros2_franka_ws/install/franka_ign_ros2_control:/home/jiataoding/franco_ros2_franka_ws/install/franka_fr3_moveit_config:/home/jiataoding/franco_ros2_franka_ws/install/franka_hardware:/home/jiataoding/franco_ros2_franka_ws/install/franka_gripper:/home/jiataoding/franco_ros2_franka_ws/install/franka_msgs:/home/jiataoding/franco_ros2_franka_ws/install/franka_description:/home/jiataoding/franco_ros2_franka_ws/install/cartesian_impedance_controller:/home/jiataoding/franco_ros2_franka_ws/install/effort_controller_base:/home/jiataoding/franco_ros2_franka_ws/install/debug_msg:/opt/openrobots LD_LIBRARY_PATH=/home/jiataoding/franco_ros2_franka_ws/src/install/effort_controller_base/lib:/home/jiataoding/franco_ros2_franka_ws/src/install/debug_msg/lib:/home/jiataoding/franco_ros2_franka_ws/src/install/joint_impedance_controller/lib:/home/jiataoding/franco_ros2_franka_ws/src/install/integration_launch_testing/lib:/home/jiataoding/franco_ros2_franka_ws/src/install/gravity_compensation/lib:/home/jiataoding/franco_ros2_franka_ws/src/install/franka_robot_state_broadcaster/lib:/home/jiataoding/franco_ros2_franka_ws/src/install/franka_example_controllers/lib:/home/jiataoding/franco_ros2_franka_ws/src/install/franka_semantic_components/lib:/home/jiataoding/franco_ros2_franka_ws/src/install/franka_ign_ros2_control/lib:/home/jiataoding/franco_ros2_franka_ws/src/install/franka_hardware/lib:/home/jiataoding/franco_ros2_franka_ws/src/install/franka_gripper/lib:/home/jiataoding/franco_ros2_franka_ws/src/install/franka_msgs/lib:/home/jiataoding/franco_ros2_franka_ws/src/install/cartesian_impedance_controller/lib:/home/jiataoding/libs/onnxruntime-linux-x64-1.21.0/lib:/home/jiataoding/ros2_franka_ws/install/joint_impedance_controller/lib:/home/jiataoding/ros2_franka_ws/install/integration_launch_testing/lib:/home/jiataoding/ros2_franka_ws/install/gravity_compensation/lib:/home/jiataoding/ros2_franka_ws/install/franka_robot_state_broadcaster/lib:/home/jiataoding/ros2_franka_ws/install/franka_example_controllers/lib:/home/jiataoding/ros2_franka_ws/install/franka_semantic_components/lib:/home/jiataoding/ros2_franka_ws/install/franka_ign_ros2_control/lib:/home/jiataoding/ros2_franka_ws/install/franka_hardware/lib:/home/jiataoding/ros2_franka_ws/install/franka_gripper/lib:/home/jiataoding/ros2_franka_ws/install/franka_msgs/lib:/home/jiataoding/ros2_franka_ws/install/cartesian_impedance_controller/lib:/home/jiataoding/ros2_franka_ws/install/effort_controller_base/lib:/home/jiataoding/ros2_franka_ws/install/debug_msg/lib:/home/jiataoding/franco_ros2_franka_ws/install/joint_impedance_controller/lib:/home/jiataoding/franco_ros2_franka_ws/install/integration_launch_testing/lib:/home/jiataoding/franco_ros2_franka_ws/install/gravity_compensation/lib:/home/jiataoding/franco_ros2_franka_ws/install/franka_robot_state_broadcaster/lib:/home/jiataoding/franco_ros2_franka_ws/install/franka_example_controllers/lib:/home/jiataoding/franco_ros2_franka_ws/install/franka_semantic_components/lib:/home/jiataoding/franco_ros2_franka_ws/install/franka_ign_ros2_control/lib:/home/jiataoding/franco_ros2_franka_ws/install/franka_hardware/lib:/home/jiataoding/franco_ros2_franka_ws/install/franka_gripper/lib:/home/jiataoding/franco_ros2_franka_ws/install/franka_msgs/lib:/home/jiataoding/franco_ros2_franka_ws/install/cartesian_impedance_controller/lib:/home/jiataoding/franco_ros2_franka_ws/install/effort_controller_base/lib:/home/jiataoding/franco_ros2_franka_ws/install/debug_msg/lib:/opt/openrobots/lib:/opt/ros/humble/opt/rviz_ogre_vendor/lib:/opt/ros/humble/lib/x86_64-linux-gnu:/opt/ros/humble/lib PKG_CONFIG_PATH=/home/jiataoding/franco_ros2_franka_ws/src/install/effort_controller_base/lib/x86_64-linux-gnu/pkgconfig:/home/jiataoding/franco_ros2_franka_ws/src/install/effort_controller_base/lib/pkgconfig:/home/jiataoding/ros2_franka_ws/install/effort_controller_base/lib/x86_64-linux-gnu/pkgconfig:/home/jiataoding/ros2_franka_ws/install/effort_controller_base/lib/pkgconfig:/home/jiataoding/franco_ros2_franka_ws/install/effort_controller_base/lib/x86_64-linux-gnu/pkgconfig:/home/jiataoding/franco_ros2_franka_ws/install/effort_controller_base/lib/pkgconfig:/opt/openrobots/lib/pkgconfig /usr/bin/cmake --install /home/jiataoding/franco_ros2_franka_ws/src/build/gravity_compensation
[1.099s] DEBUG:colcon.colcon_core.event_handler.log_command:Invoked command in '/home/jiataoding/franco_ros2_franka_ws/src/build/joint_impedance_controller' returned '0': CMAKE_PREFIX_PATH=/opt/ros/humble:/home/jiataoding/franco_ros2_franka_ws/src/install/effort_controller_base:/home/jiataoding/franco_ros2_franka_ws/src/install/debug_msg:/home/jiataoding/franco_ros2_franka_ws/src/install/joint_impedance_controller:/home/jiataoding/franco_ros2_franka_ws/src/install/integration_launch_testing:/home/jiataoding/franco_ros2_franka_ws/src/install/idra_franka_launch:/home/jiataoding/franco_ros2_franka_ws/src/install/gravity_compensation:/home/jiataoding/franco_ros2_franka_ws/src/install/franka_task_pipeline:/home/jiataoding/franco_ros2_franka_ws/src/install/franka_ros2:/home/jiataoding/franco_ros2_franka_ws/src/install/franka_bringup:/home/jiataoding/franco_ros2_franka_ws/src/install/franka_robot_state_broadcaster:/home/jiataoding/franco_ros2_franka_ws/src/install/franka_example_controllers:/home/jiataoding/franco_ros2_franka_ws/src/install/franka_semantic_components:/home/jiataoding/franco_ros2_franka_ws/src/install/franka_gazebo_bringup:/home/jiataoding/franco_ros2_franka_ws/src/install/franka_ign_ros2_control:/home/jiataoding/franco_ros2_franka_ws/src/install/franka_fr3_moveit_config:/home/jiataoding/franco_ros2_franka_ws/src/install/franka_hardware:/home/jiataoding/franco_ros2_franka_ws/src/install/franka_gripper:/home/jiataoding/franco_ros2_franka_ws/src/install/franka_msgs:/home/jiataoding/franco_ros2_franka_ws/src/install/franka_description:/home/jiataoding/franco_ros2_franka_ws/src/install/cartesian_impedance_controller:/home/jiataoding/ros2_franka_ws/install/joint_impedance_controller:/home/jiataoding/ros2_franka_ws/install/integration_launch_testing:/home/jiataoding/ros2_franka_ws/install/idra_franka_launch:/home/jiataoding/ros2_franka_ws/install/gravity_compensation:/home/jiataoding/ros2_franka_ws/install/franka_task_pipeline:/home/jiataoding/ros2_franka_ws/install/franka_ros2:/home/jiataoding/ros2_franka_ws/install/franka_bringup:/home/jiataoding/ros2_franka_ws/install/franka_robot_state_broadcaster:/home/jiataoding/ros2_franka_ws/install/franka_example_controllers:/home/jiataoding/ros2_franka_ws/install/franka_semantic_components:/home/jiataoding/ros2_franka_ws/install/franka_gazebo_bringup:/home/jiataoding/ros2_franka_ws/install/franka_ign_ros2_control:/home/jiataoding/ros2_franka_ws/install/franka_fr3_moveit_config:/home/jiataoding/ros2_franka_ws/install/franka_hardware:/home/jiataoding/ros2_franka_ws/install/franka_gripper:/home/jiataoding/ros2_franka_ws/install/franka_msgs:/home/jiataoding/ros2_franka_ws/install/franka_description:/home/jiataoding/ros2_franka_ws/install/cartesian_impedance_controller:/home/jiataoding/ros2_franka_ws/install/effort_controller_base:/home/jiataoding/ros2_franka_ws/install/debug_msg:/home/jiataoding/franco_ros2_franka_ws/install/joint_impedance_controller:/home/jiataoding/franco_ros2_franka_ws/install/integration_launch_testing:/home/jiataoding/franco_ros2_franka_ws/install/idra_franka_launch:/home/jiataoding/franco_ros2_franka_ws/install/gravity_compensation:/home/jiataoding/franco_ros2_franka_ws/install/franka_task_pipeline:/home/jiataoding/franco_ros2_franka_ws/install/franka_ros2:/home/jiataoding/franco_ros2_franka_ws/install/franka_bringup:/home/jiataoding/franco_ros2_franka_ws/install/franka_robot_state_broadcaster:/home/jiataoding/franco_ros2_franka_ws/install/franka_example_controllers:/home/jiataoding/franco_ros2_franka_ws/install/franka_semantic_components:/home/jiataoding/franco_ros2_franka_ws/install/franka_gazebo_bringup:/home/jiataoding/franco_ros2_franka_ws/install/franka_ign_ros2_control:/home/jiataoding/franco_ros2_franka_ws/install/franka_fr3_moveit_config:/home/jiataoding/franco_ros2_franka_ws/install/franka_hardware:/home/jiataoding/franco_ros2_franka_ws/install/franka_gripper:/home/jiataoding/franco_ros2_franka_ws/install/franka_msgs:/home/jiataoding/franco_ros2_franka_ws/install/franka_description:/home/jiataoding/franco_ros2_franka_ws/install/cartesian_impedance_controller:/home/jiataoding/franco_ros2_franka_ws/install/effort_controller_base:/home/jiataoding/franco_ros2_franka_ws/install/debug_msg:/opt/openrobots LD_LIBRARY_PATH=/home/jiataoding/franco_ros2_franka_ws/src/install/effort_controller_base/lib:/home/jiataoding/franco_ros2_franka_ws/src/install/debug_msg/lib:/home/jiataoding/franco_ros2_franka_ws/src/install/joint_impedance_controller/lib:/home/jiataoding/franco_ros2_franka_ws/src/install/integration_launch_testing/lib:/home/jiataoding/franco_ros2_franka_ws/src/install/gravity_compensation/lib:/home/jiataoding/franco_ros2_franka_ws/src/install/franka_robot_state_broadcaster/lib:/home/jiataoding/franco_ros2_franka_ws/src/install/franka_example_controllers/lib:/home/jiataoding/franco_ros2_franka_ws/src/install/franka_semantic_components/lib:/home/jiataoding/franco_ros2_franka_ws/src/install/franka_ign_ros2_control/lib:/home/jiataoding/franco_ros2_franka_ws/src/install/franka_hardware/lib:/home/jiataoding/franco_ros2_franka_ws/src/install/franka_gripper/lib:/home/jiataoding/franco_ros2_franka_ws/src/install/franka_msgs/lib:/home/jiataoding/franco_ros2_franka_ws/src/install/cartesian_impedance_controller/lib:/home/jiataoding/libs/onnxruntime-linux-x64-1.21.0/lib:/home/jiataoding/ros2_franka_ws/install/joint_impedance_controller/lib:/home/jiataoding/ros2_franka_ws/install/integration_launch_testing/lib:/home/jiataoding/ros2_franka_ws/install/gravity_compensation/lib:/home/jiataoding/ros2_franka_ws/install/franka_robot_state_broadcaster/lib:/home/jiataoding/ros2_franka_ws/install/franka_example_controllers/lib:/home/jiataoding/ros2_franka_ws/install/franka_semantic_components/lib:/home/jiataoding/ros2_franka_ws/install/franka_ign_ros2_control/lib:/home/jiataoding/ros2_franka_ws/install/franka_hardware/lib:/home/jiataoding/ros2_franka_ws/install/franka_gripper/lib:/home/jiataoding/ros2_franka_ws/install/franka_msgs/lib:/home/jiataoding/ros2_franka_ws/install/cartesian_impedance_controller/lib:/home/jiataoding/ros2_franka_ws/install/effort_controller_base/lib:/home/jiataoding/ros2_franka_ws/install/debug_msg/lib:/home/jiataoding/franco_ros2_franka_ws/install/joint_impedance_controller/lib:/home/jiataoding/franco_ros2_franka_ws/install/integration_launch_testing/lib:/home/jiataoding/franco_ros2_franka_ws/install/gravity_compensation/lib:/home/jiataoding/franco_ros2_franka_ws/install/franka_robot_state_broadcaster/lib:/home/jiataoding/franco_ros2_franka_ws/install/franka_example_controllers/lib:/home/jiataoding/franco_ros2_franka_ws/install/franka_semantic_components/lib:/home/jiataoding/franco_ros2_franka_ws/install/franka_ign_ros2_control/lib:/home/jiataoding/franco_ros2_franka_ws/install/franka_hardware/lib:/home/jiataoding/franco_ros2_franka_ws/install/franka_gripper/lib:/home/jiataoding/franco_ros2_franka_ws/install/franka_msgs/lib:/home/jiataoding/franco_ros2_franka_ws/install/cartesian_impedance_controller/lib:/home/jiataoding/franco_ros2_franka_ws/install/effort_controller_base/lib:/home/jiataoding/franco_ros2_franka_ws/install/debug_msg/lib:/opt/openrobots/lib:/opt/ros/humble/opt/rviz_ogre_vendor/lib:/opt/ros/humble/lib/x86_64-linux-gnu:/opt/ros/humble/lib PKG_CONFIG_PATH=/home/jiataoding/franco_ros2_franka_ws/src/install/effort_controller_base/lib/x86_64-linux-gnu/pkgconfig:/home/jiataoding/franco_ros2_franka_ws/src/install/effort_controller_base/lib/pkgconfig:/home/jiataoding/ros2_franka_ws/install/effort_controller_base/lib/x86_64-linux-gnu/pkgconfig:/home/jiataoding/ros2_franka_ws/install/effort_controller_base/lib/pkgconfig:/home/jiataoding/franco_ros2_franka_ws/install/effort_controller_base/lib/x86_64-linux-gnu/pkgconfig:/home/jiataoding/franco_ros2_franka_ws/install/effort_controller_base/lib/pkgconfig:/opt/openrobots/lib/pkgconfig /usr/bin/cmake --build /home/jiataoding/franco_ros2_franka_ws/src/build/joint_impedance_controller -- -j24 -l24
[1.102s] DEBUG:colcon.colcon_core.event_handler.log_command:Invoking command in '/home/jiataoding/franco_ros2_franka_ws/src/build/joint_impedance_controller': CMAKE_PREFIX_PATH=/opt/ros/humble:/home/jiataoding/franco_ros2_franka_ws/src/install/effort_controller_base:/home/jiataoding/franco_ros2_franka_ws/src/install/debug_msg:/home/jiataoding/franco_ros2_franka_ws/src/install/joint_impedance_controller:/home/jiataoding/franco_ros2_franka_ws/src/install/integration_launch_testing:/home/jiataoding/franco_ros2_franka_ws/src/install/idra_franka_launch:/home/jiataoding/franco_ros2_franka_ws/src/install/gravity_compensation:/home/jiataoding/franco_ros2_franka_ws/src/install/franka_task_pipeline:/home/jiataoding/franco_ros2_franka_ws/src/install/franka_ros2:/home/jiataoding/franco_ros2_franka_ws/src/install/franka_bringup:/home/jiataoding/franco_ros2_franka_ws/src/install/franka_robot_state_broadcaster:/home/jiataoding/franco_ros2_franka_ws/src/install/franka_example_controllers:/home/jiataoding/franco_ros2_franka_ws/src/install/franka_semantic_components:/home/jiataoding/franco_ros2_franka_ws/src/install/franka_gazebo_bringup:/home/jiataoding/franco_ros2_franka_ws/src/install/franka_ign_ros2_control:/home/jiataoding/franco_ros2_franka_ws/src/install/franka_fr3_moveit_config:/home/jiataoding/franco_ros2_franka_ws/src/install/franka_hardware:/home/jiataoding/franco_ros2_franka_ws/src/install/franka_gripper:/home/jiataoding/franco_ros2_franka_ws/src/install/franka_msgs:/home/jiataoding/franco_ros2_franka_ws/src/install/franka_description:/home/jiataoding/franco_ros2_franka_ws/src/install/cartesian_impedance_controller:/home/jiataoding/ros2_franka_ws/install/joint_impedance_controller:/home/jiataoding/ros2_franka_ws/install/integration_launch_testing:/home/jiataoding/ros2_franka_ws/install/idra_franka_launch:/home/jiataoding/ros2_franka_ws/install/gravity_compensation:/home/jiataoding/ros2_franka_ws/install/franka_task_pipeline:/home/jiataoding/ros2_franka_ws/install/franka_ros2:/home/jiataoding/ros2_franka_ws/install/franka_bringup:/home/jiataoding/ros2_franka_ws/install/franka_robot_state_broadcaster:/home/jiataoding/ros2_franka_ws/install/franka_example_controllers:/home/jiataoding/ros2_franka_ws/install/franka_semantic_components:/home/jiataoding/ros2_franka_ws/install/franka_gazebo_bringup:/home/jiataoding/ros2_franka_ws/install/franka_ign_ros2_control:/home/jiataoding/ros2_franka_ws/install/franka_fr3_moveit_config:/home/jiataoding/ros2_franka_ws/install/franka_hardware:/home/jiataoding/ros2_franka_ws/install/franka_gripper:/home/jiataoding/ros2_franka_ws/install/franka_msgs:/home/jiataoding/ros2_franka_ws/install/franka_description:/home/jiataoding/ros2_franka_ws/install/cartesian_impedance_controller:/home/jiataoding/ros2_franka_ws/install/effort_controller_base:/home/jiataoding/ros2_franka_ws/install/debug_msg:/home/jiataoding/franco_ros2_franka_ws/install/joint_impedance_controller:/home/jiataoding/franco_ros2_franka_ws/install/integration_launch_testing:/home/jiataoding/franco_ros2_franka_ws/install/idra_franka_launch:/home/jiataoding/franco_ros2_franka_ws/install/gravity_compensation:/home/jiataoding/franco_ros2_franka_ws/install/franka_task_pipeline:/home/jiataoding/franco_ros2_franka_ws/install/franka_ros2:/home/jiataoding/franco_ros2_franka_ws/install/franka_bringup:/home/jiataoding/franco_ros2_franka_ws/install/franka_robot_state_broadcaster:/home/jiataoding/franco_ros2_franka_ws/install/franka_example_controllers:/home/jiataoding/franco_ros2_franka_ws/install/franka_semantic_components:/home/jiataoding/franco_ros2_franka_ws/install/franka_gazebo_bringup:/home/jiataoding/franco_ros2_franka_ws/install/franka_ign_ros2_control:/home/jiataoding/franco_ros2_franka_ws/install/franka_fr3_moveit_config:/home/jiataoding/franco_ros2_franka_ws/install/franka_hardware:/home/jiataoding/franco_ros2_franka_ws/install/franka_gripper:/home/jiataoding/franco_ros2_franka_ws/install/franka_msgs:/home/jiataoding/franco_ros2_franka_ws/install/franka_description:/home/jiataoding/franco_ros2_franka_ws/install/cartesian_impedance_controller:/home/jiataoding/franco_ros2_franka_ws/install/effort_controller_base:/home/jiataoding/franco_ros2_franka_ws/install/debug_msg:/opt/openrobots LD_LIBRARY_PATH=/home/jiataoding/franco_ros2_franka_ws/src/install/effort_controller_base/lib:/home/jiataoding/franco_ros2_franka_ws/src/install/debug_msg/lib:/home/jiataoding/franco_ros2_franka_ws/src/install/joint_impedance_controller/lib:/home/jiataoding/franco_ros2_franka_ws/src/install/integration_launch_testing/lib:/home/jiataoding/franco_ros2_franka_ws/src/install/gravity_compensation/lib:/home/jiataoding/franco_ros2_franka_ws/src/install/franka_robot_state_broadcaster/lib:/home/jiataoding/franco_ros2_franka_ws/src/install/franka_example_controllers/lib:/home/jiataoding/franco_ros2_franka_ws/src/install/franka_semantic_components/lib:/home/jiataoding/franco_ros2_franka_ws/src/install/franka_ign_ros2_control/lib:/home/jiataoding/franco_ros2_franka_ws/src/install/franka_hardware/lib:/home/jiataoding/franco_ros2_franka_ws/src/install/franka_gripper/lib:/home/jiataoding/franco_ros2_franka_ws/src/install/franka_msgs/lib:/home/jiataoding/franco_ros2_franka_ws/src/install/cartesian_impedance_controller/lib:/home/jiataoding/libs/onnxruntime-linux-x64-1.21.0/lib:/home/jiataoding/ros2_franka_ws/install/joint_impedance_controller/lib:/home/jiataoding/ros2_franka_ws/install/integration_launch_testing/lib:/home/jiataoding/ros2_franka_ws/install/gravity_compensation/lib:/home/jiataoding/ros2_franka_ws/install/franka_robot_state_broadcaster/lib:/home/jiataoding/ros2_franka_ws/install/franka_example_controllers/lib:/home/jiataoding/ros2_franka_ws/install/franka_semantic_components/lib:/home/jiataoding/ros2_franka_ws/install/franka_ign_ros2_control/lib:/home/jiataoding/ros2_franka_ws/install/franka_hardware/lib:/home/jiataoding/ros2_franka_ws/install/franka_gripper/lib:/home/jiataoding/ros2_franka_ws/install/franka_msgs/lib:/home/jiataoding/ros2_franka_ws/install/cartesian_impedance_controller/lib:/home/jiataoding/ros2_franka_ws/install/effort_controller_base/lib:/home/jiataoding/ros2_franka_ws/install/debug_msg/lib:/home/jiataoding/franco_ros2_franka_ws/install/joint_impedance_controller/lib:/home/jiataoding/franco_ros2_franka_ws/install/integration_launch_testing/lib:/home/jiataoding/franco_ros2_franka_ws/install/gravity_compensation/lib:/home/jiataoding/franco_ros2_franka_ws/install/franka_robot_state_broadcaster/lib:/home/jiataoding/franco_ros2_franka_ws/install/franka_example_controllers/lib:/home/jiataoding/franco_ros2_franka_ws/install/franka_semantic_components/lib:/home/jiataoding/franco_ros2_franka_ws/install/franka_ign_ros2_control/lib:/home/jiataoding/franco_ros2_franka_ws/install/franka_hardware/lib:/home/jiataoding/franco_ros2_franka_ws/install/franka_gripper/lib:/home/jiataoding/franco_ros2_franka_ws/install/franka_msgs/lib:/home/jiataoding/franco_ros2_franka_ws/install/cartesian_impedance_controller/lib:/home/jiataoding/franco_ros2_franka_ws/install/effort_controller_base/lib:/home/jiataoding/franco_ros2_franka_ws/install/debug_msg/lib:/opt/openrobots/lib:/opt/ros/humble/opt/rviz_ogre_vendor/lib:/opt/ros/humble/lib/x86_64-linux-gnu:/opt/ros/humble/lib PKG_CONFIG_PATH=/home/jiataoding/franco_ros2_franka_ws/src/install/effort_controller_base/lib/x86_64-linux-gnu/pkgconfig:/home/jiataoding/franco_ros2_franka_ws/src/install/effort_controller_base/lib/pkgconfig:/home/jiataoding/ros2_franka_ws/install/effort_controller_base/lib/x86_64-linux-gnu/pkgconfig:/home/jiataoding/ros2_franka_ws/install/effort_controller_base/lib/pkgconfig:/home/jiataoding/franco_ros2_franka_ws/install/effort_controller_base/lib/x86_64-linux-gnu/pkgconfig:/home/jiataoding/franco_ros2_franka_ws/install/effort_controller_base/lib/pkgconfig:/opt/openrobots/lib/pkgconfig /usr/bin/cmake --install /home/jiataoding/franco_ros2_franka_ws/src/build/joint_impedance_controller
[1.105s] DEBUG:colcon.colcon_core.event_handler.log_command:Invoked command in '/home/jiataoding/franco_ros2_franka_ws/src/build/cartesian_impedance_controller' returned '0': CMAKE_PREFIX_PATH=/opt/ros/humble:/home/jiataoding/franco_ros2_franka_ws/src/install/effort_controller_base:/home/jiataoding/franco_ros2_franka_ws/src/install/debug_msg:/home/jiataoding/franco_ros2_franka_ws/src/install/joint_impedance_controller:/home/jiataoding/franco_ros2_franka_ws/src/install/integration_launch_testing:/home/jiataoding/franco_ros2_franka_ws/src/install/idra_franka_launch:/home/jiataoding/franco_ros2_franka_ws/src/install/gravity_compensation:/home/jiataoding/franco_ros2_franka_ws/src/install/franka_task_pipeline:/home/jiataoding/franco_ros2_franka_ws/src/install/franka_ros2:/home/jiataoding/franco_ros2_franka_ws/src/install/franka_bringup:/home/jiataoding/franco_ros2_franka_ws/src/install/franka_robot_state_broadcaster:/home/jiataoding/franco_ros2_franka_ws/src/install/franka_example_controllers:/home/jiataoding/franco_ros2_franka_ws/src/install/franka_semantic_components:/home/jiataoding/franco_ros2_franka_ws/src/install/franka_gazebo_bringup:/home/jiataoding/franco_ros2_franka_ws/src/install/franka_ign_ros2_control:/home/jiataoding/franco_ros2_franka_ws/src/install/franka_fr3_moveit_config:/home/jiataoding/franco_ros2_franka_ws/src/install/franka_hardware:/home/jiataoding/franco_ros2_franka_ws/src/install/franka_gripper:/home/jiataoding/franco_ros2_franka_ws/src/install/franka_msgs:/home/jiataoding/franco_ros2_franka_ws/src/install/franka_description:/home/jiataoding/franco_ros2_franka_ws/src/install/cartesian_impedance_controller:/home/jiataoding/ros2_franka_ws/install/joint_impedance_controller:/home/jiataoding/ros2_franka_ws/install/integration_launch_testing:/home/jiataoding/ros2_franka_ws/install/idra_franka_launch:/home/jiataoding/ros2_franka_ws/install/gravity_compensation:/home/jiataoding/ros2_franka_ws/install/franka_task_pipeline:/home/jiataoding/ros2_franka_ws/install/franka_ros2:/home/jiataoding/ros2_franka_ws/install/franka_bringup:/home/jiataoding/ros2_franka_ws/install/franka_robot_state_broadcaster:/home/jiataoding/ros2_franka_ws/install/franka_example_controllers:/home/jiataoding/ros2_franka_ws/install/franka_semantic_components:/home/jiataoding/ros2_franka_ws/install/franka_gazebo_bringup:/home/jiataoding/ros2_franka_ws/install/franka_ign_ros2_control:/home/jiataoding/ros2_franka_ws/install/franka_fr3_moveit_config:/home/jiataoding/ros2_franka_ws/install/franka_hardware:/home/jiataoding/ros2_franka_ws/install/franka_gripper:/home/jiataoding/ros2_franka_ws/install/franka_msgs:/home/jiataoding/ros2_franka_ws/install/franka_description:/home/jiataoding/ros2_franka_ws/install/cartesian_impedance_controller:/home/jiataoding/ros2_franka_ws/install/effort_controller_base:/home/jiataoding/ros2_franka_ws/install/debug_msg:/home/jiataoding/franco_ros2_franka_ws/install/joint_impedance_controller:/home/jiataoding/franco_ros2_franka_ws/install/integration_launch_testing:/home/jiataoding/franco_ros2_franka_ws/install/idra_franka_launch:/home/jiataoding/franco_ros2_franka_ws/install/gravity_compensation:/home/jiataoding/franco_ros2_franka_ws/install/franka_task_pipeline:/home/jiataoding/franco_ros2_franka_ws/install/franka_ros2:/home/jiataoding/franco_ros2_franka_ws/install/franka_bringup:/home/jiataoding/franco_ros2_franka_ws/install/franka_robot_state_broadcaster:/home/jiataoding/franco_ros2_franka_ws/install/franka_example_controllers:/home/jiataoding/franco_ros2_franka_ws/install/franka_semantic_components:/home/jiataoding/franco_ros2_franka_ws/install/franka_gazebo_bringup:/home/jiataoding/franco_ros2_franka_ws/install/franka_ign_ros2_control:/home/jiataoding/franco_ros2_franka_ws/install/franka_fr3_moveit_config:/home/jiataoding/franco_ros2_franka_ws/install/franka_hardware:/home/jiataoding/franco_ros2_franka_ws/install/franka_gripper:/home/jiataoding/franco_ros2_franka_ws/install/franka_msgs:/home/jiataoding/franco_ros2_franka_ws/install/franka_description:/home/jiataoding/franco_ros2_franka_ws/install/cartesian_impedance_controller:/home/jiataoding/franco_ros2_franka_ws/install/effort_controller_base:/home/jiataoding/franco_ros2_franka_ws/install/debug_msg:/opt/openrobots LD_LIBRARY_PATH=/home/jiataoding/franco_ros2_franka_ws/src/install/effort_controller_base/lib:/home/jiataoding/franco_ros2_franka_ws/src/install/debug_msg/lib:/home/jiataoding/franco_ros2_franka_ws/src/install/joint_impedance_controller/lib:/home/jiataoding/franco_ros2_franka_ws/src/install/integration_launch_testing/lib:/home/jiataoding/franco_ros2_franka_ws/src/install/gravity_compensation/lib:/home/jiataoding/franco_ros2_franka_ws/src/install/franka_robot_state_broadcaster/lib:/home/jiataoding/franco_ros2_franka_ws/src/install/franka_example_controllers/lib:/home/jiataoding/franco_ros2_franka_ws/src/install/franka_semantic_components/lib:/home/jiataoding/franco_ros2_franka_ws/src/install/franka_ign_ros2_control/lib:/home/jiataoding/franco_ros2_franka_ws/src/install/franka_hardware/lib:/home/jiataoding/franco_ros2_franka_ws/src/install/franka_gripper/lib:/home/jiataoding/franco_ros2_franka_ws/src/install/franka_msgs/lib:/home/jiataoding/franco_ros2_franka_ws/src/install/cartesian_impedance_controller/lib:/home/jiataoding/libs/onnxruntime-linux-x64-1.21.0/lib:/home/jiataoding/ros2_franka_ws/install/joint_impedance_controller/lib:/home/jiataoding/ros2_franka_ws/install/integration_launch_testing/lib:/home/jiataoding/ros2_franka_ws/install/gravity_compensation/lib:/home/jiataoding/ros2_franka_ws/install/franka_robot_state_broadcaster/lib:/home/jiataoding/ros2_franka_ws/install/franka_example_controllers/lib:/home/jiataoding/ros2_franka_ws/install/franka_semantic_components/lib:/home/jiataoding/ros2_franka_ws/install/franka_ign_ros2_control/lib:/home/jiataoding/ros2_franka_ws/install/franka_hardware/lib:/home/jiataoding/ros2_franka_ws/install/franka_gripper/lib:/home/jiataoding/ros2_franka_ws/install/franka_msgs/lib:/home/jiataoding/ros2_franka_ws/install/cartesian_impedance_controller/lib:/home/jiataoding/ros2_franka_ws/install/effort_controller_base/lib:/home/jiataoding/ros2_franka_ws/install/debug_msg/lib:/home/jiataoding/franco_ros2_franka_ws/install/joint_impedance_controller/lib:/home/jiataoding/franco_ros2_franka_ws/install/integration_launch_testing/lib:/home/jiataoding/franco_ros2_franka_ws/install/gravity_compensation/lib:/home/jiataoding/franco_ros2_franka_ws/install/franka_robot_state_broadcaster/lib:/home/jiataoding/franco_ros2_franka_ws/install/franka_example_controllers/lib:/home/jiataoding/franco_ros2_franka_ws/install/franka_semantic_components/lib:/home/jiataoding/franco_ros2_franka_ws/install/franka_ign_ros2_control/lib:/home/jiataoding/franco_ros2_franka_ws/install/franka_hardware/lib:/home/jiataoding/franco_ros2_franka_ws/install/franka_gripper/lib:/home/jiataoding/franco_ros2_franka_ws/install/franka_msgs/lib:/home/jiataoding/franco_ros2_franka_ws/install/cartesian_impedance_controller/lib:/home/jiataoding/franco_ros2_franka_ws/install/effort_controller_base/lib:/home/jiataoding/franco_ros2_franka_ws/install/debug_msg/lib:/opt/openrobots/lib:/opt/ros/humble/opt/rviz_ogre_vendor/lib:/opt/ros/humble/lib/x86_64-linux-gnu:/opt/ros/humble/lib PKG_CONFIG_PATH=/home/jiataoding/franco_ros2_franka_ws/src/install/effort_controller_base/lib/x86_64-linux-gnu/pkgconfig:/home/jiataoding/franco_ros2_franka_ws/src/install/effort_controller_base/lib/pkgconfig:/home/jiataoding/ros2_franka_ws/install/effort_controller_base/lib/x86_64-linux-gnu/pkgconfig:/home/jiataoding/ros2_franka_ws/install/effort_controller_base/lib/pkgconfig:/home/jiataoding/franco_ros2_franka_ws/install/effort_controller_base/lib/x86_64-linux-gnu/pkgconfig:/home/jiataoding/franco_ros2_franka_ws/install/effort_controller_base/lib/pkgconfig:/opt/openrobots/lib/pkgconfig /usr/bin/cmake --build /home/jiataoding/franco_ros2_franka_ws/src/build/cartesian_impedance_controller -- -j24 -l24
[1.107s] DEBUG:colcon.colcon_core.event_handler.log_command:Invoking command in '/home/jiataoding/franco_ros2_franka_ws/src/build/cartesian_impedance_controller': CMAKE_PREFIX_PATH=/opt/ros/humble:/home/jiataoding/franco_ros2_franka_ws/src/install/effort_controller_base:/home/jiataoding/franco_ros2_franka_ws/src/install/debug_msg:/home/jiataoding/franco_ros2_franka_ws/src/install/joint_impedance_controller:/home/jiataoding/franco_ros2_franka_ws/src/install/integration_launch_testing:/home/jiataoding/franco_ros2_franka_ws/src/install/idra_franka_launch:/home/jiataoding/franco_ros2_franka_ws/src/install/gravity_compensation:/home/jiataoding/franco_ros2_franka_ws/src/install/franka_task_pipeline:/home/jiataoding/franco_ros2_franka_ws/src/install/franka_ros2:/home/jiataoding/franco_ros2_franka_ws/src/install/franka_bringup:/home/jiataoding/franco_ros2_franka_ws/src/install/franka_robot_state_broadcaster:/home/jiataoding/franco_ros2_franka_ws/src/install/franka_example_controllers:/home/jiataoding/franco_ros2_franka_ws/src/install/franka_semantic_components:/home/jiataoding/franco_ros2_franka_ws/src/install/franka_gazebo_bringup:/home/jiataoding/franco_ros2_franka_ws/src/install/franka_ign_ros2_control:/home/jiataoding/franco_ros2_franka_ws/src/install/franka_fr3_moveit_config:/home/jiataoding/franco_ros2_franka_ws/src/install/franka_hardware:/home/jiataoding/franco_ros2_franka_ws/src/install/franka_gripper:/home/jiataoding/franco_ros2_franka_ws/src/install/franka_msgs:/home/jiataoding/franco_ros2_franka_ws/src/install/franka_description:/home/jiataoding/franco_ros2_franka_ws/src/install/cartesian_impedance_controller:/home/jiataoding/ros2_franka_ws/install/joint_impedance_controller:/home/jiataoding/ros2_franka_ws/install/integration_launch_testing:/home/jiataoding/ros2_franka_ws/install/idra_franka_launch:/home/jiataoding/ros2_franka_ws/install/gravity_compensation:/home/jiataoding/ros2_franka_ws/install/franka_task_pipeline:/home/jiataoding/ros2_franka_ws/install/franka_ros2:/home/jiataoding/ros2_franka_ws/install/franka_bringup:/home/jiataoding/ros2_franka_ws/install/franka_robot_state_broadcaster:/home/jiataoding/ros2_franka_ws/install/franka_example_controllers:/home/jiataoding/ros2_franka_ws/install/franka_semantic_components:/home/jiataoding/ros2_franka_ws/install/franka_gazebo_bringup:/home/jiataoding/ros2_franka_ws/install/franka_ign_ros2_control:/home/jiataoding/ros2_franka_ws/install/franka_fr3_moveit_config:/home/jiataoding/ros2_franka_ws/install/franka_hardware:/home/jiataoding/ros2_franka_ws/install/franka_gripper:/home/jiataoding/ros2_franka_ws/install/franka_msgs:/home/jiataoding/ros2_franka_ws/install/franka_description:/home/jiataoding/ros2_franka_ws/install/cartesian_impedance_controller:/home/jiataoding/ros2_franka_ws/install/effort_controller_base:/home/jiataoding/ros2_franka_ws/install/debug_msg:/home/jiataoding/franco_ros2_franka_ws/install/joint_impedance_controller:/home/jiataoding/franco_ros2_franka_ws/install/integration_launch_testing:/home/jiataoding/franco_ros2_franka_ws/install/idra_franka_launch:/home/jiataoding/franco_ros2_franka_ws/install/gravity_compensation:/home/jiataoding/franco_ros2_franka_ws/install/franka_task_pipeline:/home/jiataoding/franco_ros2_franka_ws/install/franka_ros2:/home/jiataoding/franco_ros2_franka_ws/install/franka_bringup:/home/jiataoding/franco_ros2_franka_ws/install/franka_robot_state_broadcaster:/home/jiataoding/franco_ros2_franka_ws/install/franka_example_controllers:/home/jiataoding/franco_ros2_franka_ws/install/franka_semantic_components:/home/jiataoding/franco_ros2_franka_ws/install/franka_gazebo_bringup:/home/jiataoding/franco_ros2_franka_ws/install/franka_ign_ros2_control:/home/jiataoding/franco_ros2_franka_ws/install/franka_fr3_moveit_config:/home/jiataoding/franco_ros2_franka_ws/install/franka_hardware:/home/jiataoding/franco_ros2_franka_ws/install/franka_gripper:/home/jiataoding/franco_ros2_franka_ws/install/franka_msgs:/home/jiataoding/franco_ros2_franka_ws/install/franka_description:/home/jiataoding/franco_ros2_franka_ws/install/cartesian_impedance_controller:/home/jiataoding/franco_ros2_franka_ws/install/effort_controller_base:/home/jiataoding/franco_ros2_franka_ws/install/debug_msg:/opt/openrobots LD_LIBRARY_PATH=/home/jiataoding/franco_ros2_franka_ws/src/install/effort_controller_base/lib:/home/jiataoding/franco_ros2_franka_ws/src/install/debug_msg/lib:/home/jiataoding/franco_ros2_franka_ws/src/install/joint_impedance_controller/lib:/home/jiataoding/franco_ros2_franka_ws/src/install/integration_launch_testing/lib:/home/jiataoding/franco_ros2_franka_ws/src/install/gravity_compensation/lib:/home/jiataoding/franco_ros2_franka_ws/src/install/franka_robot_state_broadcaster/lib:/home/jiataoding/franco_ros2_franka_ws/src/install/franka_example_controllers/lib:/home/jiataoding/franco_ros2_franka_ws/src/install/franka_semantic_components/lib:/home/jiataoding/franco_ros2_franka_ws/src/install/franka_ign_ros2_control/lib:/home/jiataoding/franco_ros2_franka_ws/src/install/franka_hardware/lib:/home/jiataoding/franco_ros2_franka_ws/src/install/franka_gripper/lib:/home/jiataoding/franco_ros2_franka_ws/src/install/franka_msgs/lib:/home/jiataoding/franco_ros2_franka_ws/src/install/cartesian_impedance_controller/lib:/home/jiataoding/libs/onnxruntime-linux-x64-1.21.0/lib:/home/jiataoding/ros2_franka_ws/install/joint_impedance_controller/lib:/home/jiataoding/ros2_franka_ws/install/integration_launch_testing/lib:/home/jiataoding/ros2_franka_ws/install/gravity_compensation/lib:/home/jiataoding/ros2_franka_ws/install/franka_robot_state_broadcaster/lib:/home/jiataoding/ros2_franka_ws/install/franka_example_controllers/lib:/home/jiataoding/ros2_franka_ws/install/franka_semantic_components/lib:/home/jiataoding/ros2_franka_ws/install/franka_ign_ros2_control/lib:/home/jiataoding/ros2_franka_ws/install/franka_hardware/lib:/home/jiataoding/ros2_franka_ws/install/franka_gripper/lib:/home/jiataoding/ros2_franka_ws/install/franka_msgs/lib:/home/jiataoding/ros2_franka_ws/install/cartesian_impedance_controller/lib:/home/jiataoding/ros2_franka_ws/install/effort_controller_base/lib:/home/jiataoding/ros2_franka_ws/install/debug_msg/lib:/home/jiataoding/franco_ros2_franka_ws/install/joint_impedance_controller/lib:/home/jiataoding/franco_ros2_franka_ws/install/integration_launch_testing/lib:/home/jiataoding/franco_ros2_franka_ws/install/gravity_compensation/lib:/home/jiataoding/franco_ros2_franka_ws/install/franka_robot_state_broadcaster/lib:/home/jiataoding/franco_ros2_franka_ws/install/franka_example_controllers/lib:/home/jiataoding/franco_ros2_franka_ws/install/franka_semantic_components/lib:/home/jiataoding/franco_ros2_franka_ws/install/franka_ign_ros2_control/lib:/home/jiataoding/franco_ros2_franka_ws/install/franka_hardware/lib:/home/jiataoding/franco_ros2_franka_ws/install/franka_gripper/lib:/home/jiataoding/franco_ros2_franka_ws/install/franka_msgs/lib:/home/jiataoding/franco_ros2_franka_ws/install/cartesian_impedance_controller/lib:/home/jiataoding/franco_ros2_franka_ws/install/effort_controller_base/lib:/home/jiataoding/franco_ros2_franka_ws/install/debug_msg/lib:/opt/openrobots/lib:/opt/ros/humble/opt/rviz_ogre_vendor/lib:/opt/ros/humble/lib/x86_64-linux-gnu:/opt/ros/humble/lib PKG_CONFIG_PATH=/home/jiataoding/franco_ros2_franka_ws/src/install/effort_controller_base/lib/x86_64-linux-gnu/pkgconfig:/home/jiataoding/franco_ros2_franka_ws/src/install/effort_controller_base/lib/pkgconfig:/home/jiataoding/ros2_franka_ws/install/effort_controller_base/lib/x86_64-linux-gnu/pkgconfig:/home/jiataoding/ros2_franka_ws/install/effort_controller_base/lib/pkgconfig:/home/jiataoding/franco_ros2_franka_ws/install/effort_controller_base/lib/x86_64-linux-gnu/pkgconfig:/home/jiataoding/franco_ros2_franka_ws/install/effort_controller_base/lib/pkgconfig:/opt/openrobots/lib/pkgconfig /usr/bin/cmake --install /home/jiataoding/franco_ros2_franka_ws/src/build/cartesian_impedance_controller
[1.128s] Level 1:colcon.colcon_core.environment:create_environment_scripts_only(gravity_compensation)
[1.129s] Level 1:colcon.colcon_core.environment:checking '/home/jiataoding/franco_ros2_franka_ws/src/install/gravity_compensation' for CMake module files
[1.129s] DEBUG:colcon.colcon_core.event_handler.log_command:Invoked command in '/home/jiataoding/franco_ros2_franka_ws/src/build/gravity_compensation' returned '0': CMAKE_PREFIX_PATH=/opt/ros/humble:/home/jiataoding/franco_ros2_franka_ws/src/install/effort_controller_base:/home/jiataoding/franco_ros2_franka_ws/src/install/debug_msg:/home/jiataoding/franco_ros2_franka_ws/src/install/joint_impedance_controller:/home/jiataoding/franco_ros2_franka_ws/src/install/integration_launch_testing:/home/jiataoding/franco_ros2_franka_ws/src/install/idra_franka_launch:/home/jiataoding/franco_ros2_franka_ws/src/install/gravity_compensation:/home/jiataoding/franco_ros2_franka_ws/src/install/franka_task_pipeline:/home/jiataoding/franco_ros2_franka_ws/src/install/franka_ros2:/home/jiataoding/franco_ros2_franka_ws/src/install/franka_bringup:/home/jiataoding/franco_ros2_franka_ws/src/install/franka_robot_state_broadcaster:/home/jiataoding/franco_ros2_franka_ws/src/install/franka_example_controllers:/home/jiataoding/franco_ros2_franka_ws/src/install/franka_semantic_components:/home/jiataoding/franco_ros2_franka_ws/src/install/franka_gazebo_bringup:/home/jiataoding/franco_ros2_franka_ws/src/install/franka_ign_ros2_control:/home/jiataoding/franco_ros2_franka_ws/src/install/franka_fr3_moveit_config:/home/jiataoding/franco_ros2_franka_ws/src/install/franka_hardware:/home/jiataoding/franco_ros2_franka_ws/src/install/franka_gripper:/home/jiataoding/franco_ros2_franka_ws/src/install/franka_msgs:/home/jiataoding/franco_ros2_franka_ws/src/install/franka_description:/home/jiataoding/franco_ros2_franka_ws/src/install/cartesian_impedance_controller:/home/jiataoding/ros2_franka_ws/install/joint_impedance_controller:/home/jiataoding/ros2_franka_ws/install/integration_launch_testing:/home/jiataoding/ros2_franka_ws/install/idra_franka_launch:/home/jiataoding/ros2_franka_ws/install/gravity_compensation:/home/jiataoding/ros2_franka_ws/install/franka_task_pipeline:/home/jiataoding/ros2_franka_ws/install/franka_ros2:/home/jiataoding/ros2_franka_ws/install/franka_bringup:/home/jiataoding/ros2_franka_ws/install/franka_robot_state_broadcaster:/home/jiataoding/ros2_franka_ws/install/franka_example_controllers:/home/jiataoding/ros2_franka_ws/install/franka_semantic_components:/home/jiataoding/ros2_franka_ws/install/franka_gazebo_bringup:/home/jiataoding/ros2_franka_ws/install/franka_ign_ros2_control:/home/jiataoding/ros2_franka_ws/install/franka_fr3_moveit_config:/home/jiataoding/ros2_franka_ws/install/franka_hardware:/home/jiataoding/ros2_franka_ws/install/franka_gripper:/home/jiataoding/ros2_franka_ws/install/franka_msgs:/home/jiataoding/ros2_franka_ws/install/franka_description:/home/jiataoding/ros2_franka_ws/install/cartesian_impedance_controller:/home/jiataoding/ros2_franka_ws/install/effort_controller_base:/home/jiataoding/ros2_franka_ws/install/debug_msg:/home/jiataoding/franco_ros2_franka_ws/install/joint_impedance_controller:/home/jiataoding/franco_ros2_franka_ws/install/integration_launch_testing:/home/jiataoding/franco_ros2_franka_ws/install/idra_franka_launch:/home/jiataoding/franco_ros2_franka_ws/install/gravity_compensation:/home/jiataoding/franco_ros2_franka_ws/install/franka_task_pipeline:/home/jiataoding/franco_ros2_franka_ws/install/franka_ros2:/home/jiataoding/franco_ros2_franka_ws/install/franka_bringup:/home/jiataoding/franco_ros2_franka_ws/install/franka_robot_state_broadcaster:/home/jiataoding/franco_ros2_franka_ws/install/franka_example_controllers:/home/jiataoding/franco_ros2_franka_ws/install/franka_semantic_components:/home/jiataoding/franco_ros2_franka_ws/install/franka_gazebo_bringup:/home/jiataoding/franco_ros2_franka_ws/install/franka_ign_ros2_control:/home/jiataoding/franco_ros2_franka_ws/install/franka_fr3_moveit_config:/home/jiataoding/franco_ros2_franka_ws/install/franka_hardware:/home/jiataoding/franco_ros2_franka_ws/install/franka_gripper:/home/jiataoding/franco_ros2_franka_ws/install/franka_msgs:/home/jiataoding/franco_ros2_franka_ws/install/franka_description:/home/jiataoding/franco_ros2_franka_ws/install/cartesian_impedance_controller:/home/jiataoding/franco_ros2_franka_ws/install/effort_controller_base:/home/jiataoding/franco_ros2_franka_ws/install/debug_msg:/opt/openrobots LD_LIBRARY_PATH=/home/jiataoding/franco_ros2_franka_ws/src/install/effort_controller_base/lib:/home/jiataoding/franco_ros2_franka_ws/src/install/debug_msg/lib:/home/jiataoding/franco_ros2_franka_ws/src/install/joint_impedance_controller/lib:/home/jiataoding/franco_ros2_franka_ws/src/install/integration_launch_testing/lib:/home/jiataoding/franco_ros2_franka_ws/src/install/gravity_compensation/lib:/home/jiataoding/franco_ros2_franka_ws/src/install/franka_robot_state_broadcaster/lib:/home/jiataoding/franco_ros2_franka_ws/src/install/franka_example_controllers/lib:/home/jiataoding/franco_ros2_franka_ws/src/install/franka_semantic_components/lib:/home/jiataoding/franco_ros2_franka_ws/src/install/franka_ign_ros2_control/lib:/home/jiataoding/franco_ros2_franka_ws/src/install/franka_hardware/lib:/home/jiataoding/franco_ros2_franka_ws/src/install/franka_gripper/lib:/home/jiataoding/franco_ros2_franka_ws/src/install/franka_msgs/lib:/home/jiataoding/franco_ros2_franka_ws/src/install/cartesian_impedance_controller/lib:/home/jiataoding/libs/onnxruntime-linux-x64-1.21.0/lib:/home/jiataoding/ros2_franka_ws/install/joint_impedance_controller/lib:/home/jiataoding/ros2_franka_ws/install/integration_launch_testing/lib:/home/jiataoding/ros2_franka_ws/install/gravity_compensation/lib:/home/jiataoding/ros2_franka_ws/install/franka_robot_state_broadcaster/lib:/home/jiataoding/ros2_franka_ws/install/franka_example_controllers/lib:/home/jiataoding/ros2_franka_ws/install/franka_semantic_components/lib:/home/jiataoding/ros2_franka_ws/install/franka_ign_ros2_control/lib:/home/jiataoding/ros2_franka_ws/install/franka_hardware/lib:/home/jiataoding/ros2_franka_ws/install/franka_gripper/lib:/home/jiataoding/ros2_franka_ws/install/franka_msgs/lib:/home/jiataoding/ros2_franka_ws/install/cartesian_impedance_controller/lib:/home/jiataoding/ros2_franka_ws/install/effort_controller_base/lib:/home/jiataoding/ros2_franka_ws/install/debug_msg/lib:/home/jiataoding/franco_ros2_franka_ws/install/joint_impedance_controller/lib:/home/jiataoding/franco_ros2_franka_ws/install/integration_launch_testing/lib:/home/jiataoding/franco_ros2_franka_ws/install/gravity_compensation/lib:/home/jiataoding/franco_ros2_franka_ws/install/franka_robot_state_broadcaster/lib:/home/jiataoding/franco_ros2_franka_ws/install/franka_example_controllers/lib:/home/jiataoding/franco_ros2_franka_ws/install/franka_semantic_components/lib:/home/jiataoding/franco_ros2_franka_ws/install/franka_ign_ros2_control/lib:/home/jiataoding/franco_ros2_franka_ws/install/franka_hardware/lib:/home/jiataoding/franco_ros2_franka_ws/install/franka_gripper/lib:/home/jiataoding/franco_ros2_franka_ws/install/franka_msgs/lib:/home/jiataoding/franco_ros2_franka_ws/install/cartesian_impedance_controller/lib:/home/jiataoding/franco_ros2_franka_ws/install/effort_controller_base/lib:/home/jiataoding/franco_ros2_franka_ws/install/debug_msg/lib:/opt/openrobots/lib:/opt/ros/humble/opt/rviz_ogre_vendor/lib:/opt/ros/humble/lib/x86_64-linux-gnu:/opt/ros/humble/lib PKG_CONFIG_PATH=/home/jiataoding/franco_ros2_franka_ws/src/install/effort_controller_base/lib/x86_64-linux-gnu/pkgconfig:/home/jiataoding/franco_ros2_franka_ws/src/install/effort_controller_base/lib/pkgconfig:/home/jiataoding/ros2_franka_ws/install/effort_controller_base/lib/x86_64-linux-gnu/pkgconfig:/home/jiataoding/ros2_franka_ws/install/effort_controller_base/lib/pkgconfig:/home/jiataoding/franco_ros2_franka_ws/install/effort_controller_base/lib/x86_64-linux-gnu/pkgconfig:/home/jiataoding/franco_ros2_franka_ws/install/effort_controller_base/lib/pkgconfig:/opt/openrobots/lib/pkgconfig /usr/bin/cmake --install /home/jiataoding/franco_ros2_franka_ws/src/build/gravity_compensation
[1.130s] Level 1:colcon.colcon_core.environment:checking '/home/jiataoding/franco_ros2_franka_ws/src/install/gravity_compensation' for CMake config files
[1.130s] Level 1:colcon.colcon_core.shell:create_environment_hook('gravity_compensation', 'cmake_prefix_path')
[1.130s] INFO:colcon.colcon_core.shell:Creating environment hook '/home/jiataoding/franco_ros2_franka_ws/src/install/gravity_compensation/share/gravity_compensation/hook/cmake_prefix_path.ps1'
[1.131s] INFO:colcon.colcon_core.shell:Creating environment descriptor '/home/jiataoding/franco_ros2_franka_ws/src/install/gravity_compensation/share/gravity_compensation/hook/cmake_prefix_path.dsv'
[1.131s] INFO:colcon.colcon_core.shell:Creating environment hook '/home/jiataoding/franco_ros2_franka_ws/src/install/gravity_compensation/share/gravity_compensation/hook/cmake_prefix_path.sh'
[1.132s] Level 1:colcon.colcon_core.environment:checking '/home/jiataoding/franco_ros2_franka_ws/src/install/gravity_compensation/lib'
[1.132s] Level 1:colcon.colcon_core.shell:create_environment_hook('gravity_compensation', 'ld_library_path_lib')
[1.133s] INFO:colcon.colcon_core.shell:Creating environment hook '/home/jiataoding/franco_ros2_franka_ws/src/install/gravity_compensation/share/gravity_compensation/hook/ld_library_path_lib.ps1'
[1.133s] INFO:colcon.colcon_core.shell:Creating environment descriptor '/home/jiataoding/franco_ros2_franka_ws/src/install/gravity_compensation/share/gravity_compensation/hook/ld_library_path_lib.dsv'
[1.133s] INFO:colcon.colcon_core.shell:Creating environment hook '/home/jiataoding/franco_ros2_franka_ws/src/install/gravity_compensation/share/gravity_compensation/hook/ld_library_path_lib.sh'
[1.134s] Level 1:colcon.colcon_core.environment:checking '/home/jiataoding/franco_ros2_franka_ws/src/install/gravity_compensation/bin'
[1.134s] Level 1:colcon.colcon_core.environment:checking '/home/jiataoding/franco_ros2_franka_ws/src/install/gravity_compensation/lib/pkgconfig/gravity_compensation.pc'
[1.134s] Level 1:colcon.colcon_core.environment:checking '/home/jiataoding/franco_ros2_franka_ws/src/install/gravity_compensation/lib/python3.10/site-packages'
[1.135s] Level 1:colcon.colcon_core.environment:checking '/home/jiataoding/franco_ros2_franka_ws/src/install/gravity_compensation/bin'
[1.135s] INFO:colcon.colcon_core.shell:Creating package script '/home/jiataoding/franco_ros2_franka_ws/src/install/gravity_compensation/share/gravity_compensation/package.ps1'
[1.136s] INFO:colcon.colcon_core.shell:Creating package descriptor '/home/jiataoding/franco_ros2_franka_ws/src/install/gravity_compensation/share/gravity_compensation/package.dsv'
[1.137s] INFO:colcon.colcon_core.shell:Creating package script '/home/jiataoding/franco_ros2_franka_ws/src/install/gravity_compensation/share/gravity_compensation/package.sh'
[1.137s] INFO:colcon.colcon_core.shell:Creating package script '/home/jiataoding/franco_ros2_franka_ws/src/install/gravity_compensation/share/gravity_compensation/package.bash'
[1.138s] INFO:colcon.colcon_core.shell:Creating package script '/home/jiataoding/franco_ros2_franka_ws/src/install/gravity_compensation/share/gravity_compensation/package.zsh'
[1.139s] Level 1:colcon.colcon_core.environment:create_file_with_runtime_dependencies(/home/jiataoding/franco_ros2_franka_ws/src/install/gravity_compensation/share/colcon-core/packages/gravity_compensation)
[1.139s] Level 1:colcon.colcon_core.environment:create_environment_scripts_only(gravity_compensation)
[1.139s] Level 1:colcon.colcon_core.environment:checking '/home/jiataoding/franco_ros2_franka_ws/src/install/gravity_compensation' for CMake module files
[1.140s] Level 1:colcon.colcon_core.environment:checking '/home/jiataoding/franco_ros2_franka_ws/src/install/gravity_compensation' for CMake config files
[1.140s] Level 1:colcon.colcon_core.shell:create_environment_hook('gravity_compensation', 'cmake_prefix_path')
[1.140s] INFO:colcon.colcon_core.shell:Creating environment hook '/home/jiataoding/franco_ros2_franka_ws/src/install/gravity_compensation/share/gravity_compensation/hook/cmake_prefix_path.ps1'
[1.141s] INFO:colcon.colcon_core.shell:Creating environment descriptor '/home/jiataoding/franco_ros2_franka_ws/src/install/gravity_compensation/share/gravity_compensation/hook/cmake_prefix_path.dsv'
[1.141s] INFO:colcon.colcon_core.shell:Creating environment hook '/home/jiataoding/franco_ros2_franka_ws/src/install/gravity_compensation/share/gravity_compensation/hook/cmake_prefix_path.sh'
[1.142s] Level 1:colcon.colcon_core.environment:checking '/home/jiataoding/franco_ros2_franka_ws/src/install/gravity_compensation/lib'
[1.142s] Level 1:colcon.colcon_core.shell:create_environment_hook('gravity_compensation', 'ld_library_path_lib')
[1.142s] INFO:colcon.colcon_core.shell:Creating environment hook '/home/jiataoding/franco_ros2_franka_ws/src/install/gravity_compensation/share/gravity_compensation/hook/ld_library_path_lib.ps1'
[1.143s] INFO:colcon.colcon_core.shell:Creating environment descriptor '/home/jiataoding/franco_ros2_franka_ws/src/install/gravity_compensation/share/gravity_compensation/hook/ld_library_path_lib.dsv'
[1.143s] INFO:colcon.colcon_core.shell:Creating environment hook '/home/jiataoding/franco_ros2_franka_ws/src/install/gravity_compensation/share/gravity_compensation/hook/ld_library_path_lib.sh'
[1.144s] Level 1:colcon.colcon_core.environment:checking '/home/jiataoding/franco_ros2_franka_ws/src/install/gravity_compensation/bin'
[1.144s] Level 1:colcon.colcon_core.environment:checking '/home/jiataoding/franco_ros2_franka_ws/src/install/gravity_compensation/lib/pkgconfig/gravity_compensation.pc'
[1.144s] Level 1:colcon.colcon_core.environment:checking '/home/jiataoding/franco_ros2_franka_ws/src/install/gravity_compensation/lib/python3.10/site-packages'
[1.144s] Level 1:colcon.colcon_core.environment:checking '/home/jiataoding/franco_ros2_franka_ws/src/install/gravity_compensation/bin'
[1.145s] INFO:colcon.colcon_core.shell:Creating package script '/home/jiataoding/franco_ros2_franka_ws/src/install/gravity_compensation/share/gravity_compensation/package.ps1'
[1.145s] INFO:colcon.colcon_core.shell:Creating package descriptor '/home/jiataoding/franco_ros2_franka_ws/src/install/gravity_compensation/share/gravity_compensation/package.dsv'
[1.146s] INFO:colcon.colcon_core.shell:Creating package script '/home/jiataoding/franco_ros2_franka_ws/src/install/gravity_compensation/share/gravity_compensation/package.sh'
[1.146s] INFO:colcon.colcon_core.shell:Creating package script '/home/jiataoding/franco_ros2_franka_ws/src/install/gravity_compensation/share/gravity_compensation/package.bash'
[1.146s] INFO:colcon.colcon_core.shell:Creating package script '/home/jiataoding/franco_ros2_franka_ws/src/install/gravity_compensation/share/gravity_compensation/package.zsh'
[1.147s] Level 1:colcon.colcon_core.environment:create_file_with_runtime_dependencies(/home/jiataoding/franco_ros2_franka_ws/src/install/gravity_compensation/share/colcon-core/packages/gravity_compensation)
[1.148s] Level 1:colcon.colcon_core.environment:create_environment_scripts_only(joint_impedance_controller)
[1.148s] Level 1:colcon.colcon_core.environment:checking '/home/jiataoding/franco_ros2_franka_ws/src/install/joint_impedance_controller' for CMake module files
[1.149s] DEBUG:colcon.colcon_core.event_handler.log_command:Invoked command in '/home/jiataoding/franco_ros2_franka_ws/src/build/joint_impedance_controller' returned '0': CMAKE_PREFIX_PATH=/opt/ros/humble:/home/jiataoding/franco_ros2_franka_ws/src/install/effort_controller_base:/home/jiataoding/franco_ros2_franka_ws/src/install/debug_msg:/home/jiataoding/franco_ros2_franka_ws/src/install/joint_impedance_controller:/home/jiataoding/franco_ros2_franka_ws/src/install/integration_launch_testing:/home/jiataoding/franco_ros2_franka_ws/src/install/idra_franka_launch:/home/jiataoding/franco_ros2_franka_ws/src/install/gravity_compensation:/home/jiataoding/franco_ros2_franka_ws/src/install/franka_task_pipeline:/home/jiataoding/franco_ros2_franka_ws/src/install/franka_ros2:/home/jiataoding/franco_ros2_franka_ws/src/install/franka_bringup:/home/jiataoding/franco_ros2_franka_ws/src/install/franka_robot_state_broadcaster:/home/jiataoding/franco_ros2_franka_ws/src/install/franka_example_controllers:/home/jiataoding/franco_ros2_franka_ws/src/install/franka_semantic_components:/home/jiataoding/franco_ros2_franka_ws/src/install/franka_gazebo_bringup:/home/jiataoding/franco_ros2_franka_ws/src/install/franka_ign_ros2_control:/home/jiataoding/franco_ros2_franka_ws/src/install/franka_fr3_moveit_config:/home/jiataoding/franco_ros2_franka_ws/src/install/franka_hardware:/home/jiataoding/franco_ros2_franka_ws/src/install/franka_gripper:/home/jiataoding/franco_ros2_franka_ws/src/install/franka_msgs:/home/jiataoding/franco_ros2_franka_ws/src/install/franka_description:/home/jiataoding/franco_ros2_franka_ws/src/install/cartesian_impedance_controller:/home/jiataoding/ros2_franka_ws/install/joint_impedance_controller:/home/jiataoding/ros2_franka_ws/install/integration_launch_testing:/home/jiataoding/ros2_franka_ws/install/idra_franka_launch:/home/jiataoding/ros2_franka_ws/install/gravity_compensation:/home/jiataoding/ros2_franka_ws/install/franka_task_pipeline:/home/jiataoding/ros2_franka_ws/install/franka_ros2:/home/jiataoding/ros2_franka_ws/install/franka_bringup:/home/jiataoding/ros2_franka_ws/install/franka_robot_state_broadcaster:/home/jiataoding/ros2_franka_ws/install/franka_example_controllers:/home/jiataoding/ros2_franka_ws/install/franka_semantic_components:/home/jiataoding/ros2_franka_ws/install/franka_gazebo_bringup:/home/jiataoding/ros2_franka_ws/install/franka_ign_ros2_control:/home/jiataoding/ros2_franka_ws/install/franka_fr3_moveit_config:/home/jiataoding/ros2_franka_ws/install/franka_hardware:/home/jiataoding/ros2_franka_ws/install/franka_gripper:/home/jiataoding/ros2_franka_ws/install/franka_msgs:/home/jiataoding/ros2_franka_ws/install/franka_description:/home/jiataoding/ros2_franka_ws/install/cartesian_impedance_controller:/home/jiataoding/ros2_franka_ws/install/effort_controller_base:/home/jiataoding/ros2_franka_ws/install/debug_msg:/home/jiataoding/franco_ros2_franka_ws/install/joint_impedance_controller:/home/jiataoding/franco_ros2_franka_ws/install/integration_launch_testing:/home/jiataoding/franco_ros2_franka_ws/install/idra_franka_launch:/home/jiataoding/franco_ros2_franka_ws/install/gravity_compensation:/home/jiataoding/franco_ros2_franka_ws/install/franka_task_pipeline:/home/jiataoding/franco_ros2_franka_ws/install/franka_ros2:/home/jiataoding/franco_ros2_franka_ws/install/franka_bringup:/home/jiataoding/franco_ros2_franka_ws/install/franka_robot_state_broadcaster:/home/jiataoding/franco_ros2_franka_ws/install/franka_example_controllers:/home/jiataoding/franco_ros2_franka_ws/install/franka_semantic_components:/home/jiataoding/franco_ros2_franka_ws/install/franka_gazebo_bringup:/home/jiataoding/franco_ros2_franka_ws/install/franka_ign_ros2_control:/home/jiataoding/franco_ros2_franka_ws/install/franka_fr3_moveit_config:/home/jiataoding/franco_ros2_franka_ws/install/franka_hardware:/home/jiataoding/franco_ros2_franka_ws/install/franka_gripper:/home/jiataoding/franco_ros2_franka_ws/install/franka_msgs:/home/jiataoding/franco_ros2_franka_ws/install/franka_description:/home/jiataoding/franco_ros2_franka_ws/install/cartesian_impedance_controller:/home/jiataoding/franco_ros2_franka_ws/install/effort_controller_base:/home/jiataoding/franco_ros2_franka_ws/install/debug_msg:/opt/openrobots LD_LIBRARY_PATH=/home/jiataoding/franco_ros2_franka_ws/src/install/effort_controller_base/lib:/home/jiataoding/franco_ros2_franka_ws/src/install/debug_msg/lib:/home/jiataoding/franco_ros2_franka_ws/src/install/joint_impedance_controller/lib:/home/jiataoding/franco_ros2_franka_ws/src/install/integration_launch_testing/lib:/home/jiataoding/franco_ros2_franka_ws/src/install/gravity_compensation/lib:/home/jiataoding/franco_ros2_franka_ws/src/install/franka_robot_state_broadcaster/lib:/home/jiataoding/franco_ros2_franka_ws/src/install/franka_example_controllers/lib:/home/jiataoding/franco_ros2_franka_ws/src/install/franka_semantic_components/lib:/home/jiataoding/franco_ros2_franka_ws/src/install/franka_ign_ros2_control/lib:/home/jiataoding/franco_ros2_franka_ws/src/install/franka_hardware/lib:/home/jiataoding/franco_ros2_franka_ws/src/install/franka_gripper/lib:/home/jiataoding/franco_ros2_franka_ws/src/install/franka_msgs/lib:/home/jiataoding/franco_ros2_franka_ws/src/install/cartesian_impedance_controller/lib:/home/jiataoding/libs/onnxruntime-linux-x64-1.21.0/lib:/home/jiataoding/ros2_franka_ws/install/joint_impedance_controller/lib:/home/jiataoding/ros2_franka_ws/install/integration_launch_testing/lib:/home/jiataoding/ros2_franka_ws/install/gravity_compensation/lib:/home/jiataoding/ros2_franka_ws/install/franka_robot_state_broadcaster/lib:/home/jiataoding/ros2_franka_ws/install/franka_example_controllers/lib:/home/jiataoding/ros2_franka_ws/install/franka_semantic_components/lib:/home/jiataoding/ros2_franka_ws/install/franka_ign_ros2_control/lib:/home/jiataoding/ros2_franka_ws/install/franka_hardware/lib:/home/jiataoding/ros2_franka_ws/install/franka_gripper/lib:/home/jiataoding/ros2_franka_ws/install/franka_msgs/lib:/home/jiataoding/ros2_franka_ws/install/cartesian_impedance_controller/lib:/home/jiataoding/ros2_franka_ws/install/effort_controller_base/lib:/home/jiataoding/ros2_franka_ws/install/debug_msg/lib:/home/jiataoding/franco_ros2_franka_ws/install/joint_impedance_controller/lib:/home/jiataoding/franco_ros2_franka_ws/install/integration_launch_testing/lib:/home/jiataoding/franco_ros2_franka_ws/install/gravity_compensation/lib:/home/jiataoding/franco_ros2_franka_ws/install/franka_robot_state_broadcaster/lib:/home/jiataoding/franco_ros2_franka_ws/install/franka_example_controllers/lib:/home/jiataoding/franco_ros2_franka_ws/install/franka_semantic_components/lib:/home/jiataoding/franco_ros2_franka_ws/install/franka_ign_ros2_control/lib:/home/jiataoding/franco_ros2_franka_ws/install/franka_hardware/lib:/home/jiataoding/franco_ros2_franka_ws/install/franka_gripper/lib:/home/jiataoding/franco_ros2_franka_ws/install/franka_msgs/lib:/home/jiataoding/franco_ros2_franka_ws/install/cartesian_impedance_controller/lib:/home/jiataoding/franco_ros2_franka_ws/install/effort_controller_base/lib:/home/jiataoding/franco_ros2_franka_ws/install/debug_msg/lib:/opt/openrobots/lib:/opt/ros/humble/opt/rviz_ogre_vendor/lib:/opt/ros/humble/lib/x86_64-linux-gnu:/opt/ros/humble/lib PKG_CONFIG_PATH=/home/jiataoding/franco_ros2_franka_ws/src/install/effort_controller_base/lib/x86_64-linux-gnu/pkgconfig:/home/jiataoding/franco_ros2_franka_ws/src/install/effort_controller_base/lib/pkgconfig:/home/jiataoding/ros2_franka_ws/install/effort_controller_base/lib/x86_64-linux-gnu/pkgconfig:/home/jiataoding/ros2_franka_ws/install/effort_controller_base/lib/pkgconfig:/home/jiataoding/franco_ros2_franka_ws/install/effort_controller_base/lib/x86_64-linux-gnu/pkgconfig:/home/jiataoding/franco_ros2_franka_ws/install/effort_controller_base/lib/pkgconfig:/opt/openrobots/lib/pkgconfig /usr/bin/cmake --install /home/jiataoding/franco_ros2_franka_ws/src/build/joint_impedance_controller
[1.149s] Level 1:colcon.colcon_core.environment:checking '/home/jiataoding/franco_ros2_franka_ws/src/install/joint_impedance_controller' for CMake config files
[1.149s] Level 1:colcon.colcon_core.shell:create_environment_hook('joint_impedance_controller', 'cmake_prefix_path')
[1.149s] INFO:colcon.colcon_core.shell:Creating environment hook '/home/jiataoding/franco_ros2_franka_ws/src/install/joint_impedance_controller/share/joint_impedance_controller/hook/cmake_prefix_path.ps1'
[1.150s] INFO:colcon.colcon_core.shell:Creating environment descriptor '/home/jiataoding/franco_ros2_franka_ws/src/install/joint_impedance_controller/share/joint_impedance_controller/hook/cmake_prefix_path.dsv'
[1.150s] INFO:colcon.colcon_core.shell:Creating environment hook '/home/jiataoding/franco_ros2_franka_ws/src/install/joint_impedance_controller/share/joint_impedance_controller/hook/cmake_prefix_path.sh'
[1.150s] Level 1:colcon.colcon_core.environment:checking '/home/jiataoding/franco_ros2_franka_ws/src/install/joint_impedance_controller/lib'
[1.151s] Level 1:colcon.colcon_core.shell:create_environment_hook('joint_impedance_controller', 'ld_library_path_lib')
[1.151s] INFO:colcon.colcon_core.shell:Creating environment hook '/home/jiataoding/franco_ros2_franka_ws/src/install/joint_impedance_controller/share/joint_impedance_controller/hook/ld_library_path_lib.ps1'
[1.151s] INFO:colcon.colcon_core.shell:Creating environment descriptor '/home/jiataoding/franco_ros2_franka_ws/src/install/joint_impedance_controller/share/joint_impedance_controller/hook/ld_library_path_lib.dsv'
[1.151s] INFO:colcon.colcon_core.shell:Creating environment hook '/home/jiataoding/franco_ros2_franka_ws/src/install/joint_impedance_controller/share/joint_impedance_controller/hook/ld_library_path_lib.sh'
[1.152s] Level 1:colcon.colcon_core.environment:checking '/home/jiataoding/franco_ros2_franka_ws/src/install/joint_impedance_controller/bin'
[1.152s] Level 1:colcon.colcon_core.environment:checking '/home/jiataoding/franco_ros2_franka_ws/src/install/joint_impedance_controller/lib/pkgconfig/joint_impedance_controller.pc'
[1.152s] Level 1:colcon.colcon_core.environment:checking '/home/jiataoding/franco_ros2_franka_ws/src/install/joint_impedance_controller/lib/python3.10/site-packages'
[1.152s] Level 1:colcon.colcon_core.environment:checking '/home/jiataoding/franco_ros2_franka_ws/src/install/joint_impedance_controller/bin'
[1.153s] INFO:colcon.colcon_core.shell:Creating package script '/home/jiataoding/franco_ros2_franka_ws/src/install/joint_impedance_controller/share/joint_impedance_controller/package.ps1'
[1.153s] INFO:colcon.colcon_core.shell:Creating package descriptor '/home/jiataoding/franco_ros2_franka_ws/src/install/joint_impedance_controller/share/joint_impedance_controller/package.dsv'
[1.153s] INFO:colcon.colcon_core.shell:Creating package script '/home/jiataoding/franco_ros2_franka_ws/src/install/joint_impedance_controller/share/joint_impedance_controller/package.sh'
[1.154s] INFO:colcon.colcon_core.shell:Creating package script '/home/jiataoding/franco_ros2_franka_ws/src/install/joint_impedance_controller/share/joint_impedance_controller/package.bash'
[1.154s] INFO:colcon.colcon_core.shell:Creating package script '/home/jiataoding/franco_ros2_franka_ws/src/install/joint_impedance_controller/share/joint_impedance_controller/package.zsh'
[1.154s] Level 1:colcon.colcon_core.environment:create_file_with_runtime_dependencies(/home/jiataoding/franco_ros2_franka_ws/src/install/joint_impedance_controller/share/colcon-core/packages/joint_impedance_controller)
[1.155s] Level 1:colcon.colcon_core.environment:create_environment_scripts_only(joint_impedance_controller)
[1.155s] Level 1:colcon.colcon_core.environment:checking '/home/jiataoding/franco_ros2_franka_ws/src/install/joint_impedance_controller' for CMake module files
[1.155s] Level 1:colcon.colcon_core.environment:checking '/home/jiataoding/franco_ros2_franka_ws/src/install/joint_impedance_controller' for CMake config files
[1.156s] Level 1:colcon.colcon_core.shell:create_environment_hook('joint_impedance_controller', 'cmake_prefix_path')
[1.156s] INFO:colcon.colcon_core.shell:Creating environment hook '/home/jiataoding/franco_ros2_franka_ws/src/install/joint_impedance_controller/share/joint_impedance_controller/hook/cmake_prefix_path.ps1'
[1.157s] INFO:colcon.colcon_core.shell:Creating environment descriptor '/home/jiataoding/franco_ros2_franka_ws/src/install/joint_impedance_controller/share/joint_impedance_controller/hook/cmake_prefix_path.dsv'
[1.157s] INFO:colcon.colcon_core.shell:Creating environment hook '/home/jiataoding/franco_ros2_franka_ws/src/install/joint_impedance_controller/share/joint_impedance_controller/hook/cmake_prefix_path.sh'
[1.158s] Level 1:colcon.colcon_core.environment:checking '/home/jiataoding/franco_ros2_franka_ws/src/install/joint_impedance_controller/lib'
[1.158s] Level 1:colcon.colcon_core.shell:create_environment_hook('joint_impedance_controller', 'ld_library_path_lib')
[1.158s] INFO:colcon.colcon_core.shell:Creating environment hook '/home/jiataoding/franco_ros2_franka_ws/src/install/joint_impedance_controller/share/joint_impedance_controller/hook/ld_library_path_lib.ps1'
[1.158s] INFO:colcon.colcon_core.shell:Creating environment descriptor '/home/jiataoding/franco_ros2_franka_ws/src/install/joint_impedance_controller/share/joint_impedance_controller/hook/ld_library_path_lib.dsv'
[1.159s] INFO:colcon.colcon_core.shell:Creating environment hook '/home/jiataoding/franco_ros2_franka_ws/src/install/joint_impedance_controller/share/joint_impedance_controller/hook/ld_library_path_lib.sh'
[1.159s] Level 1:colcon.colcon_core.environment:checking '/home/jiataoding/franco_ros2_franka_ws/src/install/joint_impedance_controller/bin'
[1.159s] Level 1:colcon.colcon_core.environment:checking '/home/jiataoding/franco_ros2_franka_ws/src/install/joint_impedance_controller/lib/pkgconfig/joint_impedance_controller.pc'
[1.159s] Level 1:colcon.colcon_core.environment:checking '/home/jiataoding/franco_ros2_franka_ws/src/install/joint_impedance_controller/lib/python3.10/site-packages'
[1.160s] Level 1:colcon.colcon_core.environment:checking '/home/jiataoding/franco_ros2_franka_ws/src/install/joint_impedance_controller/bin'
[1.160s] INFO:colcon.colcon_core.shell:Creating package script '/home/jiataoding/franco_ros2_franka_ws/src/install/joint_impedance_controller/share/joint_impedance_controller/package.ps1'
[1.160s] INFO:colcon.colcon_core.shell:Creating package descriptor '/home/jiataoding/franco_ros2_franka_ws/src/install/joint_impedance_controller/share/joint_impedance_controller/package.dsv'
[1.161s] INFO:colcon.colcon_core.shell:Creating package script '/home/jiataoding/franco_ros2_franka_ws/src/install/joint_impedance_controller/share/joint_impedance_controller/package.sh'
[1.161s] INFO:colcon.colcon_core.shell:Creating package script '/home/jiataoding/franco_ros2_franka_ws/src/install/joint_impedance_controller/share/joint_impedance_controller/package.bash'
[1.162s] INFO:colcon.colcon_core.shell:Creating package script '/home/jiataoding/franco_ros2_franka_ws/src/install/joint_impedance_controller/share/joint_impedance_controller/package.zsh'
[1.162s] Level 1:colcon.colcon_core.environment:create_file_with_runtime_dependencies(/home/jiataoding/franco_ros2_franka_ws/src/install/joint_impedance_controller/share/colcon-core/packages/joint_impedance_controller)
[1.163s] Level 1:colcon.colcon_core.environment:create_environment_scripts_only(cartesian_impedance_controller)
[1.163s] Level 1:colcon.colcon_core.environment:checking '/home/jiataoding/franco_ros2_franka_ws/src/install/cartesian_impedance_controller' for CMake module files
[1.164s] DEBUG:colcon.colcon_core.event_handler.log_command:Invoked command in '/home/jiataoding/franco_ros2_franka_ws/src/build/cartesian_impedance_controller' returned '0': CMAKE_PREFIX_PATH=/opt/ros/humble:/home/jiataoding/franco_ros2_franka_ws/src/install/effort_controller_base:/home/jiataoding/franco_ros2_franka_ws/src/install/debug_msg:/home/jiataoding/franco_ros2_franka_ws/src/install/joint_impedance_controller:/home/jiataoding/franco_ros2_franka_ws/src/install/integration_launch_testing:/home/jiataoding/franco_ros2_franka_ws/src/install/idra_franka_launch:/home/jiataoding/franco_ros2_franka_ws/src/install/gravity_compensation:/home/jiataoding/franco_ros2_franka_ws/src/install/franka_task_pipeline:/home/jiataoding/franco_ros2_franka_ws/src/install/franka_ros2:/home/jiataoding/franco_ros2_franka_ws/src/install/franka_bringup:/home/jiataoding/franco_ros2_franka_ws/src/install/franka_robot_state_broadcaster:/home/jiataoding/franco_ros2_franka_ws/src/install/franka_example_controllers:/home/jiataoding/franco_ros2_franka_ws/src/install/franka_semantic_components:/home/jiataoding/franco_ros2_franka_ws/src/install/franka_gazebo_bringup:/home/jiataoding/franco_ros2_franka_ws/src/install/franka_ign_ros2_control:/home/jiataoding/franco_ros2_franka_ws/src/install/franka_fr3_moveit_config:/home/jiataoding/franco_ros2_franka_ws/src/install/franka_hardware:/home/jiataoding/franco_ros2_franka_ws/src/install/franka_gripper:/home/jiataoding/franco_ros2_franka_ws/src/install/franka_msgs:/home/jiataoding/franco_ros2_franka_ws/src/install/franka_description:/home/jiataoding/franco_ros2_franka_ws/src/install/cartesian_impedance_controller:/home/jiataoding/ros2_franka_ws/install/joint_impedance_controller:/home/jiataoding/ros2_franka_ws/install/integration_launch_testing:/home/jiataoding/ros2_franka_ws/install/idra_franka_launch:/home/jiataoding/ros2_franka_ws/install/gravity_compensation:/home/jiataoding/ros2_franka_ws/install/franka_task_pipeline:/home/jiataoding/ros2_franka_ws/install/franka_ros2:/home/jiataoding/ros2_franka_ws/install/franka_bringup:/home/jiataoding/ros2_franka_ws/install/franka_robot_state_broadcaster:/home/jiataoding/ros2_franka_ws/install/franka_example_controllers:/home/jiataoding/ros2_franka_ws/install/franka_semantic_components:/home/jiataoding/ros2_franka_ws/install/franka_gazebo_bringup:/home/jiataoding/ros2_franka_ws/install/franka_ign_ros2_control:/home/jiataoding/ros2_franka_ws/install/franka_fr3_moveit_config:/home/jiataoding/ros2_franka_ws/install/franka_hardware:/home/jiataoding/ros2_franka_ws/install/franka_gripper:/home/jiataoding/ros2_franka_ws/install/franka_msgs:/home/jiataoding/ros2_franka_ws/install/franka_description:/home/jiataoding/ros2_franka_ws/install/cartesian_impedance_controller:/home/jiataoding/ros2_franka_ws/install/effort_controller_base:/home/jiataoding/ros2_franka_ws/install/debug_msg:/home/jiataoding/franco_ros2_franka_ws/install/joint_impedance_controller:/home/jiataoding/franco_ros2_franka_ws/install/integration_launch_testing:/home/jiataoding/franco_ros2_franka_ws/install/idra_franka_launch:/home/jiataoding/franco_ros2_franka_ws/install/gravity_compensation:/home/jiataoding/franco_ros2_franka_ws/install/franka_task_pipeline:/home/jiataoding/franco_ros2_franka_ws/install/franka_ros2:/home/jiataoding/franco_ros2_franka_ws/install/franka_bringup:/home/jiataoding/franco_ros2_franka_ws/install/franka_robot_state_broadcaster:/home/jiataoding/franco_ros2_franka_ws/install/franka_example_controllers:/home/jiataoding/franco_ros2_franka_ws/install/franka_semantic_components:/home/jiataoding/franco_ros2_franka_ws/install/franka_gazebo_bringup:/home/jiataoding/franco_ros2_franka_ws/install/franka_ign_ros2_control:/home/jiataoding/franco_ros2_franka_ws/install/franka_fr3_moveit_config:/home/jiataoding/franco_ros2_franka_ws/install/franka_hardware:/home/jiataoding/franco_ros2_franka_ws/install/franka_gripper:/home/jiataoding/franco_ros2_franka_ws/install/franka_msgs:/home/jiataoding/franco_ros2_franka_ws/install/franka_description:/home/jiataoding/franco_ros2_franka_ws/install/cartesian_impedance_controller:/home/jiataoding/franco_ros2_franka_ws/install/effort_controller_base:/home/jiataoding/franco_ros2_franka_ws/install/debug_msg:/opt/openrobots LD_LIBRARY_PATH=/home/jiataoding/franco_ros2_franka_ws/src/install/effort_controller_base/lib:/home/jiataoding/franco_ros2_franka_ws/src/install/debug_msg/lib:/home/jiataoding/franco_ros2_franka_ws/src/install/joint_impedance_controller/lib:/home/jiataoding/franco_ros2_franka_ws/src/install/integration_launch_testing/lib:/home/jiataoding/franco_ros2_franka_ws/src/install/gravity_compensation/lib:/home/jiataoding/franco_ros2_franka_ws/src/install/franka_robot_state_broadcaster/lib:/home/jiataoding/franco_ros2_franka_ws/src/install/franka_example_controllers/lib:/home/jiataoding/franco_ros2_franka_ws/src/install/franka_semantic_components/lib:/home/jiataoding/franco_ros2_franka_ws/src/install/franka_ign_ros2_control/lib:/home/jiataoding/franco_ros2_franka_ws/src/install/franka_hardware/lib:/home/jiataoding/franco_ros2_franka_ws/src/install/franka_gripper/lib:/home/jiataoding/franco_ros2_franka_ws/src/install/franka_msgs/lib:/home/jiataoding/franco_ros2_franka_ws/src/install/cartesian_impedance_controller/lib:/home/jiataoding/libs/onnxruntime-linux-x64-1.21.0/lib:/home/jiataoding/ros2_franka_ws/install/joint_impedance_controller/lib:/home/jiataoding/ros2_franka_ws/install/integration_launch_testing/lib:/home/jiataoding/ros2_franka_ws/install/gravity_compensation/lib:/home/jiataoding/ros2_franka_ws/install/franka_robot_state_broadcaster/lib:/home/jiataoding/ros2_franka_ws/install/franka_example_controllers/lib:/home/jiataoding/ros2_franka_ws/install/franka_semantic_components/lib:/home/jiataoding/ros2_franka_ws/install/franka_ign_ros2_control/lib:/home/jiataoding/ros2_franka_ws/install/franka_hardware/lib:/home/jiataoding/ros2_franka_ws/install/franka_gripper/lib:/home/jiataoding/ros2_franka_ws/install/franka_msgs/lib:/home/jiataoding/ros2_franka_ws/install/cartesian_impedance_controller/lib:/home/jiataoding/ros2_franka_ws/install/effort_controller_base/lib:/home/jiataoding/ros2_franka_ws/install/debug_msg/lib:/home/jiataoding/franco_ros2_franka_ws/install/joint_impedance_controller/lib:/home/jiataoding/franco_ros2_franka_ws/install/integration_launch_testing/lib:/home/jiataoding/franco_ros2_franka_ws/install/gravity_compensation/lib:/home/jiataoding/franco_ros2_franka_ws/install/franka_robot_state_broadcaster/lib:/home/jiataoding/franco_ros2_franka_ws/install/franka_example_controllers/lib:/home/jiataoding/franco_ros2_franka_ws/install/franka_semantic_components/lib:/home/jiataoding/franco_ros2_franka_ws/install/franka_ign_ros2_control/lib:/home/jiataoding/franco_ros2_franka_ws/install/franka_hardware/lib:/home/jiataoding/franco_ros2_franka_ws/install/franka_gripper/lib:/home/jiataoding/franco_ros2_franka_ws/install/franka_msgs/lib:/home/jiataoding/franco_ros2_franka_ws/install/cartesian_impedance_controller/lib:/home/jiataoding/franco_ros2_franka_ws/install/effort_controller_base/lib:/home/jiataoding/franco_ros2_franka_ws/install/debug_msg/lib:/opt/openrobots/lib:/opt/ros/humble/opt/rviz_ogre_vendor/lib:/opt/ros/humble/lib/x86_64-linux-gnu:/opt/ros/humble/lib PKG_CONFIG_PATH=/home/jiataoding/franco_ros2_franka_ws/src/install/effort_controller_base/lib/x86_64-linux-gnu/pkgconfig:/home/jiataoding/franco_ros2_franka_ws/src/install/effort_controller_base/lib/pkgconfig:/home/jiataoding/ros2_franka_ws/install/effort_controller_base/lib/x86_64-linux-gnu/pkgconfig:/home/jiataoding/ros2_franka_ws/install/effort_controller_base/lib/pkgconfig:/home/jiataoding/franco_ros2_franka_ws/install/effort_controller_base/lib/x86_64-linux-gnu/pkgconfig:/home/jiataoding/franco_ros2_franka_ws/install/effort_controller_base/lib/pkgconfig:/opt/openrobots/lib/pkgconfig /usr/bin/cmake --install /home/jiataoding/franco_ros2_franka_ws/src/build/cartesian_impedance_controller
[1.164s] Level 1:colcon.colcon_core.environment:checking '/home/jiataoding/franco_ros2_franka_ws/src/install/cartesian_impedance_controller' for CMake config files
[1.165s] Level 1:colcon.colcon_core.shell:create_environment_hook('cartesian_impedance_controller', 'cmake_prefix_path')
[1.165s] INFO:colcon.colcon_core.shell:Creating environment hook '/home/jiataoding/franco_ros2_franka_ws/src/install/cartesian_impedance_controller/share/cartesian_impedance_controller/hook/cmake_prefix_path.ps1'
[1.165s] INFO:colcon.colcon_core.shell:Creating environment descriptor '/home/jiataoding/franco_ros2_franka_ws/src/install/cartesian_impedance_controller/share/cartesian_impedance_controller/hook/cmake_prefix_path.dsv'
[1.166s] INFO:colcon.colcon_core.shell:Creating environment hook '/home/jiataoding/franco_ros2_franka_ws/src/install/cartesian_impedance_controller/share/cartesian_impedance_controller/hook/cmake_prefix_path.sh'
[1.166s] Level 1:colcon.colcon_core.environment:checking '/home/jiataoding/franco_ros2_franka_ws/src/install/cartesian_impedance_controller/lib'
[1.166s] Level 1:colcon.colcon_core.shell:create_environment_hook('cartesian_impedance_controller', 'ld_library_path_lib')
[1.166s] INFO:colcon.colcon_core.shell:Creating environment hook '/home/jiataoding/franco_ros2_franka_ws/src/install/cartesian_impedance_controller/share/cartesian_impedance_controller/hook/ld_library_path_lib.ps1'
[1.167s] INFO:colcon.colcon_core.shell:Creating environment descriptor '/home/jiataoding/franco_ros2_franka_ws/src/install/cartesian_impedance_controller/share/cartesian_impedance_controller/hook/ld_library_path_lib.dsv'
[1.167s] INFO:colcon.colcon_core.shell:Creating environment hook '/home/jiataoding/franco_ros2_franka_ws/src/install/cartesian_impedance_controller/share/cartesian_impedance_controller/hook/ld_library_path_lib.sh'
[1.168s] Level 1:colcon.colcon_core.environment:checking '/home/jiataoding/franco_ros2_franka_ws/src/install/cartesian_impedance_controller/bin'
[1.168s] Level 1:colcon.colcon_core.environment:checking '/home/jiataoding/franco_ros2_franka_ws/src/install/cartesian_impedance_controller/lib/pkgconfig/cartesian_impedance_controller.pc'
[1.168s] Level 1:colcon.colcon_core.environment:checking '/home/jiataoding/franco_ros2_franka_ws/src/install/cartesian_impedance_controller/lib/python3.10/site-packages'
[1.168s] Level 1:colcon.colcon_core.environment:checking '/home/jiataoding/franco_ros2_franka_ws/src/install/cartesian_impedance_controller/bin'
[1.169s] INFO:colcon.colcon_core.shell:Creating package script '/home/jiataoding/franco_ros2_franka_ws/src/install/cartesian_impedance_controller/share/cartesian_impedance_controller/package.ps1'
[1.169s] INFO:colcon.colcon_core.shell:Creating package descriptor '/home/jiataoding/franco_ros2_franka_ws/src/install/cartesian_impedance_controller/share/cartesian_impedance_controller/package.dsv'
[1.169s] INFO:colcon.colcon_core.shell:Creating package script '/home/jiataoding/franco_ros2_franka_ws/src/install/cartesian_impedance_controller/share/cartesian_impedance_controller/package.sh'
[1.170s] INFO:colcon.colcon_core.shell:Creating package script '/home/jiataoding/franco_ros2_franka_ws/src/install/cartesian_impedance_controller/share/cartesian_impedance_controller/package.bash'
[1.170s] INFO:colcon.colcon_core.shell:Creating package script '/home/jiataoding/franco_ros2_franka_ws/src/install/cartesian_impedance_controller/share/cartesian_impedance_controller/package.zsh'
[1.171s] Level 1:colcon.colcon_core.environment:create_file_with_runtime_dependencies(/home/jiataoding/franco_ros2_franka_ws/src/install/cartesian_impedance_controller/share/colcon-core/packages/cartesian_impedance_controller)
[1.171s] Level 1:colcon.colcon_core.environment:create_environment_scripts_only(cartesian_impedance_controller)
[1.171s] Level 1:colcon.colcon_core.environment:checking '/home/jiataoding/franco_ros2_franka_ws/src/install/cartesian_impedance_controller' for CMake module files
[1.171s] Level 1:colcon.colcon_core.environment:checking '/home/jiataoding/franco_ros2_franka_ws/src/install/cartesian_impedance_controller' for CMake config files
[1.172s] Level 1:colcon.colcon_core.shell:create_environment_hook('cartesian_impedance_controller', 'cmake_prefix_path')
[1.172s] INFO:colcon.colcon_core.shell:Creating environment hook '/home/jiataoding/franco_ros2_franka_ws/src/install/cartesian_impedance_controller/share/cartesian_impedance_controller/hook/cmake_prefix_path.ps1'
[1.172s] INFO:colcon.colcon_core.shell:Creating environment descriptor '/home/jiataoding/franco_ros2_franka_ws/src/install/cartesian_impedance_controller/share/cartesian_impedance_controller/hook/cmake_prefix_path.dsv'
[1.172s] INFO:colcon.colcon_core.shell:Creating environment hook '/home/jiataoding/franco_ros2_franka_ws/src/install/cartesian_impedance_controller/share/cartesian_impedance_controller/hook/cmake_prefix_path.sh'
[1.173s] Level 1:colcon.colcon_core.environment:checking '/home/jiataoding/franco_ros2_franka_ws/src/install/cartesian_impedance_controller/lib'
[1.173s] Level 1:colcon.colcon_core.shell:create_environment_hook('cartesian_impedance_controller', 'ld_library_path_lib')
[1.173s] INFO:colcon.colcon_core.shell:Creating environment hook '/home/jiataoding/franco_ros2_franka_ws/src/install/cartesian_impedance_controller/share/cartesian_impedance_controller/hook/ld_library_path_lib.ps1'
[1.173s] INFO:colcon.colcon_core.shell:Creating environment descriptor '/home/jiataoding/franco_ros2_franka_ws/src/install/cartesian_impedance_controller/share/cartesian_impedance_controller/hook/ld_library_path_lib.dsv'
[1.173s] INFO:colcon.colcon_core.shell:Creating environment hook '/home/jiataoding/franco_ros2_franka_ws/src/install/cartesian_impedance_controller/share/cartesian_impedance_controller/hook/ld_library_path_lib.sh'
[1.173s] Level 1:colcon.colcon_core.environment:checking '/home/jiataoding/franco_ros2_franka_ws/src/install/cartesian_impedance_controller/bin'
[1.173s] Level 1:colcon.colcon_core.environment:checking '/home/jiataoding/franco_ros2_franka_ws/src/install/cartesian_impedance_controller/lib/pkgconfig/cartesian_impedance_controller.pc'
[1.174s] Level 1:colcon.colcon_core.environment:checking '/home/jiataoding/franco_ros2_franka_ws/src/install/cartesian_impedance_controller/lib/python3.10/site-packages'
[1.174s] Level 1:colcon.colcon_core.environment:checking '/home/jiataoding/franco_ros2_franka_ws/src/install/cartesian_impedance_controller/bin'
[1.174s] INFO:colcon.colcon_core.shell:Creating package script '/home/jiataoding/franco_ros2_franka_ws/src/install/cartesian_impedance_controller/share/cartesian_impedance_controller/package.ps1'
[1.174s] INFO:colcon.colcon_core.shell:Creating package descriptor '/home/jiataoding/franco_ros2_franka_ws/src/install/cartesian_impedance_controller/share/cartesian_impedance_controller/package.dsv'
[1.175s] INFO:colcon.colcon_core.shell:Creating package script '/home/jiataoding/franco_ros2_franka_ws/src/install/cartesian_impedance_controller/share/cartesian_impedance_controller/package.sh'
[1.175s] INFO:colcon.colcon_core.shell:Creating package script '/home/jiataoding/franco_ros2_franka_ws/src/install/cartesian_impedance_controller/share/cartesian_impedance_controller/package.bash'
[1.175s] INFO:colcon.colcon_core.shell:Creating package script '/home/jiataoding/franco_ros2_franka_ws/src/install/cartesian_impedance_controller/share/cartesian_impedance_controller/package.zsh'
[1.176s] Level 1:colcon.colcon_core.environment:create_file_with_runtime_dependencies(/home/jiataoding/franco_ros2_franka_ws/src/install/cartesian_impedance_controller/share/colcon-core/packages/cartesian_impedance_controller)
[1.177s] DEBUG:colcon.colcon_core.event_handler.log_command:Invoked command in '/home/jiataoding/franco_ros2_franka_ws/src/build/franka_hardware' returned '0': CMAKE_PREFIX_PATH=/home/jiataoding/franco_ros2_franka_ws/src/install/franka_msgs:/home/jiataoding/franco_ros2_franka_ws/src/install/joint_impedance_controller:/home/jiataoding/franco_ros2_franka_ws/src/install/integration_launch_testing:/home/jiataoding/franco_ros2_franka_ws/src/install/idra_franka_launch:/home/jiataoding/franco_ros2_franka_ws/src/install/gravity_compensation:/home/jiataoding/franco_ros2_franka_ws/src/install/franka_task_pipeline:/home/jiataoding/franco_ros2_franka_ws/src/install/franka_ros2:/home/jiataoding/franco_ros2_franka_ws/src/install/franka_bringup:/home/jiataoding/franco_ros2_franka_ws/src/install/franka_robot_state_broadcaster:/home/jiataoding/franco_ros2_franka_ws/src/install/franka_example_controllers:/home/jiataoding/franco_ros2_franka_ws/src/install/franka_semantic_components:/home/jiataoding/franco_ros2_franka_ws/src/install/franka_gazebo_bringup:/home/jiataoding/franco_ros2_franka_ws/src/install/franka_ign_ros2_control:/home/jiataoding/franco_ros2_franka_ws/src/install/franka_fr3_moveit_config:/home/jiataoding/franco_ros2_franka_ws/src/install/franka_hardware:/home/jiataoding/franco_ros2_franka_ws/src/install/franka_gripper:/home/jiataoding/franco_ros2_franka_ws/src/install/franka_description:/home/jiataoding/franco_ros2_franka_ws/src/install/cartesian_impedance_controller:/opt/ros/humble:/home/jiataoding/franco_ros2_franka_ws/src/install/effort_controller_base:/home/jiataoding/franco_ros2_franka_ws/src/install/debug_msg:/home/jiataoding/ros2_franka_ws/install/joint_impedance_controller:/home/jiataoding/ros2_franka_ws/install/integration_launch_testing:/home/jiataoding/ros2_franka_ws/install/idra_franka_launch:/home/jiataoding/ros2_franka_ws/install/gravity_compensation:/home/jiataoding/ros2_franka_ws/install/franka_task_pipeline:/home/jiataoding/ros2_franka_ws/install/franka_ros2:/home/jiataoding/ros2_franka_ws/install/franka_bringup:/home/jiataoding/ros2_franka_ws/install/franka_robot_state_broadcaster:/home/jiataoding/ros2_franka_ws/install/franka_example_controllers:/home/jiataoding/ros2_franka_ws/install/franka_semantic_components:/home/jiataoding/ros2_franka_ws/install/franka_gazebo_bringup:/home/jiataoding/ros2_franka_ws/install/franka_ign_ros2_control:/home/jiataoding/ros2_franka_ws/install/franka_fr3_moveit_config:/home/jiataoding/ros2_franka_ws/install/franka_hardware:/home/jiataoding/ros2_franka_ws/install/franka_gripper:/home/jiataoding/ros2_franka_ws/install/franka_msgs:/home/jiataoding/ros2_franka_ws/install/franka_description:/home/jiataoding/ros2_franka_ws/install/cartesian_impedance_controller:/home/jiataoding/ros2_franka_ws/install/effort_controller_base:/home/jiataoding/ros2_franka_ws/install/debug_msg:/home/jiataoding/franco_ros2_franka_ws/install/joint_impedance_controller:/home/jiataoding/franco_ros2_franka_ws/install/integration_launch_testing:/home/jiataoding/franco_ros2_franka_ws/install/idra_franka_launch:/home/jiataoding/franco_ros2_franka_ws/install/gravity_compensation:/home/jiataoding/franco_ros2_franka_ws/install/franka_task_pipeline:/home/jiataoding/franco_ros2_franka_ws/install/franka_ros2:/home/jiataoding/franco_ros2_franka_ws/install/franka_bringup:/home/jiataoding/franco_ros2_franka_ws/install/franka_robot_state_broadcaster:/home/jiataoding/franco_ros2_franka_ws/install/franka_example_controllers:/home/jiataoding/franco_ros2_franka_ws/install/franka_semantic_components:/home/jiataoding/franco_ros2_franka_ws/install/franka_gazebo_bringup:/home/jiataoding/franco_ros2_franka_ws/install/franka_ign_ros2_control:/home/jiataoding/franco_ros2_franka_ws/install/franka_fr3_moveit_config:/home/jiataoding/franco_ros2_franka_ws/install/franka_hardware:/home/jiataoding/franco_ros2_franka_ws/install/franka_gripper:/home/jiataoding/franco_ros2_franka_ws/install/franka_msgs:/home/jiataoding/franco_ros2_franka_ws/install/franka_description:/home/jiataoding/franco_ros2_franka_ws/install/cartesian_impedance_controller:/home/jiataoding/franco_ros2_franka_ws/install/effort_controller_base:/home/jiataoding/franco_ros2_franka_ws/install/debug_msg:/opt/openrobots LD_LIBRARY_PATH=/home/jiataoding/franco_ros2_franka_ws/src/install/franka_msgs/lib:/home/jiataoding/franco_ros2_franka_ws/src/install/joint_impedance_controller/lib:/home/jiataoding/franco_ros2_franka_ws/src/install/integration_launch_testing/lib:/home/jiataoding/franco_ros2_franka_ws/src/install/gravity_compensation/lib:/home/jiataoding/franco_ros2_franka_ws/src/install/franka_robot_state_broadcaster/lib:/home/jiataoding/franco_ros2_franka_ws/src/install/franka_example_controllers/lib:/home/jiataoding/franco_ros2_franka_ws/src/install/franka_semantic_components/lib:/home/jiataoding/franco_ros2_franka_ws/src/install/franka_ign_ros2_control/lib:/home/jiataoding/franco_ros2_franka_ws/src/install/franka_hardware/lib:/home/jiataoding/franco_ros2_franka_ws/src/install/franka_gripper/lib:/home/jiataoding/franco_ros2_franka_ws/src/install/cartesian_impedance_controller/lib:/home/jiataoding/franco_ros2_franka_ws/src/install/effort_controller_base/lib:/home/jiataoding/franco_ros2_franka_ws/src/install/debug_msg/lib:/home/jiataoding/libs/onnxruntime-linux-x64-1.21.0/lib:/home/jiataoding/ros2_franka_ws/install/joint_impedance_controller/lib:/home/jiataoding/ros2_franka_ws/install/integration_launch_testing/lib:/home/jiataoding/ros2_franka_ws/install/gravity_compensation/lib:/home/jiataoding/ros2_franka_ws/install/franka_robot_state_broadcaster/lib:/home/jiataoding/ros2_franka_ws/install/franka_example_controllers/lib:/home/jiataoding/ros2_franka_ws/install/franka_semantic_components/lib:/home/jiataoding/ros2_franka_ws/install/franka_ign_ros2_control/lib:/home/jiataoding/ros2_franka_ws/install/franka_hardware/lib:/home/jiataoding/ros2_franka_ws/install/franka_gripper/lib:/home/jiataoding/ros2_franka_ws/install/franka_msgs/lib:/home/jiataoding/ros2_franka_ws/install/cartesian_impedance_controller/lib:/home/jiataoding/ros2_franka_ws/install/effort_controller_base/lib:/home/jiataoding/ros2_franka_ws/install/debug_msg/lib:/home/jiataoding/franco_ros2_franka_ws/install/joint_impedance_controller/lib:/home/jiataoding/franco_ros2_franka_ws/install/integration_launch_testing/lib:/home/jiataoding/franco_ros2_franka_ws/install/gravity_compensation/lib:/home/jiataoding/franco_ros2_franka_ws/install/franka_robot_state_broadcaster/lib:/home/jiataoding/franco_ros2_franka_ws/install/franka_example_controllers/lib:/home/jiataoding/franco_ros2_franka_ws/install/franka_semantic_components/lib:/home/jiataoding/franco_ros2_franka_ws/install/franka_ign_ros2_control/lib:/home/jiataoding/franco_ros2_franka_ws/install/franka_hardware/lib:/home/jiataoding/franco_ros2_franka_ws/install/franka_gripper/lib:/home/jiataoding/franco_ros2_franka_ws/install/franka_msgs/lib:/home/jiataoding/franco_ros2_franka_ws/install/cartesian_impedance_controller/lib:/home/jiataoding/franco_ros2_franka_ws/install/effort_controller_base/lib:/home/jiataoding/franco_ros2_franka_ws/install/debug_msg/lib:/opt/openrobots/lib:/opt/ros/humble/opt/rviz_ogre_vendor/lib:/opt/ros/humble/lib/x86_64-linux-gnu:/opt/ros/humble/lib /usr/bin/cmake --build /home/jiataoding/franco_ros2_franka_ws/src/build/franka_hardware -- -j24 -l24
[1.178s] DEBUG:colcon.colcon_core.event_handler.log_command:Invoking command in '/home/jiataoding/franco_ros2_franka_ws/src/build/franka_hardware': CMAKE_PREFIX_PATH=/home/jiataoding/franco_ros2_franka_ws/src/install/franka_msgs:/home/jiataoding/franco_ros2_franka_ws/src/install/joint_impedance_controller:/home/jiataoding/franco_ros2_franka_ws/src/install/integration_launch_testing:/home/jiataoding/franco_ros2_franka_ws/src/install/idra_franka_launch:/home/jiataoding/franco_ros2_franka_ws/src/install/gravity_compensation:/home/jiataoding/franco_ros2_franka_ws/src/install/franka_task_pipeline:/home/jiataoding/franco_ros2_franka_ws/src/install/franka_ros2:/home/jiataoding/franco_ros2_franka_ws/src/install/franka_bringup:/home/jiataoding/franco_ros2_franka_ws/src/install/franka_robot_state_broadcaster:/home/jiataoding/franco_ros2_franka_ws/src/install/franka_example_controllers:/home/jiataoding/franco_ros2_franka_ws/src/install/franka_semantic_components:/home/jiataoding/franco_ros2_franka_ws/src/install/franka_gazebo_bringup:/home/jiataoding/franco_ros2_franka_ws/src/install/franka_ign_ros2_control:/home/jiataoding/franco_ros2_franka_ws/src/install/franka_fr3_moveit_config:/home/jiataoding/franco_ros2_franka_ws/src/install/franka_hardware:/home/jiataoding/franco_ros2_franka_ws/src/install/franka_gripper:/home/jiataoding/franco_ros2_franka_ws/src/install/franka_description:/home/jiataoding/franco_ros2_franka_ws/src/install/cartesian_impedance_controller:/opt/ros/humble:/home/jiataoding/franco_ros2_franka_ws/src/install/effort_controller_base:/home/jiataoding/franco_ros2_franka_ws/src/install/debug_msg:/home/jiataoding/ros2_franka_ws/install/joint_impedance_controller:/home/jiataoding/ros2_franka_ws/install/integration_launch_testing:/home/jiataoding/ros2_franka_ws/install/idra_franka_launch:/home/jiataoding/ros2_franka_ws/install/gravity_compensation:/home/jiataoding/ros2_franka_ws/install/franka_task_pipeline:/home/jiataoding/ros2_franka_ws/install/franka_ros2:/home/jiataoding/ros2_franka_ws/install/franka_bringup:/home/jiataoding/ros2_franka_ws/install/franka_robot_state_broadcaster:/home/jiataoding/ros2_franka_ws/install/franka_example_controllers:/home/jiataoding/ros2_franka_ws/install/franka_semantic_components:/home/jiataoding/ros2_franka_ws/install/franka_gazebo_bringup:/home/jiataoding/ros2_franka_ws/install/franka_ign_ros2_control:/home/jiataoding/ros2_franka_ws/install/franka_fr3_moveit_config:/home/jiataoding/ros2_franka_ws/install/franka_hardware:/home/jiataoding/ros2_franka_ws/install/franka_gripper:/home/jiataoding/ros2_franka_ws/install/franka_msgs:/home/jiataoding/ros2_franka_ws/install/franka_description:/home/jiataoding/ros2_franka_ws/install/cartesian_impedance_controller:/home/jiataoding/ros2_franka_ws/install/effort_controller_base:/home/jiataoding/ros2_franka_ws/install/debug_msg:/home/jiataoding/franco_ros2_franka_ws/install/joint_impedance_controller:/home/jiataoding/franco_ros2_franka_ws/install/integration_launch_testing:/home/jiataoding/franco_ros2_franka_ws/install/idra_franka_launch:/home/jiataoding/franco_ros2_franka_ws/install/gravity_compensation:/home/jiataoding/franco_ros2_franka_ws/install/franka_task_pipeline:/home/jiataoding/franco_ros2_franka_ws/install/franka_ros2:/home/jiataoding/franco_ros2_franka_ws/install/franka_bringup:/home/jiataoding/franco_ros2_franka_ws/install/franka_robot_state_broadcaster:/home/jiataoding/franco_ros2_franka_ws/install/franka_example_controllers:/home/jiataoding/franco_ros2_franka_ws/install/franka_semantic_components:/home/jiataoding/franco_ros2_franka_ws/install/franka_gazebo_bringup:/home/jiataoding/franco_ros2_franka_ws/install/franka_ign_ros2_control:/home/jiataoding/franco_ros2_franka_ws/install/franka_fr3_moveit_config:/home/jiataoding/franco_ros2_franka_ws/install/franka_hardware:/home/jiataoding/franco_ros2_franka_ws/install/franka_gripper:/home/jiataoding/franco_ros2_franka_ws/install/franka_msgs:/home/jiataoding/franco_ros2_franka_ws/install/franka_description:/home/jiataoding/franco_ros2_franka_ws/install/cartesian_impedance_controller:/home/jiataoding/franco_ros2_franka_ws/install/effort_controller_base:/home/jiataoding/franco_ros2_franka_ws/install/debug_msg:/opt/openrobots LD_LIBRARY_PATH=/home/jiataoding/franco_ros2_franka_ws/src/install/franka_msgs/lib:/home/jiataoding/franco_ros2_franka_ws/src/install/joint_impedance_controller/lib:/home/jiataoding/franco_ros2_franka_ws/src/install/integration_launch_testing/lib:/home/jiataoding/franco_ros2_franka_ws/src/install/gravity_compensation/lib:/home/jiataoding/franco_ros2_franka_ws/src/install/franka_robot_state_broadcaster/lib:/home/jiataoding/franco_ros2_franka_ws/src/install/franka_example_controllers/lib:/home/jiataoding/franco_ros2_franka_ws/src/install/franka_semantic_components/lib:/home/jiataoding/franco_ros2_franka_ws/src/install/franka_ign_ros2_control/lib:/home/jiataoding/franco_ros2_franka_ws/src/install/franka_hardware/lib:/home/jiataoding/franco_ros2_franka_ws/src/install/franka_gripper/lib:/home/jiataoding/franco_ros2_franka_ws/src/install/cartesian_impedance_controller/lib:/home/jiataoding/franco_ros2_franka_ws/src/install/effort_controller_base/lib:/home/jiataoding/franco_ros2_franka_ws/src/install/debug_msg/lib:/home/jiataoding/libs/onnxruntime-linux-x64-1.21.0/lib:/home/jiataoding/ros2_franka_ws/install/joint_impedance_controller/lib:/home/jiataoding/ros2_franka_ws/install/integration_launch_testing/lib:/home/jiataoding/ros2_franka_ws/install/gravity_compensation/lib:/home/jiataoding/ros2_franka_ws/install/franka_robot_state_broadcaster/lib:/home/jiataoding/ros2_franka_ws/install/franka_example_controllers/lib:/home/jiataoding/ros2_franka_ws/install/franka_semantic_components/lib:/home/jiataoding/ros2_franka_ws/install/franka_ign_ros2_control/lib:/home/jiataoding/ros2_franka_ws/install/franka_hardware/lib:/home/jiataoding/ros2_franka_ws/install/franka_gripper/lib:/home/jiataoding/ros2_franka_ws/install/franka_msgs/lib:/home/jiataoding/ros2_franka_ws/install/cartesian_impedance_controller/lib:/home/jiataoding/ros2_franka_ws/install/effort_controller_base/lib:/home/jiataoding/ros2_franka_ws/install/debug_msg/lib:/home/jiataoding/franco_ros2_franka_ws/install/joint_impedance_controller/lib:/home/jiataoding/franco_ros2_franka_ws/install/integration_launch_testing/lib:/home/jiataoding/franco_ros2_franka_ws/install/gravity_compensation/lib:/home/jiataoding/franco_ros2_franka_ws/install/franka_robot_state_broadcaster/lib:/home/jiataoding/franco_ros2_franka_ws/install/franka_example_controllers/lib:/home/jiataoding/franco_ros2_franka_ws/install/franka_semantic_components/lib:/home/jiataoding/franco_ros2_franka_ws/install/franka_ign_ros2_control/lib:/home/jiataoding/franco_ros2_franka_ws/install/franka_hardware/lib:/home/jiataoding/franco_ros2_franka_ws/install/franka_gripper/lib:/home/jiataoding/franco_ros2_franka_ws/install/franka_msgs/lib:/home/jiataoding/franco_ros2_franka_ws/install/cartesian_impedance_controller/lib:/home/jiataoding/franco_ros2_franka_ws/install/effort_controller_base/lib:/home/jiataoding/franco_ros2_franka_ws/install/debug_msg/lib:/opt/openrobots/lib:/opt/ros/humble/opt/rviz_ogre_vendor/lib:/opt/ros/humble/lib/x86_64-linux-gnu:/opt/ros/humble/lib /usr/bin/cmake --install /home/jiataoding/franco_ros2_franka_ws/src/build/franka_hardware
[1.217s] Level 1:colcon.colcon_core.environment:create_environment_scripts_only(franka_hardware)
[1.217s] Level 1:colcon.colcon_core.environment:checking '/home/jiataoding/franco_ros2_franka_ws/src/install/franka_hardware' for CMake module files
[1.217s] DEBUG:colcon.colcon_core.event_handler.log_command:Invoked command in '/home/jiataoding/franco_ros2_franka_ws/src/build/franka_hardware' returned '0': CMAKE_PREFIX_PATH=/home/jiataoding/franco_ros2_franka_ws/src/install/franka_msgs:/home/jiataoding/franco_ros2_franka_ws/src/install/joint_impedance_controller:/home/jiataoding/franco_ros2_franka_ws/src/install/integration_launch_testing:/home/jiataoding/franco_ros2_franka_ws/src/install/idra_franka_launch:/home/jiataoding/franco_ros2_franka_ws/src/install/gravity_compensation:/home/jiataoding/franco_ros2_franka_ws/src/install/franka_task_pipeline:/home/jiataoding/franco_ros2_franka_ws/src/install/franka_ros2:/home/jiataoding/franco_ros2_franka_ws/src/install/franka_bringup:/home/jiataoding/franco_ros2_franka_ws/src/install/franka_robot_state_broadcaster:/home/jiataoding/franco_ros2_franka_ws/src/install/franka_example_controllers:/home/jiataoding/franco_ros2_franka_ws/src/install/franka_semantic_components:/home/jiataoding/franco_ros2_franka_ws/src/install/franka_gazebo_bringup:/home/jiataoding/franco_ros2_franka_ws/src/install/franka_ign_ros2_control:/home/jiataoding/franco_ros2_franka_ws/src/install/franka_fr3_moveit_config:/home/jiataoding/franco_ros2_franka_ws/src/install/franka_hardware:/home/jiataoding/franco_ros2_franka_ws/src/install/franka_gripper:/home/jiataoding/franco_ros2_franka_ws/src/install/franka_description:/home/jiataoding/franco_ros2_franka_ws/src/install/cartesian_impedance_controller:/opt/ros/humble:/home/jiataoding/franco_ros2_franka_ws/src/install/effort_controller_base:/home/jiataoding/franco_ros2_franka_ws/src/install/debug_msg:/home/jiataoding/ros2_franka_ws/install/joint_impedance_controller:/home/jiataoding/ros2_franka_ws/install/integration_launch_testing:/home/jiataoding/ros2_franka_ws/install/idra_franka_launch:/home/jiataoding/ros2_franka_ws/install/gravity_compensation:/home/jiataoding/ros2_franka_ws/install/franka_task_pipeline:/home/jiataoding/ros2_franka_ws/install/franka_ros2:/home/jiataoding/ros2_franka_ws/install/franka_bringup:/home/jiataoding/ros2_franka_ws/install/franka_robot_state_broadcaster:/home/jiataoding/ros2_franka_ws/install/franka_example_controllers:/home/jiataoding/ros2_franka_ws/install/franka_semantic_components:/home/jiataoding/ros2_franka_ws/install/franka_gazebo_bringup:/home/jiataoding/ros2_franka_ws/install/franka_ign_ros2_control:/home/jiataoding/ros2_franka_ws/install/franka_fr3_moveit_config:/home/jiataoding/ros2_franka_ws/install/franka_hardware:/home/jiataoding/ros2_franka_ws/install/franka_gripper:/home/jiataoding/ros2_franka_ws/install/franka_msgs:/home/jiataoding/ros2_franka_ws/install/franka_description:/home/jiataoding/ros2_franka_ws/install/cartesian_impedance_controller:/home/jiataoding/ros2_franka_ws/install/effort_controller_base:/home/jiataoding/ros2_franka_ws/install/debug_msg:/home/jiataoding/franco_ros2_franka_ws/install/joint_impedance_controller:/home/jiataoding/franco_ros2_franka_ws/install/integration_launch_testing:/home/jiataoding/franco_ros2_franka_ws/install/idra_franka_launch:/home/jiataoding/franco_ros2_franka_ws/install/gravity_compensation:/home/jiataoding/franco_ros2_franka_ws/install/franka_task_pipeline:/home/jiataoding/franco_ros2_franka_ws/install/franka_ros2:/home/jiataoding/franco_ros2_franka_ws/install/franka_bringup:/home/jiataoding/franco_ros2_franka_ws/install/franka_robot_state_broadcaster:/home/jiataoding/franco_ros2_franka_ws/install/franka_example_controllers:/home/jiataoding/franco_ros2_franka_ws/install/franka_semantic_components:/home/jiataoding/franco_ros2_franka_ws/install/franka_gazebo_bringup:/home/jiataoding/franco_ros2_franka_ws/install/franka_ign_ros2_control:/home/jiataoding/franco_ros2_franka_ws/install/franka_fr3_moveit_config:/home/jiataoding/franco_ros2_franka_ws/install/franka_hardware:/home/jiataoding/franco_ros2_franka_ws/install/franka_gripper:/home/jiataoding/franco_ros2_franka_ws/install/franka_msgs:/home/jiataoding/franco_ros2_franka_ws/install/franka_description:/home/jiataoding/franco_ros2_franka_ws/install/cartesian_impedance_controller:/home/jiataoding/franco_ros2_franka_ws/install/effort_controller_base:/home/jiataoding/franco_ros2_franka_ws/install/debug_msg:/opt/openrobots LD_LIBRARY_PATH=/home/jiataoding/franco_ros2_franka_ws/src/install/franka_msgs/lib:/home/jiataoding/franco_ros2_franka_ws/src/install/joint_impedance_controller/lib:/home/jiataoding/franco_ros2_franka_ws/src/install/integration_launch_testing/lib:/home/jiataoding/franco_ros2_franka_ws/src/install/gravity_compensation/lib:/home/jiataoding/franco_ros2_franka_ws/src/install/franka_robot_state_broadcaster/lib:/home/jiataoding/franco_ros2_franka_ws/src/install/franka_example_controllers/lib:/home/jiataoding/franco_ros2_franka_ws/src/install/franka_semantic_components/lib:/home/jiataoding/franco_ros2_franka_ws/src/install/franka_ign_ros2_control/lib:/home/jiataoding/franco_ros2_franka_ws/src/install/franka_hardware/lib:/home/jiataoding/franco_ros2_franka_ws/src/install/franka_gripper/lib:/home/jiataoding/franco_ros2_franka_ws/src/install/cartesian_impedance_controller/lib:/home/jiataoding/franco_ros2_franka_ws/src/install/effort_controller_base/lib:/home/jiataoding/franco_ros2_franka_ws/src/install/debug_msg/lib:/home/jiataoding/libs/onnxruntime-linux-x64-1.21.0/lib:/home/jiataoding/ros2_franka_ws/install/joint_impedance_controller/lib:/home/jiataoding/ros2_franka_ws/install/integration_launch_testing/lib:/home/jiataoding/ros2_franka_ws/install/gravity_compensation/lib:/home/jiataoding/ros2_franka_ws/install/franka_robot_state_broadcaster/lib:/home/jiataoding/ros2_franka_ws/install/franka_example_controllers/lib:/home/jiataoding/ros2_franka_ws/install/franka_semantic_components/lib:/home/jiataoding/ros2_franka_ws/install/franka_ign_ros2_control/lib:/home/jiataoding/ros2_franka_ws/install/franka_hardware/lib:/home/jiataoding/ros2_franka_ws/install/franka_gripper/lib:/home/jiataoding/ros2_franka_ws/install/franka_msgs/lib:/home/jiataoding/ros2_franka_ws/install/cartesian_impedance_controller/lib:/home/jiataoding/ros2_franka_ws/install/effort_controller_base/lib:/home/jiataoding/ros2_franka_ws/install/debug_msg/lib:/home/jiataoding/franco_ros2_franka_ws/install/joint_impedance_controller/lib:/home/jiataoding/franco_ros2_franka_ws/install/integration_launch_testing/lib:/home/jiataoding/franco_ros2_franka_ws/install/gravity_compensation/lib:/home/jiataoding/franco_ros2_franka_ws/install/franka_robot_state_broadcaster/lib:/home/jiataoding/franco_ros2_franka_ws/install/franka_example_controllers/lib:/home/jiataoding/franco_ros2_franka_ws/install/franka_semantic_components/lib:/home/jiataoding/franco_ros2_franka_ws/install/franka_ign_ros2_control/lib:/home/jiataoding/franco_ros2_franka_ws/install/franka_hardware/lib:/home/jiataoding/franco_ros2_franka_ws/install/franka_gripper/lib:/home/jiataoding/franco_ros2_franka_ws/install/franka_msgs/lib:/home/jiataoding/franco_ros2_franka_ws/install/cartesian_impedance_controller/lib:/home/jiataoding/franco_ros2_franka_ws/install/effort_controller_base/lib:/home/jiataoding/franco_ros2_franka_ws/install/debug_msg/lib:/opt/openrobots/lib:/opt/ros/humble/opt/rviz_ogre_vendor/lib:/opt/ros/humble/lib/x86_64-linux-gnu:/opt/ros/humble/lib /usr/bin/cmake --install /home/jiataoding/franco_ros2_franka_ws/src/build/franka_hardware
[1.218s] Level 1:colcon.colcon_core.environment:checking '/home/jiataoding/franco_ros2_franka_ws/src/install/franka_hardware' for CMake config files
[1.219s] Level 1:colcon.colcon_core.shell:create_environment_hook('franka_hardware', 'cmake_prefix_path')
[1.219s] INFO:colcon.colcon_core.shell:Creating environment hook '/home/jiataoding/franco_ros2_franka_ws/src/install/franka_hardware/share/franka_hardware/hook/cmake_prefix_path.ps1'
[1.220s] INFO:colcon.colcon_core.shell:Creating environment descriptor '/home/jiataoding/franco_ros2_franka_ws/src/install/franka_hardware/share/franka_hardware/hook/cmake_prefix_path.dsv'
[1.220s] INFO:colcon.colcon_core.shell:Creating environment hook '/home/jiataoding/franco_ros2_franka_ws/src/install/franka_hardware/share/franka_hardware/hook/cmake_prefix_path.sh'
[1.221s] Level 1:colcon.colcon_core.environment:checking '/home/jiataoding/franco_ros2_franka_ws/src/install/franka_hardware/lib'
[1.221s] Level 1:colcon.colcon_core.shell:create_environment_hook('franka_hardware', 'ld_library_path_lib')
[1.221s] INFO:colcon.colcon_core.shell:Creating environment hook '/home/jiataoding/franco_ros2_franka_ws/src/install/franka_hardware/share/franka_hardware/hook/ld_library_path_lib.ps1'
[1.222s] INFO:colcon.colcon_core.shell:Creating environment descriptor '/home/jiataoding/franco_ros2_franka_ws/src/install/franka_hardware/share/franka_hardware/hook/ld_library_path_lib.dsv'
[1.222s] INFO:colcon.colcon_core.shell:Creating environment hook '/home/jiataoding/franco_ros2_franka_ws/src/install/franka_hardware/share/franka_hardware/hook/ld_library_path_lib.sh'
[1.222s] Level 1:colcon.colcon_core.environment:checking '/home/jiataoding/franco_ros2_franka_ws/src/install/franka_hardware/bin'
[1.223s] Level 1:colcon.colcon_core.environment:checking '/home/jiataoding/franco_ros2_franka_ws/src/install/franka_hardware/lib/pkgconfig/franka_hardware.pc'
[1.223s] Level 1:colcon.colcon_core.environment:checking '/home/jiataoding/franco_ros2_franka_ws/src/install/franka_hardware/lib/python3.10/site-packages'
[1.223s] Level 1:colcon.colcon_core.environment:checking '/home/jiataoding/franco_ros2_franka_ws/src/install/franka_hardware/bin'
[1.224s] INFO:colcon.colcon_core.shell:Creating package script '/home/jiataoding/franco_ros2_franka_ws/src/install/franka_hardware/share/franka_hardware/package.ps1'
[1.224s] INFO:colcon.colcon_core.shell:Creating package descriptor '/home/jiataoding/franco_ros2_franka_ws/src/install/franka_hardware/share/franka_hardware/package.dsv'
[1.225s] INFO:colcon.colcon_core.shell:Creating package script '/home/jiataoding/franco_ros2_franka_ws/src/install/franka_hardware/share/franka_hardware/package.sh'
[1.226s] INFO:colcon.colcon_core.shell:Creating package script '/home/jiataoding/franco_ros2_franka_ws/src/install/franka_hardware/share/franka_hardware/package.bash'
[1.226s] INFO:colcon.colcon_core.shell:Creating package script '/home/jiataoding/franco_ros2_franka_ws/src/install/franka_hardware/share/franka_hardware/package.zsh'
[1.227s] Level 1:colcon.colcon_core.environment:create_file_with_runtime_dependencies(/home/jiataoding/franco_ros2_franka_ws/src/install/franka_hardware/share/colcon-core/packages/franka_hardware)
[1.228s] Level 1:colcon.colcon_core.environment:create_environment_scripts_only(franka_hardware)
[1.228s] Level 1:colcon.colcon_core.environment:checking '/home/jiataoding/franco_ros2_franka_ws/src/install/franka_hardware' for CMake module files
[1.228s] Level 1:colcon.colcon_core.environment:checking '/home/jiataoding/franco_ros2_franka_ws/src/install/franka_hardware' for CMake config files
[1.229s] Level 1:colcon.colcon_core.shell:create_environment_hook('franka_hardware', 'cmake_prefix_path')
[1.229s] INFO:colcon.colcon_core.shell:Creating environment hook '/home/jiataoding/franco_ros2_franka_ws/src/install/franka_hardware/share/franka_hardware/hook/cmake_prefix_path.ps1'
[1.230s] INFO:colcon.colcon_core.shell:Creating environment descriptor '/home/jiataoding/franco_ros2_franka_ws/src/install/franka_hardware/share/franka_hardware/hook/cmake_prefix_path.dsv'
[1.230s] INFO:colcon.colcon_core.shell:Creating environment hook '/home/jiataoding/franco_ros2_franka_ws/src/install/franka_hardware/share/franka_hardware/hook/cmake_prefix_path.sh'
[1.231s] Level 1:colcon.colcon_core.environment:checking '/home/jiataoding/franco_ros2_franka_ws/src/install/franka_hardware/lib'
[1.231s] Level 1:colcon.colcon_core.shell:create_environment_hook('franka_hardware', 'ld_library_path_lib')
[1.231s] INFO:colcon.colcon_core.shell:Creating environment hook '/home/jiataoding/franco_ros2_franka_ws/src/install/franka_hardware/share/franka_hardware/hook/ld_library_path_lib.ps1'
[1.232s] INFO:colcon.colcon_core.shell:Creating environment descriptor '/home/jiataoding/franco_ros2_franka_ws/src/install/franka_hardware/share/franka_hardware/hook/ld_library_path_lib.dsv'
[1.232s] INFO:colcon.colcon_core.shell:Creating environment hook '/home/jiataoding/franco_ros2_franka_ws/src/install/franka_hardware/share/franka_hardware/hook/ld_library_path_lib.sh'
[1.233s] Level 1:colcon.colcon_core.environment:checking '/home/jiataoding/franco_ros2_franka_ws/src/install/franka_hardware/bin'
[1.233s] Level 1:colcon.colcon_core.environment:checking '/home/jiataoding/franco_ros2_franka_ws/src/install/franka_hardware/lib/pkgconfig/franka_hardware.pc'
[1.233s] Level 1:colcon.colcon_core.environment:checking '/home/jiataoding/franco_ros2_franka_ws/src/install/franka_hardware/lib/python3.10/site-packages'
[1.233s] Level 1:colcon.colcon_core.environment:checking '/home/jiataoding/franco_ros2_franka_ws/src/install/franka_hardware/bin'
[1.234s] INFO:colcon.colcon_core.shell:Creating package script '/home/jiataoding/franco_ros2_franka_ws/src/install/franka_hardware/share/franka_hardware/package.ps1'
[1.234s] INFO:colcon.colcon_core.shell:Creating package descriptor '/home/jiataoding/franco_ros2_franka_ws/src/install/franka_hardware/share/franka_hardware/package.dsv'
[1.235s] INFO:colcon.colcon_core.shell:Creating package script '/home/jiataoding/franco_ros2_franka_ws/src/install/franka_hardware/share/franka_hardware/package.sh'
[1.235s] INFO:colcon.colcon_core.shell:Creating package script '/home/jiataoding/franco_ros2_franka_ws/src/install/franka_hardware/share/franka_hardware/package.bash'
[1.236s] INFO:colcon.colcon_core.shell:Creating package script '/home/jiataoding/franco_ros2_franka_ws/src/install/franka_hardware/share/franka_hardware/package.zsh'
[1.236s] Level 1:colcon.colcon_core.environment:create_file_with_runtime_dependencies(/home/jiataoding/franco_ros2_franka_ws/src/install/franka_hardware/share/colcon-core/packages/franka_hardware)
[1.237s] INFO:colcon.colcon_ros.task.ament_cmake.build:Building ROS package in '/home/jiataoding/franco_ros2_franka_ws/src/franka_ros2/franka_semantic_components' with build type 'ament_cmake'
[1.237s] INFO:colcon.colcon_cmake.task.cmake.build:Building CMake package in '/home/jiataoding/franco_ros2_franka_ws/src/franka_ros2/franka_semantic_components'
[1.237s] INFO:colcon.colcon_core.shell:Skip shell extension 'powershell' for command environment: Not usable outside of PowerShell
[1.237s] DEBUG:colcon.colcon_core.shell:Skip shell extension 'dsv' for command environment
[1.243s] INFO:colcon.colcon_ros.task.ament_cmake.build:Building ROS package in '/home/jiataoding/franco_ros2_franka_ws/src/franka_ros2/franka_gazebo/franka_ign_ros2_control' with build type 'ament_cmake'
[1.243s] INFO:colcon.colcon_cmake.task.cmake.build:Building CMake package in '/home/jiataoding/franco_ros2_franka_ws/src/franka_ros2/franka_gazebo/franka_ign_ros2_control'
[1.243s] INFO:colcon.colcon_core.shell:Skip shell extension 'powershell' for command environment: Not usable outside of PowerShell
[1.244s] DEBUG:colcon.colcon_core.shell:Skip shell extension 'dsv' for command environment
[1.263s] DEBUG:colcon.colcon_core.event_handler.log_command:Invoking command in '/home/jiataoding/franco_ros2_franka_ws/src/build/franka_semantic_components': CMAKE_PREFIX_PATH=/home/jiataoding/franco_ros2_franka_ws/src/install/franka_hardware:/home/jiataoding/franco_ros2_franka_ws/src/install/franka_msgs:/home/jiataoding/franco_ros2_franka_ws/src/install/joint_impedance_controller:/home/jiataoding/franco_ros2_franka_ws/src/install/integration_launch_testing:/home/jiataoding/franco_ros2_franka_ws/src/install/idra_franka_launch:/home/jiataoding/franco_ros2_franka_ws/src/install/gravity_compensation:/home/jiataoding/franco_ros2_franka_ws/src/install/franka_task_pipeline:/home/jiataoding/franco_ros2_franka_ws/src/install/franka_ros2:/home/jiataoding/franco_ros2_franka_ws/src/install/franka_bringup:/home/jiataoding/franco_ros2_franka_ws/src/install/franka_robot_state_broadcaster:/home/jiataoding/franco_ros2_franka_ws/src/install/franka_example_controllers:/home/jiataoding/franco_ros2_franka_ws/src/install/franka_semantic_components:/home/jiataoding/franco_ros2_franka_ws/src/install/franka_gazebo_bringup:/home/jiataoding/franco_ros2_franka_ws/src/install/franka_ign_ros2_control:/home/jiataoding/franco_ros2_franka_ws/src/install/franka_fr3_moveit_config:/home/jiataoding/franco_ros2_franka_ws/src/install/franka_gripper:/home/jiataoding/franco_ros2_franka_ws/src/install/franka_description:/home/jiataoding/franco_ros2_franka_ws/src/install/cartesian_impedance_controller:/opt/ros/humble:/home/jiataoding/franco_ros2_franka_ws/src/install/effort_controller_base:/home/jiataoding/franco_ros2_franka_ws/src/install/debug_msg:/home/jiataoding/ros2_franka_ws/install/joint_impedance_controller:/home/jiataoding/ros2_franka_ws/install/integration_launch_testing:/home/jiataoding/ros2_franka_ws/install/idra_franka_launch:/home/jiataoding/ros2_franka_ws/install/gravity_compensation:/home/jiataoding/ros2_franka_ws/install/franka_task_pipeline:/home/jiataoding/ros2_franka_ws/install/franka_ros2:/home/jiataoding/ros2_franka_ws/install/franka_bringup:/home/jiataoding/ros2_franka_ws/install/franka_robot_state_broadcaster:/home/jiataoding/ros2_franka_ws/install/franka_example_controllers:/home/jiataoding/ros2_franka_ws/install/franka_semantic_components:/home/jiataoding/ros2_franka_ws/install/franka_gazebo_bringup:/home/jiataoding/ros2_franka_ws/install/franka_ign_ros2_control:/home/jiataoding/ros2_franka_ws/install/franka_fr3_moveit_config:/home/jiataoding/ros2_franka_ws/install/franka_hardware:/home/jiataoding/ros2_franka_ws/install/franka_gripper:/home/jiataoding/ros2_franka_ws/install/franka_msgs:/home/jiataoding/ros2_franka_ws/install/franka_description:/home/jiataoding/ros2_franka_ws/install/cartesian_impedance_controller:/home/jiataoding/ros2_franka_ws/install/effort_controller_base:/home/jiataoding/ros2_franka_ws/install/debug_msg:/home/jiataoding/franco_ros2_franka_ws/install/joint_impedance_controller:/home/jiataoding/franco_ros2_franka_ws/install/integration_launch_testing:/home/jiataoding/franco_ros2_franka_ws/install/idra_franka_launch:/home/jiataoding/franco_ros2_franka_ws/install/gravity_compensation:/home/jiataoding/franco_ros2_franka_ws/install/franka_task_pipeline:/home/jiataoding/franco_ros2_franka_ws/install/franka_ros2:/home/jiataoding/franco_ros2_franka_ws/install/franka_bringup:/home/jiataoding/franco_ros2_franka_ws/install/franka_robot_state_broadcaster:/home/jiataoding/franco_ros2_franka_ws/install/franka_example_controllers:/home/jiataoding/franco_ros2_franka_ws/install/franka_semantic_components:/home/jiataoding/franco_ros2_franka_ws/install/franka_gazebo_bringup:/home/jiataoding/franco_ros2_franka_ws/install/franka_ign_ros2_control:/home/jiataoding/franco_ros2_franka_ws/install/franka_fr3_moveit_config:/home/jiataoding/franco_ros2_franka_ws/install/franka_hardware:/home/jiataoding/franco_ros2_franka_ws/install/franka_gripper:/home/jiataoding/franco_ros2_franka_ws/install/franka_msgs:/home/jiataoding/franco_ros2_franka_ws/install/franka_description:/home/jiataoding/franco_ros2_franka_ws/install/cartesian_impedance_controller:/home/jiataoding/franco_ros2_franka_ws/install/effort_controller_base:/home/jiataoding/franco_ros2_franka_ws/install/debug_msg:/opt/openrobots LD_LIBRARY_PATH=/home/jiataoding/franco_ros2_franka_ws/src/install/franka_hardware/lib:/home/jiataoding/franco_ros2_franka_ws/src/install/franka_msgs/lib:/home/jiataoding/franco_ros2_franka_ws/src/install/joint_impedance_controller/lib:/home/jiataoding/franco_ros2_franka_ws/src/install/integration_launch_testing/lib:/home/jiataoding/franco_ros2_franka_ws/src/install/gravity_compensation/lib:/home/jiataoding/franco_ros2_franka_ws/src/install/franka_robot_state_broadcaster/lib:/home/jiataoding/franco_ros2_franka_ws/src/install/franka_example_controllers/lib:/home/jiataoding/franco_ros2_franka_ws/src/install/franka_semantic_components/lib:/home/jiataoding/franco_ros2_franka_ws/src/install/franka_ign_ros2_control/lib:/home/jiataoding/franco_ros2_franka_ws/src/install/franka_gripper/lib:/home/jiataoding/franco_ros2_franka_ws/src/install/cartesian_impedance_controller/lib:/home/jiataoding/franco_ros2_franka_ws/src/install/effort_controller_base/lib:/home/jiataoding/franco_ros2_franka_ws/src/install/debug_msg/lib:/home/jiataoding/libs/onnxruntime-linux-x64-1.21.0/lib:/home/jiataoding/ros2_franka_ws/install/joint_impedance_controller/lib:/home/jiataoding/ros2_franka_ws/install/integration_launch_testing/lib:/home/jiataoding/ros2_franka_ws/install/gravity_compensation/lib:/home/jiataoding/ros2_franka_ws/install/franka_robot_state_broadcaster/lib:/home/jiataoding/ros2_franka_ws/install/franka_example_controllers/lib:/home/jiataoding/ros2_franka_ws/install/franka_semantic_components/lib:/home/jiataoding/ros2_franka_ws/install/franka_ign_ros2_control/lib:/home/jiataoding/ros2_franka_ws/install/franka_hardware/lib:/home/jiataoding/ros2_franka_ws/install/franka_gripper/lib:/home/jiataoding/ros2_franka_ws/install/franka_msgs/lib:/home/jiataoding/ros2_franka_ws/install/cartesian_impedance_controller/lib:/home/jiataoding/ros2_franka_ws/install/effort_controller_base/lib:/home/jiataoding/ros2_franka_ws/install/debug_msg/lib:/home/jiataoding/franco_ros2_franka_ws/install/joint_impedance_controller/lib:/home/jiataoding/franco_ros2_franka_ws/install/integration_launch_testing/lib:/home/jiataoding/franco_ros2_franka_ws/install/gravity_compensation/lib:/home/jiataoding/franco_ros2_franka_ws/install/franka_robot_state_broadcaster/lib:/home/jiataoding/franco_ros2_franka_ws/install/franka_example_controllers/lib:/home/jiataoding/franco_ros2_franka_ws/install/franka_semantic_components/lib:/home/jiataoding/franco_ros2_franka_ws/install/franka_ign_ros2_control/lib:/home/jiataoding/franco_ros2_franka_ws/install/franka_hardware/lib:/home/jiataoding/franco_ros2_franka_ws/install/franka_gripper/lib:/home/jiataoding/franco_ros2_franka_ws/install/franka_msgs/lib:/home/jiataoding/franco_ros2_franka_ws/install/cartesian_impedance_controller/lib:/home/jiataoding/franco_ros2_franka_ws/install/effort_controller_base/lib:/home/jiataoding/franco_ros2_franka_ws/install/debug_msg/lib:/opt/openrobots/lib:/opt/ros/humble/opt/rviz_ogre_vendor/lib:/opt/ros/humble/lib/x86_64-linux-gnu:/opt/ros/humble/lib /usr/bin/cmake --build /home/jiataoding/franco_ros2_franka_ws/src/build/franka_semantic_components -- -j24 -l24
[1.274s] DEBUG:colcon.colcon_core.event_handler.log_command:Invoking command in '/home/jiataoding/franco_ros2_franka_ws/src/build/franka_ign_ros2_control': CMAKE_PREFIX_PATH=/home/jiataoding/franco_ros2_franka_ws/src/install/franka_hardware:/home/jiataoding/franco_ros2_franka_ws/src/install/franka_msgs:/home/jiataoding/franco_ros2_franka_ws/src/install/joint_impedance_controller:/home/jiataoding/franco_ros2_franka_ws/src/install/integration_launch_testing:/home/jiataoding/franco_ros2_franka_ws/src/install/idra_franka_launch:/home/jiataoding/franco_ros2_franka_ws/src/install/gravity_compensation:/home/jiataoding/franco_ros2_franka_ws/src/install/franka_task_pipeline:/home/jiataoding/franco_ros2_franka_ws/src/install/franka_ros2:/home/jiataoding/franco_ros2_franka_ws/src/install/franka_bringup:/home/jiataoding/franco_ros2_franka_ws/src/install/franka_robot_state_broadcaster:/home/jiataoding/franco_ros2_franka_ws/src/install/franka_example_controllers:/home/jiataoding/franco_ros2_franka_ws/src/install/franka_semantic_components:/home/jiataoding/franco_ros2_franka_ws/src/install/franka_gazebo_bringup:/home/jiataoding/franco_ros2_franka_ws/src/install/franka_ign_ros2_control:/home/jiataoding/franco_ros2_franka_ws/src/install/franka_fr3_moveit_config:/home/jiataoding/franco_ros2_franka_ws/src/install/franka_gripper:/home/jiataoding/franco_ros2_franka_ws/src/install/franka_description:/home/jiataoding/franco_ros2_franka_ws/src/install/cartesian_impedance_controller:/opt/ros/humble:/home/jiataoding/franco_ros2_franka_ws/src/install/effort_controller_base:/home/jiataoding/franco_ros2_franka_ws/src/install/debug_msg:/home/jiataoding/ros2_franka_ws/install/joint_impedance_controller:/home/jiataoding/ros2_franka_ws/install/integration_launch_testing:/home/jiataoding/ros2_franka_ws/install/idra_franka_launch:/home/jiataoding/ros2_franka_ws/install/gravity_compensation:/home/jiataoding/ros2_franka_ws/install/franka_task_pipeline:/home/jiataoding/ros2_franka_ws/install/franka_ros2:/home/jiataoding/ros2_franka_ws/install/franka_bringup:/home/jiataoding/ros2_franka_ws/install/franka_robot_state_broadcaster:/home/jiataoding/ros2_franka_ws/install/franka_example_controllers:/home/jiataoding/ros2_franka_ws/install/franka_semantic_components:/home/jiataoding/ros2_franka_ws/install/franka_gazebo_bringup:/home/jiataoding/ros2_franka_ws/install/franka_ign_ros2_control:/home/jiataoding/ros2_franka_ws/install/franka_fr3_moveit_config:/home/jiataoding/ros2_franka_ws/install/franka_hardware:/home/jiataoding/ros2_franka_ws/install/franka_gripper:/home/jiataoding/ros2_franka_ws/install/franka_msgs:/home/jiataoding/ros2_franka_ws/install/franka_description:/home/jiataoding/ros2_franka_ws/install/cartesian_impedance_controller:/home/jiataoding/ros2_franka_ws/install/effort_controller_base:/home/jiataoding/ros2_franka_ws/install/debug_msg:/home/jiataoding/franco_ros2_franka_ws/install/joint_impedance_controller:/home/jiataoding/franco_ros2_franka_ws/install/integration_launch_testing:/home/jiataoding/franco_ros2_franka_ws/install/idra_franka_launch:/home/jiataoding/franco_ros2_franka_ws/install/gravity_compensation:/home/jiataoding/franco_ros2_franka_ws/install/franka_task_pipeline:/home/jiataoding/franco_ros2_franka_ws/install/franka_ros2:/home/jiataoding/franco_ros2_franka_ws/install/franka_bringup:/home/jiataoding/franco_ros2_franka_ws/install/franka_robot_state_broadcaster:/home/jiataoding/franco_ros2_franka_ws/install/franka_example_controllers:/home/jiataoding/franco_ros2_franka_ws/install/franka_semantic_components:/home/jiataoding/franco_ros2_franka_ws/install/franka_gazebo_bringup:/home/jiataoding/franco_ros2_franka_ws/install/franka_ign_ros2_control:/home/jiataoding/franco_ros2_franka_ws/install/franka_fr3_moveit_config:/home/jiataoding/franco_ros2_franka_ws/install/franka_hardware:/home/jiataoding/franco_ros2_franka_ws/install/franka_gripper:/home/jiataoding/franco_ros2_franka_ws/install/franka_msgs:/home/jiataoding/franco_ros2_franka_ws/install/franka_description:/home/jiataoding/franco_ros2_franka_ws/install/cartesian_impedance_controller:/home/jiataoding/franco_ros2_franka_ws/install/effort_controller_base:/home/jiataoding/franco_ros2_franka_ws/install/debug_msg:/opt/openrobots LD_LIBRARY_PATH=/home/jiataoding/franco_ros2_franka_ws/src/install/franka_hardware/lib:/home/jiataoding/franco_ros2_franka_ws/src/install/franka_msgs/lib:/home/jiataoding/franco_ros2_franka_ws/src/install/joint_impedance_controller/lib:/home/jiataoding/franco_ros2_franka_ws/src/install/integration_launch_testing/lib:/home/jiataoding/franco_ros2_franka_ws/src/install/gravity_compensation/lib:/home/jiataoding/franco_ros2_franka_ws/src/install/franka_robot_state_broadcaster/lib:/home/jiataoding/franco_ros2_franka_ws/src/install/franka_example_controllers/lib:/home/jiataoding/franco_ros2_franka_ws/src/install/franka_semantic_components/lib:/home/jiataoding/franco_ros2_franka_ws/src/install/franka_ign_ros2_control/lib:/home/jiataoding/franco_ros2_franka_ws/src/install/franka_gripper/lib:/home/jiataoding/franco_ros2_franka_ws/src/install/cartesian_impedance_controller/lib:/home/jiataoding/franco_ros2_franka_ws/src/install/effort_controller_base/lib:/home/jiataoding/franco_ros2_franka_ws/src/install/debug_msg/lib:/home/jiataoding/libs/onnxruntime-linux-x64-1.21.0/lib:/home/jiataoding/ros2_franka_ws/install/joint_impedance_controller/lib:/home/jiataoding/ros2_franka_ws/install/integration_launch_testing/lib:/home/jiataoding/ros2_franka_ws/install/gravity_compensation/lib:/home/jiataoding/ros2_franka_ws/install/franka_robot_state_broadcaster/lib:/home/jiataoding/ros2_franka_ws/install/franka_example_controllers/lib:/home/jiataoding/ros2_franka_ws/install/franka_semantic_components/lib:/home/jiataoding/ros2_franka_ws/install/franka_ign_ros2_control/lib:/home/jiataoding/ros2_franka_ws/install/franka_hardware/lib:/home/jiataoding/ros2_franka_ws/install/franka_gripper/lib:/home/jiataoding/ros2_franka_ws/install/franka_msgs/lib:/home/jiataoding/ros2_franka_ws/install/cartesian_impedance_controller/lib:/home/jiataoding/ros2_franka_ws/install/effort_controller_base/lib:/home/jiataoding/ros2_franka_ws/install/debug_msg/lib:/home/jiataoding/franco_ros2_franka_ws/install/joint_impedance_controller/lib:/home/jiataoding/franco_ros2_franka_ws/install/integration_launch_testing/lib:/home/jiataoding/franco_ros2_franka_ws/install/gravity_compensation/lib:/home/jiataoding/franco_ros2_franka_ws/install/franka_robot_state_broadcaster/lib:/home/jiataoding/franco_ros2_franka_ws/install/franka_example_controllers/lib:/home/jiataoding/franco_ros2_franka_ws/install/franka_semantic_components/lib:/home/jiataoding/franco_ros2_franka_ws/install/franka_ign_ros2_control/lib:/home/jiataoding/franco_ros2_franka_ws/install/franka_hardware/lib:/home/jiataoding/franco_ros2_franka_ws/install/franka_gripper/lib:/home/jiataoding/franco_ros2_franka_ws/install/franka_msgs/lib:/home/jiataoding/franco_ros2_franka_ws/install/cartesian_impedance_controller/lib:/home/jiataoding/franco_ros2_franka_ws/install/effort_controller_base/lib:/home/jiataoding/franco_ros2_franka_ws/install/debug_msg/lib:/opt/openrobots/lib:/opt/ros/humble/opt/rviz_ogre_vendor/lib:/opt/ros/humble/lib/x86_64-linux-gnu:/opt/ros/humble/lib /usr/bin/cmake --build /home/jiataoding/franco_ros2_franka_ws/src/build/franka_ign_ros2_control -- -j24 -l24
[1.410s] DEBUG:colcon.colcon_core.event_handler.log_command:Invoked command in '/home/jiataoding/franco_ros2_franka_ws/src/build/franka_gripper' returned '0': CMAKE_PREFIX_PATH=/home/jiataoding/franco_ros2_franka_ws/src/install/franka_msgs:/home/jiataoding/franco_ros2_franka_ws/src/install/joint_impedance_controller:/home/jiataoding/franco_ros2_franka_ws/src/install/integration_launch_testing:/home/jiataoding/franco_ros2_franka_ws/src/install/idra_franka_launch:/home/jiataoding/franco_ros2_franka_ws/src/install/gravity_compensation:/home/jiataoding/franco_ros2_franka_ws/src/install/franka_task_pipeline:/home/jiataoding/franco_ros2_franka_ws/src/install/franka_ros2:/home/jiataoding/franco_ros2_franka_ws/src/install/franka_bringup:/home/jiataoding/franco_ros2_franka_ws/src/install/franka_robot_state_broadcaster:/home/jiataoding/franco_ros2_franka_ws/src/install/franka_example_controllers:/home/jiataoding/franco_ros2_franka_ws/src/install/franka_semantic_components:/home/jiataoding/franco_ros2_franka_ws/src/install/franka_gazebo_bringup:/home/jiataoding/franco_ros2_franka_ws/src/install/franka_ign_ros2_control:/home/jiataoding/franco_ros2_franka_ws/src/install/franka_fr3_moveit_config:/home/jiataoding/franco_ros2_franka_ws/src/install/franka_hardware:/home/jiataoding/franco_ros2_franka_ws/src/install/franka_gripper:/home/jiataoding/franco_ros2_franka_ws/src/install/franka_description:/home/jiataoding/franco_ros2_franka_ws/src/install/cartesian_impedance_controller:/opt/ros/humble:/home/jiataoding/franco_ros2_franka_ws/src/install/effort_controller_base:/home/jiataoding/franco_ros2_franka_ws/src/install/debug_msg:/home/jiataoding/ros2_franka_ws/install/joint_impedance_controller:/home/jiataoding/ros2_franka_ws/install/integration_launch_testing:/home/jiataoding/ros2_franka_ws/install/idra_franka_launch:/home/jiataoding/ros2_franka_ws/install/gravity_compensation:/home/jiataoding/ros2_franka_ws/install/franka_task_pipeline:/home/jiataoding/ros2_franka_ws/install/franka_ros2:/home/jiataoding/ros2_franka_ws/install/franka_bringup:/home/jiataoding/ros2_franka_ws/install/franka_robot_state_broadcaster:/home/jiataoding/ros2_franka_ws/install/franka_example_controllers:/home/jiataoding/ros2_franka_ws/install/franka_semantic_components:/home/jiataoding/ros2_franka_ws/install/franka_gazebo_bringup:/home/jiataoding/ros2_franka_ws/install/franka_ign_ros2_control:/home/jiataoding/ros2_franka_ws/install/franka_fr3_moveit_config:/home/jiataoding/ros2_franka_ws/install/franka_hardware:/home/jiataoding/ros2_franka_ws/install/franka_gripper:/home/jiataoding/ros2_franka_ws/install/franka_msgs:/home/jiataoding/ros2_franka_ws/install/franka_description:/home/jiataoding/ros2_franka_ws/install/cartesian_impedance_controller:/home/jiataoding/ros2_franka_ws/install/effort_controller_base:/home/jiataoding/ros2_franka_ws/install/debug_msg:/home/jiataoding/franco_ros2_franka_ws/install/joint_impedance_controller:/home/jiataoding/franco_ros2_franka_ws/install/integration_launch_testing:/home/jiataoding/franco_ros2_franka_ws/install/idra_franka_launch:/home/jiataoding/franco_ros2_franka_ws/install/gravity_compensation:/home/jiataoding/franco_ros2_franka_ws/install/franka_task_pipeline:/home/jiataoding/franco_ros2_franka_ws/install/franka_ros2:/home/jiataoding/franco_ros2_franka_ws/install/franka_bringup:/home/jiataoding/franco_ros2_franka_ws/install/franka_robot_state_broadcaster:/home/jiataoding/franco_ros2_franka_ws/install/franka_example_controllers:/home/jiataoding/franco_ros2_franka_ws/install/franka_semantic_components:/home/jiataoding/franco_ros2_franka_ws/install/franka_gazebo_bringup:/home/jiataoding/franco_ros2_franka_ws/install/franka_ign_ros2_control:/home/jiataoding/franco_ros2_franka_ws/install/franka_fr3_moveit_config:/home/jiataoding/franco_ros2_franka_ws/install/franka_hardware:/home/jiataoding/franco_ros2_franka_ws/install/franka_gripper:/home/jiataoding/franco_ros2_franka_ws/install/franka_msgs:/home/jiataoding/franco_ros2_franka_ws/install/franka_description:/home/jiataoding/franco_ros2_franka_ws/install/cartesian_impedance_controller:/home/jiataoding/franco_ros2_franka_ws/install/effort_controller_base:/home/jiataoding/franco_ros2_franka_ws/install/debug_msg:/opt/openrobots LD_LIBRARY_PATH=/home/jiataoding/franco_ros2_franka_ws/src/install/franka_msgs/lib:/home/jiataoding/franco_ros2_franka_ws/src/install/joint_impedance_controller/lib:/home/jiataoding/franco_ros2_franka_ws/src/install/integration_launch_testing/lib:/home/jiataoding/franco_ros2_franka_ws/src/install/gravity_compensation/lib:/home/jiataoding/franco_ros2_franka_ws/src/install/franka_robot_state_broadcaster/lib:/home/jiataoding/franco_ros2_franka_ws/src/install/franka_example_controllers/lib:/home/jiataoding/franco_ros2_franka_ws/src/install/franka_semantic_components/lib:/home/jiataoding/franco_ros2_franka_ws/src/install/franka_ign_ros2_control/lib:/home/jiataoding/franco_ros2_franka_ws/src/install/franka_hardware/lib:/home/jiataoding/franco_ros2_franka_ws/src/install/franka_gripper/lib:/home/jiataoding/franco_ros2_franka_ws/src/install/cartesian_impedance_controller/lib:/home/jiataoding/franco_ros2_franka_ws/src/install/effort_controller_base/lib:/home/jiataoding/franco_ros2_franka_ws/src/install/debug_msg/lib:/home/jiataoding/libs/onnxruntime-linux-x64-1.21.0/lib:/home/jiataoding/ros2_franka_ws/install/joint_impedance_controller/lib:/home/jiataoding/ros2_franka_ws/install/integration_launch_testing/lib:/home/jiataoding/ros2_franka_ws/install/gravity_compensation/lib:/home/jiataoding/ros2_franka_ws/install/franka_robot_state_broadcaster/lib:/home/jiataoding/ros2_franka_ws/install/franka_example_controllers/lib:/home/jiataoding/ros2_franka_ws/install/franka_semantic_components/lib:/home/jiataoding/ros2_franka_ws/install/franka_ign_ros2_control/lib:/home/jiataoding/ros2_franka_ws/install/franka_hardware/lib:/home/jiataoding/ros2_franka_ws/install/franka_gripper/lib:/home/jiataoding/ros2_franka_ws/install/franka_msgs/lib:/home/jiataoding/ros2_franka_ws/install/cartesian_impedance_controller/lib:/home/jiataoding/ros2_franka_ws/install/effort_controller_base/lib:/home/jiataoding/ros2_franka_ws/install/debug_msg/lib:/home/jiataoding/franco_ros2_franka_ws/install/joint_impedance_controller/lib:/home/jiataoding/franco_ros2_franka_ws/install/integration_launch_testing/lib:/home/jiataoding/franco_ros2_franka_ws/install/gravity_compensation/lib:/home/jiataoding/franco_ros2_franka_ws/install/franka_robot_state_broadcaster/lib:/home/jiataoding/franco_ros2_franka_ws/install/franka_example_controllers/lib:/home/jiataoding/franco_ros2_franka_ws/install/franka_semantic_components/lib:/home/jiataoding/franco_ros2_franka_ws/install/franka_ign_ros2_control/lib:/home/jiataoding/franco_ros2_franka_ws/install/franka_hardware/lib:/home/jiataoding/franco_ros2_franka_ws/install/franka_gripper/lib:/home/jiataoding/franco_ros2_franka_ws/install/franka_msgs/lib:/home/jiataoding/franco_ros2_franka_ws/install/cartesian_impedance_controller/lib:/home/jiataoding/franco_ros2_franka_ws/install/effort_controller_base/lib:/home/jiataoding/franco_ros2_franka_ws/install/debug_msg/lib:/opt/openrobots/lib:/opt/ros/humble/opt/rviz_ogre_vendor/lib:/opt/ros/humble/lib/x86_64-linux-gnu:/opt/ros/humble/lib /usr/bin/cmake --build /home/jiataoding/franco_ros2_franka_ws/src/build/franka_gripper -- -j24 -l24
[1.411s] DEBUG:colcon.colcon_core.event_handler.log_command:Invoking command in '/home/jiataoding/franco_ros2_franka_ws/src/build/franka_gripper': CMAKE_PREFIX_PATH=/home/jiataoding/franco_ros2_franka_ws/src/install/franka_msgs:/home/jiataoding/franco_ros2_franka_ws/src/install/joint_impedance_controller:/home/jiataoding/franco_ros2_franka_ws/src/install/integration_launch_testing:/home/jiataoding/franco_ros2_franka_ws/src/install/idra_franka_launch:/home/jiataoding/franco_ros2_franka_ws/src/install/gravity_compensation:/home/jiataoding/franco_ros2_franka_ws/src/install/franka_task_pipeline:/home/jiataoding/franco_ros2_franka_ws/src/install/franka_ros2:/home/jiataoding/franco_ros2_franka_ws/src/install/franka_bringup:/home/jiataoding/franco_ros2_franka_ws/src/install/franka_robot_state_broadcaster:/home/jiataoding/franco_ros2_franka_ws/src/install/franka_example_controllers:/home/jiataoding/franco_ros2_franka_ws/src/install/franka_semantic_components:/home/jiataoding/franco_ros2_franka_ws/src/install/franka_gazebo_bringup:/home/jiataoding/franco_ros2_franka_ws/src/install/franka_ign_ros2_control:/home/jiataoding/franco_ros2_franka_ws/src/install/franka_fr3_moveit_config:/home/jiataoding/franco_ros2_franka_ws/src/install/franka_hardware:/home/jiataoding/franco_ros2_franka_ws/src/install/franka_gripper:/home/jiataoding/franco_ros2_franka_ws/src/install/franka_description:/home/jiataoding/franco_ros2_franka_ws/src/install/cartesian_impedance_controller:/opt/ros/humble:/home/jiataoding/franco_ros2_franka_ws/src/install/effort_controller_base:/home/jiataoding/franco_ros2_franka_ws/src/install/debug_msg:/home/jiataoding/ros2_franka_ws/install/joint_impedance_controller:/home/jiataoding/ros2_franka_ws/install/integration_launch_testing:/home/jiataoding/ros2_franka_ws/install/idra_franka_launch:/home/jiataoding/ros2_franka_ws/install/gravity_compensation:/home/jiataoding/ros2_franka_ws/install/franka_task_pipeline:/home/jiataoding/ros2_franka_ws/install/franka_ros2:/home/jiataoding/ros2_franka_ws/install/franka_bringup:/home/jiataoding/ros2_franka_ws/install/franka_robot_state_broadcaster:/home/jiataoding/ros2_franka_ws/install/franka_example_controllers:/home/jiataoding/ros2_franka_ws/install/franka_semantic_components:/home/jiataoding/ros2_franka_ws/install/franka_gazebo_bringup:/home/jiataoding/ros2_franka_ws/install/franka_ign_ros2_control:/home/jiataoding/ros2_franka_ws/install/franka_fr3_moveit_config:/home/jiataoding/ros2_franka_ws/install/franka_hardware:/home/jiataoding/ros2_franka_ws/install/franka_gripper:/home/jiataoding/ros2_franka_ws/install/franka_msgs:/home/jiataoding/ros2_franka_ws/install/franka_description:/home/jiataoding/ros2_franka_ws/install/cartesian_impedance_controller:/home/jiataoding/ros2_franka_ws/install/effort_controller_base:/home/jiataoding/ros2_franka_ws/install/debug_msg:/home/jiataoding/franco_ros2_franka_ws/install/joint_impedance_controller:/home/jiataoding/franco_ros2_franka_ws/install/integration_launch_testing:/home/jiataoding/franco_ros2_franka_ws/install/idra_franka_launch:/home/jiataoding/franco_ros2_franka_ws/install/gravity_compensation:/home/jiataoding/franco_ros2_franka_ws/install/franka_task_pipeline:/home/jiataoding/franco_ros2_franka_ws/install/franka_ros2:/home/jiataoding/franco_ros2_franka_ws/install/franka_bringup:/home/jiataoding/franco_ros2_franka_ws/install/franka_robot_state_broadcaster:/home/jiataoding/franco_ros2_franka_ws/install/franka_example_controllers:/home/jiataoding/franco_ros2_franka_ws/install/franka_semantic_components:/home/jiataoding/franco_ros2_franka_ws/install/franka_gazebo_bringup:/home/jiataoding/franco_ros2_franka_ws/install/franka_ign_ros2_control:/home/jiataoding/franco_ros2_franka_ws/install/franka_fr3_moveit_config:/home/jiataoding/franco_ros2_franka_ws/install/franka_hardware:/home/jiataoding/franco_ros2_franka_ws/install/franka_gripper:/home/jiataoding/franco_ros2_franka_ws/install/franka_msgs:/home/jiataoding/franco_ros2_franka_ws/install/franka_description:/home/jiataoding/franco_ros2_franka_ws/install/cartesian_impedance_controller:/home/jiataoding/franco_ros2_franka_ws/install/effort_controller_base:/home/jiataoding/franco_ros2_franka_ws/install/debug_msg:/opt/openrobots LD_LIBRARY_PATH=/home/jiataoding/franco_ros2_franka_ws/src/install/franka_msgs/lib:/home/jiataoding/franco_ros2_franka_ws/src/install/joint_impedance_controller/lib:/home/jiataoding/franco_ros2_franka_ws/src/install/integration_launch_testing/lib:/home/jiataoding/franco_ros2_franka_ws/src/install/gravity_compensation/lib:/home/jiataoding/franco_ros2_franka_ws/src/install/franka_robot_state_broadcaster/lib:/home/jiataoding/franco_ros2_franka_ws/src/install/franka_example_controllers/lib:/home/jiataoding/franco_ros2_franka_ws/src/install/franka_semantic_components/lib:/home/jiataoding/franco_ros2_franka_ws/src/install/franka_ign_ros2_control/lib:/home/jiataoding/franco_ros2_franka_ws/src/install/franka_hardware/lib:/home/jiataoding/franco_ros2_franka_ws/src/install/franka_gripper/lib:/home/jiataoding/franco_ros2_franka_ws/src/install/cartesian_impedance_controller/lib:/home/jiataoding/franco_ros2_franka_ws/src/install/effort_controller_base/lib:/home/jiataoding/franco_ros2_franka_ws/src/install/debug_msg/lib:/home/jiataoding/libs/onnxruntime-linux-x64-1.21.0/lib:/home/jiataoding/ros2_franka_ws/install/joint_impedance_controller/lib:/home/jiataoding/ros2_franka_ws/install/integration_launch_testing/lib:/home/jiataoding/ros2_franka_ws/install/gravity_compensation/lib:/home/jiataoding/ros2_franka_ws/install/franka_robot_state_broadcaster/lib:/home/jiataoding/ros2_franka_ws/install/franka_example_controllers/lib:/home/jiataoding/ros2_franka_ws/install/franka_semantic_components/lib:/home/jiataoding/ros2_franka_ws/install/franka_ign_ros2_control/lib:/home/jiataoding/ros2_franka_ws/install/franka_hardware/lib:/home/jiataoding/ros2_franka_ws/install/franka_gripper/lib:/home/jiataoding/ros2_franka_ws/install/franka_msgs/lib:/home/jiataoding/ros2_franka_ws/install/cartesian_impedance_controller/lib:/home/jiataoding/ros2_franka_ws/install/effort_controller_base/lib:/home/jiataoding/ros2_franka_ws/install/debug_msg/lib:/home/jiataoding/franco_ros2_franka_ws/install/joint_impedance_controller/lib:/home/jiataoding/franco_ros2_franka_ws/install/integration_launch_testing/lib:/home/jiataoding/franco_ros2_franka_ws/install/gravity_compensation/lib:/home/jiataoding/franco_ros2_franka_ws/install/franka_robot_state_broadcaster/lib:/home/jiataoding/franco_ros2_franka_ws/install/franka_example_controllers/lib:/home/jiataoding/franco_ros2_franka_ws/install/franka_semantic_components/lib:/home/jiataoding/franco_ros2_franka_ws/install/franka_ign_ros2_control/lib:/home/jiataoding/franco_ros2_franka_ws/install/franka_hardware/lib:/home/jiataoding/franco_ros2_franka_ws/install/franka_gripper/lib:/home/jiataoding/franco_ros2_franka_ws/install/franka_msgs/lib:/home/jiataoding/franco_ros2_franka_ws/install/cartesian_impedance_controller/lib:/home/jiataoding/franco_ros2_franka_ws/install/effort_controller_base/lib:/home/jiataoding/franco_ros2_franka_ws/install/debug_msg/lib:/opt/openrobots/lib:/opt/ros/humble/opt/rviz_ogre_vendor/lib:/opt/ros/humble/lib/x86_64-linux-gnu:/opt/ros/humble/lib /usr/bin/cmake --install /home/jiataoding/franco_ros2_franka_ws/src/build/franka_gripper
[1.418s] DEBUG:colcon.colcon_core.event_handler.log_command:Invoked command in '/home/jiataoding/franco_ros2_franka_ws/src/build/franka_ign_ros2_control' returned '0': CMAKE_PREFIX_PATH=/home/jiataoding/franco_ros2_franka_ws/src/install/franka_hardware:/home/jiataoding/franco_ros2_franka_ws/src/install/franka_msgs:/home/jiataoding/franco_ros2_franka_ws/src/install/joint_impedance_controller:/home/jiataoding/franco_ros2_franka_ws/src/install/integration_launch_testing:/home/jiataoding/franco_ros2_franka_ws/src/install/idra_franka_launch:/home/jiataoding/franco_ros2_franka_ws/src/install/gravity_compensation:/home/jiataoding/franco_ros2_franka_ws/src/install/franka_task_pipeline:/home/jiataoding/franco_ros2_franka_ws/src/install/franka_ros2:/home/jiataoding/franco_ros2_franka_ws/src/install/franka_bringup:/home/jiataoding/franco_ros2_franka_ws/src/install/franka_robot_state_broadcaster:/home/jiataoding/franco_ros2_franka_ws/src/install/franka_example_controllers:/home/jiataoding/franco_ros2_franka_ws/src/install/franka_semantic_components:/home/jiataoding/franco_ros2_franka_ws/src/install/franka_gazebo_bringup:/home/jiataoding/franco_ros2_franka_ws/src/install/franka_ign_ros2_control:/home/jiataoding/franco_ros2_franka_ws/src/install/franka_fr3_moveit_config:/home/jiataoding/franco_ros2_franka_ws/src/install/franka_gripper:/home/jiataoding/franco_ros2_franka_ws/src/install/franka_description:/home/jiataoding/franco_ros2_franka_ws/src/install/cartesian_impedance_controller:/opt/ros/humble:/home/jiataoding/franco_ros2_franka_ws/src/install/effort_controller_base:/home/jiataoding/franco_ros2_franka_ws/src/install/debug_msg:/home/jiataoding/ros2_franka_ws/install/joint_impedance_controller:/home/jiataoding/ros2_franka_ws/install/integration_launch_testing:/home/jiataoding/ros2_franka_ws/install/idra_franka_launch:/home/jiataoding/ros2_franka_ws/install/gravity_compensation:/home/jiataoding/ros2_franka_ws/install/franka_task_pipeline:/home/jiataoding/ros2_franka_ws/install/franka_ros2:/home/jiataoding/ros2_franka_ws/install/franka_bringup:/home/jiataoding/ros2_franka_ws/install/franka_robot_state_broadcaster:/home/jiataoding/ros2_franka_ws/install/franka_example_controllers:/home/jiataoding/ros2_franka_ws/install/franka_semantic_components:/home/jiataoding/ros2_franka_ws/install/franka_gazebo_bringup:/home/jiataoding/ros2_franka_ws/install/franka_ign_ros2_control:/home/jiataoding/ros2_franka_ws/install/franka_fr3_moveit_config:/home/jiataoding/ros2_franka_ws/install/franka_hardware:/home/jiataoding/ros2_franka_ws/install/franka_gripper:/home/jiataoding/ros2_franka_ws/install/franka_msgs:/home/jiataoding/ros2_franka_ws/install/franka_description:/home/jiataoding/ros2_franka_ws/install/cartesian_impedance_controller:/home/jiataoding/ros2_franka_ws/install/effort_controller_base:/home/jiataoding/ros2_franka_ws/install/debug_msg:/home/jiataoding/franco_ros2_franka_ws/install/joint_impedance_controller:/home/jiataoding/franco_ros2_franka_ws/install/integration_launch_testing:/home/jiataoding/franco_ros2_franka_ws/install/idra_franka_launch:/home/jiataoding/franco_ros2_franka_ws/install/gravity_compensation:/home/jiataoding/franco_ros2_franka_ws/install/franka_task_pipeline:/home/jiataoding/franco_ros2_franka_ws/install/franka_ros2:/home/jiataoding/franco_ros2_franka_ws/install/franka_bringup:/home/jiataoding/franco_ros2_franka_ws/install/franka_robot_state_broadcaster:/home/jiataoding/franco_ros2_franka_ws/install/franka_example_controllers:/home/jiataoding/franco_ros2_franka_ws/install/franka_semantic_components:/home/jiataoding/franco_ros2_franka_ws/install/franka_gazebo_bringup:/home/jiataoding/franco_ros2_franka_ws/install/franka_ign_ros2_control:/home/jiataoding/franco_ros2_franka_ws/install/franka_fr3_moveit_config:/home/jiataoding/franco_ros2_franka_ws/install/franka_hardware:/home/jiataoding/franco_ros2_franka_ws/install/franka_gripper:/home/jiataoding/franco_ros2_franka_ws/install/franka_msgs:/home/jiataoding/franco_ros2_franka_ws/install/franka_description:/home/jiataoding/franco_ros2_franka_ws/install/cartesian_impedance_controller:/home/jiataoding/franco_ros2_franka_ws/install/effort_controller_base:/home/jiataoding/franco_ros2_franka_ws/install/debug_msg:/opt/openrobots LD_LIBRARY_PATH=/home/jiataoding/franco_ros2_franka_ws/src/install/franka_hardware/lib:/home/jiataoding/franco_ros2_franka_ws/src/install/franka_msgs/lib:/home/jiataoding/franco_ros2_franka_ws/src/install/joint_impedance_controller/lib:/home/jiataoding/franco_ros2_franka_ws/src/install/integration_launch_testing/lib:/home/jiataoding/franco_ros2_franka_ws/src/install/gravity_compensation/lib:/home/jiataoding/franco_ros2_franka_ws/src/install/franka_robot_state_broadcaster/lib:/home/jiataoding/franco_ros2_franka_ws/src/install/franka_example_controllers/lib:/home/jiataoding/franco_ros2_franka_ws/src/install/franka_semantic_components/lib:/home/jiataoding/franco_ros2_franka_ws/src/install/franka_ign_ros2_control/lib:/home/jiataoding/franco_ros2_franka_ws/src/install/franka_gripper/lib:/home/jiataoding/franco_ros2_franka_ws/src/install/cartesian_impedance_controller/lib:/home/jiataoding/franco_ros2_franka_ws/src/install/effort_controller_base/lib:/home/jiataoding/franco_ros2_franka_ws/src/install/debug_msg/lib:/home/jiataoding/libs/onnxruntime-linux-x64-1.21.0/lib:/home/jiataoding/ros2_franka_ws/install/joint_impedance_controller/lib:/home/jiataoding/ros2_franka_ws/install/integration_launch_testing/lib:/home/jiataoding/ros2_franka_ws/install/gravity_compensation/lib:/home/jiataoding/ros2_franka_ws/install/franka_robot_state_broadcaster/lib:/home/jiataoding/ros2_franka_ws/install/franka_example_controllers/lib:/home/jiataoding/ros2_franka_ws/install/franka_semantic_components/lib:/home/jiataoding/ros2_franka_ws/install/franka_ign_ros2_control/lib:/home/jiataoding/ros2_franka_ws/install/franka_hardware/lib:/home/jiataoding/ros2_franka_ws/install/franka_gripper/lib:/home/jiataoding/ros2_franka_ws/install/franka_msgs/lib:/home/jiataoding/ros2_franka_ws/install/cartesian_impedance_controller/lib:/home/jiataoding/ros2_franka_ws/install/effort_controller_base/lib:/home/jiataoding/ros2_franka_ws/install/debug_msg/lib:/home/jiataoding/franco_ros2_franka_ws/install/joint_impedance_controller/lib:/home/jiataoding/franco_ros2_franka_ws/install/integration_launch_testing/lib:/home/jiataoding/franco_ros2_franka_ws/install/gravity_compensation/lib:/home/jiataoding/franco_ros2_franka_ws/install/franka_robot_state_broadcaster/lib:/home/jiataoding/franco_ros2_franka_ws/install/franka_example_controllers/lib:/home/jiataoding/franco_ros2_franka_ws/install/franka_semantic_components/lib:/home/jiataoding/franco_ros2_franka_ws/install/franka_ign_ros2_control/lib:/home/jiataoding/franco_ros2_franka_ws/install/franka_hardware/lib:/home/jiataoding/franco_ros2_franka_ws/install/franka_gripper/lib:/home/jiataoding/franco_ros2_franka_ws/install/franka_msgs/lib:/home/jiataoding/franco_ros2_franka_ws/install/cartesian_impedance_controller/lib:/home/jiataoding/franco_ros2_franka_ws/install/effort_controller_base/lib:/home/jiataoding/franco_ros2_franka_ws/install/debug_msg/lib:/opt/openrobots/lib:/opt/ros/humble/opt/rviz_ogre_vendor/lib:/opt/ros/humble/lib/x86_64-linux-gnu:/opt/ros/humble/lib /usr/bin/cmake --build /home/jiataoding/franco_ros2_franka_ws/src/build/franka_ign_ros2_control -- -j24 -l24
[1.420s] DEBUG:colcon.colcon_core.event_handler.log_command:Invoking command in '/home/jiataoding/franco_ros2_franka_ws/src/build/franka_ign_ros2_control': CMAKE_PREFIX_PATH=/home/jiataoding/franco_ros2_franka_ws/src/install/franka_hardware:/home/jiataoding/franco_ros2_franka_ws/src/install/franka_msgs:/home/jiataoding/franco_ros2_franka_ws/src/install/joint_impedance_controller:/home/jiataoding/franco_ros2_franka_ws/src/install/integration_launch_testing:/home/jiataoding/franco_ros2_franka_ws/src/install/idra_franka_launch:/home/jiataoding/franco_ros2_franka_ws/src/install/gravity_compensation:/home/jiataoding/franco_ros2_franka_ws/src/install/franka_task_pipeline:/home/jiataoding/franco_ros2_franka_ws/src/install/franka_ros2:/home/jiataoding/franco_ros2_franka_ws/src/install/franka_bringup:/home/jiataoding/franco_ros2_franka_ws/src/install/franka_robot_state_broadcaster:/home/jiataoding/franco_ros2_franka_ws/src/install/franka_example_controllers:/home/jiataoding/franco_ros2_franka_ws/src/install/franka_semantic_components:/home/jiataoding/franco_ros2_franka_ws/src/install/franka_gazebo_bringup:/home/jiataoding/franco_ros2_franka_ws/src/install/franka_ign_ros2_control:/home/jiataoding/franco_ros2_franka_ws/src/install/franka_fr3_moveit_config:/home/jiataoding/franco_ros2_franka_ws/src/install/franka_gripper:/home/jiataoding/franco_ros2_franka_ws/src/install/franka_description:/home/jiataoding/franco_ros2_franka_ws/src/install/cartesian_impedance_controller:/opt/ros/humble:/home/jiataoding/franco_ros2_franka_ws/src/install/effort_controller_base:/home/jiataoding/franco_ros2_franka_ws/src/install/debug_msg:/home/jiataoding/ros2_franka_ws/install/joint_impedance_controller:/home/jiataoding/ros2_franka_ws/install/integration_launch_testing:/home/jiataoding/ros2_franka_ws/install/idra_franka_launch:/home/jiataoding/ros2_franka_ws/install/gravity_compensation:/home/jiataoding/ros2_franka_ws/install/franka_task_pipeline:/home/jiataoding/ros2_franka_ws/install/franka_ros2:/home/jiataoding/ros2_franka_ws/install/franka_bringup:/home/jiataoding/ros2_franka_ws/install/franka_robot_state_broadcaster:/home/jiataoding/ros2_franka_ws/install/franka_example_controllers:/home/jiataoding/ros2_franka_ws/install/franka_semantic_components:/home/jiataoding/ros2_franka_ws/install/franka_gazebo_bringup:/home/jiataoding/ros2_franka_ws/install/franka_ign_ros2_control:/home/jiataoding/ros2_franka_ws/install/franka_fr3_moveit_config:/home/jiataoding/ros2_franka_ws/install/franka_hardware:/home/jiataoding/ros2_franka_ws/install/franka_gripper:/home/jiataoding/ros2_franka_ws/install/franka_msgs:/home/jiataoding/ros2_franka_ws/install/franka_description:/home/jiataoding/ros2_franka_ws/install/cartesian_impedance_controller:/home/jiataoding/ros2_franka_ws/install/effort_controller_base:/home/jiataoding/ros2_franka_ws/install/debug_msg:/home/jiataoding/franco_ros2_franka_ws/install/joint_impedance_controller:/home/jiataoding/franco_ros2_franka_ws/install/integration_launch_testing:/home/jiataoding/franco_ros2_franka_ws/install/idra_franka_launch:/home/jiataoding/franco_ros2_franka_ws/install/gravity_compensation:/home/jiataoding/franco_ros2_franka_ws/install/franka_task_pipeline:/home/jiataoding/franco_ros2_franka_ws/install/franka_ros2:/home/jiataoding/franco_ros2_franka_ws/install/franka_bringup:/home/jiataoding/franco_ros2_franka_ws/install/franka_robot_state_broadcaster:/home/jiataoding/franco_ros2_franka_ws/install/franka_example_controllers:/home/jiataoding/franco_ros2_franka_ws/install/franka_semantic_components:/home/jiataoding/franco_ros2_franka_ws/install/franka_gazebo_bringup:/home/jiataoding/franco_ros2_franka_ws/install/franka_ign_ros2_control:/home/jiataoding/franco_ros2_franka_ws/install/franka_fr3_moveit_config:/home/jiataoding/franco_ros2_franka_ws/install/franka_hardware:/home/jiataoding/franco_ros2_franka_ws/install/franka_gripper:/home/jiataoding/franco_ros2_franka_ws/install/franka_msgs:/home/jiataoding/franco_ros2_franka_ws/install/franka_description:/home/jiataoding/franco_ros2_franka_ws/install/cartesian_impedance_controller:/home/jiataoding/franco_ros2_franka_ws/install/effort_controller_base:/home/jiataoding/franco_ros2_franka_ws/install/debug_msg:/opt/openrobots LD_LIBRARY_PATH=/home/jiataoding/franco_ros2_franka_ws/src/install/franka_hardware/lib:/home/jiataoding/franco_ros2_franka_ws/src/install/franka_msgs/lib:/home/jiataoding/franco_ros2_franka_ws/src/install/joint_impedance_controller/lib:/home/jiataoding/franco_ros2_franka_ws/src/install/integration_launch_testing/lib:/home/jiataoding/franco_ros2_franka_ws/src/install/gravity_compensation/lib:/home/jiataoding/franco_ros2_franka_ws/src/install/franka_robot_state_broadcaster/lib:/home/jiataoding/franco_ros2_franka_ws/src/install/franka_example_controllers/lib:/home/jiataoding/franco_ros2_franka_ws/src/install/franka_semantic_components/lib:/home/jiataoding/franco_ros2_franka_ws/src/install/franka_ign_ros2_control/lib:/home/jiataoding/franco_ros2_franka_ws/src/install/franka_gripper/lib:/home/jiataoding/franco_ros2_franka_ws/src/install/cartesian_impedance_controller/lib:/home/jiataoding/franco_ros2_franka_ws/src/install/effort_controller_base/lib:/home/jiataoding/franco_ros2_franka_ws/src/install/debug_msg/lib:/home/jiataoding/libs/onnxruntime-linux-x64-1.21.0/lib:/home/jiataoding/ros2_franka_ws/install/joint_impedance_controller/lib:/home/jiataoding/ros2_franka_ws/install/integration_launch_testing/lib:/home/jiataoding/ros2_franka_ws/install/gravity_compensation/lib:/home/jiataoding/ros2_franka_ws/install/franka_robot_state_broadcaster/lib:/home/jiataoding/ros2_franka_ws/install/franka_example_controllers/lib:/home/jiataoding/ros2_franka_ws/install/franka_semantic_components/lib:/home/jiataoding/ros2_franka_ws/install/franka_ign_ros2_control/lib:/home/jiataoding/ros2_franka_ws/install/franka_hardware/lib:/home/jiataoding/ros2_franka_ws/install/franka_gripper/lib:/home/jiataoding/ros2_franka_ws/install/franka_msgs/lib:/home/jiataoding/ros2_franka_ws/install/cartesian_impedance_controller/lib:/home/jiataoding/ros2_franka_ws/install/effort_controller_base/lib:/home/jiataoding/ros2_franka_ws/install/debug_msg/lib:/home/jiataoding/franco_ros2_franka_ws/install/joint_impedance_controller/lib:/home/jiataoding/franco_ros2_franka_ws/install/integration_launch_testing/lib:/home/jiataoding/franco_ros2_franka_ws/install/gravity_compensation/lib:/home/jiataoding/franco_ros2_franka_ws/install/franka_robot_state_broadcaster/lib:/home/jiataoding/franco_ros2_franka_ws/install/franka_example_controllers/lib:/home/jiataoding/franco_ros2_franka_ws/install/franka_semantic_components/lib:/home/jiataoding/franco_ros2_franka_ws/install/franka_ign_ros2_control/lib:/home/jiataoding/franco_ros2_franka_ws/install/franka_hardware/lib:/home/jiataoding/franco_ros2_franka_ws/install/franka_gripper/lib:/home/jiataoding/franco_ros2_franka_ws/install/franka_msgs/lib:/home/jiataoding/franco_ros2_franka_ws/install/cartesian_impedance_controller/lib:/home/jiataoding/franco_ros2_franka_ws/install/effort_controller_base/lib:/home/jiataoding/franco_ros2_franka_ws/install/debug_msg/lib:/opt/openrobots/lib:/opt/ros/humble/opt/rviz_ogre_vendor/lib:/opt/ros/humble/lib/x86_64-linux-gnu:/opt/ros/humble/lib /usr/bin/cmake --install /home/jiataoding/franco_ros2_franka_ws/src/build/franka_ign_ros2_control
[1.452s] DEBUG:colcon.colcon_core.event_handler.log_command:Invoked command in '/home/jiataoding/franco_ros2_franka_ws/src/build/franka_semantic_components' returned '0': CMAKE_PREFIX_PATH=/home/jiataoding/franco_ros2_franka_ws/src/install/franka_hardware:/home/jiataoding/franco_ros2_franka_ws/src/install/franka_msgs:/home/jiataoding/franco_ros2_franka_ws/src/install/joint_impedance_controller:/home/jiataoding/franco_ros2_franka_ws/src/install/integration_launch_testing:/home/jiataoding/franco_ros2_franka_ws/src/install/idra_franka_launch:/home/jiataoding/franco_ros2_franka_ws/src/install/gravity_compensation:/home/jiataoding/franco_ros2_franka_ws/src/install/franka_task_pipeline:/home/jiataoding/franco_ros2_franka_ws/src/install/franka_ros2:/home/jiataoding/franco_ros2_franka_ws/src/install/franka_bringup:/home/jiataoding/franco_ros2_franka_ws/src/install/franka_robot_state_broadcaster:/home/jiataoding/franco_ros2_franka_ws/src/install/franka_example_controllers:/home/jiataoding/franco_ros2_franka_ws/src/install/franka_semantic_components:/home/jiataoding/franco_ros2_franka_ws/src/install/franka_gazebo_bringup:/home/jiataoding/franco_ros2_franka_ws/src/install/franka_ign_ros2_control:/home/jiataoding/franco_ros2_franka_ws/src/install/franka_fr3_moveit_config:/home/jiataoding/franco_ros2_franka_ws/src/install/franka_gripper:/home/jiataoding/franco_ros2_franka_ws/src/install/franka_description:/home/jiataoding/franco_ros2_franka_ws/src/install/cartesian_impedance_controller:/opt/ros/humble:/home/jiataoding/franco_ros2_franka_ws/src/install/effort_controller_base:/home/jiataoding/franco_ros2_franka_ws/src/install/debug_msg:/home/jiataoding/ros2_franka_ws/install/joint_impedance_controller:/home/jiataoding/ros2_franka_ws/install/integration_launch_testing:/home/jiataoding/ros2_franka_ws/install/idra_franka_launch:/home/jiataoding/ros2_franka_ws/install/gravity_compensation:/home/jiataoding/ros2_franka_ws/install/franka_task_pipeline:/home/jiataoding/ros2_franka_ws/install/franka_ros2:/home/jiataoding/ros2_franka_ws/install/franka_bringup:/home/jiataoding/ros2_franka_ws/install/franka_robot_state_broadcaster:/home/jiataoding/ros2_franka_ws/install/franka_example_controllers:/home/jiataoding/ros2_franka_ws/install/franka_semantic_components:/home/jiataoding/ros2_franka_ws/install/franka_gazebo_bringup:/home/jiataoding/ros2_franka_ws/install/franka_ign_ros2_control:/home/jiataoding/ros2_franka_ws/install/franka_fr3_moveit_config:/home/jiataoding/ros2_franka_ws/install/franka_hardware:/home/jiataoding/ros2_franka_ws/install/franka_gripper:/home/jiataoding/ros2_franka_ws/install/franka_msgs:/home/jiataoding/ros2_franka_ws/install/franka_description:/home/jiataoding/ros2_franka_ws/install/cartesian_impedance_controller:/home/jiataoding/ros2_franka_ws/install/effort_controller_base:/home/jiataoding/ros2_franka_ws/install/debug_msg:/home/jiataoding/franco_ros2_franka_ws/install/joint_impedance_controller:/home/jiataoding/franco_ros2_franka_ws/install/integration_launch_testing:/home/jiataoding/franco_ros2_franka_ws/install/idra_franka_launch:/home/jiataoding/franco_ros2_franka_ws/install/gravity_compensation:/home/jiataoding/franco_ros2_franka_ws/install/franka_task_pipeline:/home/jiataoding/franco_ros2_franka_ws/install/franka_ros2:/home/jiataoding/franco_ros2_franka_ws/install/franka_bringup:/home/jiataoding/franco_ros2_franka_ws/install/franka_robot_state_broadcaster:/home/jiataoding/franco_ros2_franka_ws/install/franka_example_controllers:/home/jiataoding/franco_ros2_franka_ws/install/franka_semantic_components:/home/jiataoding/franco_ros2_franka_ws/install/franka_gazebo_bringup:/home/jiataoding/franco_ros2_franka_ws/install/franka_ign_ros2_control:/home/jiataoding/franco_ros2_franka_ws/install/franka_fr3_moveit_config:/home/jiataoding/franco_ros2_franka_ws/install/franka_hardware:/home/jiataoding/franco_ros2_franka_ws/install/franka_gripper:/home/jiataoding/franco_ros2_franka_ws/install/franka_msgs:/home/jiataoding/franco_ros2_franka_ws/install/franka_description:/home/jiataoding/franco_ros2_franka_ws/install/cartesian_impedance_controller:/home/jiataoding/franco_ros2_franka_ws/install/effort_controller_base:/home/jiataoding/franco_ros2_franka_ws/install/debug_msg:/opt/openrobots LD_LIBRARY_PATH=/home/jiataoding/franco_ros2_franka_ws/src/install/franka_hardware/lib:/home/jiataoding/franco_ros2_franka_ws/src/install/franka_msgs/lib:/home/jiataoding/franco_ros2_franka_ws/src/install/joint_impedance_controller/lib:/home/jiataoding/franco_ros2_franka_ws/src/install/integration_launch_testing/lib:/home/jiataoding/franco_ros2_franka_ws/src/install/gravity_compensation/lib:/home/jiataoding/franco_ros2_franka_ws/src/install/franka_robot_state_broadcaster/lib:/home/jiataoding/franco_ros2_franka_ws/src/install/franka_example_controllers/lib:/home/jiataoding/franco_ros2_franka_ws/src/install/franka_semantic_components/lib:/home/jiataoding/franco_ros2_franka_ws/src/install/franka_ign_ros2_control/lib:/home/jiataoding/franco_ros2_franka_ws/src/install/franka_gripper/lib:/home/jiataoding/franco_ros2_franka_ws/src/install/cartesian_impedance_controller/lib:/home/jiataoding/franco_ros2_franka_ws/src/install/effort_controller_base/lib:/home/jiataoding/franco_ros2_franka_ws/src/install/debug_msg/lib:/home/jiataoding/libs/onnxruntime-linux-x64-1.21.0/lib:/home/jiataoding/ros2_franka_ws/install/joint_impedance_controller/lib:/home/jiataoding/ros2_franka_ws/install/integration_launch_testing/lib:/home/jiataoding/ros2_franka_ws/install/gravity_compensation/lib:/home/jiataoding/ros2_franka_ws/install/franka_robot_state_broadcaster/lib:/home/jiataoding/ros2_franka_ws/install/franka_example_controllers/lib:/home/jiataoding/ros2_franka_ws/install/franka_semantic_components/lib:/home/jiataoding/ros2_franka_ws/install/franka_ign_ros2_control/lib:/home/jiataoding/ros2_franka_ws/install/franka_hardware/lib:/home/jiataoding/ros2_franka_ws/install/franka_gripper/lib:/home/jiataoding/ros2_franka_ws/install/franka_msgs/lib:/home/jiataoding/ros2_franka_ws/install/cartesian_impedance_controller/lib:/home/jiataoding/ros2_franka_ws/install/effort_controller_base/lib:/home/jiataoding/ros2_franka_ws/install/debug_msg/lib:/home/jiataoding/franco_ros2_franka_ws/install/joint_impedance_controller/lib:/home/jiataoding/franco_ros2_franka_ws/install/integration_launch_testing/lib:/home/jiataoding/franco_ros2_franka_ws/install/gravity_compensation/lib:/home/jiataoding/franco_ros2_franka_ws/install/franka_robot_state_broadcaster/lib:/home/jiataoding/franco_ros2_franka_ws/install/franka_example_controllers/lib:/home/jiataoding/franco_ros2_franka_ws/install/franka_semantic_components/lib:/home/jiataoding/franco_ros2_franka_ws/install/franka_ign_ros2_control/lib:/home/jiataoding/franco_ros2_franka_ws/install/franka_hardware/lib:/home/jiataoding/franco_ros2_franka_ws/install/franka_gripper/lib:/home/jiataoding/franco_ros2_franka_ws/install/franka_msgs/lib:/home/jiataoding/franco_ros2_franka_ws/install/cartesian_impedance_controller/lib:/home/jiataoding/franco_ros2_franka_ws/install/effort_controller_base/lib:/home/jiataoding/franco_ros2_franka_ws/install/debug_msg/lib:/opt/openrobots/lib:/opt/ros/humble/opt/rviz_ogre_vendor/lib:/opt/ros/humble/lib/x86_64-linux-gnu:/opt/ros/humble/lib /usr/bin/cmake --build /home/jiataoding/franco_ros2_franka_ws/src/build/franka_semantic_components -- -j24 -l24
[1.453s] DEBUG:colcon.colcon_core.event_handler.log_command:Invoking command in '/home/jiataoding/franco_ros2_franka_ws/src/build/franka_semantic_components': CMAKE_PREFIX_PATH=/home/jiataoding/franco_ros2_franka_ws/src/install/franka_hardware:/home/jiataoding/franco_ros2_franka_ws/src/install/franka_msgs:/home/jiataoding/franco_ros2_franka_ws/src/install/joint_impedance_controller:/home/jiataoding/franco_ros2_franka_ws/src/install/integration_launch_testing:/home/jiataoding/franco_ros2_franka_ws/src/install/idra_franka_launch:/home/jiataoding/franco_ros2_franka_ws/src/install/gravity_compensation:/home/jiataoding/franco_ros2_franka_ws/src/install/franka_task_pipeline:/home/jiataoding/franco_ros2_franka_ws/src/install/franka_ros2:/home/jiataoding/franco_ros2_franka_ws/src/install/franka_bringup:/home/jiataoding/franco_ros2_franka_ws/src/install/franka_robot_state_broadcaster:/home/jiataoding/franco_ros2_franka_ws/src/install/franka_example_controllers:/home/jiataoding/franco_ros2_franka_ws/src/install/franka_semantic_components:/home/jiataoding/franco_ros2_franka_ws/src/install/franka_gazebo_bringup:/home/jiataoding/franco_ros2_franka_ws/src/install/franka_ign_ros2_control:/home/jiataoding/franco_ros2_franka_ws/src/install/franka_fr3_moveit_config:/home/jiataoding/franco_ros2_franka_ws/src/install/franka_gripper:/home/jiataoding/franco_ros2_franka_ws/src/install/franka_description:/home/jiataoding/franco_ros2_franka_ws/src/install/cartesian_impedance_controller:/opt/ros/humble:/home/jiataoding/franco_ros2_franka_ws/src/install/effort_controller_base:/home/jiataoding/franco_ros2_franka_ws/src/install/debug_msg:/home/jiataoding/ros2_franka_ws/install/joint_impedance_controller:/home/jiataoding/ros2_franka_ws/install/integration_launch_testing:/home/jiataoding/ros2_franka_ws/install/idra_franka_launch:/home/jiataoding/ros2_franka_ws/install/gravity_compensation:/home/jiataoding/ros2_franka_ws/install/franka_task_pipeline:/home/jiataoding/ros2_franka_ws/install/franka_ros2:/home/jiataoding/ros2_franka_ws/install/franka_bringup:/home/jiataoding/ros2_franka_ws/install/franka_robot_state_broadcaster:/home/jiataoding/ros2_franka_ws/install/franka_example_controllers:/home/jiataoding/ros2_franka_ws/install/franka_semantic_components:/home/jiataoding/ros2_franka_ws/install/franka_gazebo_bringup:/home/jiataoding/ros2_franka_ws/install/franka_ign_ros2_control:/home/jiataoding/ros2_franka_ws/install/franka_fr3_moveit_config:/home/jiataoding/ros2_franka_ws/install/franka_hardware:/home/jiataoding/ros2_franka_ws/install/franka_gripper:/home/jiataoding/ros2_franka_ws/install/franka_msgs:/home/jiataoding/ros2_franka_ws/install/franka_description:/home/jiataoding/ros2_franka_ws/install/cartesian_impedance_controller:/home/jiataoding/ros2_franka_ws/install/effort_controller_base:/home/jiataoding/ros2_franka_ws/install/debug_msg:/home/jiataoding/franco_ros2_franka_ws/install/joint_impedance_controller:/home/jiataoding/franco_ros2_franka_ws/install/integration_launch_testing:/home/jiataoding/franco_ros2_franka_ws/install/idra_franka_launch:/home/jiataoding/franco_ros2_franka_ws/install/gravity_compensation:/home/jiataoding/franco_ros2_franka_ws/install/franka_task_pipeline:/home/jiataoding/franco_ros2_franka_ws/install/franka_ros2:/home/jiataoding/franco_ros2_franka_ws/install/franka_bringup:/home/jiataoding/franco_ros2_franka_ws/install/franka_robot_state_broadcaster:/home/jiataoding/franco_ros2_franka_ws/install/franka_example_controllers:/home/jiataoding/franco_ros2_franka_ws/install/franka_semantic_components:/home/jiataoding/franco_ros2_franka_ws/install/franka_gazebo_bringup:/home/jiataoding/franco_ros2_franka_ws/install/franka_ign_ros2_control:/home/jiataoding/franco_ros2_franka_ws/install/franka_fr3_moveit_config:/home/jiataoding/franco_ros2_franka_ws/install/franka_hardware:/home/jiataoding/franco_ros2_franka_ws/install/franka_gripper:/home/jiataoding/franco_ros2_franka_ws/install/franka_msgs:/home/jiataoding/franco_ros2_franka_ws/install/franka_description:/home/jiataoding/franco_ros2_franka_ws/install/cartesian_impedance_controller:/home/jiataoding/franco_ros2_franka_ws/install/effort_controller_base:/home/jiataoding/franco_ros2_franka_ws/install/debug_msg:/opt/openrobots LD_LIBRARY_PATH=/home/jiataoding/franco_ros2_franka_ws/src/install/franka_hardware/lib:/home/jiataoding/franco_ros2_franka_ws/src/install/franka_msgs/lib:/home/jiataoding/franco_ros2_franka_ws/src/install/joint_impedance_controller/lib:/home/jiataoding/franco_ros2_franka_ws/src/install/integration_launch_testing/lib:/home/jiataoding/franco_ros2_franka_ws/src/install/gravity_compensation/lib:/home/jiataoding/franco_ros2_franka_ws/src/install/franka_robot_state_broadcaster/lib:/home/jiataoding/franco_ros2_franka_ws/src/install/franka_example_controllers/lib:/home/jiataoding/franco_ros2_franka_ws/src/install/franka_semantic_components/lib:/home/jiataoding/franco_ros2_franka_ws/src/install/franka_ign_ros2_control/lib:/home/jiataoding/franco_ros2_franka_ws/src/install/franka_gripper/lib:/home/jiataoding/franco_ros2_franka_ws/src/install/cartesian_impedance_controller/lib:/home/jiataoding/franco_ros2_franka_ws/src/install/effort_controller_base/lib:/home/jiataoding/franco_ros2_franka_ws/src/install/debug_msg/lib:/home/jiataoding/libs/onnxruntime-linux-x64-1.21.0/lib:/home/jiataoding/ros2_franka_ws/install/joint_impedance_controller/lib:/home/jiataoding/ros2_franka_ws/install/integration_launch_testing/lib:/home/jiataoding/ros2_franka_ws/install/gravity_compensation/lib:/home/jiataoding/ros2_franka_ws/install/franka_robot_state_broadcaster/lib:/home/jiataoding/ros2_franka_ws/install/franka_example_controllers/lib:/home/jiataoding/ros2_franka_ws/install/franka_semantic_components/lib:/home/jiataoding/ros2_franka_ws/install/franka_ign_ros2_control/lib:/home/jiataoding/ros2_franka_ws/install/franka_hardware/lib:/home/jiataoding/ros2_franka_ws/install/franka_gripper/lib:/home/jiataoding/ros2_franka_ws/install/franka_msgs/lib:/home/jiataoding/ros2_franka_ws/install/cartesian_impedance_controller/lib:/home/jiataoding/ros2_franka_ws/install/effort_controller_base/lib:/home/jiataoding/ros2_franka_ws/install/debug_msg/lib:/home/jiataoding/franco_ros2_franka_ws/install/joint_impedance_controller/lib:/home/jiataoding/franco_ros2_franka_ws/install/integration_launch_testing/lib:/home/jiataoding/franco_ros2_franka_ws/install/gravity_compensation/lib:/home/jiataoding/franco_ros2_franka_ws/install/franka_robot_state_broadcaster/lib:/home/jiataoding/franco_ros2_franka_ws/install/franka_example_controllers/lib:/home/jiataoding/franco_ros2_franka_ws/install/franka_semantic_components/lib:/home/jiataoding/franco_ros2_franka_ws/install/franka_ign_ros2_control/lib:/home/jiataoding/franco_ros2_franka_ws/install/franka_hardware/lib:/home/jiataoding/franco_ros2_franka_ws/install/franka_gripper/lib:/home/jiataoding/franco_ros2_franka_ws/install/franka_msgs/lib:/home/jiataoding/franco_ros2_franka_ws/install/cartesian_impedance_controller/lib:/home/jiataoding/franco_ros2_franka_ws/install/effort_controller_base/lib:/home/jiataoding/franco_ros2_franka_ws/install/debug_msg/lib:/opt/openrobots/lib:/opt/ros/humble/opt/rviz_ogre_vendor/lib:/opt/ros/humble/lib/x86_64-linux-gnu:/opt/ros/humble/lib /usr/bin/cmake --install /home/jiataoding/franco_ros2_franka_ws/src/build/franka_semantic_components
[1.461s] Level 1:colcon.colcon_core.environment:create_environment_scripts_only(franka_ign_ros2_control)
[1.462s] Level 1:colcon.colcon_core.environment:checking '/home/jiataoding/franco_ros2_franka_ws/src/install/franka_ign_ros2_control' for CMake module files
[1.462s] DEBUG:colcon.colcon_core.event_handler.log_command:Invoked command in '/home/jiataoding/franco_ros2_franka_ws/src/build/franka_ign_ros2_control' returned '0': CMAKE_PREFIX_PATH=/home/jiataoding/franco_ros2_franka_ws/src/install/franka_hardware:/home/jiataoding/franco_ros2_franka_ws/src/install/franka_msgs:/home/jiataoding/franco_ros2_franka_ws/src/install/joint_impedance_controller:/home/jiataoding/franco_ros2_franka_ws/src/install/integration_launch_testing:/home/jiataoding/franco_ros2_franka_ws/src/install/idra_franka_launch:/home/jiataoding/franco_ros2_franka_ws/src/install/gravity_compensation:/home/jiataoding/franco_ros2_franka_ws/src/install/franka_task_pipeline:/home/jiataoding/franco_ros2_franka_ws/src/install/franka_ros2:/home/jiataoding/franco_ros2_franka_ws/src/install/franka_bringup:/home/jiataoding/franco_ros2_franka_ws/src/install/franka_robot_state_broadcaster:/home/jiataoding/franco_ros2_franka_ws/src/install/franka_example_controllers:/home/jiataoding/franco_ros2_franka_ws/src/install/franka_semantic_components:/home/jiataoding/franco_ros2_franka_ws/src/install/franka_gazebo_bringup:/home/jiataoding/franco_ros2_franka_ws/src/install/franka_ign_ros2_control:/home/jiataoding/franco_ros2_franka_ws/src/install/franka_fr3_moveit_config:/home/jiataoding/franco_ros2_franka_ws/src/install/franka_gripper:/home/jiataoding/franco_ros2_franka_ws/src/install/franka_description:/home/jiataoding/franco_ros2_franka_ws/src/install/cartesian_impedance_controller:/opt/ros/humble:/home/jiataoding/franco_ros2_franka_ws/src/install/effort_controller_base:/home/jiataoding/franco_ros2_franka_ws/src/install/debug_msg:/home/jiataoding/ros2_franka_ws/install/joint_impedance_controller:/home/jiataoding/ros2_franka_ws/install/integration_launch_testing:/home/jiataoding/ros2_franka_ws/install/idra_franka_launch:/home/jiataoding/ros2_franka_ws/install/gravity_compensation:/home/jiataoding/ros2_franka_ws/install/franka_task_pipeline:/home/jiataoding/ros2_franka_ws/install/franka_ros2:/home/jiataoding/ros2_franka_ws/install/franka_bringup:/home/jiataoding/ros2_franka_ws/install/franka_robot_state_broadcaster:/home/jiataoding/ros2_franka_ws/install/franka_example_controllers:/home/jiataoding/ros2_franka_ws/install/franka_semantic_components:/home/jiataoding/ros2_franka_ws/install/franka_gazebo_bringup:/home/jiataoding/ros2_franka_ws/install/franka_ign_ros2_control:/home/jiataoding/ros2_franka_ws/install/franka_fr3_moveit_config:/home/jiataoding/ros2_franka_ws/install/franka_hardware:/home/jiataoding/ros2_franka_ws/install/franka_gripper:/home/jiataoding/ros2_franka_ws/install/franka_msgs:/home/jiataoding/ros2_franka_ws/install/franka_description:/home/jiataoding/ros2_franka_ws/install/cartesian_impedance_controller:/home/jiataoding/ros2_franka_ws/install/effort_controller_base:/home/jiataoding/ros2_franka_ws/install/debug_msg:/home/jiataoding/franco_ros2_franka_ws/install/joint_impedance_controller:/home/jiataoding/franco_ros2_franka_ws/install/integration_launch_testing:/home/jiataoding/franco_ros2_franka_ws/install/idra_franka_launch:/home/jiataoding/franco_ros2_franka_ws/install/gravity_compensation:/home/jiataoding/franco_ros2_franka_ws/install/franka_task_pipeline:/home/jiataoding/franco_ros2_franka_ws/install/franka_ros2:/home/jiataoding/franco_ros2_franka_ws/install/franka_bringup:/home/jiataoding/franco_ros2_franka_ws/install/franka_robot_state_broadcaster:/home/jiataoding/franco_ros2_franka_ws/install/franka_example_controllers:/home/jiataoding/franco_ros2_franka_ws/install/franka_semantic_components:/home/jiataoding/franco_ros2_franka_ws/install/franka_gazebo_bringup:/home/jiataoding/franco_ros2_franka_ws/install/franka_ign_ros2_control:/home/jiataoding/franco_ros2_franka_ws/install/franka_fr3_moveit_config:/home/jiataoding/franco_ros2_franka_ws/install/franka_hardware:/home/jiataoding/franco_ros2_franka_ws/install/franka_gripper:/home/jiataoding/franco_ros2_franka_ws/install/franka_msgs:/home/jiataoding/franco_ros2_franka_ws/install/franka_description:/home/jiataoding/franco_ros2_franka_ws/install/cartesian_impedance_controller:/home/jiataoding/franco_ros2_franka_ws/install/effort_controller_base:/home/jiataoding/franco_ros2_franka_ws/install/debug_msg:/opt/openrobots LD_LIBRARY_PATH=/home/jiataoding/franco_ros2_franka_ws/src/install/franka_hardware/lib:/home/jiataoding/franco_ros2_franka_ws/src/install/franka_msgs/lib:/home/jiataoding/franco_ros2_franka_ws/src/install/joint_impedance_controller/lib:/home/jiataoding/franco_ros2_franka_ws/src/install/integration_launch_testing/lib:/home/jiataoding/franco_ros2_franka_ws/src/install/gravity_compensation/lib:/home/jiataoding/franco_ros2_franka_ws/src/install/franka_robot_state_broadcaster/lib:/home/jiataoding/franco_ros2_franka_ws/src/install/franka_example_controllers/lib:/home/jiataoding/franco_ros2_franka_ws/src/install/franka_semantic_components/lib:/home/jiataoding/franco_ros2_franka_ws/src/install/franka_ign_ros2_control/lib:/home/jiataoding/franco_ros2_franka_ws/src/install/franka_gripper/lib:/home/jiataoding/franco_ros2_franka_ws/src/install/cartesian_impedance_controller/lib:/home/jiataoding/franco_ros2_franka_ws/src/install/effort_controller_base/lib:/home/jiataoding/franco_ros2_franka_ws/src/install/debug_msg/lib:/home/jiataoding/libs/onnxruntime-linux-x64-1.21.0/lib:/home/jiataoding/ros2_franka_ws/install/joint_impedance_controller/lib:/home/jiataoding/ros2_franka_ws/install/integration_launch_testing/lib:/home/jiataoding/ros2_franka_ws/install/gravity_compensation/lib:/home/jiataoding/ros2_franka_ws/install/franka_robot_state_broadcaster/lib:/home/jiataoding/ros2_franka_ws/install/franka_example_controllers/lib:/home/jiataoding/ros2_franka_ws/install/franka_semantic_components/lib:/home/jiataoding/ros2_franka_ws/install/franka_ign_ros2_control/lib:/home/jiataoding/ros2_franka_ws/install/franka_hardware/lib:/home/jiataoding/ros2_franka_ws/install/franka_gripper/lib:/home/jiataoding/ros2_franka_ws/install/franka_msgs/lib:/home/jiataoding/ros2_franka_ws/install/cartesian_impedance_controller/lib:/home/jiataoding/ros2_franka_ws/install/effort_controller_base/lib:/home/jiataoding/ros2_franka_ws/install/debug_msg/lib:/home/jiataoding/franco_ros2_franka_ws/install/joint_impedance_controller/lib:/home/jiataoding/franco_ros2_franka_ws/install/integration_launch_testing/lib:/home/jiataoding/franco_ros2_franka_ws/install/gravity_compensation/lib:/home/jiataoding/franco_ros2_franka_ws/install/franka_robot_state_broadcaster/lib:/home/jiataoding/franco_ros2_franka_ws/install/franka_example_controllers/lib:/home/jiataoding/franco_ros2_franka_ws/install/franka_semantic_components/lib:/home/jiataoding/franco_ros2_franka_ws/install/franka_ign_ros2_control/lib:/home/jiataoding/franco_ros2_franka_ws/install/franka_hardware/lib:/home/jiataoding/franco_ros2_franka_ws/install/franka_gripper/lib:/home/jiataoding/franco_ros2_franka_ws/install/franka_msgs/lib:/home/jiataoding/franco_ros2_franka_ws/install/cartesian_impedance_controller/lib:/home/jiataoding/franco_ros2_franka_ws/install/effort_controller_base/lib:/home/jiataoding/franco_ros2_franka_ws/install/debug_msg/lib:/opt/openrobots/lib:/opt/ros/humble/opt/rviz_ogre_vendor/lib:/opt/ros/humble/lib/x86_64-linux-gnu:/opt/ros/humble/lib /usr/bin/cmake --install /home/jiataoding/franco_ros2_franka_ws/src/build/franka_ign_ros2_control
[1.463s] Level 1:colcon.colcon_core.environment:checking '/home/jiataoding/franco_ros2_franka_ws/src/install/franka_ign_ros2_control' for CMake config files
[1.463s] Level 1:colcon.colcon_core.shell:create_environment_hook('franka_ign_ros2_control', 'cmake_prefix_path')
[1.463s] INFO:colcon.colcon_core.shell:Creating environment hook '/home/jiataoding/franco_ros2_franka_ws/src/install/franka_ign_ros2_control/share/franka_ign_ros2_control/hook/cmake_prefix_path.ps1'
[1.464s] INFO:colcon.colcon_core.shell:Creating environment descriptor '/home/jiataoding/franco_ros2_franka_ws/src/install/franka_ign_ros2_control/share/franka_ign_ros2_control/hook/cmake_prefix_path.dsv'
[1.464s] INFO:colcon.colcon_core.shell:Creating environment hook '/home/jiataoding/franco_ros2_franka_ws/src/install/franka_ign_ros2_control/share/franka_ign_ros2_control/hook/cmake_prefix_path.sh'
[1.465s] Level 1:colcon.colcon_core.environment:checking '/home/jiataoding/franco_ros2_franka_ws/src/install/franka_ign_ros2_control/lib'
[1.465s] Level 1:colcon.colcon_core.shell:create_environment_hook('franka_ign_ros2_control', 'ld_library_path_lib')
[1.465s] INFO:colcon.colcon_core.shell:Creating environment hook '/home/jiataoding/franco_ros2_franka_ws/src/install/franka_ign_ros2_control/share/franka_ign_ros2_control/hook/ld_library_path_lib.ps1'
[1.465s] INFO:colcon.colcon_core.shell:Creating environment descriptor '/home/jiataoding/franco_ros2_franka_ws/src/install/franka_ign_ros2_control/share/franka_ign_ros2_control/hook/ld_library_path_lib.dsv'
[1.466s] INFO:colcon.colcon_core.shell:Creating environment hook '/home/jiataoding/franco_ros2_franka_ws/src/install/franka_ign_ros2_control/share/franka_ign_ros2_control/hook/ld_library_path_lib.sh'
[1.466s] Level 1:colcon.colcon_core.environment:checking '/home/jiataoding/franco_ros2_franka_ws/src/install/franka_ign_ros2_control/bin'
[1.466s] Level 1:colcon.colcon_core.environment:checking '/home/jiataoding/franco_ros2_franka_ws/src/install/franka_ign_ros2_control/lib/pkgconfig/franka_ign_ros2_control.pc'
[1.466s] Level 1:colcon.colcon_core.environment:checking '/home/jiataoding/franco_ros2_franka_ws/src/install/franka_ign_ros2_control/lib/python3.10/site-packages'
[1.466s] Level 1:colcon.colcon_core.environment:checking '/home/jiataoding/franco_ros2_franka_ws/src/install/franka_ign_ros2_control/bin'
[1.467s] INFO:colcon.colcon_core.shell:Creating package script '/home/jiataoding/franco_ros2_franka_ws/src/install/franka_ign_ros2_control/share/franka_ign_ros2_control/package.ps1'
[1.467s] INFO:colcon.colcon_core.shell:Creating package descriptor '/home/jiataoding/franco_ros2_franka_ws/src/install/franka_ign_ros2_control/share/franka_ign_ros2_control/package.dsv'
[1.468s] INFO:colcon.colcon_core.shell:Creating package script '/home/jiataoding/franco_ros2_franka_ws/src/install/franka_ign_ros2_control/share/franka_ign_ros2_control/package.sh'
[1.468s] INFO:colcon.colcon_core.shell:Creating package script '/home/jiataoding/franco_ros2_franka_ws/src/install/franka_ign_ros2_control/share/franka_ign_ros2_control/package.bash'
[1.469s] INFO:colcon.colcon_core.shell:Creating package script '/home/jiataoding/franco_ros2_franka_ws/src/install/franka_ign_ros2_control/share/franka_ign_ros2_control/package.zsh'
[1.470s] Level 1:colcon.colcon_core.environment:create_file_with_runtime_dependencies(/home/jiataoding/franco_ros2_franka_ws/src/install/franka_ign_ros2_control/share/colcon-core/packages/franka_ign_ros2_control)
[1.472s] Level 1:colcon.colcon_core.environment:create_environment_scripts_only(franka_ign_ros2_control)
[1.472s] Level 1:colcon.colcon_core.environment:checking '/home/jiataoding/franco_ros2_franka_ws/src/install/franka_ign_ros2_control' for CMake module files
[1.474s] Level 1:colcon.colcon_core.environment:checking '/home/jiataoding/franco_ros2_franka_ws/src/install/franka_ign_ros2_control' for CMake config files
[1.475s] Level 1:colcon.colcon_core.shell:create_environment_hook('franka_ign_ros2_control', 'cmake_prefix_path')
[1.475s] INFO:colcon.colcon_core.shell:Creating environment hook '/home/jiataoding/franco_ros2_franka_ws/src/install/franka_ign_ros2_control/share/franka_ign_ros2_control/hook/cmake_prefix_path.ps1'
[1.476s] INFO:colcon.colcon_core.shell:Creating environment descriptor '/home/jiataoding/franco_ros2_franka_ws/src/install/franka_ign_ros2_control/share/franka_ign_ros2_control/hook/cmake_prefix_path.dsv'
[1.476s] INFO:colcon.colcon_core.shell:Creating environment hook '/home/jiataoding/franco_ros2_franka_ws/src/install/franka_ign_ros2_control/share/franka_ign_ros2_control/hook/cmake_prefix_path.sh'
[1.477s] Level 1:colcon.colcon_core.environment:checking '/home/jiataoding/franco_ros2_franka_ws/src/install/franka_ign_ros2_control/lib'
[1.477s] Level 1:colcon.colcon_core.shell:create_environment_hook('franka_ign_ros2_control', 'ld_library_path_lib')
[1.478s] INFO:colcon.colcon_core.shell:Creating environment hook '/home/jiataoding/franco_ros2_franka_ws/src/install/franka_ign_ros2_control/share/franka_ign_ros2_control/hook/ld_library_path_lib.ps1'
[1.478s] INFO:colcon.colcon_core.shell:Creating environment descriptor '/home/jiataoding/franco_ros2_franka_ws/src/install/franka_ign_ros2_control/share/franka_ign_ros2_control/hook/ld_library_path_lib.dsv'
[1.479s] INFO:colcon.colcon_core.shell:Creating environment hook '/home/jiataoding/franco_ros2_franka_ws/src/install/franka_ign_ros2_control/share/franka_ign_ros2_control/hook/ld_library_path_lib.sh'
[1.480s] Level 1:colcon.colcon_core.environment:checking '/home/jiataoding/franco_ros2_franka_ws/src/install/franka_ign_ros2_control/bin'
[1.480s] Level 1:colcon.colcon_core.environment:checking '/home/jiataoding/franco_ros2_franka_ws/src/install/franka_ign_ros2_control/lib/pkgconfig/franka_ign_ros2_control.pc'
[1.480s] Level 1:colcon.colcon_core.environment:checking '/home/jiataoding/franco_ros2_franka_ws/src/install/franka_ign_ros2_control/lib/python3.10/site-packages'
[1.481s] Level 1:colcon.colcon_core.environment:checking '/home/jiataoding/franco_ros2_franka_ws/src/install/franka_ign_ros2_control/bin'
[1.481s] INFO:colcon.colcon_core.shell:Creating package script '/home/jiataoding/franco_ros2_franka_ws/src/install/franka_ign_ros2_control/share/franka_ign_ros2_control/package.ps1'
[1.482s] INFO:colcon.colcon_core.shell:Creating package descriptor '/home/jiataoding/franco_ros2_franka_ws/src/install/franka_ign_ros2_control/share/franka_ign_ros2_control/package.dsv'
[1.483s] INFO:colcon.colcon_core.shell:Creating package script '/home/jiataoding/franco_ros2_franka_ws/src/install/franka_ign_ros2_control/share/franka_ign_ros2_control/package.sh'
[1.483s] INFO:colcon.colcon_core.shell:Creating package script '/home/jiataoding/franco_ros2_franka_ws/src/install/franka_ign_ros2_control/share/franka_ign_ros2_control/package.bash'
[1.484s] INFO:colcon.colcon_core.shell:Creating package script '/home/jiataoding/franco_ros2_franka_ws/src/install/franka_ign_ros2_control/share/franka_ign_ros2_control/package.zsh'
[1.485s] Level 1:colcon.colcon_core.environment:create_file_with_runtime_dependencies(/home/jiataoding/franco_ros2_franka_ws/src/install/franka_ign_ros2_control/share/colcon-core/packages/franka_ign_ros2_control)
[1.486s] INFO:colcon.colcon_ros.task.ament_cmake.build:Building ROS package in '/home/jiataoding/franco_ros2_franka_ws/src/franka_ros2/franka_gazebo/franka_gazebo_bringup' with build type 'ament_cmake'
[1.486s] INFO:colcon.colcon_cmake.task.cmake.build:Building CMake package in '/home/jiataoding/franco_ros2_franka_ws/src/franka_ros2/franka_gazebo/franka_gazebo_bringup'
[1.486s] INFO:colcon.colcon_core.shell:Skip shell extension 'powershell' for command environment: Not usable outside of PowerShell
[1.486s] DEBUG:colcon.colcon_core.shell:Skip shell extension 'dsv' for command environment
[1.497s] Level 1:colcon.colcon_core.environment:create_environment_scripts_only(franka_gripper)
[1.498s] Level 1:colcon.colcon_core.environment:checking '/home/jiataoding/franco_ros2_franka_ws/src/install/franka_gripper' for CMake module files
[1.499s] DEBUG:colcon.colcon_core.event_handler.log_command:Invoked command in '/home/jiataoding/franco_ros2_franka_ws/src/build/franka_gripper' returned '0': CMAKE_PREFIX_PATH=/home/jiataoding/franco_ros2_franka_ws/src/install/franka_msgs:/home/jiataoding/franco_ros2_franka_ws/src/install/joint_impedance_controller:/home/jiataoding/franco_ros2_franka_ws/src/install/integration_launch_testing:/home/jiataoding/franco_ros2_franka_ws/src/install/idra_franka_launch:/home/jiataoding/franco_ros2_franka_ws/src/install/gravity_compensation:/home/jiataoding/franco_ros2_franka_ws/src/install/franka_task_pipeline:/home/jiataoding/franco_ros2_franka_ws/src/install/franka_ros2:/home/jiataoding/franco_ros2_franka_ws/src/install/franka_bringup:/home/jiataoding/franco_ros2_franka_ws/src/install/franka_robot_state_broadcaster:/home/jiataoding/franco_ros2_franka_ws/src/install/franka_example_controllers:/home/jiataoding/franco_ros2_franka_ws/src/install/franka_semantic_components:/home/jiataoding/franco_ros2_franka_ws/src/install/franka_gazebo_bringup:/home/jiataoding/franco_ros2_franka_ws/src/install/franka_ign_ros2_control:/home/jiataoding/franco_ros2_franka_ws/src/install/franka_fr3_moveit_config:/home/jiataoding/franco_ros2_franka_ws/src/install/franka_hardware:/home/jiataoding/franco_ros2_franka_ws/src/install/franka_gripper:/home/jiataoding/franco_ros2_franka_ws/src/install/franka_description:/home/jiataoding/franco_ros2_franka_ws/src/install/cartesian_impedance_controller:/opt/ros/humble:/home/jiataoding/franco_ros2_franka_ws/src/install/effort_controller_base:/home/jiataoding/franco_ros2_franka_ws/src/install/debug_msg:/home/jiataoding/ros2_franka_ws/install/joint_impedance_controller:/home/jiataoding/ros2_franka_ws/install/integration_launch_testing:/home/jiataoding/ros2_franka_ws/install/idra_franka_launch:/home/jiataoding/ros2_franka_ws/install/gravity_compensation:/home/jiataoding/ros2_franka_ws/install/franka_task_pipeline:/home/jiataoding/ros2_franka_ws/install/franka_ros2:/home/jiataoding/ros2_franka_ws/install/franka_bringup:/home/jiataoding/ros2_franka_ws/install/franka_robot_state_broadcaster:/home/jiataoding/ros2_franka_ws/install/franka_example_controllers:/home/jiataoding/ros2_franka_ws/install/franka_semantic_components:/home/jiataoding/ros2_franka_ws/install/franka_gazebo_bringup:/home/jiataoding/ros2_franka_ws/install/franka_ign_ros2_control:/home/jiataoding/ros2_franka_ws/install/franka_fr3_moveit_config:/home/jiataoding/ros2_franka_ws/install/franka_hardware:/home/jiataoding/ros2_franka_ws/install/franka_gripper:/home/jiataoding/ros2_franka_ws/install/franka_msgs:/home/jiataoding/ros2_franka_ws/install/franka_description:/home/jiataoding/ros2_franka_ws/install/cartesian_impedance_controller:/home/jiataoding/ros2_franka_ws/install/effort_controller_base:/home/jiataoding/ros2_franka_ws/install/debug_msg:/home/jiataoding/franco_ros2_franka_ws/install/joint_impedance_controller:/home/jiataoding/franco_ros2_franka_ws/install/integration_launch_testing:/home/jiataoding/franco_ros2_franka_ws/install/idra_franka_launch:/home/jiataoding/franco_ros2_franka_ws/install/gravity_compensation:/home/jiataoding/franco_ros2_franka_ws/install/franka_task_pipeline:/home/jiataoding/franco_ros2_franka_ws/install/franka_ros2:/home/jiataoding/franco_ros2_franka_ws/install/franka_bringup:/home/jiataoding/franco_ros2_franka_ws/install/franka_robot_state_broadcaster:/home/jiataoding/franco_ros2_franka_ws/install/franka_example_controllers:/home/jiataoding/franco_ros2_franka_ws/install/franka_semantic_components:/home/jiataoding/franco_ros2_franka_ws/install/franka_gazebo_bringup:/home/jiataoding/franco_ros2_franka_ws/install/franka_ign_ros2_control:/home/jiataoding/franco_ros2_franka_ws/install/franka_fr3_moveit_config:/home/jiataoding/franco_ros2_franka_ws/install/franka_hardware:/home/jiataoding/franco_ros2_franka_ws/install/franka_gripper:/home/jiataoding/franco_ros2_franka_ws/install/franka_msgs:/home/jiataoding/franco_ros2_franka_ws/install/franka_description:/home/jiataoding/franco_ros2_franka_ws/install/cartesian_impedance_controller:/home/jiataoding/franco_ros2_franka_ws/install/effort_controller_base:/home/jiataoding/franco_ros2_franka_ws/install/debug_msg:/opt/openrobots LD_LIBRARY_PATH=/home/jiataoding/franco_ros2_franka_ws/src/install/franka_msgs/lib:/home/jiataoding/franco_ros2_franka_ws/src/install/joint_impedance_controller/lib:/home/jiataoding/franco_ros2_franka_ws/src/install/integration_launch_testing/lib:/home/jiataoding/franco_ros2_franka_ws/src/install/gravity_compensation/lib:/home/jiataoding/franco_ros2_franka_ws/src/install/franka_robot_state_broadcaster/lib:/home/jiataoding/franco_ros2_franka_ws/src/install/franka_example_controllers/lib:/home/jiataoding/franco_ros2_franka_ws/src/install/franka_semantic_components/lib:/home/jiataoding/franco_ros2_franka_ws/src/install/franka_ign_ros2_control/lib:/home/jiataoding/franco_ros2_franka_ws/src/install/franka_hardware/lib:/home/jiataoding/franco_ros2_franka_ws/src/install/franka_gripper/lib:/home/jiataoding/franco_ros2_franka_ws/src/install/cartesian_impedance_controller/lib:/home/jiataoding/franco_ros2_franka_ws/src/install/effort_controller_base/lib:/home/jiataoding/franco_ros2_franka_ws/src/install/debug_msg/lib:/home/jiataoding/libs/onnxruntime-linux-x64-1.21.0/lib:/home/jiataoding/ros2_franka_ws/install/joint_impedance_controller/lib:/home/jiataoding/ros2_franka_ws/install/integration_launch_testing/lib:/home/jiataoding/ros2_franka_ws/install/gravity_compensation/lib:/home/jiataoding/ros2_franka_ws/install/franka_robot_state_broadcaster/lib:/home/jiataoding/ros2_franka_ws/install/franka_example_controllers/lib:/home/jiataoding/ros2_franka_ws/install/franka_semantic_components/lib:/home/jiataoding/ros2_franka_ws/install/franka_ign_ros2_control/lib:/home/jiataoding/ros2_franka_ws/install/franka_hardware/lib:/home/jiataoding/ros2_franka_ws/install/franka_gripper/lib:/home/jiataoding/ros2_franka_ws/install/franka_msgs/lib:/home/jiataoding/ros2_franka_ws/install/cartesian_impedance_controller/lib:/home/jiataoding/ros2_franka_ws/install/effort_controller_base/lib:/home/jiataoding/ros2_franka_ws/install/debug_msg/lib:/home/jiataoding/franco_ros2_franka_ws/install/joint_impedance_controller/lib:/home/jiataoding/franco_ros2_franka_ws/install/integration_launch_testing/lib:/home/jiataoding/franco_ros2_franka_ws/install/gravity_compensation/lib:/home/jiataoding/franco_ros2_franka_ws/install/franka_robot_state_broadcaster/lib:/home/jiataoding/franco_ros2_franka_ws/install/franka_example_controllers/lib:/home/jiataoding/franco_ros2_franka_ws/install/franka_semantic_components/lib:/home/jiataoding/franco_ros2_franka_ws/install/franka_ign_ros2_control/lib:/home/jiataoding/franco_ros2_franka_ws/install/franka_hardware/lib:/home/jiataoding/franco_ros2_franka_ws/install/franka_gripper/lib:/home/jiataoding/franco_ros2_franka_ws/install/franka_msgs/lib:/home/jiataoding/franco_ros2_franka_ws/install/cartesian_impedance_controller/lib:/home/jiataoding/franco_ros2_franka_ws/install/effort_controller_base/lib:/home/jiataoding/franco_ros2_franka_ws/install/debug_msg/lib:/opt/openrobots/lib:/opt/ros/humble/opt/rviz_ogre_vendor/lib:/opt/ros/humble/lib/x86_64-linux-gnu:/opt/ros/humble/lib /usr/bin/cmake --install /home/jiataoding/franco_ros2_franka_ws/src/build/franka_gripper
[1.499s] Level 1:colcon.colcon_core.environment:checking '/home/jiataoding/franco_ros2_franka_ws/src/install/franka_gripper' for CMake config files
[1.499s] Level 1:colcon.colcon_core.shell:create_environment_hook('franka_gripper', 'cmake_prefix_path')
[1.499s] INFO:colcon.colcon_core.shell:Creating environment hook '/home/jiataoding/franco_ros2_franka_ws/src/install/franka_gripper/share/franka_gripper/hook/cmake_prefix_path.ps1'
[1.500s] INFO:colcon.colcon_core.shell:Creating environment descriptor '/home/jiataoding/franco_ros2_franka_ws/src/install/franka_gripper/share/franka_gripper/hook/cmake_prefix_path.dsv'
[1.500s] INFO:colcon.colcon_core.shell:Creating environment hook '/home/jiataoding/franco_ros2_franka_ws/src/install/franka_gripper/share/franka_gripper/hook/cmake_prefix_path.sh'
[1.501s] Level 1:colcon.colcon_core.environment:checking '/home/jiataoding/franco_ros2_franka_ws/src/install/franka_gripper/lib'
[1.501s] Level 1:colcon.colcon_core.shell:create_environment_hook('franka_gripper', 'ld_library_path_lib')
[1.501s] INFO:colcon.colcon_core.shell:Creating environment hook '/home/jiataoding/franco_ros2_franka_ws/src/install/franka_gripper/share/franka_gripper/hook/ld_library_path_lib.ps1'
[1.502s] INFO:colcon.colcon_core.shell:Creating environment descriptor '/home/jiataoding/franco_ros2_franka_ws/src/install/franka_gripper/share/franka_gripper/hook/ld_library_path_lib.dsv'
[1.502s] INFO:colcon.colcon_core.shell:Creating environment hook '/home/jiataoding/franco_ros2_franka_ws/src/install/franka_gripper/share/franka_gripper/hook/ld_library_path_lib.sh'
[1.503s] Level 1:colcon.colcon_core.environment:checking '/home/jiataoding/franco_ros2_franka_ws/src/install/franka_gripper/bin'
[1.503s] Level 1:colcon.colcon_core.environment:checking '/home/jiataoding/franco_ros2_franka_ws/src/install/franka_gripper/lib/pkgconfig/franka_gripper.pc'
[1.503s] Level 1:colcon.colcon_core.environment:checking '/home/jiataoding/franco_ros2_franka_ws/src/install/franka_gripper/lib/python3.10/site-packages'
[1.503s] Level 1:colcon.colcon_core.environment:checking '/home/jiataoding/franco_ros2_franka_ws/src/install/franka_gripper/bin'
[1.504s] INFO:colcon.colcon_core.shell:Creating package script '/home/jiataoding/franco_ros2_franka_ws/src/install/franka_gripper/share/franka_gripper/package.ps1'
[1.504s] INFO:colcon.colcon_core.shell:Creating package descriptor '/home/jiataoding/franco_ros2_franka_ws/src/install/franka_gripper/share/franka_gripper/package.dsv'
[1.505s] INFO:colcon.colcon_core.shell:Creating package script '/home/jiataoding/franco_ros2_franka_ws/src/install/franka_gripper/share/franka_gripper/package.sh'
[1.505s] INFO:colcon.colcon_core.shell:Creating package script '/home/jiataoding/franco_ros2_franka_ws/src/install/franka_gripper/share/franka_gripper/package.bash'
[1.506s] INFO:colcon.colcon_core.shell:Creating package script '/home/jiataoding/franco_ros2_franka_ws/src/install/franka_gripper/share/franka_gripper/package.zsh'
[1.506s] Level 1:colcon.colcon_core.environment:create_file_with_runtime_dependencies(/home/jiataoding/franco_ros2_franka_ws/src/install/franka_gripper/share/colcon-core/packages/franka_gripper)
[1.507s] Level 1:colcon.colcon_core.environment:create_environment_scripts_only(franka_gripper)
[1.507s] Level 1:colcon.colcon_core.environment:checking '/home/jiataoding/franco_ros2_franka_ws/src/install/franka_gripper' for CMake module files
[1.508s] Level 1:colcon.colcon_core.environment:checking '/home/jiataoding/franco_ros2_franka_ws/src/install/franka_gripper' for CMake config files
[1.508s] Level 1:colcon.colcon_core.shell:create_environment_hook('franka_gripper', 'cmake_prefix_path')
[1.508s] INFO:colcon.colcon_core.shell:Creating environment hook '/home/jiataoding/franco_ros2_franka_ws/src/install/franka_gripper/share/franka_gripper/hook/cmake_prefix_path.ps1'
[1.509s] INFO:colcon.colcon_core.shell:Creating environment descriptor '/home/jiataoding/franco_ros2_franka_ws/src/install/franka_gripper/share/franka_gripper/hook/cmake_prefix_path.dsv'
[1.509s] INFO:colcon.colcon_core.shell:Creating environment hook '/home/jiataoding/franco_ros2_franka_ws/src/install/franka_gripper/share/franka_gripper/hook/cmake_prefix_path.sh'
[1.510s] Level 1:colcon.colcon_core.environment:checking '/home/jiataoding/franco_ros2_franka_ws/src/install/franka_gripper/lib'
[1.510s] Level 1:colcon.colcon_core.shell:create_environment_hook('franka_gripper', 'ld_library_path_lib')
[1.510s] INFO:colcon.colcon_core.shell:Creating environment hook '/home/jiataoding/franco_ros2_franka_ws/src/install/franka_gripper/share/franka_gripper/hook/ld_library_path_lib.ps1'
[1.510s] INFO:colcon.colcon_core.shell:Creating environment descriptor '/home/jiataoding/franco_ros2_franka_ws/src/install/franka_gripper/share/franka_gripper/hook/ld_library_path_lib.dsv'
[1.511s] INFO:colcon.colcon_core.shell:Creating environment hook '/home/jiataoding/franco_ros2_franka_ws/src/install/franka_gripper/share/franka_gripper/hook/ld_library_path_lib.sh'
[1.511s] Level 1:colcon.colcon_core.environment:checking '/home/jiataoding/franco_ros2_franka_ws/src/install/franka_gripper/bin'
[1.511s] Level 1:colcon.colcon_core.environment:checking '/home/jiataoding/franco_ros2_franka_ws/src/install/franka_gripper/lib/pkgconfig/franka_gripper.pc'
[1.512s] Level 1:colcon.colcon_core.environment:checking '/home/jiataoding/franco_ros2_franka_ws/src/install/franka_gripper/lib/python3.10/site-packages'
[1.512s] Level 1:colcon.colcon_core.environment:checking '/home/jiataoding/franco_ros2_franka_ws/src/install/franka_gripper/bin'
[1.512s] INFO:colcon.colcon_core.shell:Creating package script '/home/jiataoding/franco_ros2_franka_ws/src/install/franka_gripper/share/franka_gripper/package.ps1'
[1.513s] INFO:colcon.colcon_core.shell:Creating package descriptor '/home/jiataoding/franco_ros2_franka_ws/src/install/franka_gripper/share/franka_gripper/package.dsv'
[1.513s] INFO:colcon.colcon_core.shell:Creating package script '/home/jiataoding/franco_ros2_franka_ws/src/install/franka_gripper/share/franka_gripper/package.sh'
[1.514s] INFO:colcon.colcon_core.shell:Creating package script '/home/jiataoding/franco_ros2_franka_ws/src/install/franka_gripper/share/franka_gripper/package.bash'
[1.514s] INFO:colcon.colcon_core.shell:Creating package script '/home/jiataoding/franco_ros2_franka_ws/src/install/franka_gripper/share/franka_gripper/package.zsh'
[1.515s] Level 1:colcon.colcon_core.environment:create_file_with_runtime_dependencies(/home/jiataoding/franco_ros2_franka_ws/src/install/franka_gripper/share/colcon-core/packages/franka_gripper)
[1.516s] INFO:colcon.colcon_ros.task.ament_cmake.build:Building ROS package in '/home/jiataoding/franco_ros2_franka_ws/src/franka_ros2/franka_fr3_moveit_config' with build type 'ament_cmake'
[1.516s] INFO:colcon.colcon_cmake.task.cmake.build:Building CMake package in '/home/jiataoding/franco_ros2_franka_ws/src/franka_ros2/franka_fr3_moveit_config'
[1.516s] INFO:colcon.colcon_core.shell:Skip shell extension 'powershell' for command environment: Not usable outside of PowerShell
[1.516s] DEBUG:colcon.colcon_core.shell:Skip shell extension 'dsv' for command environment
[1.523s] Level 1:colcon.colcon_core.environment:create_environment_scripts_only(franka_semantic_components)
[1.523s] Level 1:colcon.colcon_core.environment:checking '/home/jiataoding/franco_ros2_franka_ws/src/install/franka_semantic_components' for CMake module files
[1.523s] DEBUG:colcon.colcon_core.event_handler.log_command:Invoked command in '/home/jiataoding/franco_ros2_franka_ws/src/build/franka_semantic_components' returned '0': CMAKE_PREFIX_PATH=/home/jiataoding/franco_ros2_franka_ws/src/install/franka_hardware:/home/jiataoding/franco_ros2_franka_ws/src/install/franka_msgs:/home/jiataoding/franco_ros2_franka_ws/src/install/joint_impedance_controller:/home/jiataoding/franco_ros2_franka_ws/src/install/integration_launch_testing:/home/jiataoding/franco_ros2_franka_ws/src/install/idra_franka_launch:/home/jiataoding/franco_ros2_franka_ws/src/install/gravity_compensation:/home/jiataoding/franco_ros2_franka_ws/src/install/franka_task_pipeline:/home/jiataoding/franco_ros2_franka_ws/src/install/franka_ros2:/home/jiataoding/franco_ros2_franka_ws/src/install/franka_bringup:/home/jiataoding/franco_ros2_franka_ws/src/install/franka_robot_state_broadcaster:/home/jiataoding/franco_ros2_franka_ws/src/install/franka_example_controllers:/home/jiataoding/franco_ros2_franka_ws/src/install/franka_semantic_components:/home/jiataoding/franco_ros2_franka_ws/src/install/franka_gazebo_bringup:/home/jiataoding/franco_ros2_franka_ws/src/install/franka_ign_ros2_control:/home/jiataoding/franco_ros2_franka_ws/src/install/franka_fr3_moveit_config:/home/jiataoding/franco_ros2_franka_ws/src/install/franka_gripper:/home/jiataoding/franco_ros2_franka_ws/src/install/franka_description:/home/jiataoding/franco_ros2_franka_ws/src/install/cartesian_impedance_controller:/opt/ros/humble:/home/jiataoding/franco_ros2_franka_ws/src/install/effort_controller_base:/home/jiataoding/franco_ros2_franka_ws/src/install/debug_msg:/home/jiataoding/ros2_franka_ws/install/joint_impedance_controller:/home/jiataoding/ros2_franka_ws/install/integration_launch_testing:/home/jiataoding/ros2_franka_ws/install/idra_franka_launch:/home/jiataoding/ros2_franka_ws/install/gravity_compensation:/home/jiataoding/ros2_franka_ws/install/franka_task_pipeline:/home/jiataoding/ros2_franka_ws/install/franka_ros2:/home/jiataoding/ros2_franka_ws/install/franka_bringup:/home/jiataoding/ros2_franka_ws/install/franka_robot_state_broadcaster:/home/jiataoding/ros2_franka_ws/install/franka_example_controllers:/home/jiataoding/ros2_franka_ws/install/franka_semantic_components:/home/jiataoding/ros2_franka_ws/install/franka_gazebo_bringup:/home/jiataoding/ros2_franka_ws/install/franka_ign_ros2_control:/home/jiataoding/ros2_franka_ws/install/franka_fr3_moveit_config:/home/jiataoding/ros2_franka_ws/install/franka_hardware:/home/jiataoding/ros2_franka_ws/install/franka_gripper:/home/jiataoding/ros2_franka_ws/install/franka_msgs:/home/jiataoding/ros2_franka_ws/install/franka_description:/home/jiataoding/ros2_franka_ws/install/cartesian_impedance_controller:/home/jiataoding/ros2_franka_ws/install/effort_controller_base:/home/jiataoding/ros2_franka_ws/install/debug_msg:/home/jiataoding/franco_ros2_franka_ws/install/joint_impedance_controller:/home/jiataoding/franco_ros2_franka_ws/install/integration_launch_testing:/home/jiataoding/franco_ros2_franka_ws/install/idra_franka_launch:/home/jiataoding/franco_ros2_franka_ws/install/gravity_compensation:/home/jiataoding/franco_ros2_franka_ws/install/franka_task_pipeline:/home/jiataoding/franco_ros2_franka_ws/install/franka_ros2:/home/jiataoding/franco_ros2_franka_ws/install/franka_bringup:/home/jiataoding/franco_ros2_franka_ws/install/franka_robot_state_broadcaster:/home/jiataoding/franco_ros2_franka_ws/install/franka_example_controllers:/home/jiataoding/franco_ros2_franka_ws/install/franka_semantic_components:/home/jiataoding/franco_ros2_franka_ws/install/franka_gazebo_bringup:/home/jiataoding/franco_ros2_franka_ws/install/franka_ign_ros2_control:/home/jiataoding/franco_ros2_franka_ws/install/franka_fr3_moveit_config:/home/jiataoding/franco_ros2_franka_ws/install/franka_hardware:/home/jiataoding/franco_ros2_franka_ws/install/franka_gripper:/home/jiataoding/franco_ros2_franka_ws/install/franka_msgs:/home/jiataoding/franco_ros2_franka_ws/install/franka_description:/home/jiataoding/franco_ros2_franka_ws/install/cartesian_impedance_controller:/home/jiataoding/franco_ros2_franka_ws/install/effort_controller_base:/home/jiataoding/franco_ros2_franka_ws/install/debug_msg:/opt/openrobots LD_LIBRARY_PATH=/home/jiataoding/franco_ros2_franka_ws/src/install/franka_hardware/lib:/home/jiataoding/franco_ros2_franka_ws/src/install/franka_msgs/lib:/home/jiataoding/franco_ros2_franka_ws/src/install/joint_impedance_controller/lib:/home/jiataoding/franco_ros2_franka_ws/src/install/integration_launch_testing/lib:/home/jiataoding/franco_ros2_franka_ws/src/install/gravity_compensation/lib:/home/jiataoding/franco_ros2_franka_ws/src/install/franka_robot_state_broadcaster/lib:/home/jiataoding/franco_ros2_franka_ws/src/install/franka_example_controllers/lib:/home/jiataoding/franco_ros2_franka_ws/src/install/franka_semantic_components/lib:/home/jiataoding/franco_ros2_franka_ws/src/install/franka_ign_ros2_control/lib:/home/jiataoding/franco_ros2_franka_ws/src/install/franka_gripper/lib:/home/jiataoding/franco_ros2_franka_ws/src/install/cartesian_impedance_controller/lib:/home/jiataoding/franco_ros2_franka_ws/src/install/effort_controller_base/lib:/home/jiataoding/franco_ros2_franka_ws/src/install/debug_msg/lib:/home/jiataoding/libs/onnxruntime-linux-x64-1.21.0/lib:/home/jiataoding/ros2_franka_ws/install/joint_impedance_controller/lib:/home/jiataoding/ros2_franka_ws/install/integration_launch_testing/lib:/home/jiataoding/ros2_franka_ws/install/gravity_compensation/lib:/home/jiataoding/ros2_franka_ws/install/franka_robot_state_broadcaster/lib:/home/jiataoding/ros2_franka_ws/install/franka_example_controllers/lib:/home/jiataoding/ros2_franka_ws/install/franka_semantic_components/lib:/home/jiataoding/ros2_franka_ws/install/franka_ign_ros2_control/lib:/home/jiataoding/ros2_franka_ws/install/franka_hardware/lib:/home/jiataoding/ros2_franka_ws/install/franka_gripper/lib:/home/jiataoding/ros2_franka_ws/install/franka_msgs/lib:/home/jiataoding/ros2_franka_ws/install/cartesian_impedance_controller/lib:/home/jiataoding/ros2_franka_ws/install/effort_controller_base/lib:/home/jiataoding/ros2_franka_ws/install/debug_msg/lib:/home/jiataoding/franco_ros2_franka_ws/install/joint_impedance_controller/lib:/home/jiataoding/franco_ros2_franka_ws/install/integration_launch_testing/lib:/home/jiataoding/franco_ros2_franka_ws/install/gravity_compensation/lib:/home/jiataoding/franco_ros2_franka_ws/install/franka_robot_state_broadcaster/lib:/home/jiataoding/franco_ros2_franka_ws/install/franka_example_controllers/lib:/home/jiataoding/franco_ros2_franka_ws/install/franka_semantic_components/lib:/home/jiataoding/franco_ros2_franka_ws/install/franka_ign_ros2_control/lib:/home/jiataoding/franco_ros2_franka_ws/install/franka_hardware/lib:/home/jiataoding/franco_ros2_franka_ws/install/franka_gripper/lib:/home/jiataoding/franco_ros2_franka_ws/install/franka_msgs/lib:/home/jiataoding/franco_ros2_franka_ws/install/cartesian_impedance_controller/lib:/home/jiataoding/franco_ros2_franka_ws/install/effort_controller_base/lib:/home/jiataoding/franco_ros2_franka_ws/install/debug_msg/lib:/opt/openrobots/lib:/opt/ros/humble/opt/rviz_ogre_vendor/lib:/opt/ros/humble/lib/x86_64-linux-gnu:/opt/ros/humble/lib /usr/bin/cmake --install /home/jiataoding/franco_ros2_franka_ws/src/build/franka_semantic_components
[1.523s] Level 1:colcon.colcon_core.environment:checking '/home/jiataoding/franco_ros2_franka_ws/src/install/franka_semantic_components' for CMake config files
[1.524s] Level 1:colcon.colcon_core.shell:create_environment_hook('franka_semantic_components', 'cmake_prefix_path')
[1.524s] INFO:colcon.colcon_core.shell:Creating environment hook '/home/jiataoding/franco_ros2_franka_ws/src/install/franka_semantic_components/share/franka_semantic_components/hook/cmake_prefix_path.ps1'
[1.524s] INFO:colcon.colcon_core.shell:Creating environment descriptor '/home/jiataoding/franco_ros2_franka_ws/src/install/franka_semantic_components/share/franka_semantic_components/hook/cmake_prefix_path.dsv'
[1.524s] INFO:colcon.colcon_core.shell:Creating environment hook '/home/jiataoding/franco_ros2_franka_ws/src/install/franka_semantic_components/share/franka_semantic_components/hook/cmake_prefix_path.sh'
[1.525s] Level 1:colcon.colcon_core.environment:checking '/home/jiataoding/franco_ros2_franka_ws/src/install/franka_semantic_components/lib'
[1.525s] Level 1:colcon.colcon_core.shell:create_environment_hook('franka_semantic_components', 'ld_library_path_lib')
[1.525s] INFO:colcon.colcon_core.shell:Creating environment hook '/home/jiataoding/franco_ros2_franka_ws/src/install/franka_semantic_components/share/franka_semantic_components/hook/ld_library_path_lib.ps1'
[1.525s] INFO:colcon.colcon_core.shell:Creating environment descriptor '/home/jiataoding/franco_ros2_franka_ws/src/install/franka_semantic_components/share/franka_semantic_components/hook/ld_library_path_lib.dsv'
[1.525s] INFO:colcon.colcon_core.shell:Creating environment hook '/home/jiataoding/franco_ros2_franka_ws/src/install/franka_semantic_components/share/franka_semantic_components/hook/ld_library_path_lib.sh'
[1.526s] Level 1:colcon.colcon_core.environment:checking '/home/jiataoding/franco_ros2_franka_ws/src/install/franka_semantic_components/bin'
[1.526s] Level 1:colcon.colcon_core.environment:checking '/home/jiataoding/franco_ros2_franka_ws/src/install/franka_semantic_components/lib/pkgconfig/franka_semantic_components.pc'
[1.526s] Level 1:colcon.colcon_core.environment:checking '/home/jiataoding/franco_ros2_franka_ws/src/install/franka_semantic_components/lib/python3.10/site-packages'
[1.526s] Level 1:colcon.colcon_core.environment:checking '/home/jiataoding/franco_ros2_franka_ws/src/install/franka_semantic_components/bin'
[1.526s] INFO:colcon.colcon_core.shell:Creating package script '/home/jiataoding/franco_ros2_franka_ws/src/install/franka_semantic_components/share/franka_semantic_components/package.ps1'
[1.527s] INFO:colcon.colcon_core.shell:Creating package descriptor '/home/jiataoding/franco_ros2_franka_ws/src/install/franka_semantic_components/share/franka_semantic_components/package.dsv'
[1.527s] INFO:colcon.colcon_core.shell:Creating package script '/home/jiataoding/franco_ros2_franka_ws/src/install/franka_semantic_components/share/franka_semantic_components/package.sh'
[1.527s] INFO:colcon.colcon_core.shell:Creating package script '/home/jiataoding/franco_ros2_franka_ws/src/install/franka_semantic_components/share/franka_semantic_components/package.bash'
[1.527s] INFO:colcon.colcon_core.shell:Creating package script '/home/jiataoding/franco_ros2_franka_ws/src/install/franka_semantic_components/share/franka_semantic_components/package.zsh'
[1.528s] Level 1:colcon.colcon_core.environment:create_file_with_runtime_dependencies(/home/jiataoding/franco_ros2_franka_ws/src/install/franka_semantic_components/share/colcon-core/packages/franka_semantic_components)
[1.528s] Level 1:colcon.colcon_core.environment:create_environment_scripts_only(franka_semantic_components)
[1.528s] Level 1:colcon.colcon_core.environment:checking '/home/jiataoding/franco_ros2_franka_ws/src/install/franka_semantic_components' for CMake module files
[1.528s] Level 1:colcon.colcon_core.environment:checking '/home/jiataoding/franco_ros2_franka_ws/src/install/franka_semantic_components' for CMake config files
[1.529s] Level 1:colcon.colcon_core.shell:create_environment_hook('franka_semantic_components', 'cmake_prefix_path')
[1.529s] INFO:colcon.colcon_core.shell:Creating environment hook '/home/jiataoding/franco_ros2_franka_ws/src/install/franka_semantic_components/share/franka_semantic_components/hook/cmake_prefix_path.ps1'
[1.529s] INFO:colcon.colcon_core.shell:Creating environment descriptor '/home/jiataoding/franco_ros2_franka_ws/src/install/franka_semantic_components/share/franka_semantic_components/hook/cmake_prefix_path.dsv'
[1.529s] INFO:colcon.colcon_core.shell:Creating environment hook '/home/jiataoding/franco_ros2_franka_ws/src/install/franka_semantic_components/share/franka_semantic_components/hook/cmake_prefix_path.sh'
[1.530s] Level 1:colcon.colcon_core.environment:checking '/home/jiataoding/franco_ros2_franka_ws/src/install/franka_semantic_components/lib'
[1.530s] Level 1:colcon.colcon_core.shell:create_environment_hook('franka_semantic_components', 'ld_library_path_lib')
[1.530s] INFO:colcon.colcon_core.shell:Creating environment hook '/home/jiataoding/franco_ros2_franka_ws/src/install/franka_semantic_components/share/franka_semantic_components/hook/ld_library_path_lib.ps1'
[1.530s] INFO:colcon.colcon_core.shell:Creating environment descriptor '/home/jiataoding/franco_ros2_franka_ws/src/install/franka_semantic_components/share/franka_semantic_components/hook/ld_library_path_lib.dsv'
[1.530s] INFO:colcon.colcon_core.shell:Creating environment hook '/home/jiataoding/franco_ros2_franka_ws/src/install/franka_semantic_components/share/franka_semantic_components/hook/ld_library_path_lib.sh'
[1.531s] Level 1:colcon.colcon_core.environment:checking '/home/jiataoding/franco_ros2_franka_ws/src/install/franka_semantic_components/bin'
[1.531s] Level 1:colcon.colcon_core.environment:checking '/home/jiataoding/franco_ros2_franka_ws/src/install/franka_semantic_components/lib/pkgconfig/franka_semantic_components.pc'
[1.531s] Level 1:colcon.colcon_core.environment:checking '/home/jiataoding/franco_ros2_franka_ws/src/install/franka_semantic_components/lib/python3.10/site-packages'
[1.531s] Level 1:colcon.colcon_core.environment:checking '/home/jiataoding/franco_ros2_franka_ws/src/install/franka_semantic_components/bin'
[1.531s] INFO:colcon.colcon_core.shell:Creating package script '/home/jiataoding/franco_ros2_franka_ws/src/install/franka_semantic_components/share/franka_semantic_components/package.ps1'
[1.532s] INFO:colcon.colcon_core.shell:Creating package descriptor '/home/jiataoding/franco_ros2_franka_ws/src/install/franka_semantic_components/share/franka_semantic_components/package.dsv'
[1.532s] INFO:colcon.colcon_core.shell:Creating package script '/home/jiataoding/franco_ros2_franka_ws/src/install/franka_semantic_components/share/franka_semantic_components/package.sh'
[1.533s] INFO:colcon.colcon_core.shell:Creating package script '/home/jiataoding/franco_ros2_franka_ws/src/install/franka_semantic_components/share/franka_semantic_components/package.bash'
[1.533s] INFO:colcon.colcon_core.shell:Creating package script '/home/jiataoding/franco_ros2_franka_ws/src/install/franka_semantic_components/share/franka_semantic_components/package.zsh'
[1.534s] Level 1:colcon.colcon_core.environment:create_file_with_runtime_dependencies(/home/jiataoding/franco_ros2_franka_ws/src/install/franka_semantic_components/share/colcon-core/packages/franka_semantic_components)
[1.534s] INFO:colcon.colcon_ros.task.ament_cmake.build:Building ROS package in '/home/jiataoding/franco_ros2_franka_ws/src/franka_ros2/franka_robot_state_broadcaster' with build type 'ament_cmake'
[1.534s] INFO:colcon.colcon_cmake.task.cmake.build:Building CMake package in '/home/jiataoding/franco_ros2_franka_ws/src/franka_ros2/franka_robot_state_broadcaster'
[1.535s] INFO:colcon.colcon_core.shell:Skip shell extension 'powershell' for command environment: Not usable outside of PowerShell
[1.535s] DEBUG:colcon.colcon_core.shell:Skip shell extension 'dsv' for command environment
[1.542s] INFO:colcon.colcon_ros.task.ament_cmake.build:Building ROS package in '/home/jiataoding/franco_ros2_franka_ws/src/franka_ros2/franka_example_controllers' with build type 'ament_cmake'
[1.542s] INFO:colcon.colcon_cmake.task.cmake.build:Building CMake package in '/home/jiataoding/franco_ros2_franka_ws/src/franka_ros2/franka_example_controllers'
[1.542s] INFO:colcon.colcon_core.shell:Skip shell extension 'powershell' for command environment: Not usable outside of PowerShell
[1.542s] DEBUG:colcon.colcon_core.shell:Skip shell extension 'dsv' for command environment
[1.551s] DEBUG:colcon.colcon_core.event_handler.log_command:Invoking command in '/home/jiataoding/franco_ros2_franka_ws/src/build/franka_gazebo_bringup': CMAKE_PREFIX_PATH=/home/jiataoding/franco_ros2_franka_ws/src/install/franka_ign_ros2_control:/home/jiataoding/franco_ros2_franka_ws/src/install/franka_hardware:/home/jiataoding/franco_ros2_franka_ws/src/install/franka_msgs:/home/jiataoding/franco_ros2_franka_ws/src/install/franka_description:/home/jiataoding/franco_ros2_franka_ws/src/install/joint_impedance_controller:/home/jiataoding/franco_ros2_franka_ws/src/install/integration_launch_testing:/home/jiataoding/franco_ros2_franka_ws/src/install/idra_franka_launch:/home/jiataoding/franco_ros2_franka_ws/src/install/gravity_compensation:/home/jiataoding/franco_ros2_franka_ws/src/install/franka_task_pipeline:/home/jiataoding/franco_ros2_franka_ws/src/install/franka_ros2:/home/jiataoding/franco_ros2_franka_ws/src/install/franka_bringup:/home/jiataoding/franco_ros2_franka_ws/src/install/franka_robot_state_broadcaster:/home/jiataoding/franco_ros2_franka_ws/src/install/franka_example_controllers:/home/jiataoding/franco_ros2_franka_ws/src/install/franka_semantic_components:/home/jiataoding/franco_ros2_franka_ws/src/install/franka_gazebo_bringup:/home/jiataoding/franco_ros2_franka_ws/src/install/franka_fr3_moveit_config:/home/jiataoding/franco_ros2_franka_ws/src/install/franka_gripper:/home/jiataoding/franco_ros2_franka_ws/src/install/cartesian_impedance_controller:/opt/ros/humble:/home/jiataoding/franco_ros2_franka_ws/src/install/effort_controller_base:/home/jiataoding/franco_ros2_franka_ws/src/install/debug_msg:/home/jiataoding/ros2_franka_ws/install/joint_impedance_controller:/home/jiataoding/ros2_franka_ws/install/integration_launch_testing:/home/jiataoding/ros2_franka_ws/install/idra_franka_launch:/home/jiataoding/ros2_franka_ws/install/gravity_compensation:/home/jiataoding/ros2_franka_ws/install/franka_task_pipeline:/home/jiataoding/ros2_franka_ws/install/franka_ros2:/home/jiataoding/ros2_franka_ws/install/franka_bringup:/home/jiataoding/ros2_franka_ws/install/franka_robot_state_broadcaster:/home/jiataoding/ros2_franka_ws/install/franka_example_controllers:/home/jiataoding/ros2_franka_ws/install/franka_semantic_components:/home/jiataoding/ros2_franka_ws/install/franka_gazebo_bringup:/home/jiataoding/ros2_franka_ws/install/franka_ign_ros2_control:/home/jiataoding/ros2_franka_ws/install/franka_fr3_moveit_config:/home/jiataoding/ros2_franka_ws/install/franka_hardware:/home/jiataoding/ros2_franka_ws/install/franka_gripper:/home/jiataoding/ros2_franka_ws/install/franka_msgs:/home/jiataoding/ros2_franka_ws/install/franka_description:/home/jiataoding/ros2_franka_ws/install/cartesian_impedance_controller:/home/jiataoding/ros2_franka_ws/install/effort_controller_base:/home/jiataoding/ros2_franka_ws/install/debug_msg:/home/jiataoding/franco_ros2_franka_ws/install/joint_impedance_controller:/home/jiataoding/franco_ros2_franka_ws/install/integration_launch_testing:/home/jiataoding/franco_ros2_franka_ws/install/idra_franka_launch:/home/jiataoding/franco_ros2_franka_ws/install/gravity_compensation:/home/jiataoding/franco_ros2_franka_ws/install/franka_task_pipeline:/home/jiataoding/franco_ros2_franka_ws/install/franka_ros2:/home/jiataoding/franco_ros2_franka_ws/install/franka_bringup:/home/jiataoding/franco_ros2_franka_ws/install/franka_robot_state_broadcaster:/home/jiataoding/franco_ros2_franka_ws/install/franka_example_controllers:/home/jiataoding/franco_ros2_franka_ws/install/franka_semantic_components:/home/jiataoding/franco_ros2_franka_ws/install/franka_gazebo_bringup:/home/jiataoding/franco_ros2_franka_ws/install/franka_ign_ros2_control:/home/jiataoding/franco_ros2_franka_ws/install/franka_fr3_moveit_config:/home/jiataoding/franco_ros2_franka_ws/install/franka_hardware:/home/jiataoding/franco_ros2_franka_ws/install/franka_gripper:/home/jiataoding/franco_ros2_franka_ws/install/franka_msgs:/home/jiataoding/franco_ros2_franka_ws/install/franka_description:/home/jiataoding/franco_ros2_franka_ws/install/cartesian_impedance_controller:/home/jiataoding/franco_ros2_franka_ws/install/effort_controller_base:/home/jiataoding/franco_ros2_franka_ws/install/debug_msg:/opt/openrobots LD_LIBRARY_PATH=/home/jiataoding/franco_ros2_franka_ws/src/install/franka_ign_ros2_control/lib:/home/jiataoding/franco_ros2_franka_ws/src/install/franka_hardware/lib:/home/jiataoding/franco_ros2_franka_ws/src/install/franka_msgs/lib:/home/jiataoding/franco_ros2_franka_ws/src/install/joint_impedance_controller/lib:/home/jiataoding/franco_ros2_franka_ws/src/install/integration_launch_testing/lib:/home/jiataoding/franco_ros2_franka_ws/src/install/gravity_compensation/lib:/home/jiataoding/franco_ros2_franka_ws/src/install/franka_robot_state_broadcaster/lib:/home/jiataoding/franco_ros2_franka_ws/src/install/franka_example_controllers/lib:/home/jiataoding/franco_ros2_franka_ws/src/install/franka_semantic_components/lib:/home/jiataoding/franco_ros2_franka_ws/src/install/franka_gripper/lib:/home/jiataoding/franco_ros2_franka_ws/src/install/cartesian_impedance_controller/lib:/home/jiataoding/franco_ros2_franka_ws/src/install/effort_controller_base/lib:/home/jiataoding/franco_ros2_franka_ws/src/install/debug_msg/lib:/home/jiataoding/libs/onnxruntime-linux-x64-1.21.0/lib:/home/jiataoding/ros2_franka_ws/install/joint_impedance_controller/lib:/home/jiataoding/ros2_franka_ws/install/integration_launch_testing/lib:/home/jiataoding/ros2_franka_ws/install/gravity_compensation/lib:/home/jiataoding/ros2_franka_ws/install/franka_robot_state_broadcaster/lib:/home/jiataoding/ros2_franka_ws/install/franka_example_controllers/lib:/home/jiataoding/ros2_franka_ws/install/franka_semantic_components/lib:/home/jiataoding/ros2_franka_ws/install/franka_ign_ros2_control/lib:/home/jiataoding/ros2_franka_ws/install/franka_hardware/lib:/home/jiataoding/ros2_franka_ws/install/franka_gripper/lib:/home/jiataoding/ros2_franka_ws/install/franka_msgs/lib:/home/jiataoding/ros2_franka_ws/install/cartesian_impedance_controller/lib:/home/jiataoding/ros2_franka_ws/install/effort_controller_base/lib:/home/jiataoding/ros2_franka_ws/install/debug_msg/lib:/home/jiataoding/franco_ros2_franka_ws/install/joint_impedance_controller/lib:/home/jiataoding/franco_ros2_franka_ws/install/integration_launch_testing/lib:/home/jiataoding/franco_ros2_franka_ws/install/gravity_compensation/lib:/home/jiataoding/franco_ros2_franka_ws/install/franka_robot_state_broadcaster/lib:/home/jiataoding/franco_ros2_franka_ws/install/franka_example_controllers/lib:/home/jiataoding/franco_ros2_franka_ws/install/franka_semantic_components/lib:/home/jiataoding/franco_ros2_franka_ws/install/franka_ign_ros2_control/lib:/home/jiataoding/franco_ros2_franka_ws/install/franka_hardware/lib:/home/jiataoding/franco_ros2_franka_ws/install/franka_gripper/lib:/home/jiataoding/franco_ros2_franka_ws/install/franka_msgs/lib:/home/jiataoding/franco_ros2_franka_ws/install/cartesian_impedance_controller/lib:/home/jiataoding/franco_ros2_franka_ws/install/effort_controller_base/lib:/home/jiataoding/franco_ros2_franka_ws/install/debug_msg/lib:/opt/openrobots/lib:/opt/ros/humble/opt/rviz_ogre_vendor/lib:/opt/ros/humble/lib/x86_64-linux-gnu:/opt/ros/humble/lib /usr/bin/cmake --build /home/jiataoding/franco_ros2_franka_ws/src/build/franka_gazebo_bringup -- -j24 -l24
[1.553s] DEBUG:colcon.colcon_core.event_handler.log_command:Invoking command in '/home/jiataoding/franco_ros2_franka_ws/src/build/franka_fr3_moveit_config': CMAKE_PREFIX_PATH=/home/jiataoding/franco_ros2_franka_ws/src/install/franka_hardware:/home/jiataoding/franco_ros2_franka_ws/src/install/franka_gripper:/home/jiataoding/franco_ros2_franka_ws/src/install/franka_msgs:/home/jiataoding/franco_ros2_franka_ws/src/install/franka_description:/home/jiataoding/franco_ros2_franka_ws/src/install/joint_impedance_controller:/home/jiataoding/franco_ros2_franka_ws/src/install/integration_launch_testing:/home/jiataoding/franco_ros2_franka_ws/src/install/idra_franka_launch:/home/jiataoding/franco_ros2_franka_ws/src/install/gravity_compensation:/home/jiataoding/franco_ros2_franka_ws/src/install/franka_task_pipeline:/home/jiataoding/franco_ros2_franka_ws/src/install/franka_ros2:/home/jiataoding/franco_ros2_franka_ws/src/install/franka_bringup:/home/jiataoding/franco_ros2_franka_ws/src/install/franka_robot_state_broadcaster:/home/jiataoding/franco_ros2_franka_ws/src/install/franka_example_controllers:/home/jiataoding/franco_ros2_franka_ws/src/install/franka_semantic_components:/home/jiataoding/franco_ros2_franka_ws/src/install/franka_gazebo_bringup:/home/jiataoding/franco_ros2_franka_ws/src/install/franka_ign_ros2_control:/home/jiataoding/franco_ros2_franka_ws/src/install/franka_fr3_moveit_config:/home/jiataoding/franco_ros2_franka_ws/src/install/cartesian_impedance_controller:/opt/ros/humble:/home/jiataoding/franco_ros2_franka_ws/src/install/effort_controller_base:/home/jiataoding/franco_ros2_franka_ws/src/install/debug_msg:/home/jiataoding/ros2_franka_ws/install/joint_impedance_controller:/home/jiataoding/ros2_franka_ws/install/integration_launch_testing:/home/jiataoding/ros2_franka_ws/install/idra_franka_launch:/home/jiataoding/ros2_franka_ws/install/gravity_compensation:/home/jiataoding/ros2_franka_ws/install/franka_task_pipeline:/home/jiataoding/ros2_franka_ws/install/franka_ros2:/home/jiataoding/ros2_franka_ws/install/franka_bringup:/home/jiataoding/ros2_franka_ws/install/franka_robot_state_broadcaster:/home/jiataoding/ros2_franka_ws/install/franka_example_controllers:/home/jiataoding/ros2_franka_ws/install/franka_semantic_components:/home/jiataoding/ros2_franka_ws/install/franka_gazebo_bringup:/home/jiataoding/ros2_franka_ws/install/franka_ign_ros2_control:/home/jiataoding/ros2_franka_ws/install/franka_fr3_moveit_config:/home/jiataoding/ros2_franka_ws/install/franka_hardware:/home/jiataoding/ros2_franka_ws/install/franka_gripper:/home/jiataoding/ros2_franka_ws/install/franka_msgs:/home/jiataoding/ros2_franka_ws/install/franka_description:/home/jiataoding/ros2_franka_ws/install/cartesian_impedance_controller:/home/jiataoding/ros2_franka_ws/install/effort_controller_base:/home/jiataoding/ros2_franka_ws/install/debug_msg:/home/jiataoding/franco_ros2_franka_ws/install/joint_impedance_controller:/home/jiataoding/franco_ros2_franka_ws/install/integration_launch_testing:/home/jiataoding/franco_ros2_franka_ws/install/idra_franka_launch:/home/jiataoding/franco_ros2_franka_ws/install/gravity_compensation:/home/jiataoding/franco_ros2_franka_ws/install/franka_task_pipeline:/home/jiataoding/franco_ros2_franka_ws/install/franka_ros2:/home/jiataoding/franco_ros2_franka_ws/install/franka_bringup:/home/jiataoding/franco_ros2_franka_ws/install/franka_robot_state_broadcaster:/home/jiataoding/franco_ros2_franka_ws/install/franka_example_controllers:/home/jiataoding/franco_ros2_franka_ws/install/franka_semantic_components:/home/jiataoding/franco_ros2_franka_ws/install/franka_gazebo_bringup:/home/jiataoding/franco_ros2_franka_ws/install/franka_ign_ros2_control:/home/jiataoding/franco_ros2_franka_ws/install/franka_fr3_moveit_config:/home/jiataoding/franco_ros2_franka_ws/install/franka_hardware:/home/jiataoding/franco_ros2_franka_ws/install/franka_gripper:/home/jiataoding/franco_ros2_franka_ws/install/franka_msgs:/home/jiataoding/franco_ros2_franka_ws/install/franka_description:/home/jiataoding/franco_ros2_franka_ws/install/cartesian_impedance_controller:/home/jiataoding/franco_ros2_franka_ws/install/effort_controller_base:/home/jiataoding/franco_ros2_franka_ws/install/debug_msg:/opt/openrobots LD_LIBRARY_PATH=/home/jiataoding/franco_ros2_franka_ws/src/install/franka_hardware/lib:/home/jiataoding/franco_ros2_franka_ws/src/install/franka_gripper/lib:/home/jiataoding/franco_ros2_franka_ws/src/install/franka_msgs/lib:/home/jiataoding/franco_ros2_franka_ws/src/install/joint_impedance_controller/lib:/home/jiataoding/franco_ros2_franka_ws/src/install/integration_launch_testing/lib:/home/jiataoding/franco_ros2_franka_ws/src/install/gravity_compensation/lib:/home/jiataoding/franco_ros2_franka_ws/src/install/franka_robot_state_broadcaster/lib:/home/jiataoding/franco_ros2_franka_ws/src/install/franka_example_controllers/lib:/home/jiataoding/franco_ros2_franka_ws/src/install/franka_semantic_components/lib:/home/jiataoding/franco_ros2_franka_ws/src/install/franka_ign_ros2_control/lib:/home/jiataoding/franco_ros2_franka_ws/src/install/cartesian_impedance_controller/lib:/home/jiataoding/franco_ros2_franka_ws/src/install/effort_controller_base/lib:/home/jiataoding/franco_ros2_franka_ws/src/install/debug_msg/lib:/home/jiataoding/libs/onnxruntime-linux-x64-1.21.0/lib:/home/jiataoding/ros2_franka_ws/install/joint_impedance_controller/lib:/home/jiataoding/ros2_franka_ws/install/integration_launch_testing/lib:/home/jiataoding/ros2_franka_ws/install/gravity_compensation/lib:/home/jiataoding/ros2_franka_ws/install/franka_robot_state_broadcaster/lib:/home/jiataoding/ros2_franka_ws/install/franka_example_controllers/lib:/home/jiataoding/ros2_franka_ws/install/franka_semantic_components/lib:/home/jiataoding/ros2_franka_ws/install/franka_ign_ros2_control/lib:/home/jiataoding/ros2_franka_ws/install/franka_hardware/lib:/home/jiataoding/ros2_franka_ws/install/franka_gripper/lib:/home/jiataoding/ros2_franka_ws/install/franka_msgs/lib:/home/jiataoding/ros2_franka_ws/install/cartesian_impedance_controller/lib:/home/jiataoding/ros2_franka_ws/install/effort_controller_base/lib:/home/jiataoding/ros2_franka_ws/install/debug_msg/lib:/home/jiataoding/franco_ros2_franka_ws/install/joint_impedance_controller/lib:/home/jiataoding/franco_ros2_franka_ws/install/integration_launch_testing/lib:/home/jiataoding/franco_ros2_franka_ws/install/gravity_compensation/lib:/home/jiataoding/franco_ros2_franka_ws/install/franka_robot_state_broadcaster/lib:/home/jiataoding/franco_ros2_franka_ws/install/franka_example_controllers/lib:/home/jiataoding/franco_ros2_franka_ws/install/franka_semantic_components/lib:/home/jiataoding/franco_ros2_franka_ws/install/franka_ign_ros2_control/lib:/home/jiataoding/franco_ros2_franka_ws/install/franka_hardware/lib:/home/jiataoding/franco_ros2_franka_ws/install/franka_gripper/lib:/home/jiataoding/franco_ros2_franka_ws/install/franka_msgs/lib:/home/jiataoding/franco_ros2_franka_ws/install/cartesian_impedance_controller/lib:/home/jiataoding/franco_ros2_franka_ws/install/effort_controller_base/lib:/home/jiataoding/franco_ros2_franka_ws/install/debug_msg/lib:/opt/openrobots/lib:/opt/ros/humble/opt/rviz_ogre_vendor/lib:/opt/ros/humble/lib/x86_64-linux-gnu:/opt/ros/humble/lib /usr/bin/cmake --build /home/jiataoding/franco_ros2_franka_ws/src/build/franka_fr3_moveit_config -- -j24 -l24
[1.564s] DEBUG:colcon.colcon_core.event_handler.log_command:Invoking command in '/home/jiataoding/franco_ros2_franka_ws/src/build/franka_robot_state_broadcaster': CMAKE_PREFIX_PATH=/home/jiataoding/franco_ros2_franka_ws/src/install/franka_semantic_components:/home/jiataoding/franco_ros2_franka_ws/src/install/franka_hardware:/home/jiataoding/franco_ros2_franka_ws/src/install/franka_msgs:/home/jiataoding/franco_ros2_franka_ws/src/install/joint_impedance_controller:/home/jiataoding/franco_ros2_franka_ws/src/install/integration_launch_testing:/home/jiataoding/franco_ros2_franka_ws/src/install/idra_franka_launch:/home/jiataoding/franco_ros2_franka_ws/src/install/gravity_compensation:/home/jiataoding/franco_ros2_franka_ws/src/install/franka_task_pipeline:/home/jiataoding/franco_ros2_franka_ws/src/install/franka_ros2:/home/jiataoding/franco_ros2_franka_ws/src/install/franka_bringup:/home/jiataoding/franco_ros2_franka_ws/src/install/franka_robot_state_broadcaster:/home/jiataoding/franco_ros2_franka_ws/src/install/franka_example_controllers:/home/jiataoding/franco_ros2_franka_ws/src/install/franka_gazebo_bringup:/home/jiataoding/franco_ros2_franka_ws/src/install/franka_ign_ros2_control:/home/jiataoding/franco_ros2_franka_ws/src/install/franka_fr3_moveit_config:/home/jiataoding/franco_ros2_franka_ws/src/install/franka_gripper:/home/jiataoding/franco_ros2_franka_ws/src/install/franka_description:/home/jiataoding/franco_ros2_franka_ws/src/install/cartesian_impedance_controller:/opt/ros/humble:/home/jiataoding/franco_ros2_franka_ws/src/install/effort_controller_base:/home/jiataoding/franco_ros2_franka_ws/src/install/debug_msg:/home/jiataoding/ros2_franka_ws/install/joint_impedance_controller:/home/jiataoding/ros2_franka_ws/install/integration_launch_testing:/home/jiataoding/ros2_franka_ws/install/idra_franka_launch:/home/jiataoding/ros2_franka_ws/install/gravity_compensation:/home/jiataoding/ros2_franka_ws/install/franka_task_pipeline:/home/jiataoding/ros2_franka_ws/install/franka_ros2:/home/jiataoding/ros2_franka_ws/install/franka_bringup:/home/jiataoding/ros2_franka_ws/install/franka_robot_state_broadcaster:/home/jiataoding/ros2_franka_ws/install/franka_example_controllers:/home/jiataoding/ros2_franka_ws/install/franka_semantic_components:/home/jiataoding/ros2_franka_ws/install/franka_gazebo_bringup:/home/jiataoding/ros2_franka_ws/install/franka_ign_ros2_control:/home/jiataoding/ros2_franka_ws/install/franka_fr3_moveit_config:/home/jiataoding/ros2_franka_ws/install/franka_hardware:/home/jiataoding/ros2_franka_ws/install/franka_gripper:/home/jiataoding/ros2_franka_ws/install/franka_msgs:/home/jiataoding/ros2_franka_ws/install/franka_description:/home/jiataoding/ros2_franka_ws/install/cartesian_impedance_controller:/home/jiataoding/ros2_franka_ws/install/effort_controller_base:/home/jiataoding/ros2_franka_ws/install/debug_msg:/home/jiataoding/franco_ros2_franka_ws/install/joint_impedance_controller:/home/jiataoding/franco_ros2_franka_ws/install/integration_launch_testing:/home/jiataoding/franco_ros2_franka_ws/install/idra_franka_launch:/home/jiataoding/franco_ros2_franka_ws/install/gravity_compensation:/home/jiataoding/franco_ros2_franka_ws/install/franka_task_pipeline:/home/jiataoding/franco_ros2_franka_ws/install/franka_ros2:/home/jiataoding/franco_ros2_franka_ws/install/franka_bringup:/home/jiataoding/franco_ros2_franka_ws/install/franka_robot_state_broadcaster:/home/jiataoding/franco_ros2_franka_ws/install/franka_example_controllers:/home/jiataoding/franco_ros2_franka_ws/install/franka_semantic_components:/home/jiataoding/franco_ros2_franka_ws/install/franka_gazebo_bringup:/home/jiataoding/franco_ros2_franka_ws/install/franka_ign_ros2_control:/home/jiataoding/franco_ros2_franka_ws/install/franka_fr3_moveit_config:/home/jiataoding/franco_ros2_franka_ws/install/franka_hardware:/home/jiataoding/franco_ros2_franka_ws/install/franka_gripper:/home/jiataoding/franco_ros2_franka_ws/install/franka_msgs:/home/jiataoding/franco_ros2_franka_ws/install/franka_description:/home/jiataoding/franco_ros2_franka_ws/install/cartesian_impedance_controller:/home/jiataoding/franco_ros2_franka_ws/install/effort_controller_base:/home/jiataoding/franco_ros2_franka_ws/install/debug_msg:/opt/openrobots LD_LIBRARY_PATH=/home/jiataoding/franco_ros2_franka_ws/src/install/franka_semantic_components/lib:/home/jiataoding/franco_ros2_franka_ws/src/install/franka_hardware/lib:/home/jiataoding/franco_ros2_franka_ws/src/install/franka_msgs/lib:/home/jiataoding/franco_ros2_franka_ws/src/install/joint_impedance_controller/lib:/home/jiataoding/franco_ros2_franka_ws/src/install/integration_launch_testing/lib:/home/jiataoding/franco_ros2_franka_ws/src/install/gravity_compensation/lib:/home/jiataoding/franco_ros2_franka_ws/src/install/franka_robot_state_broadcaster/lib:/home/jiataoding/franco_ros2_franka_ws/src/install/franka_example_controllers/lib:/home/jiataoding/franco_ros2_franka_ws/src/install/franka_ign_ros2_control/lib:/home/jiataoding/franco_ros2_franka_ws/src/install/franka_gripper/lib:/home/jiataoding/franco_ros2_franka_ws/src/install/cartesian_impedance_controller/lib:/home/jiataoding/franco_ros2_franka_ws/src/install/effort_controller_base/lib:/home/jiataoding/franco_ros2_franka_ws/src/install/debug_msg/lib:/home/jiataoding/libs/onnxruntime-linux-x64-1.21.0/lib:/home/jiataoding/ros2_franka_ws/install/joint_impedance_controller/lib:/home/jiataoding/ros2_franka_ws/install/integration_launch_testing/lib:/home/jiataoding/ros2_franka_ws/install/gravity_compensation/lib:/home/jiataoding/ros2_franka_ws/install/franka_robot_state_broadcaster/lib:/home/jiataoding/ros2_franka_ws/install/franka_example_controllers/lib:/home/jiataoding/ros2_franka_ws/install/franka_semantic_components/lib:/home/jiataoding/ros2_franka_ws/install/franka_ign_ros2_control/lib:/home/jiataoding/ros2_franka_ws/install/franka_hardware/lib:/home/jiataoding/ros2_franka_ws/install/franka_gripper/lib:/home/jiataoding/ros2_franka_ws/install/franka_msgs/lib:/home/jiataoding/ros2_franka_ws/install/cartesian_impedance_controller/lib:/home/jiataoding/ros2_franka_ws/install/effort_controller_base/lib:/home/jiataoding/ros2_franka_ws/install/debug_msg/lib:/home/jiataoding/franco_ros2_franka_ws/install/joint_impedance_controller/lib:/home/jiataoding/franco_ros2_franka_ws/install/integration_launch_testing/lib:/home/jiataoding/franco_ros2_franka_ws/install/gravity_compensation/lib:/home/jiataoding/franco_ros2_franka_ws/install/franka_robot_state_broadcaster/lib:/home/jiataoding/franco_ros2_franka_ws/install/franka_example_controllers/lib:/home/jiataoding/franco_ros2_franka_ws/install/franka_semantic_components/lib:/home/jiataoding/franco_ros2_franka_ws/install/franka_ign_ros2_control/lib:/home/jiataoding/franco_ros2_franka_ws/install/franka_hardware/lib:/home/jiataoding/franco_ros2_franka_ws/install/franka_gripper/lib:/home/jiataoding/franco_ros2_franka_ws/install/franka_msgs/lib:/home/jiataoding/franco_ros2_franka_ws/install/cartesian_impedance_controller/lib:/home/jiataoding/franco_ros2_franka_ws/install/effort_controller_base/lib:/home/jiataoding/franco_ros2_franka_ws/install/debug_msg/lib:/opt/openrobots/lib:/opt/ros/humble/opt/rviz_ogre_vendor/lib:/opt/ros/humble/lib/x86_64-linux-gnu:/opt/ros/humble/lib /usr/bin/cmake --build /home/jiataoding/franco_ros2_franka_ws/src/build/franka_robot_state_broadcaster -- -j24 -l24
[1.573s] DEBUG:colcon.colcon_core.event_handler.log_command:Invoking command in '/home/jiataoding/franco_ros2_franka_ws/src/build/franka_example_controllers': CMAKE_PREFIX_PATH=/home/jiataoding/franco_ros2_franka_ws/src/install/franka_semantic_components:/home/jiataoding/franco_ros2_franka_ws/src/install/franka_hardware:/home/jiataoding/franco_ros2_franka_ws/src/install/franka_msgs:/home/jiataoding/franco_ros2_franka_ws/src/install/joint_impedance_controller:/home/jiataoding/franco_ros2_franka_ws/src/install/integration_launch_testing:/home/jiataoding/franco_ros2_franka_ws/src/install/idra_franka_launch:/home/jiataoding/franco_ros2_franka_ws/src/install/gravity_compensation:/home/jiataoding/franco_ros2_franka_ws/src/install/franka_task_pipeline:/home/jiataoding/franco_ros2_franka_ws/src/install/franka_ros2:/home/jiataoding/franco_ros2_franka_ws/src/install/franka_bringup:/home/jiataoding/franco_ros2_franka_ws/src/install/franka_robot_state_broadcaster:/home/jiataoding/franco_ros2_franka_ws/src/install/franka_example_controllers:/home/jiataoding/franco_ros2_franka_ws/src/install/franka_gazebo_bringup:/home/jiataoding/franco_ros2_franka_ws/src/install/franka_ign_ros2_control:/home/jiataoding/franco_ros2_franka_ws/src/install/franka_fr3_moveit_config:/home/jiataoding/franco_ros2_franka_ws/src/install/franka_gripper:/home/jiataoding/franco_ros2_franka_ws/src/install/franka_description:/home/jiataoding/franco_ros2_franka_ws/src/install/cartesian_impedance_controller:/opt/ros/humble:/home/jiataoding/franco_ros2_franka_ws/src/install/effort_controller_base:/home/jiataoding/franco_ros2_franka_ws/src/install/debug_msg:/home/jiataoding/ros2_franka_ws/install/joint_impedance_controller:/home/jiataoding/ros2_franka_ws/install/integration_launch_testing:/home/jiataoding/ros2_franka_ws/install/idra_franka_launch:/home/jiataoding/ros2_franka_ws/install/gravity_compensation:/home/jiataoding/ros2_franka_ws/install/franka_task_pipeline:/home/jiataoding/ros2_franka_ws/install/franka_ros2:/home/jiataoding/ros2_franka_ws/install/franka_bringup:/home/jiataoding/ros2_franka_ws/install/franka_robot_state_broadcaster:/home/jiataoding/ros2_franka_ws/install/franka_example_controllers:/home/jiataoding/ros2_franka_ws/install/franka_semantic_components:/home/jiataoding/ros2_franka_ws/install/franka_gazebo_bringup:/home/jiataoding/ros2_franka_ws/install/franka_ign_ros2_control:/home/jiataoding/ros2_franka_ws/install/franka_fr3_moveit_config:/home/jiataoding/ros2_franka_ws/install/franka_hardware:/home/jiataoding/ros2_franka_ws/install/franka_gripper:/home/jiataoding/ros2_franka_ws/install/franka_msgs:/home/jiataoding/ros2_franka_ws/install/franka_description:/home/jiataoding/ros2_franka_ws/install/cartesian_impedance_controller:/home/jiataoding/ros2_franka_ws/install/effort_controller_base:/home/jiataoding/ros2_franka_ws/install/debug_msg:/home/jiataoding/franco_ros2_franka_ws/install/joint_impedance_controller:/home/jiataoding/franco_ros2_franka_ws/install/integration_launch_testing:/home/jiataoding/franco_ros2_franka_ws/install/idra_franka_launch:/home/jiataoding/franco_ros2_franka_ws/install/gravity_compensation:/home/jiataoding/franco_ros2_franka_ws/install/franka_task_pipeline:/home/jiataoding/franco_ros2_franka_ws/install/franka_ros2:/home/jiataoding/franco_ros2_franka_ws/install/franka_bringup:/home/jiataoding/franco_ros2_franka_ws/install/franka_robot_state_broadcaster:/home/jiataoding/franco_ros2_franka_ws/install/franka_example_controllers:/home/jiataoding/franco_ros2_franka_ws/install/franka_semantic_components:/home/jiataoding/franco_ros2_franka_ws/install/franka_gazebo_bringup:/home/jiataoding/franco_ros2_franka_ws/install/franka_ign_ros2_control:/home/jiataoding/franco_ros2_franka_ws/install/franka_fr3_moveit_config:/home/jiataoding/franco_ros2_franka_ws/install/franka_hardware:/home/jiataoding/franco_ros2_franka_ws/install/franka_gripper:/home/jiataoding/franco_ros2_franka_ws/install/franka_msgs:/home/jiataoding/franco_ros2_franka_ws/install/franka_description:/home/jiataoding/franco_ros2_franka_ws/install/cartesian_impedance_controller:/home/jiataoding/franco_ros2_franka_ws/install/effort_controller_base:/home/jiataoding/franco_ros2_franka_ws/install/debug_msg:/opt/openrobots LD_LIBRARY_PATH=/home/jiataoding/franco_ros2_franka_ws/src/install/franka_semantic_components/lib:/home/jiataoding/franco_ros2_franka_ws/src/install/franka_hardware/lib:/home/jiataoding/franco_ros2_franka_ws/src/install/franka_msgs/lib:/home/jiataoding/franco_ros2_franka_ws/src/install/joint_impedance_controller/lib:/home/jiataoding/franco_ros2_franka_ws/src/install/integration_launch_testing/lib:/home/jiataoding/franco_ros2_franka_ws/src/install/gravity_compensation/lib:/home/jiataoding/franco_ros2_franka_ws/src/install/franka_robot_state_broadcaster/lib:/home/jiataoding/franco_ros2_franka_ws/src/install/franka_example_controllers/lib:/home/jiataoding/franco_ros2_franka_ws/src/install/franka_ign_ros2_control/lib:/home/jiataoding/franco_ros2_franka_ws/src/install/franka_gripper/lib:/home/jiataoding/franco_ros2_franka_ws/src/install/cartesian_impedance_controller/lib:/home/jiataoding/franco_ros2_franka_ws/src/install/effort_controller_base/lib:/home/jiataoding/franco_ros2_franka_ws/src/install/debug_msg/lib:/home/jiataoding/libs/onnxruntime-linux-x64-1.21.0/lib:/home/jiataoding/ros2_franka_ws/install/joint_impedance_controller/lib:/home/jiataoding/ros2_franka_ws/install/integration_launch_testing/lib:/home/jiataoding/ros2_franka_ws/install/gravity_compensation/lib:/home/jiataoding/ros2_franka_ws/install/franka_robot_state_broadcaster/lib:/home/jiataoding/ros2_franka_ws/install/franka_example_controllers/lib:/home/jiataoding/ros2_franka_ws/install/franka_semantic_components/lib:/home/jiataoding/ros2_franka_ws/install/franka_ign_ros2_control/lib:/home/jiataoding/ros2_franka_ws/install/franka_hardware/lib:/home/jiataoding/ros2_franka_ws/install/franka_gripper/lib:/home/jiataoding/ros2_franka_ws/install/franka_msgs/lib:/home/jiataoding/ros2_franka_ws/install/cartesian_impedance_controller/lib:/home/jiataoding/ros2_franka_ws/install/effort_controller_base/lib:/home/jiataoding/ros2_franka_ws/install/debug_msg/lib:/home/jiataoding/franco_ros2_franka_ws/install/joint_impedance_controller/lib:/home/jiataoding/franco_ros2_franka_ws/install/integration_launch_testing/lib:/home/jiataoding/franco_ros2_franka_ws/install/gravity_compensation/lib:/home/jiataoding/franco_ros2_franka_ws/install/franka_robot_state_broadcaster/lib:/home/jiataoding/franco_ros2_franka_ws/install/franka_example_controllers/lib:/home/jiataoding/franco_ros2_franka_ws/install/franka_semantic_components/lib:/home/jiataoding/franco_ros2_franka_ws/install/franka_ign_ros2_control/lib:/home/jiataoding/franco_ros2_franka_ws/install/franka_hardware/lib:/home/jiataoding/franco_ros2_franka_ws/install/franka_gripper/lib:/home/jiataoding/franco_ros2_franka_ws/install/franka_msgs/lib:/home/jiataoding/franco_ros2_franka_ws/install/cartesian_impedance_controller/lib:/home/jiataoding/franco_ros2_franka_ws/install/effort_controller_base/lib:/home/jiataoding/franco_ros2_franka_ws/install/debug_msg/lib:/opt/openrobots/lib:/opt/ros/humble/opt/rviz_ogre_vendor/lib:/opt/ros/humble/lib/x86_64-linux-gnu:/opt/ros/humble/lib /usr/bin/cmake --build /home/jiataoding/franco_ros2_franka_ws/src/build/franka_example_controllers -- -j24 -l24
[1.628s] DEBUG:colcon.colcon_core.event_handler.log_command:Invoked command in '/home/jiataoding/franco_ros2_franka_ws/src/build/franka_fr3_moveit_config' returned '0': CMAKE_PREFIX_PATH=/home/jiataoding/franco_ros2_franka_ws/src/install/franka_hardware:/home/jiataoding/franco_ros2_franka_ws/src/install/franka_gripper:/home/jiataoding/franco_ros2_franka_ws/src/install/franka_msgs:/home/jiataoding/franco_ros2_franka_ws/src/install/franka_description:/home/jiataoding/franco_ros2_franka_ws/src/install/joint_impedance_controller:/home/jiataoding/franco_ros2_franka_ws/src/install/integration_launch_testing:/home/jiataoding/franco_ros2_franka_ws/src/install/idra_franka_launch:/home/jiataoding/franco_ros2_franka_ws/src/install/gravity_compensation:/home/jiataoding/franco_ros2_franka_ws/src/install/franka_task_pipeline:/home/jiataoding/franco_ros2_franka_ws/src/install/franka_ros2:/home/jiataoding/franco_ros2_franka_ws/src/install/franka_bringup:/home/jiataoding/franco_ros2_franka_ws/src/install/franka_robot_state_broadcaster:/home/jiataoding/franco_ros2_franka_ws/src/install/franka_example_controllers:/home/jiataoding/franco_ros2_franka_ws/src/install/franka_semantic_components:/home/jiataoding/franco_ros2_franka_ws/src/install/franka_gazebo_bringup:/home/jiataoding/franco_ros2_franka_ws/src/install/franka_ign_ros2_control:/home/jiataoding/franco_ros2_franka_ws/src/install/franka_fr3_moveit_config:/home/jiataoding/franco_ros2_franka_ws/src/install/cartesian_impedance_controller:/opt/ros/humble:/home/jiataoding/franco_ros2_franka_ws/src/install/effort_controller_base:/home/jiataoding/franco_ros2_franka_ws/src/install/debug_msg:/home/jiataoding/ros2_franka_ws/install/joint_impedance_controller:/home/jiataoding/ros2_franka_ws/install/integration_launch_testing:/home/jiataoding/ros2_franka_ws/install/idra_franka_launch:/home/jiataoding/ros2_franka_ws/install/gravity_compensation:/home/jiataoding/ros2_franka_ws/install/franka_task_pipeline:/home/jiataoding/ros2_franka_ws/install/franka_ros2:/home/jiataoding/ros2_franka_ws/install/franka_bringup:/home/jiataoding/ros2_franka_ws/install/franka_robot_state_broadcaster:/home/jiataoding/ros2_franka_ws/install/franka_example_controllers:/home/jiataoding/ros2_franka_ws/install/franka_semantic_components:/home/jiataoding/ros2_franka_ws/install/franka_gazebo_bringup:/home/jiataoding/ros2_franka_ws/install/franka_ign_ros2_control:/home/jiataoding/ros2_franka_ws/install/franka_fr3_moveit_config:/home/jiataoding/ros2_franka_ws/install/franka_hardware:/home/jiataoding/ros2_franka_ws/install/franka_gripper:/home/jiataoding/ros2_franka_ws/install/franka_msgs:/home/jiataoding/ros2_franka_ws/install/franka_description:/home/jiataoding/ros2_franka_ws/install/cartesian_impedance_controller:/home/jiataoding/ros2_franka_ws/install/effort_controller_base:/home/jiataoding/ros2_franka_ws/install/debug_msg:/home/jiataoding/franco_ros2_franka_ws/install/joint_impedance_controller:/home/jiataoding/franco_ros2_franka_ws/install/integration_launch_testing:/home/jiataoding/franco_ros2_franka_ws/install/idra_franka_launch:/home/jiataoding/franco_ros2_franka_ws/install/gravity_compensation:/home/jiataoding/franco_ros2_franka_ws/install/franka_task_pipeline:/home/jiataoding/franco_ros2_franka_ws/install/franka_ros2:/home/jiataoding/franco_ros2_franka_ws/install/franka_bringup:/home/jiataoding/franco_ros2_franka_ws/install/franka_robot_state_broadcaster:/home/jiataoding/franco_ros2_franka_ws/install/franka_example_controllers:/home/jiataoding/franco_ros2_franka_ws/install/franka_semantic_components:/home/jiataoding/franco_ros2_franka_ws/install/franka_gazebo_bringup:/home/jiataoding/franco_ros2_franka_ws/install/franka_ign_ros2_control:/home/jiataoding/franco_ros2_franka_ws/install/franka_fr3_moveit_config:/home/jiataoding/franco_ros2_franka_ws/install/franka_hardware:/home/jiataoding/franco_ros2_franka_ws/install/franka_gripper:/home/jiataoding/franco_ros2_franka_ws/install/franka_msgs:/home/jiataoding/franco_ros2_franka_ws/install/franka_description:/home/jiataoding/franco_ros2_franka_ws/install/cartesian_impedance_controller:/home/jiataoding/franco_ros2_franka_ws/install/effort_controller_base:/home/jiataoding/franco_ros2_franka_ws/install/debug_msg:/opt/openrobots LD_LIBRARY_PATH=/home/jiataoding/franco_ros2_franka_ws/src/install/franka_hardware/lib:/home/jiataoding/franco_ros2_franka_ws/src/install/franka_gripper/lib:/home/jiataoding/franco_ros2_franka_ws/src/install/franka_msgs/lib:/home/jiataoding/franco_ros2_franka_ws/src/install/joint_impedance_controller/lib:/home/jiataoding/franco_ros2_franka_ws/src/install/integration_launch_testing/lib:/home/jiataoding/franco_ros2_franka_ws/src/install/gravity_compensation/lib:/home/jiataoding/franco_ros2_franka_ws/src/install/franka_robot_state_broadcaster/lib:/home/jiataoding/franco_ros2_franka_ws/src/install/franka_example_controllers/lib:/home/jiataoding/franco_ros2_franka_ws/src/install/franka_semantic_components/lib:/home/jiataoding/franco_ros2_franka_ws/src/install/franka_ign_ros2_control/lib:/home/jiataoding/franco_ros2_franka_ws/src/install/cartesian_impedance_controller/lib:/home/jiataoding/franco_ros2_franka_ws/src/install/effort_controller_base/lib:/home/jiataoding/franco_ros2_franka_ws/src/install/debug_msg/lib:/home/jiataoding/libs/onnxruntime-linux-x64-1.21.0/lib:/home/jiataoding/ros2_franka_ws/install/joint_impedance_controller/lib:/home/jiataoding/ros2_franka_ws/install/integration_launch_testing/lib:/home/jiataoding/ros2_franka_ws/install/gravity_compensation/lib:/home/jiataoding/ros2_franka_ws/install/franka_robot_state_broadcaster/lib:/home/jiataoding/ros2_franka_ws/install/franka_example_controllers/lib:/home/jiataoding/ros2_franka_ws/install/franka_semantic_components/lib:/home/jiataoding/ros2_franka_ws/install/franka_ign_ros2_control/lib:/home/jiataoding/ros2_franka_ws/install/franka_hardware/lib:/home/jiataoding/ros2_franka_ws/install/franka_gripper/lib:/home/jiataoding/ros2_franka_ws/install/franka_msgs/lib:/home/jiataoding/ros2_franka_ws/install/cartesian_impedance_controller/lib:/home/jiataoding/ros2_franka_ws/install/effort_controller_base/lib:/home/jiataoding/ros2_franka_ws/install/debug_msg/lib:/home/jiataoding/franco_ros2_franka_ws/install/joint_impedance_controller/lib:/home/jiataoding/franco_ros2_franka_ws/install/integration_launch_testing/lib:/home/jiataoding/franco_ros2_franka_ws/install/gravity_compensation/lib:/home/jiataoding/franco_ros2_franka_ws/install/franka_robot_state_broadcaster/lib:/home/jiataoding/franco_ros2_franka_ws/install/franka_example_controllers/lib:/home/jiataoding/franco_ros2_franka_ws/install/franka_semantic_components/lib:/home/jiataoding/franco_ros2_franka_ws/install/franka_ign_ros2_control/lib:/home/jiataoding/franco_ros2_franka_ws/install/franka_hardware/lib:/home/jiataoding/franco_ros2_franka_ws/install/franka_gripper/lib:/home/jiataoding/franco_ros2_franka_ws/install/franka_msgs/lib:/home/jiataoding/franco_ros2_franka_ws/install/cartesian_impedance_controller/lib:/home/jiataoding/franco_ros2_franka_ws/install/effort_controller_base/lib:/home/jiataoding/franco_ros2_franka_ws/install/debug_msg/lib:/opt/openrobots/lib:/opt/ros/humble/opt/rviz_ogre_vendor/lib:/opt/ros/humble/lib/x86_64-linux-gnu:/opt/ros/humble/lib /usr/bin/cmake --build /home/jiataoding/franco_ros2_franka_ws/src/build/franka_fr3_moveit_config -- -j24 -l24
[1.630s] DEBUG:colcon.colcon_core.event_handler.log_command:Invoking command in '/home/jiataoding/franco_ros2_franka_ws/src/build/franka_fr3_moveit_config': CMAKE_PREFIX_PATH=/home/jiataoding/franco_ros2_franka_ws/src/install/franka_hardware:/home/jiataoding/franco_ros2_franka_ws/src/install/franka_gripper:/home/jiataoding/franco_ros2_franka_ws/src/install/franka_msgs:/home/jiataoding/franco_ros2_franka_ws/src/install/franka_description:/home/jiataoding/franco_ros2_franka_ws/src/install/joint_impedance_controller:/home/jiataoding/franco_ros2_franka_ws/src/install/integration_launch_testing:/home/jiataoding/franco_ros2_franka_ws/src/install/idra_franka_launch:/home/jiataoding/franco_ros2_franka_ws/src/install/gravity_compensation:/home/jiataoding/franco_ros2_franka_ws/src/install/franka_task_pipeline:/home/jiataoding/franco_ros2_franka_ws/src/install/franka_ros2:/home/jiataoding/franco_ros2_franka_ws/src/install/franka_bringup:/home/jiataoding/franco_ros2_franka_ws/src/install/franka_robot_state_broadcaster:/home/jiataoding/franco_ros2_franka_ws/src/install/franka_example_controllers:/home/jiataoding/franco_ros2_franka_ws/src/install/franka_semantic_components:/home/jiataoding/franco_ros2_franka_ws/src/install/franka_gazebo_bringup:/home/jiataoding/franco_ros2_franka_ws/src/install/franka_ign_ros2_control:/home/jiataoding/franco_ros2_franka_ws/src/install/franka_fr3_moveit_config:/home/jiataoding/franco_ros2_franka_ws/src/install/cartesian_impedance_controller:/opt/ros/humble:/home/jiataoding/franco_ros2_franka_ws/src/install/effort_controller_base:/home/jiataoding/franco_ros2_franka_ws/src/install/debug_msg:/home/jiataoding/ros2_franka_ws/install/joint_impedance_controller:/home/jiataoding/ros2_franka_ws/install/integration_launch_testing:/home/jiataoding/ros2_franka_ws/install/idra_franka_launch:/home/jiataoding/ros2_franka_ws/install/gravity_compensation:/home/jiataoding/ros2_franka_ws/install/franka_task_pipeline:/home/jiataoding/ros2_franka_ws/install/franka_ros2:/home/jiataoding/ros2_franka_ws/install/franka_bringup:/home/jiataoding/ros2_franka_ws/install/franka_robot_state_broadcaster:/home/jiataoding/ros2_franka_ws/install/franka_example_controllers:/home/jiataoding/ros2_franka_ws/install/franka_semantic_components:/home/jiataoding/ros2_franka_ws/install/franka_gazebo_bringup:/home/jiataoding/ros2_franka_ws/install/franka_ign_ros2_control:/home/jiataoding/ros2_franka_ws/install/franka_fr3_moveit_config:/home/jiataoding/ros2_franka_ws/install/franka_hardware:/home/jiataoding/ros2_franka_ws/install/franka_gripper:/home/jiataoding/ros2_franka_ws/install/franka_msgs:/home/jiataoding/ros2_franka_ws/install/franka_description:/home/jiataoding/ros2_franka_ws/install/cartesian_impedance_controller:/home/jiataoding/ros2_franka_ws/install/effort_controller_base:/home/jiataoding/ros2_franka_ws/install/debug_msg:/home/jiataoding/franco_ros2_franka_ws/install/joint_impedance_controller:/home/jiataoding/franco_ros2_franka_ws/install/integration_launch_testing:/home/jiataoding/franco_ros2_franka_ws/install/idra_franka_launch:/home/jiataoding/franco_ros2_franka_ws/install/gravity_compensation:/home/jiataoding/franco_ros2_franka_ws/install/franka_task_pipeline:/home/jiataoding/franco_ros2_franka_ws/install/franka_ros2:/home/jiataoding/franco_ros2_franka_ws/install/franka_bringup:/home/jiataoding/franco_ros2_franka_ws/install/franka_robot_state_broadcaster:/home/jiataoding/franco_ros2_franka_ws/install/franka_example_controllers:/home/jiataoding/franco_ros2_franka_ws/install/franka_semantic_components:/home/jiataoding/franco_ros2_franka_ws/install/franka_gazebo_bringup:/home/jiataoding/franco_ros2_franka_ws/install/franka_ign_ros2_control:/home/jiataoding/franco_ros2_franka_ws/install/franka_fr3_moveit_config:/home/jiataoding/franco_ros2_franka_ws/install/franka_hardware:/home/jiataoding/franco_ros2_franka_ws/install/franka_gripper:/home/jiataoding/franco_ros2_franka_ws/install/franka_msgs:/home/jiataoding/franco_ros2_franka_ws/install/franka_description:/home/jiataoding/franco_ros2_franka_ws/install/cartesian_impedance_controller:/home/jiataoding/franco_ros2_franka_ws/install/effort_controller_base:/home/jiataoding/franco_ros2_franka_ws/install/debug_msg:/opt/openrobots LD_LIBRARY_PATH=/home/jiataoding/franco_ros2_franka_ws/src/install/franka_hardware/lib:/home/jiataoding/franco_ros2_franka_ws/src/install/franka_gripper/lib:/home/jiataoding/franco_ros2_franka_ws/src/install/franka_msgs/lib:/home/jiataoding/franco_ros2_franka_ws/src/install/joint_impedance_controller/lib:/home/jiataoding/franco_ros2_franka_ws/src/install/integration_launch_testing/lib:/home/jiataoding/franco_ros2_franka_ws/src/install/gravity_compensation/lib:/home/jiataoding/franco_ros2_franka_ws/src/install/franka_robot_state_broadcaster/lib:/home/jiataoding/franco_ros2_franka_ws/src/install/franka_example_controllers/lib:/home/jiataoding/franco_ros2_franka_ws/src/install/franka_semantic_components/lib:/home/jiataoding/franco_ros2_franka_ws/src/install/franka_ign_ros2_control/lib:/home/jiataoding/franco_ros2_franka_ws/src/install/cartesian_impedance_controller/lib:/home/jiataoding/franco_ros2_franka_ws/src/install/effort_controller_base/lib:/home/jiataoding/franco_ros2_franka_ws/src/install/debug_msg/lib:/home/jiataoding/libs/onnxruntime-linux-x64-1.21.0/lib:/home/jiataoding/ros2_franka_ws/install/joint_impedance_controller/lib:/home/jiataoding/ros2_franka_ws/install/integration_launch_testing/lib:/home/jiataoding/ros2_franka_ws/install/gravity_compensation/lib:/home/jiataoding/ros2_franka_ws/install/franka_robot_state_broadcaster/lib:/home/jiataoding/ros2_franka_ws/install/franka_example_controllers/lib:/home/jiataoding/ros2_franka_ws/install/franka_semantic_components/lib:/home/jiataoding/ros2_franka_ws/install/franka_ign_ros2_control/lib:/home/jiataoding/ros2_franka_ws/install/franka_hardware/lib:/home/jiataoding/ros2_franka_ws/install/franka_gripper/lib:/home/jiataoding/ros2_franka_ws/install/franka_msgs/lib:/home/jiataoding/ros2_franka_ws/install/cartesian_impedance_controller/lib:/home/jiataoding/ros2_franka_ws/install/effort_controller_base/lib:/home/jiataoding/ros2_franka_ws/install/debug_msg/lib:/home/jiataoding/franco_ros2_franka_ws/install/joint_impedance_controller/lib:/home/jiataoding/franco_ros2_franka_ws/install/integration_launch_testing/lib:/home/jiataoding/franco_ros2_franka_ws/install/gravity_compensation/lib:/home/jiataoding/franco_ros2_franka_ws/install/franka_robot_state_broadcaster/lib:/home/jiataoding/franco_ros2_franka_ws/install/franka_example_controllers/lib:/home/jiataoding/franco_ros2_franka_ws/install/franka_semantic_components/lib:/home/jiataoding/franco_ros2_franka_ws/install/franka_ign_ros2_control/lib:/home/jiataoding/franco_ros2_franka_ws/install/franka_hardware/lib:/home/jiataoding/franco_ros2_franka_ws/install/franka_gripper/lib:/home/jiataoding/franco_ros2_franka_ws/install/franka_msgs/lib:/home/jiataoding/franco_ros2_franka_ws/install/cartesian_impedance_controller/lib:/home/jiataoding/franco_ros2_franka_ws/install/effort_controller_base/lib:/home/jiataoding/franco_ros2_franka_ws/install/debug_msg/lib:/opt/openrobots/lib:/opt/ros/humble/opt/rviz_ogre_vendor/lib:/opt/ros/humble/lib/x86_64-linux-gnu:/opt/ros/humble/lib /usr/bin/cmake --install /home/jiataoding/franco_ros2_franka_ws/src/build/franka_fr3_moveit_config
[1.631s] DEBUG:colcon.colcon_core.event_handler.log_command:Invoked command in '/home/jiataoding/franco_ros2_franka_ws/src/build/franka_gazebo_bringup' returned '0': CMAKE_PREFIX_PATH=/home/jiataoding/franco_ros2_franka_ws/src/install/franka_ign_ros2_control:/home/jiataoding/franco_ros2_franka_ws/src/install/franka_hardware:/home/jiataoding/franco_ros2_franka_ws/src/install/franka_msgs:/home/jiataoding/franco_ros2_franka_ws/src/install/franka_description:/home/jiataoding/franco_ros2_franka_ws/src/install/joint_impedance_controller:/home/jiataoding/franco_ros2_franka_ws/src/install/integration_launch_testing:/home/jiataoding/franco_ros2_franka_ws/src/install/idra_franka_launch:/home/jiataoding/franco_ros2_franka_ws/src/install/gravity_compensation:/home/jiataoding/franco_ros2_franka_ws/src/install/franka_task_pipeline:/home/jiataoding/franco_ros2_franka_ws/src/install/franka_ros2:/home/jiataoding/franco_ros2_franka_ws/src/install/franka_bringup:/home/jiataoding/franco_ros2_franka_ws/src/install/franka_robot_state_broadcaster:/home/jiataoding/franco_ros2_franka_ws/src/install/franka_example_controllers:/home/jiataoding/franco_ros2_franka_ws/src/install/franka_semantic_components:/home/jiataoding/franco_ros2_franka_ws/src/install/franka_gazebo_bringup:/home/jiataoding/franco_ros2_franka_ws/src/install/franka_fr3_moveit_config:/home/jiataoding/franco_ros2_franka_ws/src/install/franka_gripper:/home/jiataoding/franco_ros2_franka_ws/src/install/cartesian_impedance_controller:/opt/ros/humble:/home/jiataoding/franco_ros2_franka_ws/src/install/effort_controller_base:/home/jiataoding/franco_ros2_franka_ws/src/install/debug_msg:/home/jiataoding/ros2_franka_ws/install/joint_impedance_controller:/home/jiataoding/ros2_franka_ws/install/integration_launch_testing:/home/jiataoding/ros2_franka_ws/install/idra_franka_launch:/home/jiataoding/ros2_franka_ws/install/gravity_compensation:/home/jiataoding/ros2_franka_ws/install/franka_task_pipeline:/home/jiataoding/ros2_franka_ws/install/franka_ros2:/home/jiataoding/ros2_franka_ws/install/franka_bringup:/home/jiataoding/ros2_franka_ws/install/franka_robot_state_broadcaster:/home/jiataoding/ros2_franka_ws/install/franka_example_controllers:/home/jiataoding/ros2_franka_ws/install/franka_semantic_components:/home/jiataoding/ros2_franka_ws/install/franka_gazebo_bringup:/home/jiataoding/ros2_franka_ws/install/franka_ign_ros2_control:/home/jiataoding/ros2_franka_ws/install/franka_fr3_moveit_config:/home/jiataoding/ros2_franka_ws/install/franka_hardware:/home/jiataoding/ros2_franka_ws/install/franka_gripper:/home/jiataoding/ros2_franka_ws/install/franka_msgs:/home/jiataoding/ros2_franka_ws/install/franka_description:/home/jiataoding/ros2_franka_ws/install/cartesian_impedance_controller:/home/jiataoding/ros2_franka_ws/install/effort_controller_base:/home/jiataoding/ros2_franka_ws/install/debug_msg:/home/jiataoding/franco_ros2_franka_ws/install/joint_impedance_controller:/home/jiataoding/franco_ros2_franka_ws/install/integration_launch_testing:/home/jiataoding/franco_ros2_franka_ws/install/idra_franka_launch:/home/jiataoding/franco_ros2_franka_ws/install/gravity_compensation:/home/jiataoding/franco_ros2_franka_ws/install/franka_task_pipeline:/home/jiataoding/franco_ros2_franka_ws/install/franka_ros2:/home/jiataoding/franco_ros2_franka_ws/install/franka_bringup:/home/jiataoding/franco_ros2_franka_ws/install/franka_robot_state_broadcaster:/home/jiataoding/franco_ros2_franka_ws/install/franka_example_controllers:/home/jiataoding/franco_ros2_franka_ws/install/franka_semantic_components:/home/jiataoding/franco_ros2_franka_ws/install/franka_gazebo_bringup:/home/jiataoding/franco_ros2_franka_ws/install/franka_ign_ros2_control:/home/jiataoding/franco_ros2_franka_ws/install/franka_fr3_moveit_config:/home/jiataoding/franco_ros2_franka_ws/install/franka_hardware:/home/jiataoding/franco_ros2_franka_ws/install/franka_gripper:/home/jiataoding/franco_ros2_franka_ws/install/franka_msgs:/home/jiataoding/franco_ros2_franka_ws/install/franka_description:/home/jiataoding/franco_ros2_franka_ws/install/cartesian_impedance_controller:/home/jiataoding/franco_ros2_franka_ws/install/effort_controller_base:/home/jiataoding/franco_ros2_franka_ws/install/debug_msg:/opt/openrobots LD_LIBRARY_PATH=/home/jiataoding/franco_ros2_franka_ws/src/install/franka_ign_ros2_control/lib:/home/jiataoding/franco_ros2_franka_ws/src/install/franka_hardware/lib:/home/jiataoding/franco_ros2_franka_ws/src/install/franka_msgs/lib:/home/jiataoding/franco_ros2_franka_ws/src/install/joint_impedance_controller/lib:/home/jiataoding/franco_ros2_franka_ws/src/install/integration_launch_testing/lib:/home/jiataoding/franco_ros2_franka_ws/src/install/gravity_compensation/lib:/home/jiataoding/franco_ros2_franka_ws/src/install/franka_robot_state_broadcaster/lib:/home/jiataoding/franco_ros2_franka_ws/src/install/franka_example_controllers/lib:/home/jiataoding/franco_ros2_franka_ws/src/install/franka_semantic_components/lib:/home/jiataoding/franco_ros2_franka_ws/src/install/franka_gripper/lib:/home/jiataoding/franco_ros2_franka_ws/src/install/cartesian_impedance_controller/lib:/home/jiataoding/franco_ros2_franka_ws/src/install/effort_controller_base/lib:/home/jiataoding/franco_ros2_franka_ws/src/install/debug_msg/lib:/home/jiataoding/libs/onnxruntime-linux-x64-1.21.0/lib:/home/jiataoding/ros2_franka_ws/install/joint_impedance_controller/lib:/home/jiataoding/ros2_franka_ws/install/integration_launch_testing/lib:/home/jiataoding/ros2_franka_ws/install/gravity_compensation/lib:/home/jiataoding/ros2_franka_ws/install/franka_robot_state_broadcaster/lib:/home/jiataoding/ros2_franka_ws/install/franka_example_controllers/lib:/home/jiataoding/ros2_franka_ws/install/franka_semantic_components/lib:/home/jiataoding/ros2_franka_ws/install/franka_ign_ros2_control/lib:/home/jiataoding/ros2_franka_ws/install/franka_hardware/lib:/home/jiataoding/ros2_franka_ws/install/franka_gripper/lib:/home/jiataoding/ros2_franka_ws/install/franka_msgs/lib:/home/jiataoding/ros2_franka_ws/install/cartesian_impedance_controller/lib:/home/jiataoding/ros2_franka_ws/install/effort_controller_base/lib:/home/jiataoding/ros2_franka_ws/install/debug_msg/lib:/home/jiataoding/franco_ros2_franka_ws/install/joint_impedance_controller/lib:/home/jiataoding/franco_ros2_franka_ws/install/integration_launch_testing/lib:/home/jiataoding/franco_ros2_franka_ws/install/gravity_compensation/lib:/home/jiataoding/franco_ros2_franka_ws/install/franka_robot_state_broadcaster/lib:/home/jiataoding/franco_ros2_franka_ws/install/franka_example_controllers/lib:/home/jiataoding/franco_ros2_franka_ws/install/franka_semantic_components/lib:/home/jiataoding/franco_ros2_franka_ws/install/franka_ign_ros2_control/lib:/home/jiataoding/franco_ros2_franka_ws/install/franka_hardware/lib:/home/jiataoding/franco_ros2_franka_ws/install/franka_gripper/lib:/home/jiataoding/franco_ros2_franka_ws/install/franka_msgs/lib:/home/jiataoding/franco_ros2_franka_ws/install/cartesian_impedance_controller/lib:/home/jiataoding/franco_ros2_franka_ws/install/effort_controller_base/lib:/home/jiataoding/franco_ros2_franka_ws/install/debug_msg/lib:/opt/openrobots/lib:/opt/ros/humble/opt/rviz_ogre_vendor/lib:/opt/ros/humble/lib/x86_64-linux-gnu:/opt/ros/humble/lib /usr/bin/cmake --build /home/jiataoding/franco_ros2_franka_ws/src/build/franka_gazebo_bringup -- -j24 -l24
[1.633s] DEBUG:colcon.colcon_core.event_handler.log_command:Invoking command in '/home/jiataoding/franco_ros2_franka_ws/src/build/franka_gazebo_bringup': CMAKE_PREFIX_PATH=/home/jiataoding/franco_ros2_franka_ws/src/install/franka_ign_ros2_control:/home/jiataoding/franco_ros2_franka_ws/src/install/franka_hardware:/home/jiataoding/franco_ros2_franka_ws/src/install/franka_msgs:/home/jiataoding/franco_ros2_franka_ws/src/install/franka_description:/home/jiataoding/franco_ros2_franka_ws/src/install/joint_impedance_controller:/home/jiataoding/franco_ros2_franka_ws/src/install/integration_launch_testing:/home/jiataoding/franco_ros2_franka_ws/src/install/idra_franka_launch:/home/jiataoding/franco_ros2_franka_ws/src/install/gravity_compensation:/home/jiataoding/franco_ros2_franka_ws/src/install/franka_task_pipeline:/home/jiataoding/franco_ros2_franka_ws/src/install/franka_ros2:/home/jiataoding/franco_ros2_franka_ws/src/install/franka_bringup:/home/jiataoding/franco_ros2_franka_ws/src/install/franka_robot_state_broadcaster:/home/jiataoding/franco_ros2_franka_ws/src/install/franka_example_controllers:/home/jiataoding/franco_ros2_franka_ws/src/install/franka_semantic_components:/home/jiataoding/franco_ros2_franka_ws/src/install/franka_gazebo_bringup:/home/jiataoding/franco_ros2_franka_ws/src/install/franka_fr3_moveit_config:/home/jiataoding/franco_ros2_franka_ws/src/install/franka_gripper:/home/jiataoding/franco_ros2_franka_ws/src/install/cartesian_impedance_controller:/opt/ros/humble:/home/jiataoding/franco_ros2_franka_ws/src/install/effort_controller_base:/home/jiataoding/franco_ros2_franka_ws/src/install/debug_msg:/home/jiataoding/ros2_franka_ws/install/joint_impedance_controller:/home/jiataoding/ros2_franka_ws/install/integration_launch_testing:/home/jiataoding/ros2_franka_ws/install/idra_franka_launch:/home/jiataoding/ros2_franka_ws/install/gravity_compensation:/home/jiataoding/ros2_franka_ws/install/franka_task_pipeline:/home/jiataoding/ros2_franka_ws/install/franka_ros2:/home/jiataoding/ros2_franka_ws/install/franka_bringup:/home/jiataoding/ros2_franka_ws/install/franka_robot_state_broadcaster:/home/jiataoding/ros2_franka_ws/install/franka_example_controllers:/home/jiataoding/ros2_franka_ws/install/franka_semantic_components:/home/jiataoding/ros2_franka_ws/install/franka_gazebo_bringup:/home/jiataoding/ros2_franka_ws/install/franka_ign_ros2_control:/home/jiataoding/ros2_franka_ws/install/franka_fr3_moveit_config:/home/jiataoding/ros2_franka_ws/install/franka_hardware:/home/jiataoding/ros2_franka_ws/install/franka_gripper:/home/jiataoding/ros2_franka_ws/install/franka_msgs:/home/jiataoding/ros2_franka_ws/install/franka_description:/home/jiataoding/ros2_franka_ws/install/cartesian_impedance_controller:/home/jiataoding/ros2_franka_ws/install/effort_controller_base:/home/jiataoding/ros2_franka_ws/install/debug_msg:/home/jiataoding/franco_ros2_franka_ws/install/joint_impedance_controller:/home/jiataoding/franco_ros2_franka_ws/install/integration_launch_testing:/home/jiataoding/franco_ros2_franka_ws/install/idra_franka_launch:/home/jiataoding/franco_ros2_franka_ws/install/gravity_compensation:/home/jiataoding/franco_ros2_franka_ws/install/franka_task_pipeline:/home/jiataoding/franco_ros2_franka_ws/install/franka_ros2:/home/jiataoding/franco_ros2_franka_ws/install/franka_bringup:/home/jiataoding/franco_ros2_franka_ws/install/franka_robot_state_broadcaster:/home/jiataoding/franco_ros2_franka_ws/install/franka_example_controllers:/home/jiataoding/franco_ros2_franka_ws/install/franka_semantic_components:/home/jiataoding/franco_ros2_franka_ws/install/franka_gazebo_bringup:/home/jiataoding/franco_ros2_franka_ws/install/franka_ign_ros2_control:/home/jiataoding/franco_ros2_franka_ws/install/franka_fr3_moveit_config:/home/jiataoding/franco_ros2_franka_ws/install/franka_hardware:/home/jiataoding/franco_ros2_franka_ws/install/franka_gripper:/home/jiataoding/franco_ros2_franka_ws/install/franka_msgs:/home/jiataoding/franco_ros2_franka_ws/install/franka_description:/home/jiataoding/franco_ros2_franka_ws/install/cartesian_impedance_controller:/home/jiataoding/franco_ros2_franka_ws/install/effort_controller_base:/home/jiataoding/franco_ros2_franka_ws/install/debug_msg:/opt/openrobots LD_LIBRARY_PATH=/home/jiataoding/franco_ros2_franka_ws/src/install/franka_ign_ros2_control/lib:/home/jiataoding/franco_ros2_franka_ws/src/install/franka_hardware/lib:/home/jiataoding/franco_ros2_franka_ws/src/install/franka_msgs/lib:/home/jiataoding/franco_ros2_franka_ws/src/install/joint_impedance_controller/lib:/home/jiataoding/franco_ros2_franka_ws/src/install/integration_launch_testing/lib:/home/jiataoding/franco_ros2_franka_ws/src/install/gravity_compensation/lib:/home/jiataoding/franco_ros2_franka_ws/src/install/franka_robot_state_broadcaster/lib:/home/jiataoding/franco_ros2_franka_ws/src/install/franka_example_controllers/lib:/home/jiataoding/franco_ros2_franka_ws/src/install/franka_semantic_components/lib:/home/jiataoding/franco_ros2_franka_ws/src/install/franka_gripper/lib:/home/jiataoding/franco_ros2_franka_ws/src/install/cartesian_impedance_controller/lib:/home/jiataoding/franco_ros2_franka_ws/src/install/effort_controller_base/lib:/home/jiataoding/franco_ros2_franka_ws/src/install/debug_msg/lib:/home/jiataoding/libs/onnxruntime-linux-x64-1.21.0/lib:/home/jiataoding/ros2_franka_ws/install/joint_impedance_controller/lib:/home/jiataoding/ros2_franka_ws/install/integration_launch_testing/lib:/home/jiataoding/ros2_franka_ws/install/gravity_compensation/lib:/home/jiataoding/ros2_franka_ws/install/franka_robot_state_broadcaster/lib:/home/jiataoding/ros2_franka_ws/install/franka_example_controllers/lib:/home/jiataoding/ros2_franka_ws/install/franka_semantic_components/lib:/home/jiataoding/ros2_franka_ws/install/franka_ign_ros2_control/lib:/home/jiataoding/ros2_franka_ws/install/franka_hardware/lib:/home/jiataoding/ros2_franka_ws/install/franka_gripper/lib:/home/jiataoding/ros2_franka_ws/install/franka_msgs/lib:/home/jiataoding/ros2_franka_ws/install/cartesian_impedance_controller/lib:/home/jiataoding/ros2_franka_ws/install/effort_controller_base/lib:/home/jiataoding/ros2_franka_ws/install/debug_msg/lib:/home/jiataoding/franco_ros2_franka_ws/install/joint_impedance_controller/lib:/home/jiataoding/franco_ros2_franka_ws/install/integration_launch_testing/lib:/home/jiataoding/franco_ros2_franka_ws/install/gravity_compensation/lib:/home/jiataoding/franco_ros2_franka_ws/install/franka_robot_state_broadcaster/lib:/home/jiataoding/franco_ros2_franka_ws/install/franka_example_controllers/lib:/home/jiataoding/franco_ros2_franka_ws/install/franka_semantic_components/lib:/home/jiataoding/franco_ros2_franka_ws/install/franka_ign_ros2_control/lib:/home/jiataoding/franco_ros2_franka_ws/install/franka_hardware/lib:/home/jiataoding/franco_ros2_franka_ws/install/franka_gripper/lib:/home/jiataoding/franco_ros2_franka_ws/install/franka_msgs/lib:/home/jiataoding/franco_ros2_franka_ws/install/cartesian_impedance_controller/lib:/home/jiataoding/franco_ros2_franka_ws/install/effort_controller_base/lib:/home/jiataoding/franco_ros2_franka_ws/install/debug_msg/lib:/opt/openrobots/lib:/opt/ros/humble/opt/rviz_ogre_vendor/lib:/opt/ros/humble/lib/x86_64-linux-gnu:/opt/ros/humble/lib /usr/bin/cmake --install /home/jiataoding/franco_ros2_franka_ws/src/build/franka_gazebo_bringup
[1.666s] Level 1:colcon.colcon_core.environment:create_environment_scripts_only(franka_gazebo_bringup)
[1.666s] Level 1:colcon.colcon_core.environment:checking '/home/jiataoding/franco_ros2_franka_ws/src/install/franka_gazebo_bringup' for CMake module files
[1.667s] DEBUG:colcon.colcon_core.event_handler.log_command:Invoked command in '/home/jiataoding/franco_ros2_franka_ws/src/build/franka_gazebo_bringup' returned '0': CMAKE_PREFIX_PATH=/home/jiataoding/franco_ros2_franka_ws/src/install/franka_ign_ros2_control:/home/jiataoding/franco_ros2_franka_ws/src/install/franka_hardware:/home/jiataoding/franco_ros2_franka_ws/src/install/franka_msgs:/home/jiataoding/franco_ros2_franka_ws/src/install/franka_description:/home/jiataoding/franco_ros2_franka_ws/src/install/joint_impedance_controller:/home/jiataoding/franco_ros2_franka_ws/src/install/integration_launch_testing:/home/jiataoding/franco_ros2_franka_ws/src/install/idra_franka_launch:/home/jiataoding/franco_ros2_franka_ws/src/install/gravity_compensation:/home/jiataoding/franco_ros2_franka_ws/src/install/franka_task_pipeline:/home/jiataoding/franco_ros2_franka_ws/src/install/franka_ros2:/home/jiataoding/franco_ros2_franka_ws/src/install/franka_bringup:/home/jiataoding/franco_ros2_franka_ws/src/install/franka_robot_state_broadcaster:/home/jiataoding/franco_ros2_franka_ws/src/install/franka_example_controllers:/home/jiataoding/franco_ros2_franka_ws/src/install/franka_semantic_components:/home/jiataoding/franco_ros2_franka_ws/src/install/franka_gazebo_bringup:/home/jiataoding/franco_ros2_franka_ws/src/install/franka_fr3_moveit_config:/home/jiataoding/franco_ros2_franka_ws/src/install/franka_gripper:/home/jiataoding/franco_ros2_franka_ws/src/install/cartesian_impedance_controller:/opt/ros/humble:/home/jiataoding/franco_ros2_franka_ws/src/install/effort_controller_base:/home/jiataoding/franco_ros2_franka_ws/src/install/debug_msg:/home/jiataoding/ros2_franka_ws/install/joint_impedance_controller:/home/jiataoding/ros2_franka_ws/install/integration_launch_testing:/home/jiataoding/ros2_franka_ws/install/idra_franka_launch:/home/jiataoding/ros2_franka_ws/install/gravity_compensation:/home/jiataoding/ros2_franka_ws/install/franka_task_pipeline:/home/jiataoding/ros2_franka_ws/install/franka_ros2:/home/jiataoding/ros2_franka_ws/install/franka_bringup:/home/jiataoding/ros2_franka_ws/install/franka_robot_state_broadcaster:/home/jiataoding/ros2_franka_ws/install/franka_example_controllers:/home/jiataoding/ros2_franka_ws/install/franka_semantic_components:/home/jiataoding/ros2_franka_ws/install/franka_gazebo_bringup:/home/jiataoding/ros2_franka_ws/install/franka_ign_ros2_control:/home/jiataoding/ros2_franka_ws/install/franka_fr3_moveit_config:/home/jiataoding/ros2_franka_ws/install/franka_hardware:/home/jiataoding/ros2_franka_ws/install/franka_gripper:/home/jiataoding/ros2_franka_ws/install/franka_msgs:/home/jiataoding/ros2_franka_ws/install/franka_description:/home/jiataoding/ros2_franka_ws/install/cartesian_impedance_controller:/home/jiataoding/ros2_franka_ws/install/effort_controller_base:/home/jiataoding/ros2_franka_ws/install/debug_msg:/home/jiataoding/franco_ros2_franka_ws/install/joint_impedance_controller:/home/jiataoding/franco_ros2_franka_ws/install/integration_launch_testing:/home/jiataoding/franco_ros2_franka_ws/install/idra_franka_launch:/home/jiataoding/franco_ros2_franka_ws/install/gravity_compensation:/home/jiataoding/franco_ros2_franka_ws/install/franka_task_pipeline:/home/jiataoding/franco_ros2_franka_ws/install/franka_ros2:/home/jiataoding/franco_ros2_franka_ws/install/franka_bringup:/home/jiataoding/franco_ros2_franka_ws/install/franka_robot_state_broadcaster:/home/jiataoding/franco_ros2_franka_ws/install/franka_example_controllers:/home/jiataoding/franco_ros2_franka_ws/install/franka_semantic_components:/home/jiataoding/franco_ros2_franka_ws/install/franka_gazebo_bringup:/home/jiataoding/franco_ros2_franka_ws/install/franka_ign_ros2_control:/home/jiataoding/franco_ros2_franka_ws/install/franka_fr3_moveit_config:/home/jiataoding/franco_ros2_franka_ws/install/franka_hardware:/home/jiataoding/franco_ros2_franka_ws/install/franka_gripper:/home/jiataoding/franco_ros2_franka_ws/install/franka_msgs:/home/jiataoding/franco_ros2_franka_ws/install/franka_description:/home/jiataoding/franco_ros2_franka_ws/install/cartesian_impedance_controller:/home/jiataoding/franco_ros2_franka_ws/install/effort_controller_base:/home/jiataoding/franco_ros2_franka_ws/install/debug_msg:/opt/openrobots LD_LIBRARY_PATH=/home/jiataoding/franco_ros2_franka_ws/src/install/franka_ign_ros2_control/lib:/home/jiataoding/franco_ros2_franka_ws/src/install/franka_hardware/lib:/home/jiataoding/franco_ros2_franka_ws/src/install/franka_msgs/lib:/home/jiataoding/franco_ros2_franka_ws/src/install/joint_impedance_controller/lib:/home/jiataoding/franco_ros2_franka_ws/src/install/integration_launch_testing/lib:/home/jiataoding/franco_ros2_franka_ws/src/install/gravity_compensation/lib:/home/jiataoding/franco_ros2_franka_ws/src/install/franka_robot_state_broadcaster/lib:/home/jiataoding/franco_ros2_franka_ws/src/install/franka_example_controllers/lib:/home/jiataoding/franco_ros2_franka_ws/src/install/franka_semantic_components/lib:/home/jiataoding/franco_ros2_franka_ws/src/install/franka_gripper/lib:/home/jiataoding/franco_ros2_franka_ws/src/install/cartesian_impedance_controller/lib:/home/jiataoding/franco_ros2_franka_ws/src/install/effort_controller_base/lib:/home/jiataoding/franco_ros2_franka_ws/src/install/debug_msg/lib:/home/jiataoding/libs/onnxruntime-linux-x64-1.21.0/lib:/home/jiataoding/ros2_franka_ws/install/joint_impedance_controller/lib:/home/jiataoding/ros2_franka_ws/install/integration_launch_testing/lib:/home/jiataoding/ros2_franka_ws/install/gravity_compensation/lib:/home/jiataoding/ros2_franka_ws/install/franka_robot_state_broadcaster/lib:/home/jiataoding/ros2_franka_ws/install/franka_example_controllers/lib:/home/jiataoding/ros2_franka_ws/install/franka_semantic_components/lib:/home/jiataoding/ros2_franka_ws/install/franka_ign_ros2_control/lib:/home/jiataoding/ros2_franka_ws/install/franka_hardware/lib:/home/jiataoding/ros2_franka_ws/install/franka_gripper/lib:/home/jiataoding/ros2_franka_ws/install/franka_msgs/lib:/home/jiataoding/ros2_franka_ws/install/cartesian_impedance_controller/lib:/home/jiataoding/ros2_franka_ws/install/effort_controller_base/lib:/home/jiataoding/ros2_franka_ws/install/debug_msg/lib:/home/jiataoding/franco_ros2_franka_ws/install/joint_impedance_controller/lib:/home/jiataoding/franco_ros2_franka_ws/install/integration_launch_testing/lib:/home/jiataoding/franco_ros2_franka_ws/install/gravity_compensation/lib:/home/jiataoding/franco_ros2_franka_ws/install/franka_robot_state_broadcaster/lib:/home/jiataoding/franco_ros2_franka_ws/install/franka_example_controllers/lib:/home/jiataoding/franco_ros2_franka_ws/install/franka_semantic_components/lib:/home/jiataoding/franco_ros2_franka_ws/install/franka_ign_ros2_control/lib:/home/jiataoding/franco_ros2_franka_ws/install/franka_hardware/lib:/home/jiataoding/franco_ros2_franka_ws/install/franka_gripper/lib:/home/jiataoding/franco_ros2_franka_ws/install/franka_msgs/lib:/home/jiataoding/franco_ros2_franka_ws/install/cartesian_impedance_controller/lib:/home/jiataoding/franco_ros2_franka_ws/install/effort_controller_base/lib:/home/jiataoding/franco_ros2_franka_ws/install/debug_msg/lib:/opt/openrobots/lib:/opt/ros/humble/opt/rviz_ogre_vendor/lib:/opt/ros/humble/lib/x86_64-linux-gnu:/opt/ros/humble/lib /usr/bin/cmake --install /home/jiataoding/franco_ros2_franka_ws/src/build/franka_gazebo_bringup
[1.668s] Level 1:colcon.colcon_core.environment:checking '/home/jiataoding/franco_ros2_franka_ws/src/install/franka_gazebo_bringup' for CMake config files
[1.669s] Level 1:colcon.colcon_core.shell:create_environment_hook('franka_gazebo_bringup', 'cmake_prefix_path')
[1.669s] INFO:colcon.colcon_core.shell:Creating environment hook '/home/jiataoding/franco_ros2_franka_ws/src/install/franka_gazebo_bringup/share/franka_gazebo_bringup/hook/cmake_prefix_path.ps1'
[1.670s] INFO:colcon.colcon_core.shell:Creating environment descriptor '/home/jiataoding/franco_ros2_franka_ws/src/install/franka_gazebo_bringup/share/franka_gazebo_bringup/hook/cmake_prefix_path.dsv'
[1.670s] INFO:colcon.colcon_core.shell:Creating environment hook '/home/jiataoding/franco_ros2_franka_ws/src/install/franka_gazebo_bringup/share/franka_gazebo_bringup/hook/cmake_prefix_path.sh'
[1.671s] Level 1:colcon.colcon_core.environment:checking '/home/jiataoding/franco_ros2_franka_ws/src/install/franka_gazebo_bringup/bin'
[1.671s] Level 1:colcon.colcon_core.environment:checking '/home/jiataoding/franco_ros2_franka_ws/src/install/franka_gazebo_bringup/lib/pkgconfig/franka_gazebo_bringup.pc'
[1.671s] Level 1:colcon.colcon_core.environment:checking '/home/jiataoding/franco_ros2_franka_ws/src/install/franka_gazebo_bringup/lib/python3.10/site-packages'
[1.671s] Level 1:colcon.colcon_core.environment:checking '/home/jiataoding/franco_ros2_franka_ws/src/install/franka_gazebo_bringup/bin'
[1.671s] INFO:colcon.colcon_core.shell:Creating package script '/home/jiataoding/franco_ros2_franka_ws/src/install/franka_gazebo_bringup/share/franka_gazebo_bringup/package.ps1'
[1.672s] INFO:colcon.colcon_core.shell:Creating package descriptor '/home/jiataoding/franco_ros2_franka_ws/src/install/franka_gazebo_bringup/share/franka_gazebo_bringup/package.dsv'
[1.672s] INFO:colcon.colcon_core.shell:Creating package script '/home/jiataoding/franco_ros2_franka_ws/src/install/franka_gazebo_bringup/share/franka_gazebo_bringup/package.sh'
[1.673s] INFO:colcon.colcon_core.shell:Creating package script '/home/jiataoding/franco_ros2_franka_ws/src/install/franka_gazebo_bringup/share/franka_gazebo_bringup/package.bash'
[1.673s] INFO:colcon.colcon_core.shell:Creating package script '/home/jiataoding/franco_ros2_franka_ws/src/install/franka_gazebo_bringup/share/franka_gazebo_bringup/package.zsh'
[1.673s] Level 1:colcon.colcon_core.environment:create_file_with_runtime_dependencies(/home/jiataoding/franco_ros2_franka_ws/src/install/franka_gazebo_bringup/share/colcon-core/packages/franka_gazebo_bringup)
[1.674s] Level 1:colcon.colcon_core.environment:create_environment_scripts_only(franka_gazebo_bringup)
[1.674s] Level 1:colcon.colcon_core.environment:checking '/home/jiataoding/franco_ros2_franka_ws/src/install/franka_gazebo_bringup' for CMake module files
[1.674s] Level 1:colcon.colcon_core.environment:checking '/home/jiataoding/franco_ros2_franka_ws/src/install/franka_gazebo_bringup' for CMake config files
[1.675s] Level 1:colcon.colcon_core.shell:create_environment_hook('franka_gazebo_bringup', 'cmake_prefix_path')
[1.675s] INFO:colcon.colcon_core.shell:Creating environment hook '/home/jiataoding/franco_ros2_franka_ws/src/install/franka_gazebo_bringup/share/franka_gazebo_bringup/hook/cmake_prefix_path.ps1'
[1.675s] INFO:colcon.colcon_core.shell:Creating environment descriptor '/home/jiataoding/franco_ros2_franka_ws/src/install/franka_gazebo_bringup/share/franka_gazebo_bringup/hook/cmake_prefix_path.dsv'
[1.676s] INFO:colcon.colcon_core.shell:Creating environment hook '/home/jiataoding/franco_ros2_franka_ws/src/install/franka_gazebo_bringup/share/franka_gazebo_bringup/hook/cmake_prefix_path.sh'
[1.676s] Level 1:colcon.colcon_core.environment:checking '/home/jiataoding/franco_ros2_franka_ws/src/install/franka_gazebo_bringup/bin'
[1.676s] Level 1:colcon.colcon_core.environment:checking '/home/jiataoding/franco_ros2_franka_ws/src/install/franka_gazebo_bringup/lib/pkgconfig/franka_gazebo_bringup.pc'
[1.676s] Level 1:colcon.colcon_core.environment:checking '/home/jiataoding/franco_ros2_franka_ws/src/install/franka_gazebo_bringup/lib/python3.10/site-packages'
[1.677s] Level 1:colcon.colcon_core.environment:checking '/home/jiataoding/franco_ros2_franka_ws/src/install/franka_gazebo_bringup/bin'
[1.677s] INFO:colcon.colcon_core.shell:Creating package script '/home/jiataoding/franco_ros2_franka_ws/src/install/franka_gazebo_bringup/share/franka_gazebo_bringup/package.ps1'
[1.677s] INFO:colcon.colcon_core.shell:Creating package descriptor '/home/jiataoding/franco_ros2_franka_ws/src/install/franka_gazebo_bringup/share/franka_gazebo_bringup/package.dsv'
[1.678s] INFO:colcon.colcon_core.shell:Creating package script '/home/jiataoding/franco_ros2_franka_ws/src/install/franka_gazebo_bringup/share/franka_gazebo_bringup/package.sh'
[1.678s] INFO:colcon.colcon_core.shell:Creating package script '/home/jiataoding/franco_ros2_franka_ws/src/install/franka_gazebo_bringup/share/franka_gazebo_bringup/package.bash'
[1.678s] INFO:colcon.colcon_core.shell:Creating package script '/home/jiataoding/franco_ros2_franka_ws/src/install/franka_gazebo_bringup/share/franka_gazebo_bringup/package.zsh'
[1.679s] Level 1:colcon.colcon_core.environment:create_file_with_runtime_dependencies(/home/jiataoding/franco_ros2_franka_ws/src/install/franka_gazebo_bringup/share/colcon-core/packages/franka_gazebo_bringup)
[1.680s] Level 1:colcon.colcon_core.environment:create_environment_scripts_only(franka_fr3_moveit_config)
[1.680s] Level 1:colcon.colcon_core.environment:checking '/home/jiataoding/franco_ros2_franka_ws/src/install/franka_fr3_moveit_config' for CMake module files
[1.681s] DEBUG:colcon.colcon_core.event_handler.log_command:Invoked command in '/home/jiataoding/franco_ros2_franka_ws/src/build/franka_fr3_moveit_config' returned '0': CMAKE_PREFIX_PATH=/home/jiataoding/franco_ros2_franka_ws/src/install/franka_hardware:/home/jiataoding/franco_ros2_franka_ws/src/install/franka_gripper:/home/jiataoding/franco_ros2_franka_ws/src/install/franka_msgs:/home/jiataoding/franco_ros2_franka_ws/src/install/franka_description:/home/jiataoding/franco_ros2_franka_ws/src/install/joint_impedance_controller:/home/jiataoding/franco_ros2_franka_ws/src/install/integration_launch_testing:/home/jiataoding/franco_ros2_franka_ws/src/install/idra_franka_launch:/home/jiataoding/franco_ros2_franka_ws/src/install/gravity_compensation:/home/jiataoding/franco_ros2_franka_ws/src/install/franka_task_pipeline:/home/jiataoding/franco_ros2_franka_ws/src/install/franka_ros2:/home/jiataoding/franco_ros2_franka_ws/src/install/franka_bringup:/home/jiataoding/franco_ros2_franka_ws/src/install/franka_robot_state_broadcaster:/home/jiataoding/franco_ros2_franka_ws/src/install/franka_example_controllers:/home/jiataoding/franco_ros2_franka_ws/src/install/franka_semantic_components:/home/jiataoding/franco_ros2_franka_ws/src/install/franka_gazebo_bringup:/home/jiataoding/franco_ros2_franka_ws/src/install/franka_ign_ros2_control:/home/jiataoding/franco_ros2_franka_ws/src/install/franka_fr3_moveit_config:/home/jiataoding/franco_ros2_franka_ws/src/install/cartesian_impedance_controller:/opt/ros/humble:/home/jiataoding/franco_ros2_franka_ws/src/install/effort_controller_base:/home/jiataoding/franco_ros2_franka_ws/src/install/debug_msg:/home/jiataoding/ros2_franka_ws/install/joint_impedance_controller:/home/jiataoding/ros2_franka_ws/install/integration_launch_testing:/home/jiataoding/ros2_franka_ws/install/idra_franka_launch:/home/jiataoding/ros2_franka_ws/install/gravity_compensation:/home/jiataoding/ros2_franka_ws/install/franka_task_pipeline:/home/jiataoding/ros2_franka_ws/install/franka_ros2:/home/jiataoding/ros2_franka_ws/install/franka_bringup:/home/jiataoding/ros2_franka_ws/install/franka_robot_state_broadcaster:/home/jiataoding/ros2_franka_ws/install/franka_example_controllers:/home/jiataoding/ros2_franka_ws/install/franka_semantic_components:/home/jiataoding/ros2_franka_ws/install/franka_gazebo_bringup:/home/jiataoding/ros2_franka_ws/install/franka_ign_ros2_control:/home/jiataoding/ros2_franka_ws/install/franka_fr3_moveit_config:/home/jiataoding/ros2_franka_ws/install/franka_hardware:/home/jiataoding/ros2_franka_ws/install/franka_gripper:/home/jiataoding/ros2_franka_ws/install/franka_msgs:/home/jiataoding/ros2_franka_ws/install/franka_description:/home/jiataoding/ros2_franka_ws/install/cartesian_impedance_controller:/home/jiataoding/ros2_franka_ws/install/effort_controller_base:/home/jiataoding/ros2_franka_ws/install/debug_msg:/home/jiataoding/franco_ros2_franka_ws/install/joint_impedance_controller:/home/jiataoding/franco_ros2_franka_ws/install/integration_launch_testing:/home/jiataoding/franco_ros2_franka_ws/install/idra_franka_launch:/home/jiataoding/franco_ros2_franka_ws/install/gravity_compensation:/home/jiataoding/franco_ros2_franka_ws/install/franka_task_pipeline:/home/jiataoding/franco_ros2_franka_ws/install/franka_ros2:/home/jiataoding/franco_ros2_franka_ws/install/franka_bringup:/home/jiataoding/franco_ros2_franka_ws/install/franka_robot_state_broadcaster:/home/jiataoding/franco_ros2_franka_ws/install/franka_example_controllers:/home/jiataoding/franco_ros2_franka_ws/install/franka_semantic_components:/home/jiataoding/franco_ros2_franka_ws/install/franka_gazebo_bringup:/home/jiataoding/franco_ros2_franka_ws/install/franka_ign_ros2_control:/home/jiataoding/franco_ros2_franka_ws/install/franka_fr3_moveit_config:/home/jiataoding/franco_ros2_franka_ws/install/franka_hardware:/home/jiataoding/franco_ros2_franka_ws/install/franka_gripper:/home/jiataoding/franco_ros2_franka_ws/install/franka_msgs:/home/jiataoding/franco_ros2_franka_ws/install/franka_description:/home/jiataoding/franco_ros2_franka_ws/install/cartesian_impedance_controller:/home/jiataoding/franco_ros2_franka_ws/install/effort_controller_base:/home/jiataoding/franco_ros2_franka_ws/install/debug_msg:/opt/openrobots LD_LIBRARY_PATH=/home/jiataoding/franco_ros2_franka_ws/src/install/franka_hardware/lib:/home/jiataoding/franco_ros2_franka_ws/src/install/franka_gripper/lib:/home/jiataoding/franco_ros2_franka_ws/src/install/franka_msgs/lib:/home/jiataoding/franco_ros2_franka_ws/src/install/joint_impedance_controller/lib:/home/jiataoding/franco_ros2_franka_ws/src/install/integration_launch_testing/lib:/home/jiataoding/franco_ros2_franka_ws/src/install/gravity_compensation/lib:/home/jiataoding/franco_ros2_franka_ws/src/install/franka_robot_state_broadcaster/lib:/home/jiataoding/franco_ros2_franka_ws/src/install/franka_example_controllers/lib:/home/jiataoding/franco_ros2_franka_ws/src/install/franka_semantic_components/lib:/home/jiataoding/franco_ros2_franka_ws/src/install/franka_ign_ros2_control/lib:/home/jiataoding/franco_ros2_franka_ws/src/install/cartesian_impedance_controller/lib:/home/jiataoding/franco_ros2_franka_ws/src/install/effort_controller_base/lib:/home/jiataoding/franco_ros2_franka_ws/src/install/debug_msg/lib:/home/jiataoding/libs/onnxruntime-linux-x64-1.21.0/lib:/home/jiataoding/ros2_franka_ws/install/joint_impedance_controller/lib:/home/jiataoding/ros2_franka_ws/install/integration_launch_testing/lib:/home/jiataoding/ros2_franka_ws/install/gravity_compensation/lib:/home/jiataoding/ros2_franka_ws/install/franka_robot_state_broadcaster/lib:/home/jiataoding/ros2_franka_ws/install/franka_example_controllers/lib:/home/jiataoding/ros2_franka_ws/install/franka_semantic_components/lib:/home/jiataoding/ros2_franka_ws/install/franka_ign_ros2_control/lib:/home/jiataoding/ros2_franka_ws/install/franka_hardware/lib:/home/jiataoding/ros2_franka_ws/install/franka_gripper/lib:/home/jiataoding/ros2_franka_ws/install/franka_msgs/lib:/home/jiataoding/ros2_franka_ws/install/cartesian_impedance_controller/lib:/home/jiataoding/ros2_franka_ws/install/effort_controller_base/lib:/home/jiataoding/ros2_franka_ws/install/debug_msg/lib:/home/jiataoding/franco_ros2_franka_ws/install/joint_impedance_controller/lib:/home/jiataoding/franco_ros2_franka_ws/install/integration_launch_testing/lib:/home/jiataoding/franco_ros2_franka_ws/install/gravity_compensation/lib:/home/jiataoding/franco_ros2_franka_ws/install/franka_robot_state_broadcaster/lib:/home/jiataoding/franco_ros2_franka_ws/install/franka_example_controllers/lib:/home/jiataoding/franco_ros2_franka_ws/install/franka_semantic_components/lib:/home/jiataoding/franco_ros2_franka_ws/install/franka_ign_ros2_control/lib:/home/jiataoding/franco_ros2_franka_ws/install/franka_hardware/lib:/home/jiataoding/franco_ros2_franka_ws/install/franka_gripper/lib:/home/jiataoding/franco_ros2_franka_ws/install/franka_msgs/lib:/home/jiataoding/franco_ros2_franka_ws/install/cartesian_impedance_controller/lib:/home/jiataoding/franco_ros2_franka_ws/install/effort_controller_base/lib:/home/jiataoding/franco_ros2_franka_ws/install/debug_msg/lib:/opt/openrobots/lib:/opt/ros/humble/opt/rviz_ogre_vendor/lib:/opt/ros/humble/lib/x86_64-linux-gnu:/opt/ros/humble/lib /usr/bin/cmake --install /home/jiataoding/franco_ros2_franka_ws/src/build/franka_fr3_moveit_config
[1.681s] Level 1:colcon.colcon_core.environment:checking '/home/jiataoding/franco_ros2_franka_ws/src/install/franka_fr3_moveit_config' for CMake config files
[1.681s] Level 1:colcon.colcon_core.shell:create_environment_hook('franka_fr3_moveit_config', 'cmake_prefix_path')
[1.682s] INFO:colcon.colcon_core.shell:Creating environment hook '/home/jiataoding/franco_ros2_franka_ws/src/install/franka_fr3_moveit_config/share/franka_fr3_moveit_config/hook/cmake_prefix_path.ps1'
[1.682s] INFO:colcon.colcon_core.shell:Creating environment descriptor '/home/jiataoding/franco_ros2_franka_ws/src/install/franka_fr3_moveit_config/share/franka_fr3_moveit_config/hook/cmake_prefix_path.dsv'
[1.682s] INFO:colcon.colcon_core.shell:Creating environment hook '/home/jiataoding/franco_ros2_franka_ws/src/install/franka_fr3_moveit_config/share/franka_fr3_moveit_config/hook/cmake_prefix_path.sh'
[1.683s] Level 1:colcon.colcon_core.environment:checking '/home/jiataoding/franco_ros2_franka_ws/src/install/franka_fr3_moveit_config/bin'
[1.683s] Level 1:colcon.colcon_core.environment:checking '/home/jiataoding/franco_ros2_franka_ws/src/install/franka_fr3_moveit_config/lib/pkgconfig/franka_fr3_moveit_config.pc'
[1.684s] Level 1:colcon.colcon_core.environment:checking '/home/jiataoding/franco_ros2_franka_ws/src/install/franka_fr3_moveit_config/lib/python3.10/site-packages'
[1.684s] Level 1:colcon.colcon_core.environment:checking '/home/jiataoding/franco_ros2_franka_ws/src/install/franka_fr3_moveit_config/bin'
[1.684s] INFO:colcon.colcon_core.shell:Creating package script '/home/jiataoding/franco_ros2_franka_ws/src/install/franka_fr3_moveit_config/share/franka_fr3_moveit_config/package.ps1'
[1.685s] INFO:colcon.colcon_core.shell:Creating package descriptor '/home/jiataoding/franco_ros2_franka_ws/src/install/franka_fr3_moveit_config/share/franka_fr3_moveit_config/package.dsv'
[1.686s] INFO:colcon.colcon_core.shell:Creating package script '/home/jiataoding/franco_ros2_franka_ws/src/install/franka_fr3_moveit_config/share/franka_fr3_moveit_config/package.sh'
[1.686s] INFO:colcon.colcon_core.shell:Creating package script '/home/jiataoding/franco_ros2_franka_ws/src/install/franka_fr3_moveit_config/share/franka_fr3_moveit_config/package.bash'
[1.687s] INFO:colcon.colcon_core.shell:Creating package script '/home/jiataoding/franco_ros2_franka_ws/src/install/franka_fr3_moveit_config/share/franka_fr3_moveit_config/package.zsh'
[1.688s] Level 1:colcon.colcon_core.environment:create_file_with_runtime_dependencies(/home/jiataoding/franco_ros2_franka_ws/src/install/franka_fr3_moveit_config/share/colcon-core/packages/franka_fr3_moveit_config)
[1.688s] Level 1:colcon.colcon_core.environment:create_environment_scripts_only(franka_fr3_moveit_config)
[1.689s] Level 1:colcon.colcon_core.environment:checking '/home/jiataoding/franco_ros2_franka_ws/src/install/franka_fr3_moveit_config' for CMake module files
[1.689s] Level 1:colcon.colcon_core.environment:checking '/home/jiataoding/franco_ros2_franka_ws/src/install/franka_fr3_moveit_config' for CMake config files
[1.690s] Level 1:colcon.colcon_core.shell:create_environment_hook('franka_fr3_moveit_config', 'cmake_prefix_path')
[1.690s] INFO:colcon.colcon_core.shell:Creating environment hook '/home/jiataoding/franco_ros2_franka_ws/src/install/franka_fr3_moveit_config/share/franka_fr3_moveit_config/hook/cmake_prefix_path.ps1'
[1.691s] INFO:colcon.colcon_core.shell:Creating environment descriptor '/home/jiataoding/franco_ros2_franka_ws/src/install/franka_fr3_moveit_config/share/franka_fr3_moveit_config/hook/cmake_prefix_path.dsv'
[1.691s] INFO:colcon.colcon_core.shell:Creating environment hook '/home/jiataoding/franco_ros2_franka_ws/src/install/franka_fr3_moveit_config/share/franka_fr3_moveit_config/hook/cmake_prefix_path.sh'
[1.692s] Level 1:colcon.colcon_core.environment:checking '/home/jiataoding/franco_ros2_franka_ws/src/install/franka_fr3_moveit_config/bin'
[1.692s] Level 1:colcon.colcon_core.environment:checking '/home/jiataoding/franco_ros2_franka_ws/src/install/franka_fr3_moveit_config/lib/pkgconfig/franka_fr3_moveit_config.pc'
[1.692s] Level 1:colcon.colcon_core.environment:checking '/home/jiataoding/franco_ros2_franka_ws/src/install/franka_fr3_moveit_config/lib/python3.10/site-packages'
[1.693s] Level 1:colcon.colcon_core.environment:checking '/home/jiataoding/franco_ros2_franka_ws/src/install/franka_fr3_moveit_config/bin'
[1.693s] INFO:colcon.colcon_core.shell:Creating package script '/home/jiataoding/franco_ros2_franka_ws/src/install/franka_fr3_moveit_config/share/franka_fr3_moveit_config/package.ps1'
[1.694s] INFO:colcon.colcon_core.shell:Creating package descriptor '/home/jiataoding/franco_ros2_franka_ws/src/install/franka_fr3_moveit_config/share/franka_fr3_moveit_config/package.dsv'
[1.694s] INFO:colcon.colcon_core.shell:Creating package script '/home/jiataoding/franco_ros2_franka_ws/src/install/franka_fr3_moveit_config/share/franka_fr3_moveit_config/package.sh'
[1.695s] INFO:colcon.colcon_core.shell:Creating package script '/home/jiataoding/franco_ros2_franka_ws/src/install/franka_fr3_moveit_config/share/franka_fr3_moveit_config/package.bash'
[1.695s] INFO:colcon.colcon_core.shell:Creating package script '/home/jiataoding/franco_ros2_franka_ws/src/install/franka_fr3_moveit_config/share/franka_fr3_moveit_config/package.zsh'
[1.696s] Level 1:colcon.colcon_core.environment:create_file_with_runtime_dependencies(/home/jiataoding/franco_ros2_franka_ws/src/install/franka_fr3_moveit_config/share/colcon-core/packages/franka_fr3_moveit_config)
[1.797s] DEBUG:colcon.colcon_core.event_handler.log_command:Invoked command in '/home/jiataoding/franco_ros2_franka_ws/src/build/franka_robot_state_broadcaster' returned '0': CMAKE_PREFIX_PATH=/home/jiataoding/franco_ros2_franka_ws/src/install/franka_semantic_components:/home/jiataoding/franco_ros2_franka_ws/src/install/franka_hardware:/home/jiataoding/franco_ros2_franka_ws/src/install/franka_msgs:/home/jiataoding/franco_ros2_franka_ws/src/install/joint_impedance_controller:/home/jiataoding/franco_ros2_franka_ws/src/install/integration_launch_testing:/home/jiataoding/franco_ros2_franka_ws/src/install/idra_franka_launch:/home/jiataoding/franco_ros2_franka_ws/src/install/gravity_compensation:/home/jiataoding/franco_ros2_franka_ws/src/install/franka_task_pipeline:/home/jiataoding/franco_ros2_franka_ws/src/install/franka_ros2:/home/jiataoding/franco_ros2_franka_ws/src/install/franka_bringup:/home/jiataoding/franco_ros2_franka_ws/src/install/franka_robot_state_broadcaster:/home/jiataoding/franco_ros2_franka_ws/src/install/franka_example_controllers:/home/jiataoding/franco_ros2_franka_ws/src/install/franka_gazebo_bringup:/home/jiataoding/franco_ros2_franka_ws/src/install/franka_ign_ros2_control:/home/jiataoding/franco_ros2_franka_ws/src/install/franka_fr3_moveit_config:/home/jiataoding/franco_ros2_franka_ws/src/install/franka_gripper:/home/jiataoding/franco_ros2_franka_ws/src/install/franka_description:/home/jiataoding/franco_ros2_franka_ws/src/install/cartesian_impedance_controller:/opt/ros/humble:/home/jiataoding/franco_ros2_franka_ws/src/install/effort_controller_base:/home/jiataoding/franco_ros2_franka_ws/src/install/debug_msg:/home/jiataoding/ros2_franka_ws/install/joint_impedance_controller:/home/jiataoding/ros2_franka_ws/install/integration_launch_testing:/home/jiataoding/ros2_franka_ws/install/idra_franka_launch:/home/jiataoding/ros2_franka_ws/install/gravity_compensation:/home/jiataoding/ros2_franka_ws/install/franka_task_pipeline:/home/jiataoding/ros2_franka_ws/install/franka_ros2:/home/jiataoding/ros2_franka_ws/install/franka_bringup:/home/jiataoding/ros2_franka_ws/install/franka_robot_state_broadcaster:/home/jiataoding/ros2_franka_ws/install/franka_example_controllers:/home/jiataoding/ros2_franka_ws/install/franka_semantic_components:/home/jiataoding/ros2_franka_ws/install/franka_gazebo_bringup:/home/jiataoding/ros2_franka_ws/install/franka_ign_ros2_control:/home/jiataoding/ros2_franka_ws/install/franka_fr3_moveit_config:/home/jiataoding/ros2_franka_ws/install/franka_hardware:/home/jiataoding/ros2_franka_ws/install/franka_gripper:/home/jiataoding/ros2_franka_ws/install/franka_msgs:/home/jiataoding/ros2_franka_ws/install/franka_description:/home/jiataoding/ros2_franka_ws/install/cartesian_impedance_controller:/home/jiataoding/ros2_franka_ws/install/effort_controller_base:/home/jiataoding/ros2_franka_ws/install/debug_msg:/home/jiataoding/franco_ros2_franka_ws/install/joint_impedance_controller:/home/jiataoding/franco_ros2_franka_ws/install/integration_launch_testing:/home/jiataoding/franco_ros2_franka_ws/install/idra_franka_launch:/home/jiataoding/franco_ros2_franka_ws/install/gravity_compensation:/home/jiataoding/franco_ros2_franka_ws/install/franka_task_pipeline:/home/jiataoding/franco_ros2_franka_ws/install/franka_ros2:/home/jiataoding/franco_ros2_franka_ws/install/franka_bringup:/home/jiataoding/franco_ros2_franka_ws/install/franka_robot_state_broadcaster:/home/jiataoding/franco_ros2_franka_ws/install/franka_example_controllers:/home/jiataoding/franco_ros2_franka_ws/install/franka_semantic_components:/home/jiataoding/franco_ros2_franka_ws/install/franka_gazebo_bringup:/home/jiataoding/franco_ros2_franka_ws/install/franka_ign_ros2_control:/home/jiataoding/franco_ros2_franka_ws/install/franka_fr3_moveit_config:/home/jiataoding/franco_ros2_franka_ws/install/franka_hardware:/home/jiataoding/franco_ros2_franka_ws/install/franka_gripper:/home/jiataoding/franco_ros2_franka_ws/install/franka_msgs:/home/jiataoding/franco_ros2_franka_ws/install/franka_description:/home/jiataoding/franco_ros2_franka_ws/install/cartesian_impedance_controller:/home/jiataoding/franco_ros2_franka_ws/install/effort_controller_base:/home/jiataoding/franco_ros2_franka_ws/install/debug_msg:/opt/openrobots LD_LIBRARY_PATH=/home/jiataoding/franco_ros2_franka_ws/src/install/franka_semantic_components/lib:/home/jiataoding/franco_ros2_franka_ws/src/install/franka_hardware/lib:/home/jiataoding/franco_ros2_franka_ws/src/install/franka_msgs/lib:/home/jiataoding/franco_ros2_franka_ws/src/install/joint_impedance_controller/lib:/home/jiataoding/franco_ros2_franka_ws/src/install/integration_launch_testing/lib:/home/jiataoding/franco_ros2_franka_ws/src/install/gravity_compensation/lib:/home/jiataoding/franco_ros2_franka_ws/src/install/franka_robot_state_broadcaster/lib:/home/jiataoding/franco_ros2_franka_ws/src/install/franka_example_controllers/lib:/home/jiataoding/franco_ros2_franka_ws/src/install/franka_ign_ros2_control/lib:/home/jiataoding/franco_ros2_franka_ws/src/install/franka_gripper/lib:/home/jiataoding/franco_ros2_franka_ws/src/install/cartesian_impedance_controller/lib:/home/jiataoding/franco_ros2_franka_ws/src/install/effort_controller_base/lib:/home/jiataoding/franco_ros2_franka_ws/src/install/debug_msg/lib:/home/jiataoding/libs/onnxruntime-linux-x64-1.21.0/lib:/home/jiataoding/ros2_franka_ws/install/joint_impedance_controller/lib:/home/jiataoding/ros2_franka_ws/install/integration_launch_testing/lib:/home/jiataoding/ros2_franka_ws/install/gravity_compensation/lib:/home/jiataoding/ros2_franka_ws/install/franka_robot_state_broadcaster/lib:/home/jiataoding/ros2_franka_ws/install/franka_example_controllers/lib:/home/jiataoding/ros2_franka_ws/install/franka_semantic_components/lib:/home/jiataoding/ros2_franka_ws/install/franka_ign_ros2_control/lib:/home/jiataoding/ros2_franka_ws/install/franka_hardware/lib:/home/jiataoding/ros2_franka_ws/install/franka_gripper/lib:/home/jiataoding/ros2_franka_ws/install/franka_msgs/lib:/home/jiataoding/ros2_franka_ws/install/cartesian_impedance_controller/lib:/home/jiataoding/ros2_franka_ws/install/effort_controller_base/lib:/home/jiataoding/ros2_franka_ws/install/debug_msg/lib:/home/jiataoding/franco_ros2_franka_ws/install/joint_impedance_controller/lib:/home/jiataoding/franco_ros2_franka_ws/install/integration_launch_testing/lib:/home/jiataoding/franco_ros2_franka_ws/install/gravity_compensation/lib:/home/jiataoding/franco_ros2_franka_ws/install/franka_robot_state_broadcaster/lib:/home/jiataoding/franco_ros2_franka_ws/install/franka_example_controllers/lib:/home/jiataoding/franco_ros2_franka_ws/install/franka_semantic_components/lib:/home/jiataoding/franco_ros2_franka_ws/install/franka_ign_ros2_control/lib:/home/jiataoding/franco_ros2_franka_ws/install/franka_hardware/lib:/home/jiataoding/franco_ros2_franka_ws/install/franka_gripper/lib:/home/jiataoding/franco_ros2_franka_ws/install/franka_msgs/lib:/home/jiataoding/franco_ros2_franka_ws/install/cartesian_impedance_controller/lib:/home/jiataoding/franco_ros2_franka_ws/install/effort_controller_base/lib:/home/jiataoding/franco_ros2_franka_ws/install/debug_msg/lib:/opt/openrobots/lib:/opt/ros/humble/opt/rviz_ogre_vendor/lib:/opt/ros/humble/lib/x86_64-linux-gnu:/opt/ros/humble/lib /usr/bin/cmake --build /home/jiataoding/franco_ros2_franka_ws/src/build/franka_robot_state_broadcaster -- -j24 -l24
[1.798s] DEBUG:colcon.colcon_core.event_handler.log_command:Invoking command in '/home/jiataoding/franco_ros2_franka_ws/src/build/franka_robot_state_broadcaster': CMAKE_PREFIX_PATH=/home/jiataoding/franco_ros2_franka_ws/src/install/franka_semantic_components:/home/jiataoding/franco_ros2_franka_ws/src/install/franka_hardware:/home/jiataoding/franco_ros2_franka_ws/src/install/franka_msgs:/home/jiataoding/franco_ros2_franka_ws/src/install/joint_impedance_controller:/home/jiataoding/franco_ros2_franka_ws/src/install/integration_launch_testing:/home/jiataoding/franco_ros2_franka_ws/src/install/idra_franka_launch:/home/jiataoding/franco_ros2_franka_ws/src/install/gravity_compensation:/home/jiataoding/franco_ros2_franka_ws/src/install/franka_task_pipeline:/home/jiataoding/franco_ros2_franka_ws/src/install/franka_ros2:/home/jiataoding/franco_ros2_franka_ws/src/install/franka_bringup:/home/jiataoding/franco_ros2_franka_ws/src/install/franka_robot_state_broadcaster:/home/jiataoding/franco_ros2_franka_ws/src/install/franka_example_controllers:/home/jiataoding/franco_ros2_franka_ws/src/install/franka_gazebo_bringup:/home/jiataoding/franco_ros2_franka_ws/src/install/franka_ign_ros2_control:/home/jiataoding/franco_ros2_franka_ws/src/install/franka_fr3_moveit_config:/home/jiataoding/franco_ros2_franka_ws/src/install/franka_gripper:/home/jiataoding/franco_ros2_franka_ws/src/install/franka_description:/home/jiataoding/franco_ros2_franka_ws/src/install/cartesian_impedance_controller:/opt/ros/humble:/home/jiataoding/franco_ros2_franka_ws/src/install/effort_controller_base:/home/jiataoding/franco_ros2_franka_ws/src/install/debug_msg:/home/jiataoding/ros2_franka_ws/install/joint_impedance_controller:/home/jiataoding/ros2_franka_ws/install/integration_launch_testing:/home/jiataoding/ros2_franka_ws/install/idra_franka_launch:/home/jiataoding/ros2_franka_ws/install/gravity_compensation:/home/jiataoding/ros2_franka_ws/install/franka_task_pipeline:/home/jiataoding/ros2_franka_ws/install/franka_ros2:/home/jiataoding/ros2_franka_ws/install/franka_bringup:/home/jiataoding/ros2_franka_ws/install/franka_robot_state_broadcaster:/home/jiataoding/ros2_franka_ws/install/franka_example_controllers:/home/jiataoding/ros2_franka_ws/install/franka_semantic_components:/home/jiataoding/ros2_franka_ws/install/franka_gazebo_bringup:/home/jiataoding/ros2_franka_ws/install/franka_ign_ros2_control:/home/jiataoding/ros2_franka_ws/install/franka_fr3_moveit_config:/home/jiataoding/ros2_franka_ws/install/franka_hardware:/home/jiataoding/ros2_franka_ws/install/franka_gripper:/home/jiataoding/ros2_franka_ws/install/franka_msgs:/home/jiataoding/ros2_franka_ws/install/franka_description:/home/jiataoding/ros2_franka_ws/install/cartesian_impedance_controller:/home/jiataoding/ros2_franka_ws/install/effort_controller_base:/home/jiataoding/ros2_franka_ws/install/debug_msg:/home/jiataoding/franco_ros2_franka_ws/install/joint_impedance_controller:/home/jiataoding/franco_ros2_franka_ws/install/integration_launch_testing:/home/jiataoding/franco_ros2_franka_ws/install/idra_franka_launch:/home/jiataoding/franco_ros2_franka_ws/install/gravity_compensation:/home/jiataoding/franco_ros2_franka_ws/install/franka_task_pipeline:/home/jiataoding/franco_ros2_franka_ws/install/franka_ros2:/home/jiataoding/franco_ros2_franka_ws/install/franka_bringup:/home/jiataoding/franco_ros2_franka_ws/install/franka_robot_state_broadcaster:/home/jiataoding/franco_ros2_franka_ws/install/franka_example_controllers:/home/jiataoding/franco_ros2_franka_ws/install/franka_semantic_components:/home/jiataoding/franco_ros2_franka_ws/install/franka_gazebo_bringup:/home/jiataoding/franco_ros2_franka_ws/install/franka_ign_ros2_control:/home/jiataoding/franco_ros2_franka_ws/install/franka_fr3_moveit_config:/home/jiataoding/franco_ros2_franka_ws/install/franka_hardware:/home/jiataoding/franco_ros2_franka_ws/install/franka_gripper:/home/jiataoding/franco_ros2_franka_ws/install/franka_msgs:/home/jiataoding/franco_ros2_franka_ws/install/franka_description:/home/jiataoding/franco_ros2_franka_ws/install/cartesian_impedance_controller:/home/jiataoding/franco_ros2_franka_ws/install/effort_controller_base:/home/jiataoding/franco_ros2_franka_ws/install/debug_msg:/opt/openrobots LD_LIBRARY_PATH=/home/jiataoding/franco_ros2_franka_ws/src/install/franka_semantic_components/lib:/home/jiataoding/franco_ros2_franka_ws/src/install/franka_hardware/lib:/home/jiataoding/franco_ros2_franka_ws/src/install/franka_msgs/lib:/home/jiataoding/franco_ros2_franka_ws/src/install/joint_impedance_controller/lib:/home/jiataoding/franco_ros2_franka_ws/src/install/integration_launch_testing/lib:/home/jiataoding/franco_ros2_franka_ws/src/install/gravity_compensation/lib:/home/jiataoding/franco_ros2_franka_ws/src/install/franka_robot_state_broadcaster/lib:/home/jiataoding/franco_ros2_franka_ws/src/install/franka_example_controllers/lib:/home/jiataoding/franco_ros2_franka_ws/src/install/franka_ign_ros2_control/lib:/home/jiataoding/franco_ros2_franka_ws/src/install/franka_gripper/lib:/home/jiataoding/franco_ros2_franka_ws/src/install/cartesian_impedance_controller/lib:/home/jiataoding/franco_ros2_franka_ws/src/install/effort_controller_base/lib:/home/jiataoding/franco_ros2_franka_ws/src/install/debug_msg/lib:/home/jiataoding/libs/onnxruntime-linux-x64-1.21.0/lib:/home/jiataoding/ros2_franka_ws/install/joint_impedance_controller/lib:/home/jiataoding/ros2_franka_ws/install/integration_launch_testing/lib:/home/jiataoding/ros2_franka_ws/install/gravity_compensation/lib:/home/jiataoding/ros2_franka_ws/install/franka_robot_state_broadcaster/lib:/home/jiataoding/ros2_franka_ws/install/franka_example_controllers/lib:/home/jiataoding/ros2_franka_ws/install/franka_semantic_components/lib:/home/jiataoding/ros2_franka_ws/install/franka_ign_ros2_control/lib:/home/jiataoding/ros2_franka_ws/install/franka_hardware/lib:/home/jiataoding/ros2_franka_ws/install/franka_gripper/lib:/home/jiataoding/ros2_franka_ws/install/franka_msgs/lib:/home/jiataoding/ros2_franka_ws/install/cartesian_impedance_controller/lib:/home/jiataoding/ros2_franka_ws/install/effort_controller_base/lib:/home/jiataoding/ros2_franka_ws/install/debug_msg/lib:/home/jiataoding/franco_ros2_franka_ws/install/joint_impedance_controller/lib:/home/jiataoding/franco_ros2_franka_ws/install/integration_launch_testing/lib:/home/jiataoding/franco_ros2_franka_ws/install/gravity_compensation/lib:/home/jiataoding/franco_ros2_franka_ws/install/franka_robot_state_broadcaster/lib:/home/jiataoding/franco_ros2_franka_ws/install/franka_example_controllers/lib:/home/jiataoding/franco_ros2_franka_ws/install/franka_semantic_components/lib:/home/jiataoding/franco_ros2_franka_ws/install/franka_ign_ros2_control/lib:/home/jiataoding/franco_ros2_franka_ws/install/franka_hardware/lib:/home/jiataoding/franco_ros2_franka_ws/install/franka_gripper/lib:/home/jiataoding/franco_ros2_franka_ws/install/franka_msgs/lib:/home/jiataoding/franco_ros2_franka_ws/install/cartesian_impedance_controller/lib:/home/jiataoding/franco_ros2_franka_ws/install/effort_controller_base/lib:/home/jiataoding/franco_ros2_franka_ws/install/debug_msg/lib:/opt/openrobots/lib:/opt/ros/humble/opt/rviz_ogre_vendor/lib:/opt/ros/humble/lib/x86_64-linux-gnu:/opt/ros/humble/lib /usr/bin/cmake --install /home/jiataoding/franco_ros2_franka_ws/src/build/franka_robot_state_broadcaster
[1.835s] DEBUG:colcon.colcon_core.event_handler.log_command:Invoked command in '/home/jiataoding/franco_ros2_franka_ws/src/build/franka_example_controllers' returned '0': CMAKE_PREFIX_PATH=/home/jiataoding/franco_ros2_franka_ws/src/install/franka_semantic_components:/home/jiataoding/franco_ros2_franka_ws/src/install/franka_hardware:/home/jiataoding/franco_ros2_franka_ws/src/install/franka_msgs:/home/jiataoding/franco_ros2_franka_ws/src/install/joint_impedance_controller:/home/jiataoding/franco_ros2_franka_ws/src/install/integration_launch_testing:/home/jiataoding/franco_ros2_franka_ws/src/install/idra_franka_launch:/home/jiataoding/franco_ros2_franka_ws/src/install/gravity_compensation:/home/jiataoding/franco_ros2_franka_ws/src/install/franka_task_pipeline:/home/jiataoding/franco_ros2_franka_ws/src/install/franka_ros2:/home/jiataoding/franco_ros2_franka_ws/src/install/franka_bringup:/home/jiataoding/franco_ros2_franka_ws/src/install/franka_robot_state_broadcaster:/home/jiataoding/franco_ros2_franka_ws/src/install/franka_example_controllers:/home/jiataoding/franco_ros2_franka_ws/src/install/franka_gazebo_bringup:/home/jiataoding/franco_ros2_franka_ws/src/install/franka_ign_ros2_control:/home/jiataoding/franco_ros2_franka_ws/src/install/franka_fr3_moveit_config:/home/jiataoding/franco_ros2_franka_ws/src/install/franka_gripper:/home/jiataoding/franco_ros2_franka_ws/src/install/franka_description:/home/jiataoding/franco_ros2_franka_ws/src/install/cartesian_impedance_controller:/opt/ros/humble:/home/jiataoding/franco_ros2_franka_ws/src/install/effort_controller_base:/home/jiataoding/franco_ros2_franka_ws/src/install/debug_msg:/home/jiataoding/ros2_franka_ws/install/joint_impedance_controller:/home/jiataoding/ros2_franka_ws/install/integration_launch_testing:/home/jiataoding/ros2_franka_ws/install/idra_franka_launch:/home/jiataoding/ros2_franka_ws/install/gravity_compensation:/home/jiataoding/ros2_franka_ws/install/franka_task_pipeline:/home/jiataoding/ros2_franka_ws/install/franka_ros2:/home/jiataoding/ros2_franka_ws/install/franka_bringup:/home/jiataoding/ros2_franka_ws/install/franka_robot_state_broadcaster:/home/jiataoding/ros2_franka_ws/install/franka_example_controllers:/home/jiataoding/ros2_franka_ws/install/franka_semantic_components:/home/jiataoding/ros2_franka_ws/install/franka_gazebo_bringup:/home/jiataoding/ros2_franka_ws/install/franka_ign_ros2_control:/home/jiataoding/ros2_franka_ws/install/franka_fr3_moveit_config:/home/jiataoding/ros2_franka_ws/install/franka_hardware:/home/jiataoding/ros2_franka_ws/install/franka_gripper:/home/jiataoding/ros2_franka_ws/install/franka_msgs:/home/jiataoding/ros2_franka_ws/install/franka_description:/home/jiataoding/ros2_franka_ws/install/cartesian_impedance_controller:/home/jiataoding/ros2_franka_ws/install/effort_controller_base:/home/jiataoding/ros2_franka_ws/install/debug_msg:/home/jiataoding/franco_ros2_franka_ws/install/joint_impedance_controller:/home/jiataoding/franco_ros2_franka_ws/install/integration_launch_testing:/home/jiataoding/franco_ros2_franka_ws/install/idra_franka_launch:/home/jiataoding/franco_ros2_franka_ws/install/gravity_compensation:/home/jiataoding/franco_ros2_franka_ws/install/franka_task_pipeline:/home/jiataoding/franco_ros2_franka_ws/install/franka_ros2:/home/jiataoding/franco_ros2_franka_ws/install/franka_bringup:/home/jiataoding/franco_ros2_franka_ws/install/franka_robot_state_broadcaster:/home/jiataoding/franco_ros2_franka_ws/install/franka_example_controllers:/home/jiataoding/franco_ros2_franka_ws/install/franka_semantic_components:/home/jiataoding/franco_ros2_franka_ws/install/franka_gazebo_bringup:/home/jiataoding/franco_ros2_franka_ws/install/franka_ign_ros2_control:/home/jiataoding/franco_ros2_franka_ws/install/franka_fr3_moveit_config:/home/jiataoding/franco_ros2_franka_ws/install/franka_hardware:/home/jiataoding/franco_ros2_franka_ws/install/franka_gripper:/home/jiataoding/franco_ros2_franka_ws/install/franka_msgs:/home/jiataoding/franco_ros2_franka_ws/install/franka_description:/home/jiataoding/franco_ros2_franka_ws/install/cartesian_impedance_controller:/home/jiataoding/franco_ros2_franka_ws/install/effort_controller_base:/home/jiataoding/franco_ros2_franka_ws/install/debug_msg:/opt/openrobots LD_LIBRARY_PATH=/home/jiataoding/franco_ros2_franka_ws/src/install/franka_semantic_components/lib:/home/jiataoding/franco_ros2_franka_ws/src/install/franka_hardware/lib:/home/jiataoding/franco_ros2_franka_ws/src/install/franka_msgs/lib:/home/jiataoding/franco_ros2_franka_ws/src/install/joint_impedance_controller/lib:/home/jiataoding/franco_ros2_franka_ws/src/install/integration_launch_testing/lib:/home/jiataoding/franco_ros2_franka_ws/src/install/gravity_compensation/lib:/home/jiataoding/franco_ros2_franka_ws/src/install/franka_robot_state_broadcaster/lib:/home/jiataoding/franco_ros2_franka_ws/src/install/franka_example_controllers/lib:/home/jiataoding/franco_ros2_franka_ws/src/install/franka_ign_ros2_control/lib:/home/jiataoding/franco_ros2_franka_ws/src/install/franka_gripper/lib:/home/jiataoding/franco_ros2_franka_ws/src/install/cartesian_impedance_controller/lib:/home/jiataoding/franco_ros2_franka_ws/src/install/effort_controller_base/lib:/home/jiataoding/franco_ros2_franka_ws/src/install/debug_msg/lib:/home/jiataoding/libs/onnxruntime-linux-x64-1.21.0/lib:/home/jiataoding/ros2_franka_ws/install/joint_impedance_controller/lib:/home/jiataoding/ros2_franka_ws/install/integration_launch_testing/lib:/home/jiataoding/ros2_franka_ws/install/gravity_compensation/lib:/home/jiataoding/ros2_franka_ws/install/franka_robot_state_broadcaster/lib:/home/jiataoding/ros2_franka_ws/install/franka_example_controllers/lib:/home/jiataoding/ros2_franka_ws/install/franka_semantic_components/lib:/home/jiataoding/ros2_franka_ws/install/franka_ign_ros2_control/lib:/home/jiataoding/ros2_franka_ws/install/franka_hardware/lib:/home/jiataoding/ros2_franka_ws/install/franka_gripper/lib:/home/jiataoding/ros2_franka_ws/install/franka_msgs/lib:/home/jiataoding/ros2_franka_ws/install/cartesian_impedance_controller/lib:/home/jiataoding/ros2_franka_ws/install/effort_controller_base/lib:/home/jiataoding/ros2_franka_ws/install/debug_msg/lib:/home/jiataoding/franco_ros2_franka_ws/install/joint_impedance_controller/lib:/home/jiataoding/franco_ros2_franka_ws/install/integration_launch_testing/lib:/home/jiataoding/franco_ros2_franka_ws/install/gravity_compensation/lib:/home/jiataoding/franco_ros2_franka_ws/install/franka_robot_state_broadcaster/lib:/home/jiataoding/franco_ros2_franka_ws/install/franka_example_controllers/lib:/home/jiataoding/franco_ros2_franka_ws/install/franka_semantic_components/lib:/home/jiataoding/franco_ros2_franka_ws/install/franka_ign_ros2_control/lib:/home/jiataoding/franco_ros2_franka_ws/install/franka_hardware/lib:/home/jiataoding/franco_ros2_franka_ws/install/franka_gripper/lib:/home/jiataoding/franco_ros2_franka_ws/install/franka_msgs/lib:/home/jiataoding/franco_ros2_franka_ws/install/cartesian_impedance_controller/lib:/home/jiataoding/franco_ros2_franka_ws/install/effort_controller_base/lib:/home/jiataoding/franco_ros2_franka_ws/install/debug_msg/lib:/opt/openrobots/lib:/opt/ros/humble/opt/rviz_ogre_vendor/lib:/opt/ros/humble/lib/x86_64-linux-gnu:/opt/ros/humble/lib /usr/bin/cmake --build /home/jiataoding/franco_ros2_franka_ws/src/build/franka_example_controllers -- -j24 -l24
[1.837s] DEBUG:colcon.colcon_core.event_handler.log_command:Invoking command in '/home/jiataoding/franco_ros2_franka_ws/src/build/franka_example_controllers': CMAKE_PREFIX_PATH=/home/jiataoding/franco_ros2_franka_ws/src/install/franka_semantic_components:/home/jiataoding/franco_ros2_franka_ws/src/install/franka_hardware:/home/jiataoding/franco_ros2_franka_ws/src/install/franka_msgs:/home/jiataoding/franco_ros2_franka_ws/src/install/joint_impedance_controller:/home/jiataoding/franco_ros2_franka_ws/src/install/integration_launch_testing:/home/jiataoding/franco_ros2_franka_ws/src/install/idra_franka_launch:/home/jiataoding/franco_ros2_franka_ws/src/install/gravity_compensation:/home/jiataoding/franco_ros2_franka_ws/src/install/franka_task_pipeline:/home/jiataoding/franco_ros2_franka_ws/src/install/franka_ros2:/home/jiataoding/franco_ros2_franka_ws/src/install/franka_bringup:/home/jiataoding/franco_ros2_franka_ws/src/install/franka_robot_state_broadcaster:/home/jiataoding/franco_ros2_franka_ws/src/install/franka_example_controllers:/home/jiataoding/franco_ros2_franka_ws/src/install/franka_gazebo_bringup:/home/jiataoding/franco_ros2_franka_ws/src/install/franka_ign_ros2_control:/home/jiataoding/franco_ros2_franka_ws/src/install/franka_fr3_moveit_config:/home/jiataoding/franco_ros2_franka_ws/src/install/franka_gripper:/home/jiataoding/franco_ros2_franka_ws/src/install/franka_description:/home/jiataoding/franco_ros2_franka_ws/src/install/cartesian_impedance_controller:/opt/ros/humble:/home/jiataoding/franco_ros2_franka_ws/src/install/effort_controller_base:/home/jiataoding/franco_ros2_franka_ws/src/install/debug_msg:/home/jiataoding/ros2_franka_ws/install/joint_impedance_controller:/home/jiataoding/ros2_franka_ws/install/integration_launch_testing:/home/jiataoding/ros2_franka_ws/install/idra_franka_launch:/home/jiataoding/ros2_franka_ws/install/gravity_compensation:/home/jiataoding/ros2_franka_ws/install/franka_task_pipeline:/home/jiataoding/ros2_franka_ws/install/franka_ros2:/home/jiataoding/ros2_franka_ws/install/franka_bringup:/home/jiataoding/ros2_franka_ws/install/franka_robot_state_broadcaster:/home/jiataoding/ros2_franka_ws/install/franka_example_controllers:/home/jiataoding/ros2_franka_ws/install/franka_semantic_components:/home/jiataoding/ros2_franka_ws/install/franka_gazebo_bringup:/home/jiataoding/ros2_franka_ws/install/franka_ign_ros2_control:/home/jiataoding/ros2_franka_ws/install/franka_fr3_moveit_config:/home/jiataoding/ros2_franka_ws/install/franka_hardware:/home/jiataoding/ros2_franka_ws/install/franka_gripper:/home/jiataoding/ros2_franka_ws/install/franka_msgs:/home/jiataoding/ros2_franka_ws/install/franka_description:/home/jiataoding/ros2_franka_ws/install/cartesian_impedance_controller:/home/jiataoding/ros2_franka_ws/install/effort_controller_base:/home/jiataoding/ros2_franka_ws/install/debug_msg:/home/jiataoding/franco_ros2_franka_ws/install/joint_impedance_controller:/home/jiataoding/franco_ros2_franka_ws/install/integration_launch_testing:/home/jiataoding/franco_ros2_franka_ws/install/idra_franka_launch:/home/jiataoding/franco_ros2_franka_ws/install/gravity_compensation:/home/jiataoding/franco_ros2_franka_ws/install/franka_task_pipeline:/home/jiataoding/franco_ros2_franka_ws/install/franka_ros2:/home/jiataoding/franco_ros2_franka_ws/install/franka_bringup:/home/jiataoding/franco_ros2_franka_ws/install/franka_robot_state_broadcaster:/home/jiataoding/franco_ros2_franka_ws/install/franka_example_controllers:/home/jiataoding/franco_ros2_franka_ws/install/franka_semantic_components:/home/jiataoding/franco_ros2_franka_ws/install/franka_gazebo_bringup:/home/jiataoding/franco_ros2_franka_ws/install/franka_ign_ros2_control:/home/jiataoding/franco_ros2_franka_ws/install/franka_fr3_moveit_config:/home/jiataoding/franco_ros2_franka_ws/install/franka_hardware:/home/jiataoding/franco_ros2_franka_ws/install/franka_gripper:/home/jiataoding/franco_ros2_franka_ws/install/franka_msgs:/home/jiataoding/franco_ros2_franka_ws/install/franka_description:/home/jiataoding/franco_ros2_franka_ws/install/cartesian_impedance_controller:/home/jiataoding/franco_ros2_franka_ws/install/effort_controller_base:/home/jiataoding/franco_ros2_franka_ws/install/debug_msg:/opt/openrobots LD_LIBRARY_PATH=/home/jiataoding/franco_ros2_franka_ws/src/install/franka_semantic_components/lib:/home/jiataoding/franco_ros2_franka_ws/src/install/franka_hardware/lib:/home/jiataoding/franco_ros2_franka_ws/src/install/franka_msgs/lib:/home/jiataoding/franco_ros2_franka_ws/src/install/joint_impedance_controller/lib:/home/jiataoding/franco_ros2_franka_ws/src/install/integration_launch_testing/lib:/home/jiataoding/franco_ros2_franka_ws/src/install/gravity_compensation/lib:/home/jiataoding/franco_ros2_franka_ws/src/install/franka_robot_state_broadcaster/lib:/home/jiataoding/franco_ros2_franka_ws/src/install/franka_example_controllers/lib:/home/jiataoding/franco_ros2_franka_ws/src/install/franka_ign_ros2_control/lib:/home/jiataoding/franco_ros2_franka_ws/src/install/franka_gripper/lib:/home/jiataoding/franco_ros2_franka_ws/src/install/cartesian_impedance_controller/lib:/home/jiataoding/franco_ros2_franka_ws/src/install/effort_controller_base/lib:/home/jiataoding/franco_ros2_franka_ws/src/install/debug_msg/lib:/home/jiataoding/libs/onnxruntime-linux-x64-1.21.0/lib:/home/jiataoding/ros2_franka_ws/install/joint_impedance_controller/lib:/home/jiataoding/ros2_franka_ws/install/integration_launch_testing/lib:/home/jiataoding/ros2_franka_ws/install/gravity_compensation/lib:/home/jiataoding/ros2_franka_ws/install/franka_robot_state_broadcaster/lib:/home/jiataoding/ros2_franka_ws/install/franka_example_controllers/lib:/home/jiataoding/ros2_franka_ws/install/franka_semantic_components/lib:/home/jiataoding/ros2_franka_ws/install/franka_ign_ros2_control/lib:/home/jiataoding/ros2_franka_ws/install/franka_hardware/lib:/home/jiataoding/ros2_franka_ws/install/franka_gripper/lib:/home/jiataoding/ros2_franka_ws/install/franka_msgs/lib:/home/jiataoding/ros2_franka_ws/install/cartesian_impedance_controller/lib:/home/jiataoding/ros2_franka_ws/install/effort_controller_base/lib:/home/jiataoding/ros2_franka_ws/install/debug_msg/lib:/home/jiataoding/franco_ros2_franka_ws/install/joint_impedance_controller/lib:/home/jiataoding/franco_ros2_franka_ws/install/integration_launch_testing/lib:/home/jiataoding/franco_ros2_franka_ws/install/gravity_compensation/lib:/home/jiataoding/franco_ros2_franka_ws/install/franka_robot_state_broadcaster/lib:/home/jiataoding/franco_ros2_franka_ws/install/franka_example_controllers/lib:/home/jiataoding/franco_ros2_franka_ws/install/franka_semantic_components/lib:/home/jiataoding/franco_ros2_franka_ws/install/franka_ign_ros2_control/lib:/home/jiataoding/franco_ros2_franka_ws/install/franka_hardware/lib:/home/jiataoding/franco_ros2_franka_ws/install/franka_gripper/lib:/home/jiataoding/franco_ros2_franka_ws/install/franka_msgs/lib:/home/jiataoding/franco_ros2_franka_ws/install/cartesian_impedance_controller/lib:/home/jiataoding/franco_ros2_franka_ws/install/effort_controller_base/lib:/home/jiataoding/franco_ros2_franka_ws/install/debug_msg/lib:/opt/openrobots/lib:/opt/ros/humble/opt/rviz_ogre_vendor/lib:/opt/ros/humble/lib/x86_64-linux-gnu:/opt/ros/humble/lib /usr/bin/cmake --install /home/jiataoding/franco_ros2_franka_ws/src/build/franka_example_controllers
[1.846s] Level 1:colcon.colcon_core.environment:create_environment_scripts_only(franka_robot_state_broadcaster)
[1.846s] Level 1:colcon.colcon_core.environment:checking '/home/jiataoding/franco_ros2_franka_ws/src/install/franka_robot_state_broadcaster' for CMake module files
[1.847s] DEBUG:colcon.colcon_core.event_handler.log_command:Invoked command in '/home/jiataoding/franco_ros2_franka_ws/src/build/franka_robot_state_broadcaster' returned '0': CMAKE_PREFIX_PATH=/home/jiataoding/franco_ros2_franka_ws/src/install/franka_semantic_components:/home/jiataoding/franco_ros2_franka_ws/src/install/franka_hardware:/home/jiataoding/franco_ros2_franka_ws/src/install/franka_msgs:/home/jiataoding/franco_ros2_franka_ws/src/install/joint_impedance_controller:/home/jiataoding/franco_ros2_franka_ws/src/install/integration_launch_testing:/home/jiataoding/franco_ros2_franka_ws/src/install/idra_franka_launch:/home/jiataoding/franco_ros2_franka_ws/src/install/gravity_compensation:/home/jiataoding/franco_ros2_franka_ws/src/install/franka_task_pipeline:/home/jiataoding/franco_ros2_franka_ws/src/install/franka_ros2:/home/jiataoding/franco_ros2_franka_ws/src/install/franka_bringup:/home/jiataoding/franco_ros2_franka_ws/src/install/franka_robot_state_broadcaster:/home/jiataoding/franco_ros2_franka_ws/src/install/franka_example_controllers:/home/jiataoding/franco_ros2_franka_ws/src/install/franka_gazebo_bringup:/home/jiataoding/franco_ros2_franka_ws/src/install/franka_ign_ros2_control:/home/jiataoding/franco_ros2_franka_ws/src/install/franka_fr3_moveit_config:/home/jiataoding/franco_ros2_franka_ws/src/install/franka_gripper:/home/jiataoding/franco_ros2_franka_ws/src/install/franka_description:/home/jiataoding/franco_ros2_franka_ws/src/install/cartesian_impedance_controller:/opt/ros/humble:/home/jiataoding/franco_ros2_franka_ws/src/install/effort_controller_base:/home/jiataoding/franco_ros2_franka_ws/src/install/debug_msg:/home/jiataoding/ros2_franka_ws/install/joint_impedance_controller:/home/jiataoding/ros2_franka_ws/install/integration_launch_testing:/home/jiataoding/ros2_franka_ws/install/idra_franka_launch:/home/jiataoding/ros2_franka_ws/install/gravity_compensation:/home/jiataoding/ros2_franka_ws/install/franka_task_pipeline:/home/jiataoding/ros2_franka_ws/install/franka_ros2:/home/jiataoding/ros2_franka_ws/install/franka_bringup:/home/jiataoding/ros2_franka_ws/install/franka_robot_state_broadcaster:/home/jiataoding/ros2_franka_ws/install/franka_example_controllers:/home/jiataoding/ros2_franka_ws/install/franka_semantic_components:/home/jiataoding/ros2_franka_ws/install/franka_gazebo_bringup:/home/jiataoding/ros2_franka_ws/install/franka_ign_ros2_control:/home/jiataoding/ros2_franka_ws/install/franka_fr3_moveit_config:/home/jiataoding/ros2_franka_ws/install/franka_hardware:/home/jiataoding/ros2_franka_ws/install/franka_gripper:/home/jiataoding/ros2_franka_ws/install/franka_msgs:/home/jiataoding/ros2_franka_ws/install/franka_description:/home/jiataoding/ros2_franka_ws/install/cartesian_impedance_controller:/home/jiataoding/ros2_franka_ws/install/effort_controller_base:/home/jiataoding/ros2_franka_ws/install/debug_msg:/home/jiataoding/franco_ros2_franka_ws/install/joint_impedance_controller:/home/jiataoding/franco_ros2_franka_ws/install/integration_launch_testing:/home/jiataoding/franco_ros2_franka_ws/install/idra_franka_launch:/home/jiataoding/franco_ros2_franka_ws/install/gravity_compensation:/home/jiataoding/franco_ros2_franka_ws/install/franka_task_pipeline:/home/jiataoding/franco_ros2_franka_ws/install/franka_ros2:/home/jiataoding/franco_ros2_franka_ws/install/franka_bringup:/home/jiataoding/franco_ros2_franka_ws/install/franka_robot_state_broadcaster:/home/jiataoding/franco_ros2_franka_ws/install/franka_example_controllers:/home/jiataoding/franco_ros2_franka_ws/install/franka_semantic_components:/home/jiataoding/franco_ros2_franka_ws/install/franka_gazebo_bringup:/home/jiataoding/franco_ros2_franka_ws/install/franka_ign_ros2_control:/home/jiataoding/franco_ros2_franka_ws/install/franka_fr3_moveit_config:/home/jiataoding/franco_ros2_franka_ws/install/franka_hardware:/home/jiataoding/franco_ros2_franka_ws/install/franka_gripper:/home/jiataoding/franco_ros2_franka_ws/install/franka_msgs:/home/jiataoding/franco_ros2_franka_ws/install/franka_description:/home/jiataoding/franco_ros2_franka_ws/install/cartesian_impedance_controller:/home/jiataoding/franco_ros2_franka_ws/install/effort_controller_base:/home/jiataoding/franco_ros2_franka_ws/install/debug_msg:/opt/openrobots LD_LIBRARY_PATH=/home/jiataoding/franco_ros2_franka_ws/src/install/franka_semantic_components/lib:/home/jiataoding/franco_ros2_franka_ws/src/install/franka_hardware/lib:/home/jiataoding/franco_ros2_franka_ws/src/install/franka_msgs/lib:/home/jiataoding/franco_ros2_franka_ws/src/install/joint_impedance_controller/lib:/home/jiataoding/franco_ros2_franka_ws/src/install/integration_launch_testing/lib:/home/jiataoding/franco_ros2_franka_ws/src/install/gravity_compensation/lib:/home/jiataoding/franco_ros2_franka_ws/src/install/franka_robot_state_broadcaster/lib:/home/jiataoding/franco_ros2_franka_ws/src/install/franka_example_controllers/lib:/home/jiataoding/franco_ros2_franka_ws/src/install/franka_ign_ros2_control/lib:/home/jiataoding/franco_ros2_franka_ws/src/install/franka_gripper/lib:/home/jiataoding/franco_ros2_franka_ws/src/install/cartesian_impedance_controller/lib:/home/jiataoding/franco_ros2_franka_ws/src/install/effort_controller_base/lib:/home/jiataoding/franco_ros2_franka_ws/src/install/debug_msg/lib:/home/jiataoding/libs/onnxruntime-linux-x64-1.21.0/lib:/home/jiataoding/ros2_franka_ws/install/joint_impedance_controller/lib:/home/jiataoding/ros2_franka_ws/install/integration_launch_testing/lib:/home/jiataoding/ros2_franka_ws/install/gravity_compensation/lib:/home/jiataoding/ros2_franka_ws/install/franka_robot_state_broadcaster/lib:/home/jiataoding/ros2_franka_ws/install/franka_example_controllers/lib:/home/jiataoding/ros2_franka_ws/install/franka_semantic_components/lib:/home/jiataoding/ros2_franka_ws/install/franka_ign_ros2_control/lib:/home/jiataoding/ros2_franka_ws/install/franka_hardware/lib:/home/jiataoding/ros2_franka_ws/install/franka_gripper/lib:/home/jiataoding/ros2_franka_ws/install/franka_msgs/lib:/home/jiataoding/ros2_franka_ws/install/cartesian_impedance_controller/lib:/home/jiataoding/ros2_franka_ws/install/effort_controller_base/lib:/home/jiataoding/ros2_franka_ws/install/debug_msg/lib:/home/jiataoding/franco_ros2_franka_ws/install/joint_impedance_controller/lib:/home/jiataoding/franco_ros2_franka_ws/install/integration_launch_testing/lib:/home/jiataoding/franco_ros2_franka_ws/install/gravity_compensation/lib:/home/jiataoding/franco_ros2_franka_ws/install/franka_robot_state_broadcaster/lib:/home/jiataoding/franco_ros2_franka_ws/install/franka_example_controllers/lib:/home/jiataoding/franco_ros2_franka_ws/install/franka_semantic_components/lib:/home/jiataoding/franco_ros2_franka_ws/install/franka_ign_ros2_control/lib:/home/jiataoding/franco_ros2_franka_ws/install/franka_hardware/lib:/home/jiataoding/franco_ros2_franka_ws/install/franka_gripper/lib:/home/jiataoding/franco_ros2_franka_ws/install/franka_msgs/lib:/home/jiataoding/franco_ros2_franka_ws/install/cartesian_impedance_controller/lib:/home/jiataoding/franco_ros2_franka_ws/install/effort_controller_base/lib:/home/jiataoding/franco_ros2_franka_ws/install/debug_msg/lib:/opt/openrobots/lib:/opt/ros/humble/opt/rviz_ogre_vendor/lib:/opt/ros/humble/lib/x86_64-linux-gnu:/opt/ros/humble/lib /usr/bin/cmake --install /home/jiataoding/franco_ros2_franka_ws/src/build/franka_robot_state_broadcaster
[1.848s] Level 1:colcon.colcon_core.environment:checking '/home/jiataoding/franco_ros2_franka_ws/src/install/franka_robot_state_broadcaster' for CMake config files
[1.848s] Level 1:colcon.colcon_core.shell:create_environment_hook('franka_robot_state_broadcaster', 'cmake_prefix_path')
[1.849s] INFO:colcon.colcon_core.shell:Creating environment hook '/home/jiataoding/franco_ros2_franka_ws/src/install/franka_robot_state_broadcaster/share/franka_robot_state_broadcaster/hook/cmake_prefix_path.ps1'
[1.850s] INFO:colcon.colcon_core.shell:Creating environment descriptor '/home/jiataoding/franco_ros2_franka_ws/src/install/franka_robot_state_broadcaster/share/franka_robot_state_broadcaster/hook/cmake_prefix_path.dsv'
[1.851s] INFO:colcon.colcon_core.shell:Creating environment hook '/home/jiataoding/franco_ros2_franka_ws/src/install/franka_robot_state_broadcaster/share/franka_robot_state_broadcaster/hook/cmake_prefix_path.sh'
[1.852s] Level 1:colcon.colcon_core.environment:checking '/home/jiataoding/franco_ros2_franka_ws/src/install/franka_robot_state_broadcaster/lib'
[1.853s] Level 1:colcon.colcon_core.shell:create_environment_hook('franka_robot_state_broadcaster', 'ld_library_path_lib')
[1.853s] INFO:colcon.colcon_core.shell:Creating environment hook '/home/jiataoding/franco_ros2_franka_ws/src/install/franka_robot_state_broadcaster/share/franka_robot_state_broadcaster/hook/ld_library_path_lib.ps1'
[1.854s] INFO:colcon.colcon_core.shell:Creating environment descriptor '/home/jiataoding/franco_ros2_franka_ws/src/install/franka_robot_state_broadcaster/share/franka_robot_state_broadcaster/hook/ld_library_path_lib.dsv'
[1.855s] INFO:colcon.colcon_core.shell:Creating environment hook '/home/jiataoding/franco_ros2_franka_ws/src/install/franka_robot_state_broadcaster/share/franka_robot_state_broadcaster/hook/ld_library_path_lib.sh'
[1.856s] Level 1:colcon.colcon_core.environment:checking '/home/jiataoding/franco_ros2_franka_ws/src/install/franka_robot_state_broadcaster/bin'
[1.856s] Level 1:colcon.colcon_core.environment:checking '/home/jiataoding/franco_ros2_franka_ws/src/install/franka_robot_state_broadcaster/lib/pkgconfig/franka_robot_state_broadcaster.pc'
[1.857s] Level 1:colcon.colcon_core.environment:checking '/home/jiataoding/franco_ros2_franka_ws/src/install/franka_robot_state_broadcaster/lib/python3.10/site-packages'
[1.857s] Level 1:colcon.colcon_core.environment:checking '/home/jiataoding/franco_ros2_franka_ws/src/install/franka_robot_state_broadcaster/bin'
[1.857s] INFO:colcon.colcon_core.shell:Creating package script '/home/jiataoding/franco_ros2_franka_ws/src/install/franka_robot_state_broadcaster/share/franka_robot_state_broadcaster/package.ps1'
[1.858s] INFO:colcon.colcon_core.shell:Creating package descriptor '/home/jiataoding/franco_ros2_franka_ws/src/install/franka_robot_state_broadcaster/share/franka_robot_state_broadcaster/package.dsv'
[1.859s] INFO:colcon.colcon_core.shell:Creating package script '/home/jiataoding/franco_ros2_franka_ws/src/install/franka_robot_state_broadcaster/share/franka_robot_state_broadcaster/package.sh'
[1.859s] INFO:colcon.colcon_core.shell:Creating package script '/home/jiataoding/franco_ros2_franka_ws/src/install/franka_robot_state_broadcaster/share/franka_robot_state_broadcaster/package.bash'
[1.860s] INFO:colcon.colcon_core.shell:Creating package script '/home/jiataoding/franco_ros2_franka_ws/src/install/franka_robot_state_broadcaster/share/franka_robot_state_broadcaster/package.zsh'
[1.860s] Level 1:colcon.colcon_core.environment:create_file_with_runtime_dependencies(/home/jiataoding/franco_ros2_franka_ws/src/install/franka_robot_state_broadcaster/share/colcon-core/packages/franka_robot_state_broadcaster)
[1.861s] Level 1:colcon.colcon_core.environment:create_environment_scripts_only(franka_robot_state_broadcaster)
[1.862s] Level 1:colcon.colcon_core.environment:checking '/home/jiataoding/franco_ros2_franka_ws/src/install/franka_robot_state_broadcaster' for CMake module files
[1.862s] Level 1:colcon.colcon_core.environment:checking '/home/jiataoding/franco_ros2_franka_ws/src/install/franka_robot_state_broadcaster' for CMake config files
[1.862s] Level 1:colcon.colcon_core.shell:create_environment_hook('franka_robot_state_broadcaster', 'cmake_prefix_path')
[1.862s] INFO:colcon.colcon_core.shell:Creating environment hook '/home/jiataoding/franco_ros2_franka_ws/src/install/franka_robot_state_broadcaster/share/franka_robot_state_broadcaster/hook/cmake_prefix_path.ps1'
[1.863s] INFO:colcon.colcon_core.shell:Creating environment descriptor '/home/jiataoding/franco_ros2_franka_ws/src/install/franka_robot_state_broadcaster/share/franka_robot_state_broadcaster/hook/cmake_prefix_path.dsv'
[1.863s] INFO:colcon.colcon_core.shell:Creating environment hook '/home/jiataoding/franco_ros2_franka_ws/src/install/franka_robot_state_broadcaster/share/franka_robot_state_broadcaster/hook/cmake_prefix_path.sh'
[1.864s] Level 1:colcon.colcon_core.environment:checking '/home/jiataoding/franco_ros2_franka_ws/src/install/franka_robot_state_broadcaster/lib'
[1.864s] Level 1:colcon.colcon_core.shell:create_environment_hook('franka_robot_state_broadcaster', 'ld_library_path_lib')
[1.864s] INFO:colcon.colcon_core.shell:Creating environment hook '/home/jiataoding/franco_ros2_franka_ws/src/install/franka_robot_state_broadcaster/share/franka_robot_state_broadcaster/hook/ld_library_path_lib.ps1'
[1.865s] INFO:colcon.colcon_core.shell:Creating environment descriptor '/home/jiataoding/franco_ros2_franka_ws/src/install/franka_robot_state_broadcaster/share/franka_robot_state_broadcaster/hook/ld_library_path_lib.dsv'
[1.865s] INFO:colcon.colcon_core.shell:Creating environment hook '/home/jiataoding/franco_ros2_franka_ws/src/install/franka_robot_state_broadcaster/share/franka_robot_state_broadcaster/hook/ld_library_path_lib.sh'
[1.866s] Level 1:colcon.colcon_core.environment:checking '/home/jiataoding/franco_ros2_franka_ws/src/install/franka_robot_state_broadcaster/bin'
[1.866s] Level 1:colcon.colcon_core.environment:checking '/home/jiataoding/franco_ros2_franka_ws/src/install/franka_robot_state_broadcaster/lib/pkgconfig/franka_robot_state_broadcaster.pc'
[1.866s] Level 1:colcon.colcon_core.environment:checking '/home/jiataoding/franco_ros2_franka_ws/src/install/franka_robot_state_broadcaster/lib/python3.10/site-packages'
[1.867s] Level 1:colcon.colcon_core.environment:checking '/home/jiataoding/franco_ros2_franka_ws/src/install/franka_robot_state_broadcaster/bin'
[1.867s] INFO:colcon.colcon_core.shell:Creating package script '/home/jiataoding/franco_ros2_franka_ws/src/install/franka_robot_state_broadcaster/share/franka_robot_state_broadcaster/package.ps1'
[1.868s] INFO:colcon.colcon_core.shell:Creating package descriptor '/home/jiataoding/franco_ros2_franka_ws/src/install/franka_robot_state_broadcaster/share/franka_robot_state_broadcaster/package.dsv'
[1.869s] INFO:colcon.colcon_core.shell:Creating package script '/home/jiataoding/franco_ros2_franka_ws/src/install/franka_robot_state_broadcaster/share/franka_robot_state_broadcaster/package.sh'
[1.869s] INFO:colcon.colcon_core.shell:Creating package script '/home/jiataoding/franco_ros2_franka_ws/src/install/franka_robot_state_broadcaster/share/franka_robot_state_broadcaster/package.bash'
[1.870s] INFO:colcon.colcon_core.shell:Creating package script '/home/jiataoding/franco_ros2_franka_ws/src/install/franka_robot_state_broadcaster/share/franka_robot_state_broadcaster/package.zsh'
[1.870s] Level 1:colcon.colcon_core.environment:create_file_with_runtime_dependencies(/home/jiataoding/franco_ros2_franka_ws/src/install/franka_robot_state_broadcaster/share/colcon-core/packages/franka_robot_state_broadcaster)
[1.871s] INFO:colcon.colcon_ros.task.ament_cmake.build:Building ROS package in '/home/jiataoding/franco_ros2_franka_ws/src/franka_ros2/franka_bringup' with build type 'ament_cmake'
[1.871s] INFO:colcon.colcon_cmake.task.cmake.build:Building CMake package in '/home/jiataoding/franco_ros2_franka_ws/src/franka_ros2/franka_bringup'
[1.871s] INFO:colcon.colcon_core.shell:Skip shell extension 'powershell' for command environment: Not usable outside of PowerShell
[1.871s] DEBUG:colcon.colcon_core.shell:Skip shell extension 'dsv' for command environment
[1.883s] Level 1:colcon.colcon_core.environment:create_environment_scripts_only(franka_example_controllers)
[1.883s] Level 1:colcon.colcon_core.environment:checking '/home/jiataoding/franco_ros2_franka_ws/src/install/franka_example_controllers' for CMake module files
[1.883s] DEBUG:colcon.colcon_core.event_handler.log_command:Invoked command in '/home/jiataoding/franco_ros2_franka_ws/src/build/franka_example_controllers' returned '0': CMAKE_PREFIX_PATH=/home/jiataoding/franco_ros2_franka_ws/src/install/franka_semantic_components:/home/jiataoding/franco_ros2_franka_ws/src/install/franka_hardware:/home/jiataoding/franco_ros2_franka_ws/src/install/franka_msgs:/home/jiataoding/franco_ros2_franka_ws/src/install/joint_impedance_controller:/home/jiataoding/franco_ros2_franka_ws/src/install/integration_launch_testing:/home/jiataoding/franco_ros2_franka_ws/src/install/idra_franka_launch:/home/jiataoding/franco_ros2_franka_ws/src/install/gravity_compensation:/home/jiataoding/franco_ros2_franka_ws/src/install/franka_task_pipeline:/home/jiataoding/franco_ros2_franka_ws/src/install/franka_ros2:/home/jiataoding/franco_ros2_franka_ws/src/install/franka_bringup:/home/jiataoding/franco_ros2_franka_ws/src/install/franka_robot_state_broadcaster:/home/jiataoding/franco_ros2_franka_ws/src/install/franka_example_controllers:/home/jiataoding/franco_ros2_franka_ws/src/install/franka_gazebo_bringup:/home/jiataoding/franco_ros2_franka_ws/src/install/franka_ign_ros2_control:/home/jiataoding/franco_ros2_franka_ws/src/install/franka_fr3_moveit_config:/home/jiataoding/franco_ros2_franka_ws/src/install/franka_gripper:/home/jiataoding/franco_ros2_franka_ws/src/install/franka_description:/home/jiataoding/franco_ros2_franka_ws/src/install/cartesian_impedance_controller:/opt/ros/humble:/home/jiataoding/franco_ros2_franka_ws/src/install/effort_controller_base:/home/jiataoding/franco_ros2_franka_ws/src/install/debug_msg:/home/jiataoding/ros2_franka_ws/install/joint_impedance_controller:/home/jiataoding/ros2_franka_ws/install/integration_launch_testing:/home/jiataoding/ros2_franka_ws/install/idra_franka_launch:/home/jiataoding/ros2_franka_ws/install/gravity_compensation:/home/jiataoding/ros2_franka_ws/install/franka_task_pipeline:/home/jiataoding/ros2_franka_ws/install/franka_ros2:/home/jiataoding/ros2_franka_ws/install/franka_bringup:/home/jiataoding/ros2_franka_ws/install/franka_robot_state_broadcaster:/home/jiataoding/ros2_franka_ws/install/franka_example_controllers:/home/jiataoding/ros2_franka_ws/install/franka_semantic_components:/home/jiataoding/ros2_franka_ws/install/franka_gazebo_bringup:/home/jiataoding/ros2_franka_ws/install/franka_ign_ros2_control:/home/jiataoding/ros2_franka_ws/install/franka_fr3_moveit_config:/home/jiataoding/ros2_franka_ws/install/franka_hardware:/home/jiataoding/ros2_franka_ws/install/franka_gripper:/home/jiataoding/ros2_franka_ws/install/franka_msgs:/home/jiataoding/ros2_franka_ws/install/franka_description:/home/jiataoding/ros2_franka_ws/install/cartesian_impedance_controller:/home/jiataoding/ros2_franka_ws/install/effort_controller_base:/home/jiataoding/ros2_franka_ws/install/debug_msg:/home/jiataoding/franco_ros2_franka_ws/install/joint_impedance_controller:/home/jiataoding/franco_ros2_franka_ws/install/integration_launch_testing:/home/jiataoding/franco_ros2_franka_ws/install/idra_franka_launch:/home/jiataoding/franco_ros2_franka_ws/install/gravity_compensation:/home/jiataoding/franco_ros2_franka_ws/install/franka_task_pipeline:/home/jiataoding/franco_ros2_franka_ws/install/franka_ros2:/home/jiataoding/franco_ros2_franka_ws/install/franka_bringup:/home/jiataoding/franco_ros2_franka_ws/install/franka_robot_state_broadcaster:/home/jiataoding/franco_ros2_franka_ws/install/franka_example_controllers:/home/jiataoding/franco_ros2_franka_ws/install/franka_semantic_components:/home/jiataoding/franco_ros2_franka_ws/install/franka_gazebo_bringup:/home/jiataoding/franco_ros2_franka_ws/install/franka_ign_ros2_control:/home/jiataoding/franco_ros2_franka_ws/install/franka_fr3_moveit_config:/home/jiataoding/franco_ros2_franka_ws/install/franka_hardware:/home/jiataoding/franco_ros2_franka_ws/install/franka_gripper:/home/jiataoding/franco_ros2_franka_ws/install/franka_msgs:/home/jiataoding/franco_ros2_franka_ws/install/franka_description:/home/jiataoding/franco_ros2_franka_ws/install/cartesian_impedance_controller:/home/jiataoding/franco_ros2_franka_ws/install/effort_controller_base:/home/jiataoding/franco_ros2_franka_ws/install/debug_msg:/opt/openrobots LD_LIBRARY_PATH=/home/jiataoding/franco_ros2_franka_ws/src/install/franka_semantic_components/lib:/home/jiataoding/franco_ros2_franka_ws/src/install/franka_hardware/lib:/home/jiataoding/franco_ros2_franka_ws/src/install/franka_msgs/lib:/home/jiataoding/franco_ros2_franka_ws/src/install/joint_impedance_controller/lib:/home/jiataoding/franco_ros2_franka_ws/src/install/integration_launch_testing/lib:/home/jiataoding/franco_ros2_franka_ws/src/install/gravity_compensation/lib:/home/jiataoding/franco_ros2_franka_ws/src/install/franka_robot_state_broadcaster/lib:/home/jiataoding/franco_ros2_franka_ws/src/install/franka_example_controllers/lib:/home/jiataoding/franco_ros2_franka_ws/src/install/franka_ign_ros2_control/lib:/home/jiataoding/franco_ros2_franka_ws/src/install/franka_gripper/lib:/home/jiataoding/franco_ros2_franka_ws/src/install/cartesian_impedance_controller/lib:/home/jiataoding/franco_ros2_franka_ws/src/install/effort_controller_base/lib:/home/jiataoding/franco_ros2_franka_ws/src/install/debug_msg/lib:/home/jiataoding/libs/onnxruntime-linux-x64-1.21.0/lib:/home/jiataoding/ros2_franka_ws/install/joint_impedance_controller/lib:/home/jiataoding/ros2_franka_ws/install/integration_launch_testing/lib:/home/jiataoding/ros2_franka_ws/install/gravity_compensation/lib:/home/jiataoding/ros2_franka_ws/install/franka_robot_state_broadcaster/lib:/home/jiataoding/ros2_franka_ws/install/franka_example_controllers/lib:/home/jiataoding/ros2_franka_ws/install/franka_semantic_components/lib:/home/jiataoding/ros2_franka_ws/install/franka_ign_ros2_control/lib:/home/jiataoding/ros2_franka_ws/install/franka_hardware/lib:/home/jiataoding/ros2_franka_ws/install/franka_gripper/lib:/home/jiataoding/ros2_franka_ws/install/franka_msgs/lib:/home/jiataoding/ros2_franka_ws/install/cartesian_impedance_controller/lib:/home/jiataoding/ros2_franka_ws/install/effort_controller_base/lib:/home/jiataoding/ros2_franka_ws/install/debug_msg/lib:/home/jiataoding/franco_ros2_franka_ws/install/joint_impedance_controller/lib:/home/jiataoding/franco_ros2_franka_ws/install/integration_launch_testing/lib:/home/jiataoding/franco_ros2_franka_ws/install/gravity_compensation/lib:/home/jiataoding/franco_ros2_franka_ws/install/franka_robot_state_broadcaster/lib:/home/jiataoding/franco_ros2_franka_ws/install/franka_example_controllers/lib:/home/jiataoding/franco_ros2_franka_ws/install/franka_semantic_components/lib:/home/jiataoding/franco_ros2_franka_ws/install/franka_ign_ros2_control/lib:/home/jiataoding/franco_ros2_franka_ws/install/franka_hardware/lib:/home/jiataoding/franco_ros2_franka_ws/install/franka_gripper/lib:/home/jiataoding/franco_ros2_franka_ws/install/franka_msgs/lib:/home/jiataoding/franco_ros2_franka_ws/install/cartesian_impedance_controller/lib:/home/jiataoding/franco_ros2_franka_ws/install/effort_controller_base/lib:/home/jiataoding/franco_ros2_franka_ws/install/debug_msg/lib:/opt/openrobots/lib:/opt/ros/humble/opt/rviz_ogre_vendor/lib:/opt/ros/humble/lib/x86_64-linux-gnu:/opt/ros/humble/lib /usr/bin/cmake --install /home/jiataoding/franco_ros2_franka_ws/src/build/franka_example_controllers
[1.884s] Level 1:colcon.colcon_core.environment:checking '/home/jiataoding/franco_ros2_franka_ws/src/install/franka_example_controllers' for CMake config files
[1.884s] Level 1:colcon.colcon_core.shell:create_environment_hook('franka_example_controllers', 'cmake_prefix_path')
[1.884s] INFO:colcon.colcon_core.shell:Creating environment hook '/home/jiataoding/franco_ros2_franka_ws/src/install/franka_example_controllers/share/franka_example_controllers/hook/cmake_prefix_path.ps1'
[1.884s] INFO:colcon.colcon_core.shell:Creating environment descriptor '/home/jiataoding/franco_ros2_franka_ws/src/install/franka_example_controllers/share/franka_example_controllers/hook/cmake_prefix_path.dsv'
[1.885s] INFO:colcon.colcon_core.shell:Creating environment hook '/home/jiataoding/franco_ros2_franka_ws/src/install/franka_example_controllers/share/franka_example_controllers/hook/cmake_prefix_path.sh'
[1.885s] Level 1:colcon.colcon_core.environment:checking '/home/jiataoding/franco_ros2_franka_ws/src/install/franka_example_controllers/lib'
[1.885s] Level 1:colcon.colcon_core.shell:create_environment_hook('franka_example_controllers', 'ld_library_path_lib')
[1.885s] INFO:colcon.colcon_core.shell:Creating environment hook '/home/jiataoding/franco_ros2_franka_ws/src/install/franka_example_controllers/share/franka_example_controllers/hook/ld_library_path_lib.ps1'
[1.886s] INFO:colcon.colcon_core.shell:Creating environment descriptor '/home/jiataoding/franco_ros2_franka_ws/src/install/franka_example_controllers/share/franka_example_controllers/hook/ld_library_path_lib.dsv'
[1.886s] INFO:colcon.colcon_core.shell:Creating environment hook '/home/jiataoding/franco_ros2_franka_ws/src/install/franka_example_controllers/share/franka_example_controllers/hook/ld_library_path_lib.sh'
[1.886s] Level 1:colcon.colcon_core.environment:checking '/home/jiataoding/franco_ros2_franka_ws/src/install/franka_example_controllers/bin'
[1.886s] Level 1:colcon.colcon_core.environment:checking '/home/jiataoding/franco_ros2_franka_ws/src/install/franka_example_controllers/lib/pkgconfig/franka_example_controllers.pc'
[1.886s] Level 1:colcon.colcon_core.environment:checking '/home/jiataoding/franco_ros2_franka_ws/src/install/franka_example_controllers/lib/python3.10/site-packages'
[1.886s] Level 1:colcon.colcon_core.environment:checking '/home/jiataoding/franco_ros2_franka_ws/src/install/franka_example_controllers/bin'
[1.887s] INFO:colcon.colcon_core.shell:Creating package script '/home/jiataoding/franco_ros2_franka_ws/src/install/franka_example_controllers/share/franka_example_controllers/package.ps1'
[1.887s] INFO:colcon.colcon_core.shell:Creating package descriptor '/home/jiataoding/franco_ros2_franka_ws/src/install/franka_example_controllers/share/franka_example_controllers/package.dsv'
[1.887s] INFO:colcon.colcon_core.shell:Creating package script '/home/jiataoding/franco_ros2_franka_ws/src/install/franka_example_controllers/share/franka_example_controllers/package.sh'
[1.888s] INFO:colcon.colcon_core.shell:Creating package script '/home/jiataoding/franco_ros2_franka_ws/src/install/franka_example_controllers/share/franka_example_controllers/package.bash'
[1.888s] INFO:colcon.colcon_core.shell:Creating package script '/home/jiataoding/franco_ros2_franka_ws/src/install/franka_example_controllers/share/franka_example_controllers/package.zsh'
[1.888s] Level 1:colcon.colcon_core.environment:create_file_with_runtime_dependencies(/home/jiataoding/franco_ros2_franka_ws/src/install/franka_example_controllers/share/colcon-core/packages/franka_example_controllers)
[1.889s] Level 1:colcon.colcon_core.environment:create_environment_scripts_only(franka_example_controllers)
[1.889s] Level 1:colcon.colcon_core.environment:checking '/home/jiataoding/franco_ros2_franka_ws/src/install/franka_example_controllers' for CMake module files
[1.889s] Level 1:colcon.colcon_core.environment:checking '/home/jiataoding/franco_ros2_franka_ws/src/install/franka_example_controllers' for CMake config files
[1.889s] Level 1:colcon.colcon_core.shell:create_environment_hook('franka_example_controllers', 'cmake_prefix_path')
[1.890s] INFO:colcon.colcon_core.shell:Creating environment hook '/home/jiataoding/franco_ros2_franka_ws/src/install/franka_example_controllers/share/franka_example_controllers/hook/cmake_prefix_path.ps1'
[1.890s] INFO:colcon.colcon_core.shell:Creating environment descriptor '/home/jiataoding/franco_ros2_franka_ws/src/install/franka_example_controllers/share/franka_example_controllers/hook/cmake_prefix_path.dsv'
[1.890s] INFO:colcon.colcon_core.shell:Creating environment hook '/home/jiataoding/franco_ros2_franka_ws/src/install/franka_example_controllers/share/franka_example_controllers/hook/cmake_prefix_path.sh'
[1.891s] Level 1:colcon.colcon_core.environment:checking '/home/jiataoding/franco_ros2_franka_ws/src/install/franka_example_controllers/lib'
[1.891s] Level 1:colcon.colcon_core.shell:create_environment_hook('franka_example_controllers', 'ld_library_path_lib')
[1.891s] INFO:colcon.colcon_core.shell:Creating environment hook '/home/jiataoding/franco_ros2_franka_ws/src/install/franka_example_controllers/share/franka_example_controllers/hook/ld_library_path_lib.ps1'
[1.892s] INFO:colcon.colcon_core.shell:Creating environment descriptor '/home/jiataoding/franco_ros2_franka_ws/src/install/franka_example_controllers/share/franka_example_controllers/hook/ld_library_path_lib.dsv'
[1.892s] INFO:colcon.colcon_core.shell:Creating environment hook '/home/jiataoding/franco_ros2_franka_ws/src/install/franka_example_controllers/share/franka_example_controllers/hook/ld_library_path_lib.sh'
[1.893s] Level 1:colcon.colcon_core.environment:checking '/home/jiataoding/franco_ros2_franka_ws/src/install/franka_example_controllers/bin'
[1.893s] Level 1:colcon.colcon_core.environment:checking '/home/jiataoding/franco_ros2_franka_ws/src/install/franka_example_controllers/lib/pkgconfig/franka_example_controllers.pc'
[1.893s] Level 1:colcon.colcon_core.environment:checking '/home/jiataoding/franco_ros2_franka_ws/src/install/franka_example_controllers/lib/python3.10/site-packages'
[1.893s] Level 1:colcon.colcon_core.environment:checking '/home/jiataoding/franco_ros2_franka_ws/src/install/franka_example_controllers/bin'
[1.894s] INFO:colcon.colcon_core.shell:Creating package script '/home/jiataoding/franco_ros2_franka_ws/src/install/franka_example_controllers/share/franka_example_controllers/package.ps1'
[1.895s] INFO:colcon.colcon_core.shell:Creating package descriptor '/home/jiataoding/franco_ros2_franka_ws/src/install/franka_example_controllers/share/franka_example_controllers/package.dsv'
[1.895s] INFO:colcon.colcon_core.shell:Creating package script '/home/jiataoding/franco_ros2_franka_ws/src/install/franka_example_controllers/share/franka_example_controllers/package.sh'
[1.896s] INFO:colcon.colcon_core.shell:Creating package script '/home/jiataoding/franco_ros2_franka_ws/src/install/franka_example_controllers/share/franka_example_controllers/package.bash'
[1.896s] INFO:colcon.colcon_core.shell:Creating package script '/home/jiataoding/franco_ros2_franka_ws/src/install/franka_example_controllers/share/franka_example_controllers/package.zsh'
[1.897s] Level 1:colcon.colcon_core.environment:create_file_with_runtime_dependencies(/home/jiataoding/franco_ros2_franka_ws/src/install/franka_example_controllers/share/colcon-core/packages/franka_example_controllers)
[1.917s] DEBUG:colcon.colcon_core.event_handler.log_command:Invoking command in '/home/jiataoding/franco_ros2_franka_ws/src/build/franka_bringup': CMAKE_PREFIX_PATH=/home/jiataoding/franco_ros2_franka_ws/src/install/franka_robot_state_broadcaster:/home/jiataoding/franco_ros2_franka_ws/src/install/franka_semantic_components:/home/jiataoding/franco_ros2_franka_ws/src/install/franka_hardware:/home/jiataoding/franco_ros2_franka_ws/src/install/franka_msgs:/home/jiataoding/franco_ros2_franka_ws/src/install/franka_description:/home/jiataoding/franco_ros2_franka_ws/src/install/joint_impedance_controller:/home/jiataoding/franco_ros2_franka_ws/src/install/integration_launch_testing:/home/jiataoding/franco_ros2_franka_ws/src/install/idra_franka_launch:/home/jiataoding/franco_ros2_franka_ws/src/install/gravity_compensation:/home/jiataoding/franco_ros2_franka_ws/src/install/franka_task_pipeline:/home/jiataoding/franco_ros2_franka_ws/src/install/franka_ros2:/home/jiataoding/franco_ros2_franka_ws/src/install/franka_bringup:/home/jiataoding/franco_ros2_franka_ws/src/install/franka_example_controllers:/home/jiataoding/franco_ros2_franka_ws/src/install/franka_gazebo_bringup:/home/jiataoding/franco_ros2_franka_ws/src/install/franka_ign_ros2_control:/home/jiataoding/franco_ros2_franka_ws/src/install/franka_fr3_moveit_config:/home/jiataoding/franco_ros2_franka_ws/src/install/franka_gripper:/home/jiataoding/franco_ros2_franka_ws/src/install/cartesian_impedance_controller:/opt/ros/humble:/home/jiataoding/franco_ros2_franka_ws/src/install/effort_controller_base:/home/jiataoding/franco_ros2_franka_ws/src/install/debug_msg:/home/jiataoding/ros2_franka_ws/install/joint_impedance_controller:/home/jiataoding/ros2_franka_ws/install/integration_launch_testing:/home/jiataoding/ros2_franka_ws/install/idra_franka_launch:/home/jiataoding/ros2_franka_ws/install/gravity_compensation:/home/jiataoding/ros2_franka_ws/install/franka_task_pipeline:/home/jiataoding/ros2_franka_ws/install/franka_ros2:/home/jiataoding/ros2_franka_ws/install/franka_bringup:/home/jiataoding/ros2_franka_ws/install/franka_robot_state_broadcaster:/home/jiataoding/ros2_franka_ws/install/franka_example_controllers:/home/jiataoding/ros2_franka_ws/install/franka_semantic_components:/home/jiataoding/ros2_franka_ws/install/franka_gazebo_bringup:/home/jiataoding/ros2_franka_ws/install/franka_ign_ros2_control:/home/jiataoding/ros2_franka_ws/install/franka_fr3_moveit_config:/home/jiataoding/ros2_franka_ws/install/franka_hardware:/home/jiataoding/ros2_franka_ws/install/franka_gripper:/home/jiataoding/ros2_franka_ws/install/franka_msgs:/home/jiataoding/ros2_franka_ws/install/franka_description:/home/jiataoding/ros2_franka_ws/install/cartesian_impedance_controller:/home/jiataoding/ros2_franka_ws/install/effort_controller_base:/home/jiataoding/ros2_franka_ws/install/debug_msg:/home/jiataoding/franco_ros2_franka_ws/install/joint_impedance_controller:/home/jiataoding/franco_ros2_franka_ws/install/integration_launch_testing:/home/jiataoding/franco_ros2_franka_ws/install/idra_franka_launch:/home/jiataoding/franco_ros2_franka_ws/install/gravity_compensation:/home/jiataoding/franco_ros2_franka_ws/install/franka_task_pipeline:/home/jiataoding/franco_ros2_franka_ws/install/franka_ros2:/home/jiataoding/franco_ros2_franka_ws/install/franka_bringup:/home/jiataoding/franco_ros2_franka_ws/install/franka_robot_state_broadcaster:/home/jiataoding/franco_ros2_franka_ws/install/franka_example_controllers:/home/jiataoding/franco_ros2_franka_ws/install/franka_semantic_components:/home/jiataoding/franco_ros2_franka_ws/install/franka_gazebo_bringup:/home/jiataoding/franco_ros2_franka_ws/install/franka_ign_ros2_control:/home/jiataoding/franco_ros2_franka_ws/install/franka_fr3_moveit_config:/home/jiataoding/franco_ros2_franka_ws/install/franka_hardware:/home/jiataoding/franco_ros2_franka_ws/install/franka_gripper:/home/jiataoding/franco_ros2_franka_ws/install/franka_msgs:/home/jiataoding/franco_ros2_franka_ws/install/franka_description:/home/jiataoding/franco_ros2_franka_ws/install/cartesian_impedance_controller:/home/jiataoding/franco_ros2_franka_ws/install/effort_controller_base:/home/jiataoding/franco_ros2_franka_ws/install/debug_msg:/opt/openrobots LD_LIBRARY_PATH=/home/jiataoding/franco_ros2_franka_ws/src/install/franka_robot_state_broadcaster/lib:/home/jiataoding/franco_ros2_franka_ws/src/install/franka_semantic_components/lib:/home/jiataoding/franco_ros2_franka_ws/src/install/franka_hardware/lib:/home/jiataoding/franco_ros2_franka_ws/src/install/franka_msgs/lib:/home/jiataoding/franco_ros2_franka_ws/src/install/joint_impedance_controller/lib:/home/jiataoding/franco_ros2_franka_ws/src/install/integration_launch_testing/lib:/home/jiataoding/franco_ros2_franka_ws/src/install/gravity_compensation/lib:/home/jiataoding/franco_ros2_franka_ws/src/install/franka_example_controllers/lib:/home/jiataoding/franco_ros2_franka_ws/src/install/franka_ign_ros2_control/lib:/home/jiataoding/franco_ros2_franka_ws/src/install/franka_gripper/lib:/home/jiataoding/franco_ros2_franka_ws/src/install/cartesian_impedance_controller/lib:/home/jiataoding/franco_ros2_franka_ws/src/install/effort_controller_base/lib:/home/jiataoding/franco_ros2_franka_ws/src/install/debug_msg/lib:/home/jiataoding/libs/onnxruntime-linux-x64-1.21.0/lib:/home/jiataoding/ros2_franka_ws/install/joint_impedance_controller/lib:/home/jiataoding/ros2_franka_ws/install/integration_launch_testing/lib:/home/jiataoding/ros2_franka_ws/install/gravity_compensation/lib:/home/jiataoding/ros2_franka_ws/install/franka_robot_state_broadcaster/lib:/home/jiataoding/ros2_franka_ws/install/franka_example_controllers/lib:/home/jiataoding/ros2_franka_ws/install/franka_semantic_components/lib:/home/jiataoding/ros2_franka_ws/install/franka_ign_ros2_control/lib:/home/jiataoding/ros2_franka_ws/install/franka_hardware/lib:/home/jiataoding/ros2_franka_ws/install/franka_gripper/lib:/home/jiataoding/ros2_franka_ws/install/franka_msgs/lib:/home/jiataoding/ros2_franka_ws/install/cartesian_impedance_controller/lib:/home/jiataoding/ros2_franka_ws/install/effort_controller_base/lib:/home/jiataoding/ros2_franka_ws/install/debug_msg/lib:/home/jiataoding/franco_ros2_franka_ws/install/joint_impedance_controller/lib:/home/jiataoding/franco_ros2_franka_ws/install/integration_launch_testing/lib:/home/jiataoding/franco_ros2_franka_ws/install/gravity_compensation/lib:/home/jiataoding/franco_ros2_franka_ws/install/franka_robot_state_broadcaster/lib:/home/jiataoding/franco_ros2_franka_ws/install/franka_example_controllers/lib:/home/jiataoding/franco_ros2_franka_ws/install/franka_semantic_components/lib:/home/jiataoding/franco_ros2_franka_ws/install/franka_ign_ros2_control/lib:/home/jiataoding/franco_ros2_franka_ws/install/franka_hardware/lib:/home/jiataoding/franco_ros2_franka_ws/install/franka_gripper/lib:/home/jiataoding/franco_ros2_franka_ws/install/franka_msgs/lib:/home/jiataoding/franco_ros2_franka_ws/install/cartesian_impedance_controller/lib:/home/jiataoding/franco_ros2_franka_ws/install/effort_controller_base/lib:/home/jiataoding/franco_ros2_franka_ws/install/debug_msg/lib:/opt/openrobots/lib:/opt/ros/humble/opt/rviz_ogre_vendor/lib:/opt/ros/humble/lib/x86_64-linux-gnu:/opt/ros/humble/lib /usr/bin/cmake --build /home/jiataoding/franco_ros2_franka_ws/src/build/franka_bringup -- -j24 -l24
[1.987s] DEBUG:colcon.colcon_core.event_handler.log_command:Invoked command in '/home/jiataoding/franco_ros2_franka_ws/src/build/franka_bringup' returned '0': CMAKE_PREFIX_PATH=/home/jiataoding/franco_ros2_franka_ws/src/install/franka_robot_state_broadcaster:/home/jiataoding/franco_ros2_franka_ws/src/install/franka_semantic_components:/home/jiataoding/franco_ros2_franka_ws/src/install/franka_hardware:/home/jiataoding/franco_ros2_franka_ws/src/install/franka_msgs:/home/jiataoding/franco_ros2_franka_ws/src/install/franka_description:/home/jiataoding/franco_ros2_franka_ws/src/install/joint_impedance_controller:/home/jiataoding/franco_ros2_franka_ws/src/install/integration_launch_testing:/home/jiataoding/franco_ros2_franka_ws/src/install/idra_franka_launch:/home/jiataoding/franco_ros2_franka_ws/src/install/gravity_compensation:/home/jiataoding/franco_ros2_franka_ws/src/install/franka_task_pipeline:/home/jiataoding/franco_ros2_franka_ws/src/install/franka_ros2:/home/jiataoding/franco_ros2_franka_ws/src/install/franka_bringup:/home/jiataoding/franco_ros2_franka_ws/src/install/franka_example_controllers:/home/jiataoding/franco_ros2_franka_ws/src/install/franka_gazebo_bringup:/home/jiataoding/franco_ros2_franka_ws/src/install/franka_ign_ros2_control:/home/jiataoding/franco_ros2_franka_ws/src/install/franka_fr3_moveit_config:/home/jiataoding/franco_ros2_franka_ws/src/install/franka_gripper:/home/jiataoding/franco_ros2_franka_ws/src/install/cartesian_impedance_controller:/opt/ros/humble:/home/jiataoding/franco_ros2_franka_ws/src/install/effort_controller_base:/home/jiataoding/franco_ros2_franka_ws/src/install/debug_msg:/home/jiataoding/ros2_franka_ws/install/joint_impedance_controller:/home/jiataoding/ros2_franka_ws/install/integration_launch_testing:/home/jiataoding/ros2_franka_ws/install/idra_franka_launch:/home/jiataoding/ros2_franka_ws/install/gravity_compensation:/home/jiataoding/ros2_franka_ws/install/franka_task_pipeline:/home/jiataoding/ros2_franka_ws/install/franka_ros2:/home/jiataoding/ros2_franka_ws/install/franka_bringup:/home/jiataoding/ros2_franka_ws/install/franka_robot_state_broadcaster:/home/jiataoding/ros2_franka_ws/install/franka_example_controllers:/home/jiataoding/ros2_franka_ws/install/franka_semantic_components:/home/jiataoding/ros2_franka_ws/install/franka_gazebo_bringup:/home/jiataoding/ros2_franka_ws/install/franka_ign_ros2_control:/home/jiataoding/ros2_franka_ws/install/franka_fr3_moveit_config:/home/jiataoding/ros2_franka_ws/install/franka_hardware:/home/jiataoding/ros2_franka_ws/install/franka_gripper:/home/jiataoding/ros2_franka_ws/install/franka_msgs:/home/jiataoding/ros2_franka_ws/install/franka_description:/home/jiataoding/ros2_franka_ws/install/cartesian_impedance_controller:/home/jiataoding/ros2_franka_ws/install/effort_controller_base:/home/jiataoding/ros2_franka_ws/install/debug_msg:/home/jiataoding/franco_ros2_franka_ws/install/joint_impedance_controller:/home/jiataoding/franco_ros2_franka_ws/install/integration_launch_testing:/home/jiataoding/franco_ros2_franka_ws/install/idra_franka_launch:/home/jiataoding/franco_ros2_franka_ws/install/gravity_compensation:/home/jiataoding/franco_ros2_franka_ws/install/franka_task_pipeline:/home/jiataoding/franco_ros2_franka_ws/install/franka_ros2:/home/jiataoding/franco_ros2_franka_ws/install/franka_bringup:/home/jiataoding/franco_ros2_franka_ws/install/franka_robot_state_broadcaster:/home/jiataoding/franco_ros2_franka_ws/install/franka_example_controllers:/home/jiataoding/franco_ros2_franka_ws/install/franka_semantic_components:/home/jiataoding/franco_ros2_franka_ws/install/franka_gazebo_bringup:/home/jiataoding/franco_ros2_franka_ws/install/franka_ign_ros2_control:/home/jiataoding/franco_ros2_franka_ws/install/franka_fr3_moveit_config:/home/jiataoding/franco_ros2_franka_ws/install/franka_hardware:/home/jiataoding/franco_ros2_franka_ws/install/franka_gripper:/home/jiataoding/franco_ros2_franka_ws/install/franka_msgs:/home/jiataoding/franco_ros2_franka_ws/install/franka_description:/home/jiataoding/franco_ros2_franka_ws/install/cartesian_impedance_controller:/home/jiataoding/franco_ros2_franka_ws/install/effort_controller_base:/home/jiataoding/franco_ros2_franka_ws/install/debug_msg:/opt/openrobots LD_LIBRARY_PATH=/home/jiataoding/franco_ros2_franka_ws/src/install/franka_robot_state_broadcaster/lib:/home/jiataoding/franco_ros2_franka_ws/src/install/franka_semantic_components/lib:/home/jiataoding/franco_ros2_franka_ws/src/install/franka_hardware/lib:/home/jiataoding/franco_ros2_franka_ws/src/install/franka_msgs/lib:/home/jiataoding/franco_ros2_franka_ws/src/install/joint_impedance_controller/lib:/home/jiataoding/franco_ros2_franka_ws/src/install/integration_launch_testing/lib:/home/jiataoding/franco_ros2_franka_ws/src/install/gravity_compensation/lib:/home/jiataoding/franco_ros2_franka_ws/src/install/franka_example_controllers/lib:/home/jiataoding/franco_ros2_franka_ws/src/install/franka_ign_ros2_control/lib:/home/jiataoding/franco_ros2_franka_ws/src/install/franka_gripper/lib:/home/jiataoding/franco_ros2_franka_ws/src/install/cartesian_impedance_controller/lib:/home/jiataoding/franco_ros2_franka_ws/src/install/effort_controller_base/lib:/home/jiataoding/franco_ros2_franka_ws/src/install/debug_msg/lib:/home/jiataoding/libs/onnxruntime-linux-x64-1.21.0/lib:/home/jiataoding/ros2_franka_ws/install/joint_impedance_controller/lib:/home/jiataoding/ros2_franka_ws/install/integration_launch_testing/lib:/home/jiataoding/ros2_franka_ws/install/gravity_compensation/lib:/home/jiataoding/ros2_franka_ws/install/franka_robot_state_broadcaster/lib:/home/jiataoding/ros2_franka_ws/install/franka_example_controllers/lib:/home/jiataoding/ros2_franka_ws/install/franka_semantic_components/lib:/home/jiataoding/ros2_franka_ws/install/franka_ign_ros2_control/lib:/home/jiataoding/ros2_franka_ws/install/franka_hardware/lib:/home/jiataoding/ros2_franka_ws/install/franka_gripper/lib:/home/jiataoding/ros2_franka_ws/install/franka_msgs/lib:/home/jiataoding/ros2_franka_ws/install/cartesian_impedance_controller/lib:/home/jiataoding/ros2_franka_ws/install/effort_controller_base/lib:/home/jiataoding/ros2_franka_ws/install/debug_msg/lib:/home/jiataoding/franco_ros2_franka_ws/install/joint_impedance_controller/lib:/home/jiataoding/franco_ros2_franka_ws/install/integration_launch_testing/lib:/home/jiataoding/franco_ros2_franka_ws/install/gravity_compensation/lib:/home/jiataoding/franco_ros2_franka_ws/install/franka_robot_state_broadcaster/lib:/home/jiataoding/franco_ros2_franka_ws/install/franka_example_controllers/lib:/home/jiataoding/franco_ros2_franka_ws/install/franka_semantic_components/lib:/home/jiataoding/franco_ros2_franka_ws/install/franka_ign_ros2_control/lib:/home/jiataoding/franco_ros2_franka_ws/install/franka_hardware/lib:/home/jiataoding/franco_ros2_franka_ws/install/franka_gripper/lib:/home/jiataoding/franco_ros2_franka_ws/install/franka_msgs/lib:/home/jiataoding/franco_ros2_franka_ws/install/cartesian_impedance_controller/lib:/home/jiataoding/franco_ros2_franka_ws/install/effort_controller_base/lib:/home/jiataoding/franco_ros2_franka_ws/install/debug_msg/lib:/opt/openrobots/lib:/opt/ros/humble/opt/rviz_ogre_vendor/lib:/opt/ros/humble/lib/x86_64-linux-gnu:/opt/ros/humble/lib /usr/bin/cmake --build /home/jiataoding/franco_ros2_franka_ws/src/build/franka_bringup -- -j24 -l24
[1.989s] DEBUG:colcon.colcon_core.event_handler.log_command:Invoking command in '/home/jiataoding/franco_ros2_franka_ws/src/build/franka_bringup': CMAKE_PREFIX_PATH=/home/jiataoding/franco_ros2_franka_ws/src/install/franka_robot_state_broadcaster:/home/jiataoding/franco_ros2_franka_ws/src/install/franka_semantic_components:/home/jiataoding/franco_ros2_franka_ws/src/install/franka_hardware:/home/jiataoding/franco_ros2_franka_ws/src/install/franka_msgs:/home/jiataoding/franco_ros2_franka_ws/src/install/franka_description:/home/jiataoding/franco_ros2_franka_ws/src/install/joint_impedance_controller:/home/jiataoding/franco_ros2_franka_ws/src/install/integration_launch_testing:/home/jiataoding/franco_ros2_franka_ws/src/install/idra_franka_launch:/home/jiataoding/franco_ros2_franka_ws/src/install/gravity_compensation:/home/jiataoding/franco_ros2_franka_ws/src/install/franka_task_pipeline:/home/jiataoding/franco_ros2_franka_ws/src/install/franka_ros2:/home/jiataoding/franco_ros2_franka_ws/src/install/franka_bringup:/home/jiataoding/franco_ros2_franka_ws/src/install/franka_example_controllers:/home/jiataoding/franco_ros2_franka_ws/src/install/franka_gazebo_bringup:/home/jiataoding/franco_ros2_franka_ws/src/install/franka_ign_ros2_control:/home/jiataoding/franco_ros2_franka_ws/src/install/franka_fr3_moveit_config:/home/jiataoding/franco_ros2_franka_ws/src/install/franka_gripper:/home/jiataoding/franco_ros2_franka_ws/src/install/cartesian_impedance_controller:/opt/ros/humble:/home/jiataoding/franco_ros2_franka_ws/src/install/effort_controller_base:/home/jiataoding/franco_ros2_franka_ws/src/install/debug_msg:/home/jiataoding/ros2_franka_ws/install/joint_impedance_controller:/home/jiataoding/ros2_franka_ws/install/integration_launch_testing:/home/jiataoding/ros2_franka_ws/install/idra_franka_launch:/home/jiataoding/ros2_franka_ws/install/gravity_compensation:/home/jiataoding/ros2_franka_ws/install/franka_task_pipeline:/home/jiataoding/ros2_franka_ws/install/franka_ros2:/home/jiataoding/ros2_franka_ws/install/franka_bringup:/home/jiataoding/ros2_franka_ws/install/franka_robot_state_broadcaster:/home/jiataoding/ros2_franka_ws/install/franka_example_controllers:/home/jiataoding/ros2_franka_ws/install/franka_semantic_components:/home/jiataoding/ros2_franka_ws/install/franka_gazebo_bringup:/home/jiataoding/ros2_franka_ws/install/franka_ign_ros2_control:/home/jiataoding/ros2_franka_ws/install/franka_fr3_moveit_config:/home/jiataoding/ros2_franka_ws/install/franka_hardware:/home/jiataoding/ros2_franka_ws/install/franka_gripper:/home/jiataoding/ros2_franka_ws/install/franka_msgs:/home/jiataoding/ros2_franka_ws/install/franka_description:/home/jiataoding/ros2_franka_ws/install/cartesian_impedance_controller:/home/jiataoding/ros2_franka_ws/install/effort_controller_base:/home/jiataoding/ros2_franka_ws/install/debug_msg:/home/jiataoding/franco_ros2_franka_ws/install/joint_impedance_controller:/home/jiataoding/franco_ros2_franka_ws/install/integration_launch_testing:/home/jiataoding/franco_ros2_franka_ws/install/idra_franka_launch:/home/jiataoding/franco_ros2_franka_ws/install/gravity_compensation:/home/jiataoding/franco_ros2_franka_ws/install/franka_task_pipeline:/home/jiataoding/franco_ros2_franka_ws/install/franka_ros2:/home/jiataoding/franco_ros2_franka_ws/install/franka_bringup:/home/jiataoding/franco_ros2_franka_ws/install/franka_robot_state_broadcaster:/home/jiataoding/franco_ros2_franka_ws/install/franka_example_controllers:/home/jiataoding/franco_ros2_franka_ws/install/franka_semantic_components:/home/jiataoding/franco_ros2_franka_ws/install/franka_gazebo_bringup:/home/jiataoding/franco_ros2_franka_ws/install/franka_ign_ros2_control:/home/jiataoding/franco_ros2_franka_ws/install/franka_fr3_moveit_config:/home/jiataoding/franco_ros2_franka_ws/install/franka_hardware:/home/jiataoding/franco_ros2_franka_ws/install/franka_gripper:/home/jiataoding/franco_ros2_franka_ws/install/franka_msgs:/home/jiataoding/franco_ros2_franka_ws/install/franka_description:/home/jiataoding/franco_ros2_franka_ws/install/cartesian_impedance_controller:/home/jiataoding/franco_ros2_franka_ws/install/effort_controller_base:/home/jiataoding/franco_ros2_franka_ws/install/debug_msg:/opt/openrobots LD_LIBRARY_PATH=/home/jiataoding/franco_ros2_franka_ws/src/install/franka_robot_state_broadcaster/lib:/home/jiataoding/franco_ros2_franka_ws/src/install/franka_semantic_components/lib:/home/jiataoding/franco_ros2_franka_ws/src/install/franka_hardware/lib:/home/jiataoding/franco_ros2_franka_ws/src/install/franka_msgs/lib:/home/jiataoding/franco_ros2_franka_ws/src/install/joint_impedance_controller/lib:/home/jiataoding/franco_ros2_franka_ws/src/install/integration_launch_testing/lib:/home/jiataoding/franco_ros2_franka_ws/src/install/gravity_compensation/lib:/home/jiataoding/franco_ros2_franka_ws/src/install/franka_example_controllers/lib:/home/jiataoding/franco_ros2_franka_ws/src/install/franka_ign_ros2_control/lib:/home/jiataoding/franco_ros2_franka_ws/src/install/franka_gripper/lib:/home/jiataoding/franco_ros2_franka_ws/src/install/cartesian_impedance_controller/lib:/home/jiataoding/franco_ros2_franka_ws/src/install/effort_controller_base/lib:/home/jiataoding/franco_ros2_franka_ws/src/install/debug_msg/lib:/home/jiataoding/libs/onnxruntime-linux-x64-1.21.0/lib:/home/jiataoding/ros2_franka_ws/install/joint_impedance_controller/lib:/home/jiataoding/ros2_franka_ws/install/integration_launch_testing/lib:/home/jiataoding/ros2_franka_ws/install/gravity_compensation/lib:/home/jiataoding/ros2_franka_ws/install/franka_robot_state_broadcaster/lib:/home/jiataoding/ros2_franka_ws/install/franka_example_controllers/lib:/home/jiataoding/ros2_franka_ws/install/franka_semantic_components/lib:/home/jiataoding/ros2_franka_ws/install/franka_ign_ros2_control/lib:/home/jiataoding/ros2_franka_ws/install/franka_hardware/lib:/home/jiataoding/ros2_franka_ws/install/franka_gripper/lib:/home/jiataoding/ros2_franka_ws/install/franka_msgs/lib:/home/jiataoding/ros2_franka_ws/install/cartesian_impedance_controller/lib:/home/jiataoding/ros2_franka_ws/install/effort_controller_base/lib:/home/jiataoding/ros2_franka_ws/install/debug_msg/lib:/home/jiataoding/franco_ros2_franka_ws/install/joint_impedance_controller/lib:/home/jiataoding/franco_ros2_franka_ws/install/integration_launch_testing/lib:/home/jiataoding/franco_ros2_franka_ws/install/gravity_compensation/lib:/home/jiataoding/franco_ros2_franka_ws/install/franka_robot_state_broadcaster/lib:/home/jiataoding/franco_ros2_franka_ws/install/franka_example_controllers/lib:/home/jiataoding/franco_ros2_franka_ws/install/franka_semantic_components/lib:/home/jiataoding/franco_ros2_franka_ws/install/franka_ign_ros2_control/lib:/home/jiataoding/franco_ros2_franka_ws/install/franka_hardware/lib:/home/jiataoding/franco_ros2_franka_ws/install/franka_gripper/lib:/home/jiataoding/franco_ros2_franka_ws/install/franka_msgs/lib:/home/jiataoding/franco_ros2_franka_ws/install/cartesian_impedance_controller/lib:/home/jiataoding/franco_ros2_franka_ws/install/effort_controller_base/lib:/home/jiataoding/franco_ros2_franka_ws/install/debug_msg/lib:/opt/openrobots/lib:/opt/ros/humble/opt/rviz_ogre_vendor/lib:/opt/ros/humble/lib/x86_64-linux-gnu:/opt/ros/humble/lib /usr/bin/cmake --install /home/jiataoding/franco_ros2_franka_ws/src/build/franka_bringup
[2.027s] Level 1:colcon.colcon_core.environment:create_environment_scripts_only(franka_bringup)
[2.027s] Level 1:colcon.colcon_core.environment:checking '/home/jiataoding/franco_ros2_franka_ws/src/install/franka_bringup' for CMake module files
[2.028s] DEBUG:colcon.colcon_core.event_handler.log_command:Invoked command in '/home/jiataoding/franco_ros2_franka_ws/src/build/franka_bringup' returned '0': CMAKE_PREFIX_PATH=/home/jiataoding/franco_ros2_franka_ws/src/install/franka_robot_state_broadcaster:/home/jiataoding/franco_ros2_franka_ws/src/install/franka_semantic_components:/home/jiataoding/franco_ros2_franka_ws/src/install/franka_hardware:/home/jiataoding/franco_ros2_franka_ws/src/install/franka_msgs:/home/jiataoding/franco_ros2_franka_ws/src/install/franka_description:/home/jiataoding/franco_ros2_franka_ws/src/install/joint_impedance_controller:/home/jiataoding/franco_ros2_franka_ws/src/install/integration_launch_testing:/home/jiataoding/franco_ros2_franka_ws/src/install/idra_franka_launch:/home/jiataoding/franco_ros2_franka_ws/src/install/gravity_compensation:/home/jiataoding/franco_ros2_franka_ws/src/install/franka_task_pipeline:/home/jiataoding/franco_ros2_franka_ws/src/install/franka_ros2:/home/jiataoding/franco_ros2_franka_ws/src/install/franka_bringup:/home/jiataoding/franco_ros2_franka_ws/src/install/franka_example_controllers:/home/jiataoding/franco_ros2_franka_ws/src/install/franka_gazebo_bringup:/home/jiataoding/franco_ros2_franka_ws/src/install/franka_ign_ros2_control:/home/jiataoding/franco_ros2_franka_ws/src/install/franka_fr3_moveit_config:/home/jiataoding/franco_ros2_franka_ws/src/install/franka_gripper:/home/jiataoding/franco_ros2_franka_ws/src/install/cartesian_impedance_controller:/opt/ros/humble:/home/jiataoding/franco_ros2_franka_ws/src/install/effort_controller_base:/home/jiataoding/franco_ros2_franka_ws/src/install/debug_msg:/home/jiataoding/ros2_franka_ws/install/joint_impedance_controller:/home/jiataoding/ros2_franka_ws/install/integration_launch_testing:/home/jiataoding/ros2_franka_ws/install/idra_franka_launch:/home/jiataoding/ros2_franka_ws/install/gravity_compensation:/home/jiataoding/ros2_franka_ws/install/franka_task_pipeline:/home/jiataoding/ros2_franka_ws/install/franka_ros2:/home/jiataoding/ros2_franka_ws/install/franka_bringup:/home/jiataoding/ros2_franka_ws/install/franka_robot_state_broadcaster:/home/jiataoding/ros2_franka_ws/install/franka_example_controllers:/home/jiataoding/ros2_franka_ws/install/franka_semantic_components:/home/jiataoding/ros2_franka_ws/install/franka_gazebo_bringup:/home/jiataoding/ros2_franka_ws/install/franka_ign_ros2_control:/home/jiataoding/ros2_franka_ws/install/franka_fr3_moveit_config:/home/jiataoding/ros2_franka_ws/install/franka_hardware:/home/jiataoding/ros2_franka_ws/install/franka_gripper:/home/jiataoding/ros2_franka_ws/install/franka_msgs:/home/jiataoding/ros2_franka_ws/install/franka_description:/home/jiataoding/ros2_franka_ws/install/cartesian_impedance_controller:/home/jiataoding/ros2_franka_ws/install/effort_controller_base:/home/jiataoding/ros2_franka_ws/install/debug_msg:/home/jiataoding/franco_ros2_franka_ws/install/joint_impedance_controller:/home/jiataoding/franco_ros2_franka_ws/install/integration_launch_testing:/home/jiataoding/franco_ros2_franka_ws/install/idra_franka_launch:/home/jiataoding/franco_ros2_franka_ws/install/gravity_compensation:/home/jiataoding/franco_ros2_franka_ws/install/franka_task_pipeline:/home/jiataoding/franco_ros2_franka_ws/install/franka_ros2:/home/jiataoding/franco_ros2_franka_ws/install/franka_bringup:/home/jiataoding/franco_ros2_franka_ws/install/franka_robot_state_broadcaster:/home/jiataoding/franco_ros2_franka_ws/install/franka_example_controllers:/home/jiataoding/franco_ros2_franka_ws/install/franka_semantic_components:/home/jiataoding/franco_ros2_franka_ws/install/franka_gazebo_bringup:/home/jiataoding/franco_ros2_franka_ws/install/franka_ign_ros2_control:/home/jiataoding/franco_ros2_franka_ws/install/franka_fr3_moveit_config:/home/jiataoding/franco_ros2_franka_ws/install/franka_hardware:/home/jiataoding/franco_ros2_franka_ws/install/franka_gripper:/home/jiataoding/franco_ros2_franka_ws/install/franka_msgs:/home/jiataoding/franco_ros2_franka_ws/install/franka_description:/home/jiataoding/franco_ros2_franka_ws/install/cartesian_impedance_controller:/home/jiataoding/franco_ros2_franka_ws/install/effort_controller_base:/home/jiataoding/franco_ros2_franka_ws/install/debug_msg:/opt/openrobots LD_LIBRARY_PATH=/home/jiataoding/franco_ros2_franka_ws/src/install/franka_robot_state_broadcaster/lib:/home/jiataoding/franco_ros2_franka_ws/src/install/franka_semantic_components/lib:/home/jiataoding/franco_ros2_franka_ws/src/install/franka_hardware/lib:/home/jiataoding/franco_ros2_franka_ws/src/install/franka_msgs/lib:/home/jiataoding/franco_ros2_franka_ws/src/install/joint_impedance_controller/lib:/home/jiataoding/franco_ros2_franka_ws/src/install/integration_launch_testing/lib:/home/jiataoding/franco_ros2_franka_ws/src/install/gravity_compensation/lib:/home/jiataoding/franco_ros2_franka_ws/src/install/franka_example_controllers/lib:/home/jiataoding/franco_ros2_franka_ws/src/install/franka_ign_ros2_control/lib:/home/jiataoding/franco_ros2_franka_ws/src/install/franka_gripper/lib:/home/jiataoding/franco_ros2_franka_ws/src/install/cartesian_impedance_controller/lib:/home/jiataoding/franco_ros2_franka_ws/src/install/effort_controller_base/lib:/home/jiataoding/franco_ros2_franka_ws/src/install/debug_msg/lib:/home/jiataoding/libs/onnxruntime-linux-x64-1.21.0/lib:/home/jiataoding/ros2_franka_ws/install/joint_impedance_controller/lib:/home/jiataoding/ros2_franka_ws/install/integration_launch_testing/lib:/home/jiataoding/ros2_franka_ws/install/gravity_compensation/lib:/home/jiataoding/ros2_franka_ws/install/franka_robot_state_broadcaster/lib:/home/jiataoding/ros2_franka_ws/install/franka_example_controllers/lib:/home/jiataoding/ros2_franka_ws/install/franka_semantic_components/lib:/home/jiataoding/ros2_franka_ws/install/franka_ign_ros2_control/lib:/home/jiataoding/ros2_franka_ws/install/franka_hardware/lib:/home/jiataoding/ros2_franka_ws/install/franka_gripper/lib:/home/jiataoding/ros2_franka_ws/install/franka_msgs/lib:/home/jiataoding/ros2_franka_ws/install/cartesian_impedance_controller/lib:/home/jiataoding/ros2_franka_ws/install/effort_controller_base/lib:/home/jiataoding/ros2_franka_ws/install/debug_msg/lib:/home/jiataoding/franco_ros2_franka_ws/install/joint_impedance_controller/lib:/home/jiataoding/franco_ros2_franka_ws/install/integration_launch_testing/lib:/home/jiataoding/franco_ros2_franka_ws/install/gravity_compensation/lib:/home/jiataoding/franco_ros2_franka_ws/install/franka_robot_state_broadcaster/lib:/home/jiataoding/franco_ros2_franka_ws/install/franka_example_controllers/lib:/home/jiataoding/franco_ros2_franka_ws/install/franka_semantic_components/lib:/home/jiataoding/franco_ros2_franka_ws/install/franka_ign_ros2_control/lib:/home/jiataoding/franco_ros2_franka_ws/install/franka_hardware/lib:/home/jiataoding/franco_ros2_franka_ws/install/franka_gripper/lib:/home/jiataoding/franco_ros2_franka_ws/install/franka_msgs/lib:/home/jiataoding/franco_ros2_franka_ws/install/cartesian_impedance_controller/lib:/home/jiataoding/franco_ros2_franka_ws/install/effort_controller_base/lib:/home/jiataoding/franco_ros2_franka_ws/install/debug_msg/lib:/opt/openrobots/lib:/opt/ros/humble/opt/rviz_ogre_vendor/lib:/opt/ros/humble/lib/x86_64-linux-gnu:/opt/ros/humble/lib /usr/bin/cmake --install /home/jiataoding/franco_ros2_franka_ws/src/build/franka_bringup
[2.028s] Level 1:colcon.colcon_core.environment:checking '/home/jiataoding/franco_ros2_franka_ws/src/install/franka_bringup' for CMake config files
[2.029s] Level 1:colcon.colcon_core.shell:create_environment_hook('franka_bringup', 'cmake_prefix_path')
[2.029s] INFO:colcon.colcon_core.shell:Creating environment hook '/home/jiataoding/franco_ros2_franka_ws/src/install/franka_bringup/share/franka_bringup/hook/cmake_prefix_path.ps1'
[2.030s] INFO:colcon.colcon_core.shell:Creating environment descriptor '/home/jiataoding/franco_ros2_franka_ws/src/install/franka_bringup/share/franka_bringup/hook/cmake_prefix_path.dsv'
[2.030s] INFO:colcon.colcon_core.shell:Creating environment hook '/home/jiataoding/franco_ros2_franka_ws/src/install/franka_bringup/share/franka_bringup/hook/cmake_prefix_path.sh'
[2.031s] Level 1:colcon.colcon_core.environment:checking '/home/jiataoding/franco_ros2_franka_ws/src/install/franka_bringup/lib'
[2.031s] Level 1:colcon.colcon_core.environment:checking '/home/jiataoding/franco_ros2_franka_ws/src/install/franka_bringup/bin'
[2.031s] Level 1:colcon.colcon_core.environment:checking '/home/jiataoding/franco_ros2_franka_ws/src/install/franka_bringup/lib/pkgconfig/franka_bringup.pc'
[2.032s] Level 1:colcon.colcon_core.environment:checking '/home/jiataoding/franco_ros2_franka_ws/src/install/franka_bringup/lib/python3.10/site-packages'
[2.032s] Level 1:colcon.colcon_core.environment:checking '/home/jiataoding/franco_ros2_franka_ws/src/install/franka_bringup/bin'
[2.032s] INFO:colcon.colcon_core.shell:Creating package script '/home/jiataoding/franco_ros2_franka_ws/src/install/franka_bringup/share/franka_bringup/package.ps1'
[2.033s] INFO:colcon.colcon_core.shell:Creating package descriptor '/home/jiataoding/franco_ros2_franka_ws/src/install/franka_bringup/share/franka_bringup/package.dsv'
[2.034s] INFO:colcon.colcon_core.shell:Creating package script '/home/jiataoding/franco_ros2_franka_ws/src/install/franka_bringup/share/franka_bringup/package.sh'
[2.034s] INFO:colcon.colcon_core.shell:Creating package script '/home/jiataoding/franco_ros2_franka_ws/src/install/franka_bringup/share/franka_bringup/package.bash'
[2.035s] INFO:colcon.colcon_core.shell:Creating package script '/home/jiataoding/franco_ros2_franka_ws/src/install/franka_bringup/share/franka_bringup/package.zsh'
[2.035s] Level 1:colcon.colcon_core.environment:create_file_with_runtime_dependencies(/home/jiataoding/franco_ros2_franka_ws/src/install/franka_bringup/share/colcon-core/packages/franka_bringup)
[2.036s] Level 1:colcon.colcon_core.environment:create_environment_scripts_only(franka_bringup)
[2.037s] Level 1:colcon.colcon_core.environment:checking '/home/jiataoding/franco_ros2_franka_ws/src/install/franka_bringup' for CMake module files
[2.037s] Level 1:colcon.colcon_core.environment:checking '/home/jiataoding/franco_ros2_franka_ws/src/install/franka_bringup' for CMake config files
[2.038s] Level 1:colcon.colcon_core.shell:create_environment_hook('franka_bringup', 'cmake_prefix_path')
[2.038s] INFO:colcon.colcon_core.shell:Creating environment hook '/home/jiataoding/franco_ros2_franka_ws/src/install/franka_bringup/share/franka_bringup/hook/cmake_prefix_path.ps1'
[2.039s] INFO:colcon.colcon_core.shell:Creating environment descriptor '/home/jiataoding/franco_ros2_franka_ws/src/install/franka_bringup/share/franka_bringup/hook/cmake_prefix_path.dsv'
[2.039s] INFO:colcon.colcon_core.shell:Creating environment hook '/home/jiataoding/franco_ros2_franka_ws/src/install/franka_bringup/share/franka_bringup/hook/cmake_prefix_path.sh'
[2.040s] Level 1:colcon.colcon_core.environment:checking '/home/jiataoding/franco_ros2_franka_ws/src/install/franka_bringup/lib'
[2.040s] Level 1:colcon.colcon_core.environment:checking '/home/jiataoding/franco_ros2_franka_ws/src/install/franka_bringup/bin'
[2.040s] Level 1:colcon.colcon_core.environment:checking '/home/jiataoding/franco_ros2_franka_ws/src/install/franka_bringup/lib/pkgconfig/franka_bringup.pc'
[2.040s] Level 1:colcon.colcon_core.environment:checking '/home/jiataoding/franco_ros2_franka_ws/src/install/franka_bringup/lib/python3.10/site-packages'
[2.041s] Level 1:colcon.colcon_core.environment:checking '/home/jiataoding/franco_ros2_franka_ws/src/install/franka_bringup/bin'
[2.041s] INFO:colcon.colcon_core.shell:Creating package script '/home/jiataoding/franco_ros2_franka_ws/src/install/franka_bringup/share/franka_bringup/package.ps1'
[2.042s] INFO:colcon.colcon_core.shell:Creating package descriptor '/home/jiataoding/franco_ros2_franka_ws/src/install/franka_bringup/share/franka_bringup/package.dsv'
[2.042s] INFO:colcon.colcon_core.shell:Creating package script '/home/jiataoding/franco_ros2_franka_ws/src/install/franka_bringup/share/franka_bringup/package.sh'
[2.043s] INFO:colcon.colcon_core.shell:Creating package script '/home/jiataoding/franco_ros2_franka_ws/src/install/franka_bringup/share/franka_bringup/package.bash'
[2.043s] INFO:colcon.colcon_core.shell:Creating package script '/home/jiataoding/franco_ros2_franka_ws/src/install/franka_bringup/share/franka_bringup/package.zsh'
[2.044s] Level 1:colcon.colcon_core.environment:create_file_with_runtime_dependencies(/home/jiataoding/franco_ros2_franka_ws/src/install/franka_bringup/share/colcon-core/packages/franka_bringup)
[2.044s] INFO:colcon.colcon_ros.task.ament_cmake.build:Building ROS package in '/home/jiataoding/franco_ros2_franka_ws/src/franka_ros2/franka_ros2' with build type 'ament_cmake'
[2.044s] INFO:colcon.colcon_cmake.task.cmake.build:Building CMake package in '/home/jiataoding/franco_ros2_franka_ws/src/franka_ros2/franka_ros2'
[2.044s] INFO:colcon.colcon_core.shell:Skip shell extension 'powershell' for command environment: Not usable outside of PowerShell
[2.045s] DEBUG:colcon.colcon_core.shell:Skip shell extension 'dsv' for command environment
[2.055s] INFO:colcon.colcon_ros.task.ament_cmake.build:Building ROS package in '/home/jiataoding/franco_ros2_franka_ws/src/idra_franka_launch' with build type 'ament_cmake'
[2.055s] INFO:colcon.colcon_cmake.task.cmake.build:Building CMake package in '/home/jiataoding/franco_ros2_franka_ws/src/idra_franka_launch'
[2.055s] INFO:colcon.colcon_core.shell:Skip shell extension 'powershell' for command environment: Not usable outside of PowerShell
[2.055s] DEBUG:colcon.colcon_core.shell:Skip shell extension 'dsv' for command environment
[2.110s] DEBUG:colcon.colcon_core.event_handler.log_command:Invoking command in '/home/jiataoding/franco_ros2_franka_ws/src/build/idra_franka_launch': CMAKE_PREFIX_PATH=/home/jiataoding/franco_ros2_franka_ws/src/install/franka_bringup:/home/jiataoding/franco_ros2_franka_ws/src/install/franka_robot_state_broadcaster:/home/jiataoding/franco_ros2_franka_ws/src/install/franka_semantic_components:/home/jiataoding/franco_ros2_franka_ws/src/install/franka_hardware:/home/jiataoding/franco_ros2_franka_ws/src/install/franka_msgs:/home/jiataoding/franco_ros2_franka_ws/src/install/franka_description:/home/jiataoding/franco_ros2_franka_ws/src/install/joint_impedance_controller:/home/jiataoding/franco_ros2_franka_ws/src/install/integration_launch_testing:/home/jiataoding/franco_ros2_franka_ws/src/install/idra_franka_launch:/home/jiataoding/franco_ros2_franka_ws/src/install/gravity_compensation:/home/jiataoding/franco_ros2_franka_ws/src/install/franka_task_pipeline:/home/jiataoding/franco_ros2_franka_ws/src/install/franka_ros2:/home/jiataoding/franco_ros2_franka_ws/src/install/franka_example_controllers:/home/jiataoding/franco_ros2_franka_ws/src/install/franka_gazebo_bringup:/home/jiataoding/franco_ros2_franka_ws/src/install/franka_ign_ros2_control:/home/jiataoding/franco_ros2_franka_ws/src/install/franka_fr3_moveit_config:/home/jiataoding/franco_ros2_franka_ws/src/install/franka_gripper:/home/jiataoding/franco_ros2_franka_ws/src/install/cartesian_impedance_controller:/opt/ros/humble:/home/jiataoding/franco_ros2_franka_ws/src/install/effort_controller_base:/home/jiataoding/franco_ros2_franka_ws/src/install/debug_msg:/home/jiataoding/ros2_franka_ws/install/joint_impedance_controller:/home/jiataoding/ros2_franka_ws/install/integration_launch_testing:/home/jiataoding/ros2_franka_ws/install/idra_franka_launch:/home/jiataoding/ros2_franka_ws/install/gravity_compensation:/home/jiataoding/ros2_franka_ws/install/franka_task_pipeline:/home/jiataoding/ros2_franka_ws/install/franka_ros2:/home/jiataoding/ros2_franka_ws/install/franka_bringup:/home/jiataoding/ros2_franka_ws/install/franka_robot_state_broadcaster:/home/jiataoding/ros2_franka_ws/install/franka_example_controllers:/home/jiataoding/ros2_franka_ws/install/franka_semantic_components:/home/jiataoding/ros2_franka_ws/install/franka_gazebo_bringup:/home/jiataoding/ros2_franka_ws/install/franka_ign_ros2_control:/home/jiataoding/ros2_franka_ws/install/franka_fr3_moveit_config:/home/jiataoding/ros2_franka_ws/install/franka_hardware:/home/jiataoding/ros2_franka_ws/install/franka_gripper:/home/jiataoding/ros2_franka_ws/install/franka_msgs:/home/jiataoding/ros2_franka_ws/install/franka_description:/home/jiataoding/ros2_franka_ws/install/cartesian_impedance_controller:/home/jiataoding/ros2_franka_ws/install/effort_controller_base:/home/jiataoding/ros2_franka_ws/install/debug_msg:/home/jiataoding/franco_ros2_franka_ws/install/joint_impedance_controller:/home/jiataoding/franco_ros2_franka_ws/install/integration_launch_testing:/home/jiataoding/franco_ros2_franka_ws/install/idra_franka_launch:/home/jiataoding/franco_ros2_franka_ws/install/gravity_compensation:/home/jiataoding/franco_ros2_franka_ws/install/franka_task_pipeline:/home/jiataoding/franco_ros2_franka_ws/install/franka_ros2:/home/jiataoding/franco_ros2_franka_ws/install/franka_bringup:/home/jiataoding/franco_ros2_franka_ws/install/franka_robot_state_broadcaster:/home/jiataoding/franco_ros2_franka_ws/install/franka_example_controllers:/home/jiataoding/franco_ros2_franka_ws/install/franka_semantic_components:/home/jiataoding/franco_ros2_franka_ws/install/franka_gazebo_bringup:/home/jiataoding/franco_ros2_franka_ws/install/franka_ign_ros2_control:/home/jiataoding/franco_ros2_franka_ws/install/franka_fr3_moveit_config:/home/jiataoding/franco_ros2_franka_ws/install/franka_hardware:/home/jiataoding/franco_ros2_franka_ws/install/franka_gripper:/home/jiataoding/franco_ros2_franka_ws/install/franka_msgs:/home/jiataoding/franco_ros2_franka_ws/install/franka_description:/home/jiataoding/franco_ros2_franka_ws/install/cartesian_impedance_controller:/home/jiataoding/franco_ros2_franka_ws/install/effort_controller_base:/home/jiataoding/franco_ros2_franka_ws/install/debug_msg:/opt/openrobots LD_LIBRARY_PATH=/home/jiataoding/franco_ros2_franka_ws/src/install/franka_robot_state_broadcaster/lib:/home/jiataoding/franco_ros2_franka_ws/src/install/franka_semantic_components/lib:/home/jiataoding/franco_ros2_franka_ws/src/install/franka_hardware/lib:/home/jiataoding/franco_ros2_franka_ws/src/install/franka_msgs/lib:/home/jiataoding/franco_ros2_franka_ws/src/install/joint_impedance_controller/lib:/home/jiataoding/franco_ros2_franka_ws/src/install/integration_launch_testing/lib:/home/jiataoding/franco_ros2_franka_ws/src/install/gravity_compensation/lib:/home/jiataoding/franco_ros2_franka_ws/src/install/franka_example_controllers/lib:/home/jiataoding/franco_ros2_franka_ws/src/install/franka_ign_ros2_control/lib:/home/jiataoding/franco_ros2_franka_ws/src/install/franka_gripper/lib:/home/jiataoding/franco_ros2_franka_ws/src/install/cartesian_impedance_controller/lib:/home/jiataoding/franco_ros2_franka_ws/src/install/effort_controller_base/lib:/home/jiataoding/franco_ros2_franka_ws/src/install/debug_msg/lib:/home/jiataoding/libs/onnxruntime-linux-x64-1.21.0/lib:/home/jiataoding/ros2_franka_ws/install/joint_impedance_controller/lib:/home/jiataoding/ros2_franka_ws/install/integration_launch_testing/lib:/home/jiataoding/ros2_franka_ws/install/gravity_compensation/lib:/home/jiataoding/ros2_franka_ws/install/franka_robot_state_broadcaster/lib:/home/jiataoding/ros2_franka_ws/install/franka_example_controllers/lib:/home/jiataoding/ros2_franka_ws/install/franka_semantic_components/lib:/home/jiataoding/ros2_franka_ws/install/franka_ign_ros2_control/lib:/home/jiataoding/ros2_franka_ws/install/franka_hardware/lib:/home/jiataoding/ros2_franka_ws/install/franka_gripper/lib:/home/jiataoding/ros2_franka_ws/install/franka_msgs/lib:/home/jiataoding/ros2_franka_ws/install/cartesian_impedance_controller/lib:/home/jiataoding/ros2_franka_ws/install/effort_controller_base/lib:/home/jiataoding/ros2_franka_ws/install/debug_msg/lib:/home/jiataoding/franco_ros2_franka_ws/install/joint_impedance_controller/lib:/home/jiataoding/franco_ros2_franka_ws/install/integration_launch_testing/lib:/home/jiataoding/franco_ros2_franka_ws/install/gravity_compensation/lib:/home/jiataoding/franco_ros2_franka_ws/install/franka_robot_state_broadcaster/lib:/home/jiataoding/franco_ros2_franka_ws/install/franka_example_controllers/lib:/home/jiataoding/franco_ros2_franka_ws/install/franka_semantic_components/lib:/home/jiataoding/franco_ros2_franka_ws/install/franka_ign_ros2_control/lib:/home/jiataoding/franco_ros2_franka_ws/install/franka_hardware/lib:/home/jiataoding/franco_ros2_franka_ws/install/franka_gripper/lib:/home/jiataoding/franco_ros2_franka_ws/install/franka_msgs/lib:/home/jiataoding/franco_ros2_franka_ws/install/cartesian_impedance_controller/lib:/home/jiataoding/franco_ros2_franka_ws/install/effort_controller_base/lib:/home/jiataoding/franco_ros2_franka_ws/install/debug_msg/lib:/opt/openrobots/lib:/opt/ros/humble/opt/rviz_ogre_vendor/lib:/opt/ros/humble/lib/x86_64-linux-gnu:/opt/ros/humble/lib /usr/bin/cmake --build /home/jiataoding/franco_ros2_franka_ws/src/build/idra_franka_launch -- -j24 -l24
[2.120s] DEBUG:colcon.colcon_core.event_handler.log_command:Invoking command in '/home/jiataoding/franco_ros2_franka_ws/src/build/franka_ros2': CMAKE_PREFIX_PATH=/home/jiataoding/franco_ros2_franka_ws/src/install/franka_bringup:/home/jiataoding/franco_ros2_franka_ws/src/install/franka_robot_state_broadcaster:/home/jiataoding/franco_ros2_franka_ws/src/install/franka_gazebo_bringup:/home/jiataoding/franco_ros2_franka_ws/src/install/franka_example_controllers:/home/jiataoding/franco_ros2_franka_ws/src/install/franka_semantic_components:/home/jiataoding/franco_ros2_franka_ws/src/install/franka_ign_ros2_control:/home/jiataoding/franco_ros2_franka_ws/src/install/franka_fr3_moveit_config:/home/jiataoding/franco_ros2_franka_ws/src/install/franka_hardware:/home/jiataoding/franco_ros2_franka_ws/src/install/franka_gripper:/home/jiataoding/franco_ros2_franka_ws/src/install/franka_msgs:/home/jiataoding/franco_ros2_franka_ws/src/install/franka_description:/home/jiataoding/franco_ros2_franka_ws/src/install/joint_impedance_controller:/home/jiataoding/franco_ros2_franka_ws/src/install/integration_launch_testing:/home/jiataoding/franco_ros2_franka_ws/src/install/idra_franka_launch:/home/jiataoding/franco_ros2_franka_ws/src/install/gravity_compensation:/home/jiataoding/franco_ros2_franka_ws/src/install/franka_task_pipeline:/home/jiataoding/franco_ros2_franka_ws/src/install/franka_ros2:/home/jiataoding/franco_ros2_franka_ws/src/install/cartesian_impedance_controller:/opt/ros/humble:/home/jiataoding/franco_ros2_franka_ws/src/install/effort_controller_base:/home/jiataoding/franco_ros2_franka_ws/src/install/debug_msg:/home/jiataoding/ros2_franka_ws/install/joint_impedance_controller:/home/jiataoding/ros2_franka_ws/install/integration_launch_testing:/home/jiataoding/ros2_franka_ws/install/idra_franka_launch:/home/jiataoding/ros2_franka_ws/install/gravity_compensation:/home/jiataoding/ros2_franka_ws/install/franka_task_pipeline:/home/jiataoding/ros2_franka_ws/install/franka_ros2:/home/jiataoding/ros2_franka_ws/install/franka_bringup:/home/jiataoding/ros2_franka_ws/install/franka_robot_state_broadcaster:/home/jiataoding/ros2_franka_ws/install/franka_example_controllers:/home/jiataoding/ros2_franka_ws/install/franka_semantic_components:/home/jiataoding/ros2_franka_ws/install/franka_gazebo_bringup:/home/jiataoding/ros2_franka_ws/install/franka_ign_ros2_control:/home/jiataoding/ros2_franka_ws/install/franka_fr3_moveit_config:/home/jiataoding/ros2_franka_ws/install/franka_hardware:/home/jiataoding/ros2_franka_ws/install/franka_gripper:/home/jiataoding/ros2_franka_ws/install/franka_msgs:/home/jiataoding/ros2_franka_ws/install/franka_description:/home/jiataoding/ros2_franka_ws/install/cartesian_impedance_controller:/home/jiataoding/ros2_franka_ws/install/effort_controller_base:/home/jiataoding/ros2_franka_ws/install/debug_msg:/home/jiataoding/franco_ros2_franka_ws/install/joint_impedance_controller:/home/jiataoding/franco_ros2_franka_ws/install/integration_launch_testing:/home/jiataoding/franco_ros2_franka_ws/install/idra_franka_launch:/home/jiataoding/franco_ros2_franka_ws/install/gravity_compensation:/home/jiataoding/franco_ros2_franka_ws/install/franka_task_pipeline:/home/jiataoding/franco_ros2_franka_ws/install/franka_ros2:/home/jiataoding/franco_ros2_franka_ws/install/franka_bringup:/home/jiataoding/franco_ros2_franka_ws/install/franka_robot_state_broadcaster:/home/jiataoding/franco_ros2_franka_ws/install/franka_example_controllers:/home/jiataoding/franco_ros2_franka_ws/install/franka_semantic_components:/home/jiataoding/franco_ros2_franka_ws/install/franka_gazebo_bringup:/home/jiataoding/franco_ros2_franka_ws/install/franka_ign_ros2_control:/home/jiataoding/franco_ros2_franka_ws/install/franka_fr3_moveit_config:/home/jiataoding/franco_ros2_franka_ws/install/franka_hardware:/home/jiataoding/franco_ros2_franka_ws/install/franka_gripper:/home/jiataoding/franco_ros2_franka_ws/install/franka_msgs:/home/jiataoding/franco_ros2_franka_ws/install/franka_description:/home/jiataoding/franco_ros2_franka_ws/install/cartesian_impedance_controller:/home/jiataoding/franco_ros2_franka_ws/install/effort_controller_base:/home/jiataoding/franco_ros2_franka_ws/install/debug_msg:/opt/openrobots LD_LIBRARY_PATH=/home/jiataoding/franco_ros2_franka_ws/src/install/franka_robot_state_broadcaster/lib:/home/jiataoding/franco_ros2_franka_ws/src/install/franka_example_controllers/lib:/home/jiataoding/franco_ros2_franka_ws/src/install/franka_semantic_components/lib:/home/jiataoding/franco_ros2_franka_ws/src/install/franka_ign_ros2_control/lib:/home/jiataoding/franco_ros2_franka_ws/src/install/franka_hardware/lib:/home/jiataoding/franco_ros2_franka_ws/src/install/franka_gripper/lib:/home/jiataoding/franco_ros2_franka_ws/src/install/franka_msgs/lib:/home/jiataoding/franco_ros2_franka_ws/src/install/joint_impedance_controller/lib:/home/jiataoding/franco_ros2_franka_ws/src/install/integration_launch_testing/lib:/home/jiataoding/franco_ros2_franka_ws/src/install/gravity_compensation/lib:/home/jiataoding/franco_ros2_franka_ws/src/install/cartesian_impedance_controller/lib:/home/jiataoding/franco_ros2_franka_ws/src/install/effort_controller_base/lib:/home/jiataoding/franco_ros2_franka_ws/src/install/debug_msg/lib:/home/jiataoding/libs/onnxruntime-linux-x64-1.21.0/lib:/home/jiataoding/ros2_franka_ws/install/joint_impedance_controller/lib:/home/jiataoding/ros2_franka_ws/install/integration_launch_testing/lib:/home/jiataoding/ros2_franka_ws/install/gravity_compensation/lib:/home/jiataoding/ros2_franka_ws/install/franka_robot_state_broadcaster/lib:/home/jiataoding/ros2_franka_ws/install/franka_example_controllers/lib:/home/jiataoding/ros2_franka_ws/install/franka_semantic_components/lib:/home/jiataoding/ros2_franka_ws/install/franka_ign_ros2_control/lib:/home/jiataoding/ros2_franka_ws/install/franka_hardware/lib:/home/jiataoding/ros2_franka_ws/install/franka_gripper/lib:/home/jiataoding/ros2_franka_ws/install/franka_msgs/lib:/home/jiataoding/ros2_franka_ws/install/cartesian_impedance_controller/lib:/home/jiataoding/ros2_franka_ws/install/effort_controller_base/lib:/home/jiataoding/ros2_franka_ws/install/debug_msg/lib:/home/jiataoding/franco_ros2_franka_ws/install/joint_impedance_controller/lib:/home/jiataoding/franco_ros2_franka_ws/install/integration_launch_testing/lib:/home/jiataoding/franco_ros2_franka_ws/install/gravity_compensation/lib:/home/jiataoding/franco_ros2_franka_ws/install/franka_robot_state_broadcaster/lib:/home/jiataoding/franco_ros2_franka_ws/install/franka_example_controllers/lib:/home/jiataoding/franco_ros2_franka_ws/install/franka_semantic_components/lib:/home/jiataoding/franco_ros2_franka_ws/install/franka_ign_ros2_control/lib:/home/jiataoding/franco_ros2_franka_ws/install/franka_hardware/lib:/home/jiataoding/franco_ros2_franka_ws/install/franka_gripper/lib:/home/jiataoding/franco_ros2_franka_ws/install/franka_msgs/lib:/home/jiataoding/franco_ros2_franka_ws/install/cartesian_impedance_controller/lib:/home/jiataoding/franco_ros2_franka_ws/install/effort_controller_base/lib:/home/jiataoding/franco_ros2_franka_ws/install/debug_msg/lib:/opt/openrobots/lib:/opt/ros/humble/opt/rviz_ogre_vendor/lib:/opt/ros/humble/lib/x86_64-linux-gnu:/opt/ros/humble/lib /usr/bin/cmake --build /home/jiataoding/franco_ros2_franka_ws/src/build/franka_ros2 -- -j24 -l24
[2.189s] DEBUG:colcon.colcon_core.event_handler.log_command:Invoked command in '/home/jiataoding/franco_ros2_franka_ws/src/build/idra_franka_launch' returned '0': CMAKE_PREFIX_PATH=/home/jiataoding/franco_ros2_franka_ws/src/install/franka_bringup:/home/jiataoding/franco_ros2_franka_ws/src/install/franka_robot_state_broadcaster:/home/jiataoding/franco_ros2_franka_ws/src/install/franka_semantic_components:/home/jiataoding/franco_ros2_franka_ws/src/install/franka_hardware:/home/jiataoding/franco_ros2_franka_ws/src/install/franka_msgs:/home/jiataoding/franco_ros2_franka_ws/src/install/franka_description:/home/jiataoding/franco_ros2_franka_ws/src/install/joint_impedance_controller:/home/jiataoding/franco_ros2_franka_ws/src/install/integration_launch_testing:/home/jiataoding/franco_ros2_franka_ws/src/install/idra_franka_launch:/home/jiataoding/franco_ros2_franka_ws/src/install/gravity_compensation:/home/jiataoding/franco_ros2_franka_ws/src/install/franka_task_pipeline:/home/jiataoding/franco_ros2_franka_ws/src/install/franka_ros2:/home/jiataoding/franco_ros2_franka_ws/src/install/franka_example_controllers:/home/jiataoding/franco_ros2_franka_ws/src/install/franka_gazebo_bringup:/home/jiataoding/franco_ros2_franka_ws/src/install/franka_ign_ros2_control:/home/jiataoding/franco_ros2_franka_ws/src/install/franka_fr3_moveit_config:/home/jiataoding/franco_ros2_franka_ws/src/install/franka_gripper:/home/jiataoding/franco_ros2_franka_ws/src/install/cartesian_impedance_controller:/opt/ros/humble:/home/jiataoding/franco_ros2_franka_ws/src/install/effort_controller_base:/home/jiataoding/franco_ros2_franka_ws/src/install/debug_msg:/home/jiataoding/ros2_franka_ws/install/joint_impedance_controller:/home/jiataoding/ros2_franka_ws/install/integration_launch_testing:/home/jiataoding/ros2_franka_ws/install/idra_franka_launch:/home/jiataoding/ros2_franka_ws/install/gravity_compensation:/home/jiataoding/ros2_franka_ws/install/franka_task_pipeline:/home/jiataoding/ros2_franka_ws/install/franka_ros2:/home/jiataoding/ros2_franka_ws/install/franka_bringup:/home/jiataoding/ros2_franka_ws/install/franka_robot_state_broadcaster:/home/jiataoding/ros2_franka_ws/install/franka_example_controllers:/home/jiataoding/ros2_franka_ws/install/franka_semantic_components:/home/jiataoding/ros2_franka_ws/install/franka_gazebo_bringup:/home/jiataoding/ros2_franka_ws/install/franka_ign_ros2_control:/home/jiataoding/ros2_franka_ws/install/franka_fr3_moveit_config:/home/jiataoding/ros2_franka_ws/install/franka_hardware:/home/jiataoding/ros2_franka_ws/install/franka_gripper:/home/jiataoding/ros2_franka_ws/install/franka_msgs:/home/jiataoding/ros2_franka_ws/install/franka_description:/home/jiataoding/ros2_franka_ws/install/cartesian_impedance_controller:/home/jiataoding/ros2_franka_ws/install/effort_controller_base:/home/jiataoding/ros2_franka_ws/install/debug_msg:/home/jiataoding/franco_ros2_franka_ws/install/joint_impedance_controller:/home/jiataoding/franco_ros2_franka_ws/install/integration_launch_testing:/home/jiataoding/franco_ros2_franka_ws/install/idra_franka_launch:/home/jiataoding/franco_ros2_franka_ws/install/gravity_compensation:/home/jiataoding/franco_ros2_franka_ws/install/franka_task_pipeline:/home/jiataoding/franco_ros2_franka_ws/install/franka_ros2:/home/jiataoding/franco_ros2_franka_ws/install/franka_bringup:/home/jiataoding/franco_ros2_franka_ws/install/franka_robot_state_broadcaster:/home/jiataoding/franco_ros2_franka_ws/install/franka_example_controllers:/home/jiataoding/franco_ros2_franka_ws/install/franka_semantic_components:/home/jiataoding/franco_ros2_franka_ws/install/franka_gazebo_bringup:/home/jiataoding/franco_ros2_franka_ws/install/franka_ign_ros2_control:/home/jiataoding/franco_ros2_franka_ws/install/franka_fr3_moveit_config:/home/jiataoding/franco_ros2_franka_ws/install/franka_hardware:/home/jiataoding/franco_ros2_franka_ws/install/franka_gripper:/home/jiataoding/franco_ros2_franka_ws/install/franka_msgs:/home/jiataoding/franco_ros2_franka_ws/install/franka_description:/home/jiataoding/franco_ros2_franka_ws/install/cartesian_impedance_controller:/home/jiataoding/franco_ros2_franka_ws/install/effort_controller_base:/home/jiataoding/franco_ros2_franka_ws/install/debug_msg:/opt/openrobots LD_LIBRARY_PATH=/home/jiataoding/franco_ros2_franka_ws/src/install/franka_robot_state_broadcaster/lib:/home/jiataoding/franco_ros2_franka_ws/src/install/franka_semantic_components/lib:/home/jiataoding/franco_ros2_franka_ws/src/install/franka_hardware/lib:/home/jiataoding/franco_ros2_franka_ws/src/install/franka_msgs/lib:/home/jiataoding/franco_ros2_franka_ws/src/install/joint_impedance_controller/lib:/home/jiataoding/franco_ros2_franka_ws/src/install/integration_launch_testing/lib:/home/jiataoding/franco_ros2_franka_ws/src/install/gravity_compensation/lib:/home/jiataoding/franco_ros2_franka_ws/src/install/franka_example_controllers/lib:/home/jiataoding/franco_ros2_franka_ws/src/install/franka_ign_ros2_control/lib:/home/jiataoding/franco_ros2_franka_ws/src/install/franka_gripper/lib:/home/jiataoding/franco_ros2_franka_ws/src/install/cartesian_impedance_controller/lib:/home/jiataoding/franco_ros2_franka_ws/src/install/effort_controller_base/lib:/home/jiataoding/franco_ros2_franka_ws/src/install/debug_msg/lib:/home/jiataoding/libs/onnxruntime-linux-x64-1.21.0/lib:/home/jiataoding/ros2_franka_ws/install/joint_impedance_controller/lib:/home/jiataoding/ros2_franka_ws/install/integration_launch_testing/lib:/home/jiataoding/ros2_franka_ws/install/gravity_compensation/lib:/home/jiataoding/ros2_franka_ws/install/franka_robot_state_broadcaster/lib:/home/jiataoding/ros2_franka_ws/install/franka_example_controllers/lib:/home/jiataoding/ros2_franka_ws/install/franka_semantic_components/lib:/home/jiataoding/ros2_franka_ws/install/franka_ign_ros2_control/lib:/home/jiataoding/ros2_franka_ws/install/franka_hardware/lib:/home/jiataoding/ros2_franka_ws/install/franka_gripper/lib:/home/jiataoding/ros2_franka_ws/install/franka_msgs/lib:/home/jiataoding/ros2_franka_ws/install/cartesian_impedance_controller/lib:/home/jiataoding/ros2_franka_ws/install/effort_controller_base/lib:/home/jiataoding/ros2_franka_ws/install/debug_msg/lib:/home/jiataoding/franco_ros2_franka_ws/install/joint_impedance_controller/lib:/home/jiataoding/franco_ros2_franka_ws/install/integration_launch_testing/lib:/home/jiataoding/franco_ros2_franka_ws/install/gravity_compensation/lib:/home/jiataoding/franco_ros2_franka_ws/install/franka_robot_state_broadcaster/lib:/home/jiataoding/franco_ros2_franka_ws/install/franka_example_controllers/lib:/home/jiataoding/franco_ros2_franka_ws/install/franka_semantic_components/lib:/home/jiataoding/franco_ros2_franka_ws/install/franka_ign_ros2_control/lib:/home/jiataoding/franco_ros2_franka_ws/install/franka_hardware/lib:/home/jiataoding/franco_ros2_franka_ws/install/franka_gripper/lib:/home/jiataoding/franco_ros2_franka_ws/install/franka_msgs/lib:/home/jiataoding/franco_ros2_franka_ws/install/cartesian_impedance_controller/lib:/home/jiataoding/franco_ros2_franka_ws/install/effort_controller_base/lib:/home/jiataoding/franco_ros2_franka_ws/install/debug_msg/lib:/opt/openrobots/lib:/opt/ros/humble/opt/rviz_ogre_vendor/lib:/opt/ros/humble/lib/x86_64-linux-gnu:/opt/ros/humble/lib /usr/bin/cmake --build /home/jiataoding/franco_ros2_franka_ws/src/build/idra_franka_launch -- -j24 -l24
[2.191s] DEBUG:colcon.colcon_core.event_handler.log_command:Invoking command in '/home/jiataoding/franco_ros2_franka_ws/src/build/idra_franka_launch': CMAKE_PREFIX_PATH=/home/jiataoding/franco_ros2_franka_ws/src/install/franka_bringup:/home/jiataoding/franco_ros2_franka_ws/src/install/franka_robot_state_broadcaster:/home/jiataoding/franco_ros2_franka_ws/src/install/franka_semantic_components:/home/jiataoding/franco_ros2_franka_ws/src/install/franka_hardware:/home/jiataoding/franco_ros2_franka_ws/src/install/franka_msgs:/home/jiataoding/franco_ros2_franka_ws/src/install/franka_description:/home/jiataoding/franco_ros2_franka_ws/src/install/joint_impedance_controller:/home/jiataoding/franco_ros2_franka_ws/src/install/integration_launch_testing:/home/jiataoding/franco_ros2_franka_ws/src/install/idra_franka_launch:/home/jiataoding/franco_ros2_franka_ws/src/install/gravity_compensation:/home/jiataoding/franco_ros2_franka_ws/src/install/franka_task_pipeline:/home/jiataoding/franco_ros2_franka_ws/src/install/franka_ros2:/home/jiataoding/franco_ros2_franka_ws/src/install/franka_example_controllers:/home/jiataoding/franco_ros2_franka_ws/src/install/franka_gazebo_bringup:/home/jiataoding/franco_ros2_franka_ws/src/install/franka_ign_ros2_control:/home/jiataoding/franco_ros2_franka_ws/src/install/franka_fr3_moveit_config:/home/jiataoding/franco_ros2_franka_ws/src/install/franka_gripper:/home/jiataoding/franco_ros2_franka_ws/src/install/cartesian_impedance_controller:/opt/ros/humble:/home/jiataoding/franco_ros2_franka_ws/src/install/effort_controller_base:/home/jiataoding/franco_ros2_franka_ws/src/install/debug_msg:/home/jiataoding/ros2_franka_ws/install/joint_impedance_controller:/home/jiataoding/ros2_franka_ws/install/integration_launch_testing:/home/jiataoding/ros2_franka_ws/install/idra_franka_launch:/home/jiataoding/ros2_franka_ws/install/gravity_compensation:/home/jiataoding/ros2_franka_ws/install/franka_task_pipeline:/home/jiataoding/ros2_franka_ws/install/franka_ros2:/home/jiataoding/ros2_franka_ws/install/franka_bringup:/home/jiataoding/ros2_franka_ws/install/franka_robot_state_broadcaster:/home/jiataoding/ros2_franka_ws/install/franka_example_controllers:/home/jiataoding/ros2_franka_ws/install/franka_semantic_components:/home/jiataoding/ros2_franka_ws/install/franka_gazebo_bringup:/home/jiataoding/ros2_franka_ws/install/franka_ign_ros2_control:/home/jiataoding/ros2_franka_ws/install/franka_fr3_moveit_config:/home/jiataoding/ros2_franka_ws/install/franka_hardware:/home/jiataoding/ros2_franka_ws/install/franka_gripper:/home/jiataoding/ros2_franka_ws/install/franka_msgs:/home/jiataoding/ros2_franka_ws/install/franka_description:/home/jiataoding/ros2_franka_ws/install/cartesian_impedance_controller:/home/jiataoding/ros2_franka_ws/install/effort_controller_base:/home/jiataoding/ros2_franka_ws/install/debug_msg:/home/jiataoding/franco_ros2_franka_ws/install/joint_impedance_controller:/home/jiataoding/franco_ros2_franka_ws/install/integration_launch_testing:/home/jiataoding/franco_ros2_franka_ws/install/idra_franka_launch:/home/jiataoding/franco_ros2_franka_ws/install/gravity_compensation:/home/jiataoding/franco_ros2_franka_ws/install/franka_task_pipeline:/home/jiataoding/franco_ros2_franka_ws/install/franka_ros2:/home/jiataoding/franco_ros2_franka_ws/install/franka_bringup:/home/jiataoding/franco_ros2_franka_ws/install/franka_robot_state_broadcaster:/home/jiataoding/franco_ros2_franka_ws/install/franka_example_controllers:/home/jiataoding/franco_ros2_franka_ws/install/franka_semantic_components:/home/jiataoding/franco_ros2_franka_ws/install/franka_gazebo_bringup:/home/jiataoding/franco_ros2_franka_ws/install/franka_ign_ros2_control:/home/jiataoding/franco_ros2_franka_ws/install/franka_fr3_moveit_config:/home/jiataoding/franco_ros2_franka_ws/install/franka_hardware:/home/jiataoding/franco_ros2_franka_ws/install/franka_gripper:/home/jiataoding/franco_ros2_franka_ws/install/franka_msgs:/home/jiataoding/franco_ros2_franka_ws/install/franka_description:/home/jiataoding/franco_ros2_franka_ws/install/cartesian_impedance_controller:/home/jiataoding/franco_ros2_franka_ws/install/effort_controller_base:/home/jiataoding/franco_ros2_franka_ws/install/debug_msg:/opt/openrobots LD_LIBRARY_PATH=/home/jiataoding/franco_ros2_franka_ws/src/install/franka_robot_state_broadcaster/lib:/home/jiataoding/franco_ros2_franka_ws/src/install/franka_semantic_components/lib:/home/jiataoding/franco_ros2_franka_ws/src/install/franka_hardware/lib:/home/jiataoding/franco_ros2_franka_ws/src/install/franka_msgs/lib:/home/jiataoding/franco_ros2_franka_ws/src/install/joint_impedance_controller/lib:/home/jiataoding/franco_ros2_franka_ws/src/install/integration_launch_testing/lib:/home/jiataoding/franco_ros2_franka_ws/src/install/gravity_compensation/lib:/home/jiataoding/franco_ros2_franka_ws/src/install/franka_example_controllers/lib:/home/jiataoding/franco_ros2_franka_ws/src/install/franka_ign_ros2_control/lib:/home/jiataoding/franco_ros2_franka_ws/src/install/franka_gripper/lib:/home/jiataoding/franco_ros2_franka_ws/src/install/cartesian_impedance_controller/lib:/home/jiataoding/franco_ros2_franka_ws/src/install/effort_controller_base/lib:/home/jiataoding/franco_ros2_franka_ws/src/install/debug_msg/lib:/home/jiataoding/libs/onnxruntime-linux-x64-1.21.0/lib:/home/jiataoding/ros2_franka_ws/install/joint_impedance_controller/lib:/home/jiataoding/ros2_franka_ws/install/integration_launch_testing/lib:/home/jiataoding/ros2_franka_ws/install/gravity_compensation/lib:/home/jiataoding/ros2_franka_ws/install/franka_robot_state_broadcaster/lib:/home/jiataoding/ros2_franka_ws/install/franka_example_controllers/lib:/home/jiataoding/ros2_franka_ws/install/franka_semantic_components/lib:/home/jiataoding/ros2_franka_ws/install/franka_ign_ros2_control/lib:/home/jiataoding/ros2_franka_ws/install/franka_hardware/lib:/home/jiataoding/ros2_franka_ws/install/franka_gripper/lib:/home/jiataoding/ros2_franka_ws/install/franka_msgs/lib:/home/jiataoding/ros2_franka_ws/install/cartesian_impedance_controller/lib:/home/jiataoding/ros2_franka_ws/install/effort_controller_base/lib:/home/jiataoding/ros2_franka_ws/install/debug_msg/lib:/home/jiataoding/franco_ros2_franka_ws/install/joint_impedance_controller/lib:/home/jiataoding/franco_ros2_franka_ws/install/integration_launch_testing/lib:/home/jiataoding/franco_ros2_franka_ws/install/gravity_compensation/lib:/home/jiataoding/franco_ros2_franka_ws/install/franka_robot_state_broadcaster/lib:/home/jiataoding/franco_ros2_franka_ws/install/franka_example_controllers/lib:/home/jiataoding/franco_ros2_franka_ws/install/franka_semantic_components/lib:/home/jiataoding/franco_ros2_franka_ws/install/franka_ign_ros2_control/lib:/home/jiataoding/franco_ros2_franka_ws/install/franka_hardware/lib:/home/jiataoding/franco_ros2_franka_ws/install/franka_gripper/lib:/home/jiataoding/franco_ros2_franka_ws/install/franka_msgs/lib:/home/jiataoding/franco_ros2_franka_ws/install/cartesian_impedance_controller/lib:/home/jiataoding/franco_ros2_franka_ws/install/effort_controller_base/lib:/home/jiataoding/franco_ros2_franka_ws/install/debug_msg/lib:/opt/openrobots/lib:/opt/ros/humble/opt/rviz_ogre_vendor/lib:/opt/ros/humble/lib/x86_64-linux-gnu:/opt/ros/humble/lib /usr/bin/cmake --install /home/jiataoding/franco_ros2_franka_ws/src/build/idra_franka_launch
[2.198s] DEBUG:colcon.colcon_core.event_handler.log_command:Invoked command in '/home/jiataoding/franco_ros2_franka_ws/src/build/franka_ros2' returned '0': CMAKE_PREFIX_PATH=/home/jiataoding/franco_ros2_franka_ws/src/install/franka_bringup:/home/jiataoding/franco_ros2_franka_ws/src/install/franka_robot_state_broadcaster:/home/jiataoding/franco_ros2_franka_ws/src/install/franka_gazebo_bringup:/home/jiataoding/franco_ros2_franka_ws/src/install/franka_example_controllers:/home/jiataoding/franco_ros2_franka_ws/src/install/franka_semantic_components:/home/jiataoding/franco_ros2_franka_ws/src/install/franka_ign_ros2_control:/home/jiataoding/franco_ros2_franka_ws/src/install/franka_fr3_moveit_config:/home/jiataoding/franco_ros2_franka_ws/src/install/franka_hardware:/home/jiataoding/franco_ros2_franka_ws/src/install/franka_gripper:/home/jiataoding/franco_ros2_franka_ws/src/install/franka_msgs:/home/jiataoding/franco_ros2_franka_ws/src/install/franka_description:/home/jiataoding/franco_ros2_franka_ws/src/install/joint_impedance_controller:/home/jiataoding/franco_ros2_franka_ws/src/install/integration_launch_testing:/home/jiataoding/franco_ros2_franka_ws/src/install/idra_franka_launch:/home/jiataoding/franco_ros2_franka_ws/src/install/gravity_compensation:/home/jiataoding/franco_ros2_franka_ws/src/install/franka_task_pipeline:/home/jiataoding/franco_ros2_franka_ws/src/install/franka_ros2:/home/jiataoding/franco_ros2_franka_ws/src/install/cartesian_impedance_controller:/opt/ros/humble:/home/jiataoding/franco_ros2_franka_ws/src/install/effort_controller_base:/home/jiataoding/franco_ros2_franka_ws/src/install/debug_msg:/home/jiataoding/ros2_franka_ws/install/joint_impedance_controller:/home/jiataoding/ros2_franka_ws/install/integration_launch_testing:/home/jiataoding/ros2_franka_ws/install/idra_franka_launch:/home/jiataoding/ros2_franka_ws/install/gravity_compensation:/home/jiataoding/ros2_franka_ws/install/franka_task_pipeline:/home/jiataoding/ros2_franka_ws/install/franka_ros2:/home/jiataoding/ros2_franka_ws/install/franka_bringup:/home/jiataoding/ros2_franka_ws/install/franka_robot_state_broadcaster:/home/jiataoding/ros2_franka_ws/install/franka_example_controllers:/home/jiataoding/ros2_franka_ws/install/franka_semantic_components:/home/jiataoding/ros2_franka_ws/install/franka_gazebo_bringup:/home/jiataoding/ros2_franka_ws/install/franka_ign_ros2_control:/home/jiataoding/ros2_franka_ws/install/franka_fr3_moveit_config:/home/jiataoding/ros2_franka_ws/install/franka_hardware:/home/jiataoding/ros2_franka_ws/install/franka_gripper:/home/jiataoding/ros2_franka_ws/install/franka_msgs:/home/jiataoding/ros2_franka_ws/install/franka_description:/home/jiataoding/ros2_franka_ws/install/cartesian_impedance_controller:/home/jiataoding/ros2_franka_ws/install/effort_controller_base:/home/jiataoding/ros2_franka_ws/install/debug_msg:/home/jiataoding/franco_ros2_franka_ws/install/joint_impedance_controller:/home/jiataoding/franco_ros2_franka_ws/install/integration_launch_testing:/home/jiataoding/franco_ros2_franka_ws/install/idra_franka_launch:/home/jiataoding/franco_ros2_franka_ws/install/gravity_compensation:/home/jiataoding/franco_ros2_franka_ws/install/franka_task_pipeline:/home/jiataoding/franco_ros2_franka_ws/install/franka_ros2:/home/jiataoding/franco_ros2_franka_ws/install/franka_bringup:/home/jiataoding/franco_ros2_franka_ws/install/franka_robot_state_broadcaster:/home/jiataoding/franco_ros2_franka_ws/install/franka_example_controllers:/home/jiataoding/franco_ros2_franka_ws/install/franka_semantic_components:/home/jiataoding/franco_ros2_franka_ws/install/franka_gazebo_bringup:/home/jiataoding/franco_ros2_franka_ws/install/franka_ign_ros2_control:/home/jiataoding/franco_ros2_franka_ws/install/franka_fr3_moveit_config:/home/jiataoding/franco_ros2_franka_ws/install/franka_hardware:/home/jiataoding/franco_ros2_franka_ws/install/franka_gripper:/home/jiataoding/franco_ros2_franka_ws/install/franka_msgs:/home/jiataoding/franco_ros2_franka_ws/install/franka_description:/home/jiataoding/franco_ros2_franka_ws/install/cartesian_impedance_controller:/home/jiataoding/franco_ros2_franka_ws/install/effort_controller_base:/home/jiataoding/franco_ros2_franka_ws/install/debug_msg:/opt/openrobots LD_LIBRARY_PATH=/home/jiataoding/franco_ros2_franka_ws/src/install/franka_robot_state_broadcaster/lib:/home/jiataoding/franco_ros2_franka_ws/src/install/franka_example_controllers/lib:/home/jiataoding/franco_ros2_franka_ws/src/install/franka_semantic_components/lib:/home/jiataoding/franco_ros2_franka_ws/src/install/franka_ign_ros2_control/lib:/home/jiataoding/franco_ros2_franka_ws/src/install/franka_hardware/lib:/home/jiataoding/franco_ros2_franka_ws/src/install/franka_gripper/lib:/home/jiataoding/franco_ros2_franka_ws/src/install/franka_msgs/lib:/home/jiataoding/franco_ros2_franka_ws/src/install/joint_impedance_controller/lib:/home/jiataoding/franco_ros2_franka_ws/src/install/integration_launch_testing/lib:/home/jiataoding/franco_ros2_franka_ws/src/install/gravity_compensation/lib:/home/jiataoding/franco_ros2_franka_ws/src/install/cartesian_impedance_controller/lib:/home/jiataoding/franco_ros2_franka_ws/src/install/effort_controller_base/lib:/home/jiataoding/franco_ros2_franka_ws/src/install/debug_msg/lib:/home/jiataoding/libs/onnxruntime-linux-x64-1.21.0/lib:/home/jiataoding/ros2_franka_ws/install/joint_impedance_controller/lib:/home/jiataoding/ros2_franka_ws/install/integration_launch_testing/lib:/home/jiataoding/ros2_franka_ws/install/gravity_compensation/lib:/home/jiataoding/ros2_franka_ws/install/franka_robot_state_broadcaster/lib:/home/jiataoding/ros2_franka_ws/install/franka_example_controllers/lib:/home/jiataoding/ros2_franka_ws/install/franka_semantic_components/lib:/home/jiataoding/ros2_franka_ws/install/franka_ign_ros2_control/lib:/home/jiataoding/ros2_franka_ws/install/franka_hardware/lib:/home/jiataoding/ros2_franka_ws/install/franka_gripper/lib:/home/jiataoding/ros2_franka_ws/install/franka_msgs/lib:/home/jiataoding/ros2_franka_ws/install/cartesian_impedance_controller/lib:/home/jiataoding/ros2_franka_ws/install/effort_controller_base/lib:/home/jiataoding/ros2_franka_ws/install/debug_msg/lib:/home/jiataoding/franco_ros2_franka_ws/install/joint_impedance_controller/lib:/home/jiataoding/franco_ros2_franka_ws/install/integration_launch_testing/lib:/home/jiataoding/franco_ros2_franka_ws/install/gravity_compensation/lib:/home/jiataoding/franco_ros2_franka_ws/install/franka_robot_state_broadcaster/lib:/home/jiataoding/franco_ros2_franka_ws/install/franka_example_controllers/lib:/home/jiataoding/franco_ros2_franka_ws/install/franka_semantic_components/lib:/home/jiataoding/franco_ros2_franka_ws/install/franka_ign_ros2_control/lib:/home/jiataoding/franco_ros2_franka_ws/install/franka_hardware/lib:/home/jiataoding/franco_ros2_franka_ws/install/franka_gripper/lib:/home/jiataoding/franco_ros2_franka_ws/install/franka_msgs/lib:/home/jiataoding/franco_ros2_franka_ws/install/cartesian_impedance_controller/lib:/home/jiataoding/franco_ros2_franka_ws/install/effort_controller_base/lib:/home/jiataoding/franco_ros2_franka_ws/install/debug_msg/lib:/opt/openrobots/lib:/opt/ros/humble/opt/rviz_ogre_vendor/lib:/opt/ros/humble/lib/x86_64-linux-gnu:/opt/ros/humble/lib /usr/bin/cmake --build /home/jiataoding/franco_ros2_franka_ws/src/build/franka_ros2 -- -j24 -l24
[2.200s] DEBUG:colcon.colcon_core.event_handler.log_command:Invoking command in '/home/jiataoding/franco_ros2_franka_ws/src/build/franka_ros2': CMAKE_PREFIX_PATH=/home/jiataoding/franco_ros2_franka_ws/src/install/franka_bringup:/home/jiataoding/franco_ros2_franka_ws/src/install/franka_robot_state_broadcaster:/home/jiataoding/franco_ros2_franka_ws/src/install/franka_gazebo_bringup:/home/jiataoding/franco_ros2_franka_ws/src/install/franka_example_controllers:/home/jiataoding/franco_ros2_franka_ws/src/install/franka_semantic_components:/home/jiataoding/franco_ros2_franka_ws/src/install/franka_ign_ros2_control:/home/jiataoding/franco_ros2_franka_ws/src/install/franka_fr3_moveit_config:/home/jiataoding/franco_ros2_franka_ws/src/install/franka_hardware:/home/jiataoding/franco_ros2_franka_ws/src/install/franka_gripper:/home/jiataoding/franco_ros2_franka_ws/src/install/franka_msgs:/home/jiataoding/franco_ros2_franka_ws/src/install/franka_description:/home/jiataoding/franco_ros2_franka_ws/src/install/joint_impedance_controller:/home/jiataoding/franco_ros2_franka_ws/src/install/integration_launch_testing:/home/jiataoding/franco_ros2_franka_ws/src/install/idra_franka_launch:/home/jiataoding/franco_ros2_franka_ws/src/install/gravity_compensation:/home/jiataoding/franco_ros2_franka_ws/src/install/franka_task_pipeline:/home/jiataoding/franco_ros2_franka_ws/src/install/franka_ros2:/home/jiataoding/franco_ros2_franka_ws/src/install/cartesian_impedance_controller:/opt/ros/humble:/home/jiataoding/franco_ros2_franka_ws/src/install/effort_controller_base:/home/jiataoding/franco_ros2_franka_ws/src/install/debug_msg:/home/jiataoding/ros2_franka_ws/install/joint_impedance_controller:/home/jiataoding/ros2_franka_ws/install/integration_launch_testing:/home/jiataoding/ros2_franka_ws/install/idra_franka_launch:/home/jiataoding/ros2_franka_ws/install/gravity_compensation:/home/jiataoding/ros2_franka_ws/install/franka_task_pipeline:/home/jiataoding/ros2_franka_ws/install/franka_ros2:/home/jiataoding/ros2_franka_ws/install/franka_bringup:/home/jiataoding/ros2_franka_ws/install/franka_robot_state_broadcaster:/home/jiataoding/ros2_franka_ws/install/franka_example_controllers:/home/jiataoding/ros2_franka_ws/install/franka_semantic_components:/home/jiataoding/ros2_franka_ws/install/franka_gazebo_bringup:/home/jiataoding/ros2_franka_ws/install/franka_ign_ros2_control:/home/jiataoding/ros2_franka_ws/install/franka_fr3_moveit_config:/home/jiataoding/ros2_franka_ws/install/franka_hardware:/home/jiataoding/ros2_franka_ws/install/franka_gripper:/home/jiataoding/ros2_franka_ws/install/franka_msgs:/home/jiataoding/ros2_franka_ws/install/franka_description:/home/jiataoding/ros2_franka_ws/install/cartesian_impedance_controller:/home/jiataoding/ros2_franka_ws/install/effort_controller_base:/home/jiataoding/ros2_franka_ws/install/debug_msg:/home/jiataoding/franco_ros2_franka_ws/install/joint_impedance_controller:/home/jiataoding/franco_ros2_franka_ws/install/integration_launch_testing:/home/jiataoding/franco_ros2_franka_ws/install/idra_franka_launch:/home/jiataoding/franco_ros2_franka_ws/install/gravity_compensation:/home/jiataoding/franco_ros2_franka_ws/install/franka_task_pipeline:/home/jiataoding/franco_ros2_franka_ws/install/franka_ros2:/home/jiataoding/franco_ros2_franka_ws/install/franka_bringup:/home/jiataoding/franco_ros2_franka_ws/install/franka_robot_state_broadcaster:/home/jiataoding/franco_ros2_franka_ws/install/franka_example_controllers:/home/jiataoding/franco_ros2_franka_ws/install/franka_semantic_components:/home/jiataoding/franco_ros2_franka_ws/install/franka_gazebo_bringup:/home/jiataoding/franco_ros2_franka_ws/install/franka_ign_ros2_control:/home/jiataoding/franco_ros2_franka_ws/install/franka_fr3_moveit_config:/home/jiataoding/franco_ros2_franka_ws/install/franka_hardware:/home/jiataoding/franco_ros2_franka_ws/install/franka_gripper:/home/jiataoding/franco_ros2_franka_ws/install/franka_msgs:/home/jiataoding/franco_ros2_franka_ws/install/franka_description:/home/jiataoding/franco_ros2_franka_ws/install/cartesian_impedance_controller:/home/jiataoding/franco_ros2_franka_ws/install/effort_controller_base:/home/jiataoding/franco_ros2_franka_ws/install/debug_msg:/opt/openrobots LD_LIBRARY_PATH=/home/jiataoding/franco_ros2_franka_ws/src/install/franka_robot_state_broadcaster/lib:/home/jiataoding/franco_ros2_franka_ws/src/install/franka_example_controllers/lib:/home/jiataoding/franco_ros2_franka_ws/src/install/franka_semantic_components/lib:/home/jiataoding/franco_ros2_franka_ws/src/install/franka_ign_ros2_control/lib:/home/jiataoding/franco_ros2_franka_ws/src/install/franka_hardware/lib:/home/jiataoding/franco_ros2_franka_ws/src/install/franka_gripper/lib:/home/jiataoding/franco_ros2_franka_ws/src/install/franka_msgs/lib:/home/jiataoding/franco_ros2_franka_ws/src/install/joint_impedance_controller/lib:/home/jiataoding/franco_ros2_franka_ws/src/install/integration_launch_testing/lib:/home/jiataoding/franco_ros2_franka_ws/src/install/gravity_compensation/lib:/home/jiataoding/franco_ros2_franka_ws/src/install/cartesian_impedance_controller/lib:/home/jiataoding/franco_ros2_franka_ws/src/install/effort_controller_base/lib:/home/jiataoding/franco_ros2_franka_ws/src/install/debug_msg/lib:/home/jiataoding/libs/onnxruntime-linux-x64-1.21.0/lib:/home/jiataoding/ros2_franka_ws/install/joint_impedance_controller/lib:/home/jiataoding/ros2_franka_ws/install/integration_launch_testing/lib:/home/jiataoding/ros2_franka_ws/install/gravity_compensation/lib:/home/jiataoding/ros2_franka_ws/install/franka_robot_state_broadcaster/lib:/home/jiataoding/ros2_franka_ws/install/franka_example_controllers/lib:/home/jiataoding/ros2_franka_ws/install/franka_semantic_components/lib:/home/jiataoding/ros2_franka_ws/install/franka_ign_ros2_control/lib:/home/jiataoding/ros2_franka_ws/install/franka_hardware/lib:/home/jiataoding/ros2_franka_ws/install/franka_gripper/lib:/home/jiataoding/ros2_franka_ws/install/franka_msgs/lib:/home/jiataoding/ros2_franka_ws/install/cartesian_impedance_controller/lib:/home/jiataoding/ros2_franka_ws/install/effort_controller_base/lib:/home/jiataoding/ros2_franka_ws/install/debug_msg/lib:/home/jiataoding/franco_ros2_franka_ws/install/joint_impedance_controller/lib:/home/jiataoding/franco_ros2_franka_ws/install/integration_launch_testing/lib:/home/jiataoding/franco_ros2_franka_ws/install/gravity_compensation/lib:/home/jiataoding/franco_ros2_franka_ws/install/franka_robot_state_broadcaster/lib:/home/jiataoding/franco_ros2_franka_ws/install/franka_example_controllers/lib:/home/jiataoding/franco_ros2_franka_ws/install/franka_semantic_components/lib:/home/jiataoding/franco_ros2_franka_ws/install/franka_ign_ros2_control/lib:/home/jiataoding/franco_ros2_franka_ws/install/franka_hardware/lib:/home/jiataoding/franco_ros2_franka_ws/install/franka_gripper/lib:/home/jiataoding/franco_ros2_franka_ws/install/franka_msgs/lib:/home/jiataoding/franco_ros2_franka_ws/install/cartesian_impedance_controller/lib:/home/jiataoding/franco_ros2_franka_ws/install/effort_controller_base/lib:/home/jiataoding/franco_ros2_franka_ws/install/debug_msg/lib:/opt/openrobots/lib:/opt/ros/humble/opt/rviz_ogre_vendor/lib:/opt/ros/humble/lib/x86_64-linux-gnu:/opt/ros/humble/lib /usr/bin/cmake --install /home/jiataoding/franco_ros2_franka_ws/src/build/franka_ros2
[2.234s] Level 1:colcon.colcon_core.environment:create_environment_scripts_only(idra_franka_launch)
[2.235s] Level 1:colcon.colcon_core.environment:checking '/home/jiataoding/franco_ros2_franka_ws/src/install/idra_franka_launch' for CMake module files
[2.236s] DEBUG:colcon.colcon_core.event_handler.log_command:Invoked command in '/home/jiataoding/franco_ros2_franka_ws/src/build/idra_franka_launch' returned '0': CMAKE_PREFIX_PATH=/home/jiataoding/franco_ros2_franka_ws/src/install/franka_bringup:/home/jiataoding/franco_ros2_franka_ws/src/install/franka_robot_state_broadcaster:/home/jiataoding/franco_ros2_franka_ws/src/install/franka_semantic_components:/home/jiataoding/franco_ros2_franka_ws/src/install/franka_hardware:/home/jiataoding/franco_ros2_franka_ws/src/install/franka_msgs:/home/jiataoding/franco_ros2_franka_ws/src/install/franka_description:/home/jiataoding/franco_ros2_franka_ws/src/install/joint_impedance_controller:/home/jiataoding/franco_ros2_franka_ws/src/install/integration_launch_testing:/home/jiataoding/franco_ros2_franka_ws/src/install/idra_franka_launch:/home/jiataoding/franco_ros2_franka_ws/src/install/gravity_compensation:/home/jiataoding/franco_ros2_franka_ws/src/install/franka_task_pipeline:/home/jiataoding/franco_ros2_franka_ws/src/install/franka_ros2:/home/jiataoding/franco_ros2_franka_ws/src/install/franka_example_controllers:/home/jiataoding/franco_ros2_franka_ws/src/install/franka_gazebo_bringup:/home/jiataoding/franco_ros2_franka_ws/src/install/franka_ign_ros2_control:/home/jiataoding/franco_ros2_franka_ws/src/install/franka_fr3_moveit_config:/home/jiataoding/franco_ros2_franka_ws/src/install/franka_gripper:/home/jiataoding/franco_ros2_franka_ws/src/install/cartesian_impedance_controller:/opt/ros/humble:/home/jiataoding/franco_ros2_franka_ws/src/install/effort_controller_base:/home/jiataoding/franco_ros2_franka_ws/src/install/debug_msg:/home/jiataoding/ros2_franka_ws/install/joint_impedance_controller:/home/jiataoding/ros2_franka_ws/install/integration_launch_testing:/home/jiataoding/ros2_franka_ws/install/idra_franka_launch:/home/jiataoding/ros2_franka_ws/install/gravity_compensation:/home/jiataoding/ros2_franka_ws/install/franka_task_pipeline:/home/jiataoding/ros2_franka_ws/install/franka_ros2:/home/jiataoding/ros2_franka_ws/install/franka_bringup:/home/jiataoding/ros2_franka_ws/install/franka_robot_state_broadcaster:/home/jiataoding/ros2_franka_ws/install/franka_example_controllers:/home/jiataoding/ros2_franka_ws/install/franka_semantic_components:/home/jiataoding/ros2_franka_ws/install/franka_gazebo_bringup:/home/jiataoding/ros2_franka_ws/install/franka_ign_ros2_control:/home/jiataoding/ros2_franka_ws/install/franka_fr3_moveit_config:/home/jiataoding/ros2_franka_ws/install/franka_hardware:/home/jiataoding/ros2_franka_ws/install/franka_gripper:/home/jiataoding/ros2_franka_ws/install/franka_msgs:/home/jiataoding/ros2_franka_ws/install/franka_description:/home/jiataoding/ros2_franka_ws/install/cartesian_impedance_controller:/home/jiataoding/ros2_franka_ws/install/effort_controller_base:/home/jiataoding/ros2_franka_ws/install/debug_msg:/home/jiataoding/franco_ros2_franka_ws/install/joint_impedance_controller:/home/jiataoding/franco_ros2_franka_ws/install/integration_launch_testing:/home/jiataoding/franco_ros2_franka_ws/install/idra_franka_launch:/home/jiataoding/franco_ros2_franka_ws/install/gravity_compensation:/home/jiataoding/franco_ros2_franka_ws/install/franka_task_pipeline:/home/jiataoding/franco_ros2_franka_ws/install/franka_ros2:/home/jiataoding/franco_ros2_franka_ws/install/franka_bringup:/home/jiataoding/franco_ros2_franka_ws/install/franka_robot_state_broadcaster:/home/jiataoding/franco_ros2_franka_ws/install/franka_example_controllers:/home/jiataoding/franco_ros2_franka_ws/install/franka_semantic_components:/home/jiataoding/franco_ros2_franka_ws/install/franka_gazebo_bringup:/home/jiataoding/franco_ros2_franka_ws/install/franka_ign_ros2_control:/home/jiataoding/franco_ros2_franka_ws/install/franka_fr3_moveit_config:/home/jiataoding/franco_ros2_franka_ws/install/franka_hardware:/home/jiataoding/franco_ros2_franka_ws/install/franka_gripper:/home/jiataoding/franco_ros2_franka_ws/install/franka_msgs:/home/jiataoding/franco_ros2_franka_ws/install/franka_description:/home/jiataoding/franco_ros2_franka_ws/install/cartesian_impedance_controller:/home/jiataoding/franco_ros2_franka_ws/install/effort_controller_base:/home/jiataoding/franco_ros2_franka_ws/install/debug_msg:/opt/openrobots LD_LIBRARY_PATH=/home/jiataoding/franco_ros2_franka_ws/src/install/franka_robot_state_broadcaster/lib:/home/jiataoding/franco_ros2_franka_ws/src/install/franka_semantic_components/lib:/home/jiataoding/franco_ros2_franka_ws/src/install/franka_hardware/lib:/home/jiataoding/franco_ros2_franka_ws/src/install/franka_msgs/lib:/home/jiataoding/franco_ros2_franka_ws/src/install/joint_impedance_controller/lib:/home/jiataoding/franco_ros2_franka_ws/src/install/integration_launch_testing/lib:/home/jiataoding/franco_ros2_franka_ws/src/install/gravity_compensation/lib:/home/jiataoding/franco_ros2_franka_ws/src/install/franka_example_controllers/lib:/home/jiataoding/franco_ros2_franka_ws/src/install/franka_ign_ros2_control/lib:/home/jiataoding/franco_ros2_franka_ws/src/install/franka_gripper/lib:/home/jiataoding/franco_ros2_franka_ws/src/install/cartesian_impedance_controller/lib:/home/jiataoding/franco_ros2_franka_ws/src/install/effort_controller_base/lib:/home/jiataoding/franco_ros2_franka_ws/src/install/debug_msg/lib:/home/jiataoding/libs/onnxruntime-linux-x64-1.21.0/lib:/home/jiataoding/ros2_franka_ws/install/joint_impedance_controller/lib:/home/jiataoding/ros2_franka_ws/install/integration_launch_testing/lib:/home/jiataoding/ros2_franka_ws/install/gravity_compensation/lib:/home/jiataoding/ros2_franka_ws/install/franka_robot_state_broadcaster/lib:/home/jiataoding/ros2_franka_ws/install/franka_example_controllers/lib:/home/jiataoding/ros2_franka_ws/install/franka_semantic_components/lib:/home/jiataoding/ros2_franka_ws/install/franka_ign_ros2_control/lib:/home/jiataoding/ros2_franka_ws/install/franka_hardware/lib:/home/jiataoding/ros2_franka_ws/install/franka_gripper/lib:/home/jiataoding/ros2_franka_ws/install/franka_msgs/lib:/home/jiataoding/ros2_franka_ws/install/cartesian_impedance_controller/lib:/home/jiataoding/ros2_franka_ws/install/effort_controller_base/lib:/home/jiataoding/ros2_franka_ws/install/debug_msg/lib:/home/jiataoding/franco_ros2_franka_ws/install/joint_impedance_controller/lib:/home/jiataoding/franco_ros2_franka_ws/install/integration_launch_testing/lib:/home/jiataoding/franco_ros2_franka_ws/install/gravity_compensation/lib:/home/jiataoding/franco_ros2_franka_ws/install/franka_robot_state_broadcaster/lib:/home/jiataoding/franco_ros2_franka_ws/install/franka_example_controllers/lib:/home/jiataoding/franco_ros2_franka_ws/install/franka_semantic_components/lib:/home/jiataoding/franco_ros2_franka_ws/install/franka_ign_ros2_control/lib:/home/jiataoding/franco_ros2_franka_ws/install/franka_hardware/lib:/home/jiataoding/franco_ros2_franka_ws/install/franka_gripper/lib:/home/jiataoding/franco_ros2_franka_ws/install/franka_msgs/lib:/home/jiataoding/franco_ros2_franka_ws/install/cartesian_impedance_controller/lib:/home/jiataoding/franco_ros2_franka_ws/install/effort_controller_base/lib:/home/jiataoding/franco_ros2_franka_ws/install/debug_msg/lib:/opt/openrobots/lib:/opt/ros/humble/opt/rviz_ogre_vendor/lib:/opt/ros/humble/lib/x86_64-linux-gnu:/opt/ros/humble/lib /usr/bin/cmake --install /home/jiataoding/franco_ros2_franka_ws/src/build/idra_franka_launch
[2.237s] Level 1:colcon.colcon_core.environment:checking '/home/jiataoding/franco_ros2_franka_ws/src/install/idra_franka_launch' for CMake config files
[2.238s] Level 1:colcon.colcon_core.shell:create_environment_hook('idra_franka_launch', 'cmake_prefix_path')
[2.238s] INFO:colcon.colcon_core.shell:Creating environment hook '/home/jiataoding/franco_ros2_franka_ws/src/install/idra_franka_launch/share/idra_franka_launch/hook/cmake_prefix_path.ps1'
[2.239s] INFO:colcon.colcon_core.shell:Creating environment descriptor '/home/jiataoding/franco_ros2_franka_ws/src/install/idra_franka_launch/share/idra_franka_launch/hook/cmake_prefix_path.dsv'
[2.239s] INFO:colcon.colcon_core.shell:Creating environment hook '/home/jiataoding/franco_ros2_franka_ws/src/install/idra_franka_launch/share/idra_franka_launch/hook/cmake_prefix_path.sh'
[2.240s] Level 1:colcon.colcon_core.environment:checking '/home/jiataoding/franco_ros2_franka_ws/src/install/idra_franka_launch/lib'
[2.241s] Level 1:colcon.colcon_core.environment:checking '/home/jiataoding/franco_ros2_franka_ws/src/install/idra_franka_launch/bin'
[2.241s] Level 1:colcon.colcon_core.environment:checking '/home/jiataoding/franco_ros2_franka_ws/src/install/idra_franka_launch/lib/pkgconfig/idra_franka_launch.pc'
[2.241s] Level 1:colcon.colcon_core.environment:checking '/home/jiataoding/franco_ros2_franka_ws/src/install/idra_franka_launch/lib/python3.10/site-packages'
[2.241s] Level 1:colcon.colcon_core.environment:checking '/home/jiataoding/franco_ros2_franka_ws/src/install/idra_franka_launch/bin'
[2.242s] INFO:colcon.colcon_core.shell:Creating package script '/home/jiataoding/franco_ros2_franka_ws/src/install/idra_franka_launch/share/idra_franka_launch/package.ps1'
[2.243s] INFO:colcon.colcon_core.shell:Creating package descriptor '/home/jiataoding/franco_ros2_franka_ws/src/install/idra_franka_launch/share/idra_franka_launch/package.dsv'
[2.243s] INFO:colcon.colcon_core.shell:Creating package script '/home/jiataoding/franco_ros2_franka_ws/src/install/idra_franka_launch/share/idra_franka_launch/package.sh'
[2.244s] INFO:colcon.colcon_core.shell:Creating package script '/home/jiataoding/franco_ros2_franka_ws/src/install/idra_franka_launch/share/idra_franka_launch/package.bash'
[2.244s] INFO:colcon.colcon_core.shell:Creating package script '/home/jiataoding/franco_ros2_franka_ws/src/install/idra_franka_launch/share/idra_franka_launch/package.zsh'
[2.245s] Level 1:colcon.colcon_core.environment:create_file_with_runtime_dependencies(/home/jiataoding/franco_ros2_franka_ws/src/install/idra_franka_launch/share/colcon-core/packages/idra_franka_launch)
[2.246s] Level 1:colcon.colcon_core.environment:create_environment_scripts_only(idra_franka_launch)
[2.246s] Level 1:colcon.colcon_core.environment:checking '/home/jiataoding/franco_ros2_franka_ws/src/install/idra_franka_launch' for CMake module files
[2.247s] Level 1:colcon.colcon_core.environment:checking '/home/jiataoding/franco_ros2_franka_ws/src/install/idra_franka_launch' for CMake config files
[2.247s] Level 1:colcon.colcon_core.shell:create_environment_hook('idra_franka_launch', 'cmake_prefix_path')
[2.248s] INFO:colcon.colcon_core.shell:Creating environment hook '/home/jiataoding/franco_ros2_franka_ws/src/install/idra_franka_launch/share/idra_franka_launch/hook/cmake_prefix_path.ps1'
[2.249s] INFO:colcon.colcon_core.shell:Creating environment descriptor '/home/jiataoding/franco_ros2_franka_ws/src/install/idra_franka_launch/share/idra_franka_launch/hook/cmake_prefix_path.dsv'
[2.249s] INFO:colcon.colcon_core.shell:Creating environment hook '/home/jiataoding/franco_ros2_franka_ws/src/install/idra_franka_launch/share/idra_franka_launch/hook/cmake_prefix_path.sh'
[2.250s] Level 1:colcon.colcon_core.environment:checking '/home/jiataoding/franco_ros2_franka_ws/src/install/idra_franka_launch/lib'
[2.250s] Level 1:colcon.colcon_core.environment:checking '/home/jiataoding/franco_ros2_franka_ws/src/install/idra_franka_launch/bin'
[2.250s] Level 1:colcon.colcon_core.environment:checking '/home/jiataoding/franco_ros2_franka_ws/src/install/idra_franka_launch/lib/pkgconfig/idra_franka_launch.pc'
[2.250s] Level 1:colcon.colcon_core.environment:checking '/home/jiataoding/franco_ros2_franka_ws/src/install/idra_franka_launch/lib/python3.10/site-packages'
[2.251s] Level 1:colcon.colcon_core.environment:checking '/home/jiataoding/franco_ros2_franka_ws/src/install/idra_franka_launch/bin'
[2.251s] INFO:colcon.colcon_core.shell:Creating package script '/home/jiataoding/franco_ros2_franka_ws/src/install/idra_franka_launch/share/idra_franka_launch/package.ps1'
[2.252s] INFO:colcon.colcon_core.shell:Creating package descriptor '/home/jiataoding/franco_ros2_franka_ws/src/install/idra_franka_launch/share/idra_franka_launch/package.dsv'
[2.253s] INFO:colcon.colcon_core.shell:Creating package script '/home/jiataoding/franco_ros2_franka_ws/src/install/idra_franka_launch/share/idra_franka_launch/package.sh'
[2.253s] INFO:colcon.colcon_core.shell:Creating package script '/home/jiataoding/franco_ros2_franka_ws/src/install/idra_franka_launch/share/idra_franka_launch/package.bash'
[2.254s] INFO:colcon.colcon_core.shell:Creating package script '/home/jiataoding/franco_ros2_franka_ws/src/install/idra_franka_launch/share/idra_franka_launch/package.zsh'
[2.255s] Level 1:colcon.colcon_core.environment:create_file_with_runtime_dependencies(/home/jiataoding/franco_ros2_franka_ws/src/install/idra_franka_launch/share/colcon-core/packages/idra_franka_launch)
[2.256s] Level 1:colcon.colcon_core.environment:create_environment_scripts_only(franka_ros2)
[2.256s] Level 1:colcon.colcon_core.environment:checking '/home/jiataoding/franco_ros2_franka_ws/src/install/franka_ros2' for CMake module files
[2.257s] DEBUG:colcon.colcon_core.event_handler.log_command:Invoked command in '/home/jiataoding/franco_ros2_franka_ws/src/build/franka_ros2' returned '0': CMAKE_PREFIX_PATH=/home/jiataoding/franco_ros2_franka_ws/src/install/franka_bringup:/home/jiataoding/franco_ros2_franka_ws/src/install/franka_robot_state_broadcaster:/home/jiataoding/franco_ros2_franka_ws/src/install/franka_gazebo_bringup:/home/jiataoding/franco_ros2_franka_ws/src/install/franka_example_controllers:/home/jiataoding/franco_ros2_franka_ws/src/install/franka_semantic_components:/home/jiataoding/franco_ros2_franka_ws/src/install/franka_ign_ros2_control:/home/jiataoding/franco_ros2_franka_ws/src/install/franka_fr3_moveit_config:/home/jiataoding/franco_ros2_franka_ws/src/install/franka_hardware:/home/jiataoding/franco_ros2_franka_ws/src/install/franka_gripper:/home/jiataoding/franco_ros2_franka_ws/src/install/franka_msgs:/home/jiataoding/franco_ros2_franka_ws/src/install/franka_description:/home/jiataoding/franco_ros2_franka_ws/src/install/joint_impedance_controller:/home/jiataoding/franco_ros2_franka_ws/src/install/integration_launch_testing:/home/jiataoding/franco_ros2_franka_ws/src/install/idra_franka_launch:/home/jiataoding/franco_ros2_franka_ws/src/install/gravity_compensation:/home/jiataoding/franco_ros2_franka_ws/src/install/franka_task_pipeline:/home/jiataoding/franco_ros2_franka_ws/src/install/franka_ros2:/home/jiataoding/franco_ros2_franka_ws/src/install/cartesian_impedance_controller:/opt/ros/humble:/home/jiataoding/franco_ros2_franka_ws/src/install/effort_controller_base:/home/jiataoding/franco_ros2_franka_ws/src/install/debug_msg:/home/jiataoding/ros2_franka_ws/install/joint_impedance_controller:/home/jiataoding/ros2_franka_ws/install/integration_launch_testing:/home/jiataoding/ros2_franka_ws/install/idra_franka_launch:/home/jiataoding/ros2_franka_ws/install/gravity_compensation:/home/jiataoding/ros2_franka_ws/install/franka_task_pipeline:/home/jiataoding/ros2_franka_ws/install/franka_ros2:/home/jiataoding/ros2_franka_ws/install/franka_bringup:/home/jiataoding/ros2_franka_ws/install/franka_robot_state_broadcaster:/home/jiataoding/ros2_franka_ws/install/franka_example_controllers:/home/jiataoding/ros2_franka_ws/install/franka_semantic_components:/home/jiataoding/ros2_franka_ws/install/franka_gazebo_bringup:/home/jiataoding/ros2_franka_ws/install/franka_ign_ros2_control:/home/jiataoding/ros2_franka_ws/install/franka_fr3_moveit_config:/home/jiataoding/ros2_franka_ws/install/franka_hardware:/home/jiataoding/ros2_franka_ws/install/franka_gripper:/home/jiataoding/ros2_franka_ws/install/franka_msgs:/home/jiataoding/ros2_franka_ws/install/franka_description:/home/jiataoding/ros2_franka_ws/install/cartesian_impedance_controller:/home/jiataoding/ros2_franka_ws/install/effort_controller_base:/home/jiataoding/ros2_franka_ws/install/debug_msg:/home/jiataoding/franco_ros2_franka_ws/install/joint_impedance_controller:/home/jiataoding/franco_ros2_franka_ws/install/integration_launch_testing:/home/jiataoding/franco_ros2_franka_ws/install/idra_franka_launch:/home/jiataoding/franco_ros2_franka_ws/install/gravity_compensation:/home/jiataoding/franco_ros2_franka_ws/install/franka_task_pipeline:/home/jiataoding/franco_ros2_franka_ws/install/franka_ros2:/home/jiataoding/franco_ros2_franka_ws/install/franka_bringup:/home/jiataoding/franco_ros2_franka_ws/install/franka_robot_state_broadcaster:/home/jiataoding/franco_ros2_franka_ws/install/franka_example_controllers:/home/jiataoding/franco_ros2_franka_ws/install/franka_semantic_components:/home/jiataoding/franco_ros2_franka_ws/install/franka_gazebo_bringup:/home/jiataoding/franco_ros2_franka_ws/install/franka_ign_ros2_control:/home/jiataoding/franco_ros2_franka_ws/install/franka_fr3_moveit_config:/home/jiataoding/franco_ros2_franka_ws/install/franka_hardware:/home/jiataoding/franco_ros2_franka_ws/install/franka_gripper:/home/jiataoding/franco_ros2_franka_ws/install/franka_msgs:/home/jiataoding/franco_ros2_franka_ws/install/franka_description:/home/jiataoding/franco_ros2_franka_ws/install/cartesian_impedance_controller:/home/jiataoding/franco_ros2_franka_ws/install/effort_controller_base:/home/jiataoding/franco_ros2_franka_ws/install/debug_msg:/opt/openrobots LD_LIBRARY_PATH=/home/jiataoding/franco_ros2_franka_ws/src/install/franka_robot_state_broadcaster/lib:/home/jiataoding/franco_ros2_franka_ws/src/install/franka_example_controllers/lib:/home/jiataoding/franco_ros2_franka_ws/src/install/franka_semantic_components/lib:/home/jiataoding/franco_ros2_franka_ws/src/install/franka_ign_ros2_control/lib:/home/jiataoding/franco_ros2_franka_ws/src/install/franka_hardware/lib:/home/jiataoding/franco_ros2_franka_ws/src/install/franka_gripper/lib:/home/jiataoding/franco_ros2_franka_ws/src/install/franka_msgs/lib:/home/jiataoding/franco_ros2_franka_ws/src/install/joint_impedance_controller/lib:/home/jiataoding/franco_ros2_franka_ws/src/install/integration_launch_testing/lib:/home/jiataoding/franco_ros2_franka_ws/src/install/gravity_compensation/lib:/home/jiataoding/franco_ros2_franka_ws/src/install/cartesian_impedance_controller/lib:/home/jiataoding/franco_ros2_franka_ws/src/install/effort_controller_base/lib:/home/jiataoding/franco_ros2_franka_ws/src/install/debug_msg/lib:/home/jiataoding/libs/onnxruntime-linux-x64-1.21.0/lib:/home/jiataoding/ros2_franka_ws/install/joint_impedance_controller/lib:/home/jiataoding/ros2_franka_ws/install/integration_launch_testing/lib:/home/jiataoding/ros2_franka_ws/install/gravity_compensation/lib:/home/jiataoding/ros2_franka_ws/install/franka_robot_state_broadcaster/lib:/home/jiataoding/ros2_franka_ws/install/franka_example_controllers/lib:/home/jiataoding/ros2_franka_ws/install/franka_semantic_components/lib:/home/jiataoding/ros2_franka_ws/install/franka_ign_ros2_control/lib:/home/jiataoding/ros2_franka_ws/install/franka_hardware/lib:/home/jiataoding/ros2_franka_ws/install/franka_gripper/lib:/home/jiataoding/ros2_franka_ws/install/franka_msgs/lib:/home/jiataoding/ros2_franka_ws/install/cartesian_impedance_controller/lib:/home/jiataoding/ros2_franka_ws/install/effort_controller_base/lib:/home/jiataoding/ros2_franka_ws/install/debug_msg/lib:/home/jiataoding/franco_ros2_franka_ws/install/joint_impedance_controller/lib:/home/jiataoding/franco_ros2_franka_ws/install/integration_launch_testing/lib:/home/jiataoding/franco_ros2_franka_ws/install/gravity_compensation/lib:/home/jiataoding/franco_ros2_franka_ws/install/franka_robot_state_broadcaster/lib:/home/jiataoding/franco_ros2_franka_ws/install/franka_example_controllers/lib:/home/jiataoding/franco_ros2_franka_ws/install/franka_semantic_components/lib:/home/jiataoding/franco_ros2_franka_ws/install/franka_ign_ros2_control/lib:/home/jiataoding/franco_ros2_franka_ws/install/franka_hardware/lib:/home/jiataoding/franco_ros2_franka_ws/install/franka_gripper/lib:/home/jiataoding/franco_ros2_franka_ws/install/franka_msgs/lib:/home/jiataoding/franco_ros2_franka_ws/install/cartesian_impedance_controller/lib:/home/jiataoding/franco_ros2_franka_ws/install/effort_controller_base/lib:/home/jiataoding/franco_ros2_franka_ws/install/debug_msg/lib:/opt/openrobots/lib:/opt/ros/humble/opt/rviz_ogre_vendor/lib:/opt/ros/humble/lib/x86_64-linux-gnu:/opt/ros/humble/lib /usr/bin/cmake --install /home/jiataoding/franco_ros2_franka_ws/src/build/franka_ros2
[2.257s] Level 1:colcon.colcon_core.environment:checking '/home/jiataoding/franco_ros2_franka_ws/src/install/franka_ros2' for CMake config files
[2.258s] Level 1:colcon.colcon_core.shell:create_environment_hook('franka_ros2', 'cmake_prefix_path')
[2.258s] INFO:colcon.colcon_core.shell:Creating environment hook '/home/jiataoding/franco_ros2_franka_ws/src/install/franka_ros2/share/franka_ros2/hook/cmake_prefix_path.ps1'
[2.259s] INFO:colcon.colcon_core.shell:Creating environment descriptor '/home/jiataoding/franco_ros2_franka_ws/src/install/franka_ros2/share/franka_ros2/hook/cmake_prefix_path.dsv'
[2.260s] INFO:colcon.colcon_core.shell:Creating environment hook '/home/jiataoding/franco_ros2_franka_ws/src/install/franka_ros2/share/franka_ros2/hook/cmake_prefix_path.sh'
[2.260s] Level 1:colcon.colcon_core.environment:checking '/home/jiataoding/franco_ros2_franka_ws/src/install/franka_ros2/bin'
[2.261s] Level 1:colcon.colcon_core.environment:checking '/home/jiataoding/franco_ros2_franka_ws/src/install/franka_ros2/lib/pkgconfig/franka_ros2.pc'
[2.261s] Level 1:colcon.colcon_core.environment:checking '/home/jiataoding/franco_ros2_franka_ws/src/install/franka_ros2/lib/python3.10/site-packages'
[2.261s] Level 1:colcon.colcon_core.environment:checking '/home/jiataoding/franco_ros2_franka_ws/src/install/franka_ros2/bin'
[2.262s] INFO:colcon.colcon_core.shell:Creating package script '/home/jiataoding/franco_ros2_franka_ws/src/install/franka_ros2/share/franka_ros2/package.ps1'
[2.263s] INFO:colcon.colcon_core.shell:Creating package descriptor '/home/jiataoding/franco_ros2_franka_ws/src/install/franka_ros2/share/franka_ros2/package.dsv'
[2.263s] INFO:colcon.colcon_core.shell:Creating package script '/home/jiataoding/franco_ros2_franka_ws/src/install/franka_ros2/share/franka_ros2/package.sh'
[2.264s] INFO:colcon.colcon_core.shell:Creating package script '/home/jiataoding/franco_ros2_franka_ws/src/install/franka_ros2/share/franka_ros2/package.bash'
[2.265s] INFO:colcon.colcon_core.shell:Creating package script '/home/jiataoding/franco_ros2_franka_ws/src/install/franka_ros2/share/franka_ros2/package.zsh'
[2.265s] Level 1:colcon.colcon_core.environment:create_file_with_runtime_dependencies(/home/jiataoding/franco_ros2_franka_ws/src/install/franka_ros2/share/colcon-core/packages/franka_ros2)
[2.266s] Level 1:colcon.colcon_core.environment:create_environment_scripts_only(franka_ros2)
[2.266s] Level 1:colcon.colcon_core.environment:checking '/home/jiataoding/franco_ros2_franka_ws/src/install/franka_ros2' for CMake module files
[2.267s] Level 1:colcon.colcon_core.environment:checking '/home/jiataoding/franco_ros2_franka_ws/src/install/franka_ros2' for CMake config files
[2.267s] Level 1:colcon.colcon_core.shell:create_environment_hook('franka_ros2', 'cmake_prefix_path')
[2.268s] INFO:colcon.colcon_core.shell:Creating environment hook '/home/jiataoding/franco_ros2_franka_ws/src/install/franka_ros2/share/franka_ros2/hook/cmake_prefix_path.ps1'
[2.268s] INFO:colcon.colcon_core.shell:Creating environment descriptor '/home/jiataoding/franco_ros2_franka_ws/src/install/franka_ros2/share/franka_ros2/hook/cmake_prefix_path.dsv'
[2.269s] INFO:colcon.colcon_core.shell:Creating environment hook '/home/jiataoding/franco_ros2_franka_ws/src/install/franka_ros2/share/franka_ros2/hook/cmake_prefix_path.sh'
[2.270s] Level 1:colcon.colcon_core.environment:checking '/home/jiataoding/franco_ros2_franka_ws/src/install/franka_ros2/bin'
[2.270s] Level 1:colcon.colcon_core.environment:checking '/home/jiataoding/franco_ros2_franka_ws/src/install/franka_ros2/lib/pkgconfig/franka_ros2.pc'
[2.270s] Level 1:colcon.colcon_core.environment:checking '/home/jiataoding/franco_ros2_franka_ws/src/install/franka_ros2/lib/python3.10/site-packages'
[2.270s] Level 1:colcon.colcon_core.environment:checking '/home/jiataoding/franco_ros2_franka_ws/src/install/franka_ros2/bin'
[2.271s] INFO:colcon.colcon_core.shell:Creating package script '/home/jiataoding/franco_ros2_franka_ws/src/install/franka_ros2/share/franka_ros2/package.ps1'
[2.271s] INFO:colcon.colcon_core.shell:Creating package descriptor '/home/jiataoding/franco_ros2_franka_ws/src/install/franka_ros2/share/franka_ros2/package.dsv'
[2.272s] INFO:colcon.colcon_core.shell:Creating package script '/home/jiataoding/franco_ros2_franka_ws/src/install/franka_ros2/share/franka_ros2/package.sh'
[2.272s] INFO:colcon.colcon_core.shell:Creating package script '/home/jiataoding/franco_ros2_franka_ws/src/install/franka_ros2/share/franka_ros2/package.bash'
[2.273s] INFO:colcon.colcon_core.shell:Creating package script '/home/jiataoding/franco_ros2_franka_ws/src/install/franka_ros2/share/franka_ros2/package.zsh'
[2.273s] Level 1:colcon.colcon_core.environment:create_file_with_runtime_dependencies(/home/jiataoding/franco_ros2_franka_ws/src/install/franka_ros2/share/colcon-core/packages/franka_ros2)
[2.274s] DEBUG:colcon.colcon_parallel_executor.executor.parallel:closing loop
[2.274s] DEBUG:colcon.colcon_parallel_executor.executor.parallel:loop closed
[2.274s] DEBUG:colcon.colcon_parallel_executor.executor.parallel:run_until_complete finished with '0'
[2.274s] DEBUG:colcon.colcon_core.event_reactor:joining thread
[2.283s] INFO:colcon.colcon_core.plugin_system:Skipping extension 'colcon_notification.desktop_notification.terminal_notifier': Not used on non-Darwin systems
[2.283s] INFO:colcon.colcon_core.plugin_system:Skipping extension 'colcon_notification.desktop_notification.win32': Not used on non-Windows systems
[2.283s] INFO:colcon.colcon_notification.desktop_notification:Sending desktop notification using 'notify2'
[2.297s] DEBUG:colcon.colcon_core.event_reactor:joined thread
[2.297s] INFO:colcon.colcon_core.shell:Creating prefix script '/home/jiataoding/franco_ros2_franka_ws/src/install/local_setup.ps1'
[2.298s] INFO:colcon.colcon_core.shell:Creating prefix util module '/home/jiataoding/franco_ros2_franka_ws/src/install/_local_setup_util_ps1.py'
[2.300s] INFO:colcon.colcon_core.shell:Creating prefix chain script '/home/jiataoding/franco_ros2_franka_ws/src/install/setup.ps1'
[2.305s] INFO:colcon.colcon_core.shell:Creating prefix script '/home/jiataoding/franco_ros2_franka_ws/src/install/local_setup.sh'
[2.306s] INFO:colcon.colcon_core.shell:Creating prefix util module '/home/jiataoding/franco_ros2_franka_ws/src/install/_local_setup_util_sh.py'
[2.306s] INFO:colcon.colcon_core.shell:Creating prefix chain script '/home/jiataoding/franco_ros2_franka_ws/src/install/setup.sh'
[2.310s] INFO:colcon.colcon_core.shell:Creating prefix script '/home/jiataoding/franco_ros2_franka_ws/src/install/local_setup.bash'
[2.311s] INFO:colcon.colcon_core.shell:Creating prefix chain script '/home/jiataoding/franco_ros2_franka_ws/src/install/setup.bash'
[2.314s] INFO:colcon.colcon_core.shell:Creating prefix script '/home/jiataoding/franco_ros2_franka_ws/src/install/local_setup.zsh'
[2.315s] INFO:colcon.colcon_core.shell:Creating prefix chain script '/home/jiataoding/franco_ros2_franka_ws/src/install/setup.zsh'
